mean_fit_time,std_fit_time,mean_score_time,std_score_time,param_algorithm,param_leaf_size,param_n_neighbors,param_weights,params,split0_test_score,split1_test_score,split2_test_score,split3_test_score,split4_test_score,split5_test_score,split6_test_score,split7_test_score,split8_test_score,split9_test_score,mean_test_score,std_test_score,rank_test_score
0.00024042129516601562,9.410875115149298e-05,0.0028868675231933593,0.005308148829447258,auto,10,2,uniform,"{'algorithm': 'auto', 'leaf_size': 10, 'n_neighbors': 2, 'weights': 'uniform'}",0.9285714285714286,1.0,0.9629629629629629,0.8518518518518519,0.9629629629629629,0.9629629629629629,0.9259259259259259,0.8518518518518519,0.8518518518518519,0.8148148148148148,0.9113756613756614,0.06024838242553935,129
0.00020847320556640624,7.393061435942936e-05,0.0005060672760009765,0.00014709677437587507,auto,10,2,distance,"{'algorithm': 'auto', 'leaf_size': 10, 'n_neighbors': 2, 'weights': 'distance'}",0.9642857142857143,0.8888888888888888,0.9629629629629629,0.8518518518518519,0.9259259259259259,0.9629629629629629,1.0,0.8518518518518519,0.8888888888888888,0.9259259259259259,0.9223544973544973,0.04826157492490816,1
0.00021739006042480468,7.719283751663065e-05,0.0004557371139526367,0.00014734608644730994,auto,10,3,uniform,"{'algorithm': 'auto', 'leaf_size': 10, 'n_neighbors': 3, 'weights': 'uniform'}",0.9642857142857143,0.9259259259259259,0.9629629629629629,0.8518518518518519,0.9259259259259259,1.0,1.0,0.8148148148148148,0.8148148148148148,0.8888888888888888,0.9149470899470901,0.06645439983022737,33
0.00016539096832275392,5.5944303596156785e-05,0.0003972768783569336,0.000154542181821845,auto,10,3,distance,"{'algorithm': 'auto', 'leaf_size': 10, 'n_neighbors': 3, 'weights': 'distance'}",0.9642857142857143,0.9259259259259259,0.9629629629629629,0.8518518518518519,0.9259259259259259,1.0,1.0,0.8148148148148148,0.8148148148148148,0.8888888888888888,0.9149470899470901,0.06645439983022737,33
0.00020854473114013673,8.38229034907131e-05,0.000389862060546875,0.00012152640980227355,auto,10,5,uniform,"{'algorithm': 'auto', 'leaf_size': 10, 'n_neighbors': 5, 'weights': 'uniform'}",0.9642857142857143,0.9259259259259259,0.8888888888888888,0.8518518518518519,0.9259259259259259,0.9629629629629629,1.0,0.8888888888888888,0.8148148148148148,0.8888888888888888,0.9112433862433862,0.053030451638520076,161
0.00019803047180175782,8.134415661197111e-05,0.0004714488983154297,0.00014665170018928261,auto,10,5,distance,"{'algorithm': 'auto', 'leaf_size': 10, 'n_neighbors': 5, 'weights': 'distance'}",0.9642857142857143,0.9259259259259259,0.9259259259259259,0.8518518518518519,0.9259259259259259,0.9629629629629629,1.0,0.8888888888888888,0.8148148148148148,0.8888888888888888,0.9149470899470898,0.05263170833078003,97
0.00025918483734130857,1.8706501608126295e-05,0.000599074363708496,7.85466055701621e-05,auto,10,7,uniform,"{'algorithm': 'auto', 'leaf_size': 10, 'n_neighbors': 7, 'weights': 'uniform'}",0.9642857142857143,0.9259259259259259,0.9259259259259259,0.8518518518518519,0.9259259259259259,0.9629629629629629,0.9259259259259259,0.8888888888888888,0.8518518518518519,0.8148148148148148,0.9038359788359788,0.04759718045831639,257
0.00018427371978759765,6.068738284027482e-05,0.0004508733749389648,0.000163202052335517,auto,10,7,distance,"{'algorithm': 'auto', 'leaf_size': 10, 'n_neighbors': 7, 'weights': 'distance'}",0.9642857142857143,0.9629629629629629,0.9259259259259259,0.8518518518518519,0.9259259259259259,0.9629629629629629,0.9629629629629629,0.8888888888888888,0.8518518518518519,0.8148148148148148,0.9112433862433862,0.053030451638520056,161
0.00011284351348876953,4.733734693571147e-06,0.00028002262115478516,8.069792709309014e-05,auto,10,11,uniform,"{'algorithm': 'auto', 'leaf_size': 10, 'n_neighbors': 11, 'weights': 'uniform'}",0.9642857142857143,0.8518518518518519,0.8518518518518519,0.8518518518518519,0.9259259259259259,0.9259259259259259,0.8888888888888888,0.8148148148148148,0.9259259259259259,0.8888888888888888,0.889021164021164,0.04404761904761906,545
0.0002188444137573242,7.434826025026119e-05,0.0005558252334594727,0.00011250836334565593,auto,10,11,distance,"{'algorithm': 'auto', 'leaf_size': 10, 'n_neighbors': 11, 'weights': 'distance'}",0.9642857142857143,0.8888888888888888,0.8518518518518519,0.8518518518518519,0.9259259259259259,0.9629629629629629,0.9629629629629629,0.8148148148148148,0.9629629629629629,0.8888888888888888,0.9075396825396826,0.053168844616982916,225
0.0001362323760986328,3.563479726828984e-05,0.000301814079284668,8.604027074840377e-05,auto,10,13,uniform,"{'algorithm': 'auto', 'leaf_size': 10, 'n_neighbors': 13, 'weights': 'uniform'}",0.9642857142857143,0.8888888888888888,0.8148148148148148,0.8518518518518519,0.9259259259259259,0.8888888888888888,0.8518518518518519,0.8148148148148148,0.9259259259259259,0.8888888888888888,0.8816137566137566,0.04649334482859554,737
0.0001304149627685547,4.487921823270524e-05,0.0003424644470214844,9.691140144899615e-05,auto,10,13,distance,"{'algorithm': 'auto', 'leaf_size': 10, 'n_neighbors': 13, 'weights': 'distance'}",0.9642857142857143,0.8888888888888888,0.8148148148148148,0.8518518518518519,0.9259259259259259,0.9259259259259259,0.8888888888888888,0.8148148148148148,0.9259259259259259,0.9259259259259259,0.8927248677248677,0.04834271548630229,385
0.00016565322875976561,5.713732959294002e-05,0.00039622783660888674,0.00014355152553317094,auto,10,17,uniform,"{'algorithm': 'auto', 'leaf_size': 10, 'n_neighbors': 17, 'weights': 'uniform'}",0.9642857142857143,0.9259259259259259,0.8888888888888888,0.8518518518518519,0.9629629629629629,0.8888888888888888,0.8518518518518519,0.7777777777777778,0.9259259259259259,0.8518518518518519,0.8890211640211639,0.05511430334995131,577
0.0002049684524536133,6.576680890062959e-05,0.0005502700805664062,0.00016064759919541912,auto,10,17,distance,"{'algorithm': 'auto', 'leaf_size': 10, 'n_neighbors': 17, 'weights': 'distance'}",0.9642857142857143,0.9259259259259259,0.8888888888888888,0.8518518518518519,0.9629629629629629,0.9259259259259259,0.8518518518518519,0.7777777777777778,0.9259259259259259,0.8888888888888888,0.8964285714285716,0.0545963104766419,321
0.00011377334594726562,2.765655517578125e-06,0.00030858516693115233,7.993802352900176e-05,auto,10,19,uniform,"{'algorithm': 'auto', 'leaf_size': 10, 'n_neighbors': 19, 'weights': 'uniform'}",0.9642857142857143,0.9259259259259259,0.8888888888888888,0.8888888888888888,0.9629629629629629,0.8888888888888888,0.8148148148148148,0.8148148148148148,0.9259259259259259,0.8148148148148148,0.8890211640211639,0.055114303349951335,577
0.00019390583038330077,8.934216057926673e-05,0.0005565643310546875,0.00024495039882739154,auto,10,19,distance,"{'algorithm': 'auto', 'leaf_size': 10, 'n_neighbors': 19, 'weights': 'distance'}",0.9642857142857143,0.9259259259259259,0.8888888888888888,0.8888888888888888,0.9629629629629629,0.9259259259259259,0.8148148148148148,0.8148148148148148,0.9259259259259259,0.8148148148148148,0.8927248677248677,0.05621444127694664,385
0.00024249553680419922,4.0799326666748495e-05,0.0006298065185546875,6.044427766845461e-05,auto,10,23,uniform,"{'algorithm': 'auto', 'leaf_size': 10, 'n_neighbors': 23, 'weights': 'uniform'}",0.9285714285714286,0.9629629629629629,0.8518518518518519,0.8888888888888888,0.9629629629629629,0.8888888888888888,0.8148148148148148,0.8148148148148148,0.8888888888888888,0.8148148148148148,0.8817460317460316,0.054654445597923325,705
0.00025539398193359376,5.906132067090795e-05,0.0006545305252075196,0.00012166105757745532,auto,10,23,distance,"{'algorithm': 'auto', 'leaf_size': 10, 'n_neighbors': 23, 'weights': 'distance'}",0.9642857142857143,0.9629629629629629,0.8888888888888888,0.8888888888888888,0.9629629629629629,0.9259259259259259,0.8148148148148148,0.8148148148148148,0.8888888888888888,0.8148148148148148,0.8927248677248677,0.05860385508288557,385
0.00015544891357421875,7.770851182328034e-05,0.0003917455673217773,0.00016353427187957098,auto,10,29,uniform,"{'algorithm': 'auto', 'leaf_size': 10, 'n_neighbors': 29, 'weights': 'uniform'}",0.9285714285714286,0.9629629629629629,0.9259259259259259,0.8888888888888888,0.9629629629629629,0.8518518518518519,0.8148148148148148,0.8148148148148148,0.8888888888888888,0.8148148148148148,0.8854497354497355,0.056244779905782104,641
0.00020821094512939452,7.15897629720536e-05,0.0006051301956176758,0.00016255285180825061,auto,10,29,distance,"{'algorithm': 'auto', 'leaf_size': 10, 'n_neighbors': 29, 'weights': 'distance'}",0.9285714285714286,0.9629629629629629,0.9259259259259259,0.8888888888888888,0.9629629629629629,0.8888888888888888,0.8148148148148148,0.8148148148148148,0.8888888888888888,0.8148148148148148,0.889153439153439,0.055118588923675764,513
0.00016095638275146485,6.892552468607725e-05,0.00040605068206787107,0.00015055952803495951,auto,10,31,uniform,"{'algorithm': 'auto', 'leaf_size': 10, 'n_neighbors': 31, 'weights': 'uniform'}",0.9285714285714286,1.0,0.9259259259259259,0.9259259259259259,0.9629629629629629,0.8518518518518519,0.8148148148148148,0.8148148148148148,0.8888888888888888,0.8148148148148148,0.8928571428571429,0.0631078542731494,353
0.00021820068359375,6.920341471853236e-05,0.0006756782531738281,0.00016954001990008335,auto,10,31,distance,"{'algorithm': 'auto', 'leaf_size': 10, 'n_neighbors': 31, 'weights': 'distance'}",0.9285714285714286,1.0,0.9259259259259259,0.9259259259259259,0.9629629629629629,0.8888888888888888,0.8148148148148148,0.8148148148148148,0.8888888888888888,0.8148148148148148,0.8965608465608466,0.0616629156361344,289
0.0001680612564086914,7.28580378556336e-05,0.0004966974258422852,0.0001758803386587251,auto,10,37,uniform,"{'algorithm': 'auto', 'leaf_size': 10, 'n_neighbors': 37, 'weights': 'uniform'}",0.8928571428571429,1.0,0.8888888888888888,0.8888888888888888,0.9259259259259259,0.8518518518518519,0.8148148148148148,0.7037037037037037,0.8888888888888888,0.8518518518518519,0.8707671957671957,0.072782701265744,801
0.00014791488647460937,5.9511130408021465e-05,0.00042128562927246094,0.00013401304522370924,auto,10,37,distance,"{'algorithm': 'auto', 'leaf_size': 10, 'n_neighbors': 37, 'weights': 'distance'}",0.9285714285714286,1.0,0.8888888888888888,0.9259259259259259,0.9259259259259259,0.8888888888888888,0.8518518518518519,0.7777777777777778,0.8888888888888888,0.8148148148148148,0.8891534391534393,0.0598895290508307,481
0.00011820793151855469,3.561625661545289e-06,0.0003696441650390625,1.6781416491374304e-05,auto,10,41,uniform,"{'algorithm': 'auto', 'leaf_size': 10, 'n_neighbors': 41, 'weights': 'uniform'}",0.8571428571428571,1.0,0.8888888888888888,0.8518518518518519,0.9259259259259259,0.8148148148148148,0.8148148148148148,0.7407407407407407,0.8888888888888888,0.8148148148148148,0.8597883597883598,0.06785082532964794,865
0.00019948482513427735,7.918778351129529e-05,0.0006051540374755859,0.00016796204953106817,auto,10,41,distance,"{'algorithm': 'auto', 'leaf_size': 10, 'n_neighbors': 41, 'weights': 'distance'}",0.8928571428571429,1.0,0.8888888888888888,0.8888888888888888,0.9259259259259259,0.8518518518518519,0.8518518518518519,0.7777777777777778,0.8888888888888888,0.8148148148148148,0.8781746031746032,0.057585884266853474,769
0.00019245147705078126,7.681236858545126e-05,0.000540471076965332,0.0001650699929822011,auto,10,43,uniform,"{'algorithm': 'auto', 'leaf_size': 10, 'n_neighbors': 43, 'weights': 'uniform'}",0.9285714285714286,1.0,0.8888888888888888,0.8518518518518519,0.9259259259259259,0.8148148148148148,0.8148148148148148,0.7407407407407407,0.9259259259259259,0.8148148148148148,0.8706349206349205,0.07287819624881071,833
0.00019965171813964843,5.087253603238894e-05,0.0005521059036254882,0.00013006383825418444,auto,10,43,distance,"{'algorithm': 'auto', 'leaf_size': 10, 'n_neighbors': 43, 'weights': 'distance'}",0.9285714285714286,1.0,0.8888888888888888,0.8888888888888888,0.9259259259259259,0.8518518518518519,0.8518518518518519,0.7777777777777778,0.9259259259259259,0.8148148148148148,0.8854497354497355,0.060927597290907604,641
0.00011851787567138672,9.706564702694805e-06,0.00023560523986816407,5.462385582953586e-05,auto,20,2,uniform,"{'algorithm': 'auto', 'leaf_size': 20, 'n_neighbors': 2, 'weights': 'uniform'}",0.9285714285714286,1.0,0.9629629629629629,0.8518518518518519,0.9629629629629629,0.9629629629629629,0.9259259259259259,0.8518518518518519,0.8518518518518519,0.8148148148148148,0.9113756613756614,0.06024838242553935,129
0.0001817941665649414,6.987415670305772e-05,0.0004050731658935547,0.00016406909251157054,auto,20,2,distance,"{'algorithm': 'auto', 'leaf_size': 20, 'n_neighbors': 2, 'weights': 'distance'}",0.9642857142857143,0.8888888888888888,0.9629629629629629,0.8518518518518519,0.9259259259259259,0.9629629629629629,1.0,0.8518518518518519,0.8888888888888888,0.9259259259259259,0.9223544973544973,0.04826157492490816,1
0.00011699199676513672,3.2621551840664886e-06,0.00021347999572753906,5.434897807395304e-06,auto,20,3,uniform,"{'algorithm': 'auto', 'leaf_size': 20, 'n_neighbors': 3, 'weights': 'uniform'}",0.9642857142857143,0.9259259259259259,0.9629629629629629,0.8518518518518519,0.9259259259259259,1.0,1.0,0.8148148148148148,0.8148148148148148,0.8888888888888888,0.9149470899470901,0.06645439983022737,33
0.00023272037506103516,9.077597272964589e-05,0.0005319595336914062,0.00016319475004414818,auto,20,3,distance,"{'algorithm': 'auto', 'leaf_size': 20, 'n_neighbors': 3, 'weights': 'distance'}",0.9642857142857143,0.9259259259259259,0.9629629629629629,0.8518518518518519,0.9259259259259259,1.0,1.0,0.8148148148148148,0.8148148148148148,0.8888888888888888,0.9149470899470901,0.06645439983022737,33
0.00014088153839111328,4.57544386017887e-05,0.00029981136322021484,9.554127405384108e-05,auto,20,5,uniform,"{'algorithm': 'auto', 'leaf_size': 20, 'n_neighbors': 5, 'weights': 'uniform'}",0.9642857142857143,0.9259259259259259,0.8888888888888888,0.8518518518518519,0.9259259259259259,0.9629629629629629,1.0,0.8888888888888888,0.8148148148148148,0.8888888888888888,0.9112433862433862,0.053030451638520076,161
0.00014700889587402344,6.334429437869512e-05,0.0003500938415527344,0.0001407493818603806,auto,20,5,distance,"{'algorithm': 'auto', 'leaf_size': 20, 'n_neighbors': 5, 'weights': 'distance'}",0.9642857142857143,0.9259259259259259,0.9259259259259259,0.8518518518518519,0.9259259259259259,0.9629629629629629,1.0,0.8888888888888888,0.8148148148148148,0.8888888888888888,0.9149470899470898,0.05263170833078003,97
0.00011320114135742188,1.7962272836530076e-06,0.000243377685546875,7.6105959084955325e-06,auto,20,7,uniform,"{'algorithm': 'auto', 'leaf_size': 20, 'n_neighbors': 7, 'weights': 'uniform'}",0.9642857142857143,0.9259259259259259,0.9259259259259259,0.8518518518518519,0.9259259259259259,0.9629629629629629,0.9259259259259259,0.8888888888888888,0.8518518518518519,0.8148148148148148,0.9038359788359788,0.04759718045831639,257
0.00015192031860351564,5.1319930056702485e-05,0.0003762245178222656,0.00011951027067429001,auto,20,7,distance,"{'algorithm': 'auto', 'leaf_size': 20, 'n_neighbors': 7, 'weights': 'distance'}",0.9642857142857143,0.9629629629629629,0.9259259259259259,0.8518518518518519,0.9259259259259259,0.9629629629629629,0.9629629629629629,0.8888888888888888,0.8518518518518519,0.8148148148148148,0.9112433862433862,0.053030451638520056,161
0.000131988525390625,5.204554712310453e-05,0.000255131721496582,4.122538526655245e-05,auto,20,11,uniform,"{'algorithm': 'auto', 'leaf_size': 20, 'n_neighbors': 11, 'weights': 'uniform'}",0.9642857142857143,0.8518518518518519,0.8518518518518519,0.8518518518518519,0.9259259259259259,0.9259259259259259,0.8888888888888888,0.8148148148148148,0.9259259259259259,0.8888888888888888,0.889021164021164,0.04404761904761906,545
0.00013208389282226562,4.596101752251953e-05,0.0003295421600341797,9.798184474298247e-05,auto,20,11,distance,"{'algorithm': 'auto', 'leaf_size': 20, 'n_neighbors': 11, 'weights': 'distance'}",0.9642857142857143,0.8888888888888888,0.8518518518518519,0.8518518518518519,0.9259259259259259,0.9629629629629629,0.9629629629629629,0.8148148148148148,0.9629629629629629,0.8888888888888888,0.9075396825396826,0.053168844616982916,225
0.00015032291412353516,6.080984927890454e-05,0.0003661632537841797,0.00013980023832345262,auto,20,13,uniform,"{'algorithm': 'auto', 'leaf_size': 20, 'n_neighbors': 13, 'weights': 'uniform'}",0.9642857142857143,0.8888888888888888,0.8148148148148148,0.8518518518518519,0.9259259259259259,0.8888888888888888,0.8518518518518519,0.8148148148148148,0.9259259259259259,0.8888888888888888,0.8816137566137566,0.04649334482859554,737
0.0001590251922607422,6.064817565498257e-05,0.0003482818603515625,8.685676206201147e-05,auto,20,13,distance,"{'algorithm': 'auto', 'leaf_size': 20, 'n_neighbors': 13, 'weights': 'distance'}",0.9642857142857143,0.8888888888888888,0.8148148148148148,0.8518518518518519,0.9259259259259259,0.9259259259259259,0.8888888888888888,0.8148148148148148,0.9259259259259259,0.9259259259259259,0.8927248677248677,0.04834271548630229,385
0.00011456012725830078,3.3637304476197013e-06,0.0002614736557006836,1.7414694276396918e-05,auto,20,17,uniform,"{'algorithm': 'auto', 'leaf_size': 20, 'n_neighbors': 17, 'weights': 'uniform'}",0.9642857142857143,0.9259259259259259,0.8888888888888888,0.8518518518518519,0.9629629629629629,0.8888888888888888,0.8518518518518519,0.7777777777777778,0.9259259259259259,0.8518518518518519,0.8890211640211639,0.05511430334995131,577
0.00013375282287597656,5.3596793543851574e-05,0.00035097599029541013,0.0001617736189579127,auto,20,17,distance,"{'algorithm': 'auto', 'leaf_size': 20, 'n_neighbors': 17, 'weights': 'distance'}",0.9642857142857143,0.9259259259259259,0.8888888888888888,0.8518518518518519,0.9629629629629629,0.9259259259259259,0.8518518518518519,0.7777777777777778,0.9259259259259259,0.8888888888888888,0.8964285714285716,0.0545963104766419,321
0.00013206005096435546,4.80628970997851e-05,0.0003033876419067383,5.603133356068244e-05,auto,20,19,uniform,"{'algorithm': 'auto', 'leaf_size': 20, 'n_neighbors': 19, 'weights': 'uniform'}",0.9642857142857143,0.9259259259259259,0.8888888888888888,0.8888888888888888,0.9629629629629629,0.8888888888888888,0.8148148148148148,0.8148148148148148,0.9259259259259259,0.8148148148148148,0.8890211640211639,0.055114303349951335,577
0.00014657974243164061,4.74192677314986e-05,0.00037958621978759763,0.0001219427687630028,auto,20,19,distance,"{'algorithm': 'auto', 'leaf_size': 20, 'n_neighbors': 19, 'weights': 'distance'}",0.9642857142857143,0.9259259259259259,0.8888888888888888,0.8888888888888888,0.9629629629629629,0.9259259259259259,0.8148148148148148,0.8148148148148148,0.9259259259259259,0.8148148148148148,0.8927248677248677,0.05621444127694664,385
0.00012965202331542968,1.90104396239669e-05,0.0003392457962036133,0.00011390887453558995,auto,20,23,uniform,"{'algorithm': 'auto', 'leaf_size': 20, 'n_neighbors': 23, 'weights': 'uniform'}",0.9285714285714286,0.9629629629629629,0.8518518518518519,0.8888888888888888,0.9629629629629629,0.8888888888888888,0.8148148148148148,0.8148148148148148,0.8888888888888888,0.8148148148148148,0.8817460317460316,0.054654445597923325,705
0.0001750946044921875,6.709847750747143e-05,0.00047883987426757815,0.00013756694991920803,auto,20,23,distance,"{'algorithm': 'auto', 'leaf_size': 20, 'n_neighbors': 23, 'weights': 'distance'}",0.9642857142857143,0.9629629629629629,0.8888888888888888,0.8888888888888888,0.9629629629629629,0.9259259259259259,0.8148148148148148,0.8148148148148148,0.8888888888888888,0.8148148148148148,0.8927248677248677,0.05860385508288557,385
0.00011720657348632813,8.475235560695139e-06,0.0003076791763305664,2.0314116415263177e-05,auto,20,29,uniform,"{'algorithm': 'auto', 'leaf_size': 20, 'n_neighbors': 29, 'weights': 'uniform'}",0.9285714285714286,0.9629629629629629,0.9259259259259259,0.8888888888888888,0.9629629629629629,0.8518518518518519,0.8148148148148148,0.8148148148148148,0.8888888888888888,0.8148148148148148,0.8854497354497355,0.056244779905782104,641
0.00016851425170898436,7.045063670953208e-05,0.0004514455795288086,9.995252150580536e-05,auto,20,29,distance,"{'algorithm': 'auto', 'leaf_size': 20, 'n_neighbors': 29, 'weights': 'distance'}",0.9285714285714286,0.9629629629629629,0.9259259259259259,0.8888888888888888,0.9629629629629629,0.8888888888888888,0.8148148148148148,0.8148148148148148,0.8888888888888888,0.8148148148148148,0.889153439153439,0.055118588923675764,513
0.00011715888977050781,3.010500739605827e-06,0.00032196044921875,2.0823703085055315e-05,auto,20,31,uniform,"{'algorithm': 'auto', 'leaf_size': 20, 'n_neighbors': 31, 'weights': 'uniform'}",0.9285714285714286,1.0,0.9259259259259259,0.9259259259259259,0.9629629629629629,0.8518518518518519,0.8148148148148148,0.8148148148148148,0.8888888888888888,0.8148148148148148,0.8928571428571429,0.0631078542731494,353
0.0001707792282104492,6.230713203921308e-05,0.0004826068878173828,0.000123455378002692,auto,20,31,distance,"{'algorithm': 'auto', 'leaf_size': 20, 'n_neighbors': 31, 'weights': 'distance'}",0.9285714285714286,1.0,0.9259259259259259,0.9259259259259259,0.9629629629629629,0.8888888888888888,0.8148148148148148,0.8148148148148148,0.8888888888888888,0.8148148148148148,0.8965608465608466,0.0616629156361344,289
0.00013206005096435546,1.4382569907432324e-05,0.000396728515625,0.00011251321099286994,auto,20,37,uniform,"{'algorithm': 'auto', 'leaf_size': 20, 'n_neighbors': 37, 'weights': 'uniform'}",0.8928571428571429,1.0,0.8888888888888888,0.8888888888888888,0.9259259259259259,0.8518518518518519,0.8148148148148148,0.7037037037037037,0.8888888888888888,0.8518518518518519,0.8707671957671957,0.072782701265744,801
0.00016357898712158204,6.41431457112664e-05,0.0004822492599487305,0.00013710615029361686,auto,20,37,distance,"{'algorithm': 'auto', 'leaf_size': 20, 'n_neighbors': 37, 'weights': 'distance'}",0.9285714285714286,1.0,0.8888888888888888,0.9259259259259259,0.9259259259259259,0.8888888888888888,0.8518518518518519,0.7777777777777778,0.8888888888888888,0.8148148148148148,0.8891534391534393,0.0598895290508307,481
0.00011959075927734376,6.656277818485959e-06,0.0003509998321533203,2.6476874319036348e-05,auto,20,41,uniform,"{'algorithm': 'auto', 'leaf_size': 20, 'n_neighbors': 41, 'weights': 'uniform'}",0.8571428571428571,1.0,0.8888888888888888,0.8518518518518519,0.9259259259259259,0.8148148148148148,0.8148148148148148,0.7407407407407407,0.8888888888888888,0.8148148148148148,0.8597883597883598,0.06785082532964794,865
0.00015516281127929686,5.6019112654772575e-05,0.00043506622314453124,0.0001570702540056309,auto,20,41,distance,"{'algorithm': 'auto', 'leaf_size': 20, 'n_neighbors': 41, 'weights': 'distance'}",0.8928571428571429,1.0,0.8888888888888888,0.8888888888888888,0.9259259259259259,0.8518518518518519,0.8518518518518519,0.7777777777777778,0.8888888888888888,0.8148148148148148,0.8781746031746032,0.057585884266853474,769
0.00011427402496337891,2.8947000491021014e-06,0.00034079551696777346,1.062833550923907e-05,auto,20,43,uniform,"{'algorithm': 'auto', 'leaf_size': 20, 'n_neighbors': 43, 'weights': 'uniform'}",0.9285714285714286,1.0,0.8888888888888888,0.8518518518518519,0.9259259259259259,0.8148148148148148,0.8148148148148148,0.7407407407407407,0.9259259259259259,0.8148148148148148,0.8706349206349205,0.07287819624881071,833
0.00013406276702880858,3.659333757970179e-05,0.0004186153411865234,8.880980382127397e-05,auto,20,43,distance,"{'algorithm': 'auto', 'leaf_size': 20, 'n_neighbors': 43, 'weights': 'distance'}",0.9285714285714286,1.0,0.8888888888888888,0.8888888888888888,0.9259259259259259,0.8518518518518519,0.8518518518518519,0.7777777777777778,0.9259259259259259,0.8148148148148148,0.8854497354497355,0.060927597290907604,641
0.00011379718780517578,4.267692565917968e-06,0.00020599365234375,8.321457375738719e-06,auto,30,2,uniform,"{'algorithm': 'auto', 'leaf_size': 30, 'n_neighbors': 2, 'weights': 'uniform'}",0.9285714285714286,1.0,0.9629629629629629,0.8518518518518519,0.9629629629629629,0.9629629629629629,0.9259259259259259,0.8518518518518519,0.8518518518518519,0.8148148148148148,0.9113756613756614,0.06024838242553935,129
0.00015172958374023437,5.2079721325713536e-05,0.0004187345504760742,0.00011397675170448216,auto,30,2,distance,"{'algorithm': 'auto', 'leaf_size': 30, 'n_neighbors': 2, 'weights': 'distance'}",0.9642857142857143,0.8888888888888888,0.9629629629629629,0.8518518518518519,0.9259259259259259,0.9629629629629629,1.0,0.8518518518518519,0.8888888888888888,0.9259259259259259,0.9223544973544973,0.04826157492490816,1
0.00012793540954589844,1.3607081158359359e-05,0.00028533935546875,4.825792289619872e-05,auto,30,3,uniform,"{'algorithm': 'auto', 'leaf_size': 30, 'n_neighbors': 3, 'weights': 'uniform'}",0.9642857142857143,0.9259259259259259,0.9629629629629629,0.8518518518518519,0.9259259259259259,1.0,1.0,0.8148148148148148,0.8148148148148148,0.8888888888888888,0.9149470899470901,0.06645439983022737,33
0.00014815330505371093,5.022005395378054e-05,0.00034501552581787107,9.92436315738759e-05,auto,30,3,distance,"{'algorithm': 'auto', 'leaf_size': 30, 'n_neighbors': 3, 'weights': 'distance'}",0.9642857142857143,0.9259259259259259,0.9629629629629629,0.8518518518518519,0.9259259259259259,1.0,1.0,0.8148148148148148,0.8148148148148148,0.8888888888888888,0.9149470899470901,0.06645439983022737,33
0.00011703968048095703,9.582202567868965e-06,0.00025255680084228515,5.8108139909575975e-06,auto,30,5,uniform,"{'algorithm': 'auto', 'leaf_size': 30, 'n_neighbors': 5, 'weights': 'uniform'}",0.9642857142857143,0.9259259259259259,0.8888888888888888,0.8518518518518519,0.9259259259259259,0.9629629629629629,1.0,0.8888888888888888,0.8148148148148148,0.8888888888888888,0.9112433862433862,0.053030451638520076,161
0.00013406276702880858,3.831528991539749e-05,0.000357818603515625,9.792381332171333e-05,auto,30,5,distance,"{'algorithm': 'auto', 'leaf_size': 30, 'n_neighbors': 5, 'weights': 'distance'}",0.9642857142857143,0.9259259259259259,0.9259259259259259,0.8518518518518519,0.9259259259259259,0.9629629629629629,1.0,0.8888888888888888,0.8148148148148148,0.8888888888888888,0.9149470899470898,0.05263170833078003,97
0.00011591911315917968,8.909839787799219e-06,0.00027081966400146487,2.946596111229789e-05,auto,30,7,uniform,"{'algorithm': 'auto', 'leaf_size': 30, 'n_neighbors': 7, 'weights': 'uniform'}",0.9642857142857143,0.9259259259259259,0.9259259259259259,0.8518518518518519,0.9259259259259259,0.9629629629629629,0.9259259259259259,0.8888888888888888,0.8518518518518519,0.8148148148148148,0.9038359788359788,0.04759718045831639,257
0.00012962818145751954,1.4541989385230846e-05,0.0002953767776489258,3.340795622585054e-05,auto,30,7,distance,"{'algorithm': 'auto', 'leaf_size': 30, 'n_neighbors': 7, 'weights': 'distance'}",0.9642857142857143,0.9629629629629629,0.9259259259259259,0.8518518518518519,0.9259259259259259,0.9629629629629629,0.9629629629629629,0.8888888888888888,0.8518518518518519,0.8148148148148148,0.9112433862433862,0.053030451638520056,161
0.00011501312255859374,4.408100986068561e-06,0.00023660659790039062,8.398427701614452e-06,auto,30,11,uniform,"{'algorithm': 'auto', 'leaf_size': 30, 'n_neighbors': 11, 'weights': 'uniform'}",0.9642857142857143,0.8518518518518519,0.8518518518518519,0.8518518518518519,0.9259259259259259,0.9259259259259259,0.8888888888888888,0.8148148148148148,0.9259259259259259,0.8888888888888888,0.889021164021164,0.04404761904761906,545
0.00015096664428710939,5.939951886172914e-05,0.0003693103790283203,0.00015000413321763974,auto,30,11,distance,"{'algorithm': 'auto', 'leaf_size': 30, 'n_neighbors': 11, 'weights': 'distance'}",0.9642857142857143,0.8888888888888888,0.8518518518518519,0.8518518518518519,0.9259259259259259,0.9629629629629629,0.9629629629629629,0.8148148148148148,0.9629629629629629,0.8888888888888888,0.9075396825396826,0.053168844616982916,225
0.0001314401626586914,3.798421021897412e-05,0.0002853870391845703,7.829377184146343e-05,auto,30,13,uniform,"{'algorithm': 'auto', 'leaf_size': 30, 'n_neighbors': 13, 'weights': 'uniform'}",0.9642857142857143,0.8888888888888888,0.8148148148148148,0.8518518518518519,0.9259259259259259,0.8888888888888888,0.8518518518518519,0.8148148148148148,0.9259259259259259,0.8888888888888888,0.8816137566137566,0.04649334482859554,737
0.00015263557434082032,4.760518760359509e-05,0.00039899349212646484,0.0001212850215888531,auto,30,13,distance,"{'algorithm': 'auto', 'leaf_size': 30, 'n_neighbors': 13, 'weights': 'distance'}",0.9642857142857143,0.8888888888888888,0.8148148148148148,0.8518518518518519,0.9259259259259259,0.9259259259259259,0.8888888888888888,0.8148148148148148,0.9259259259259259,0.9259259259259259,0.8927248677248677,0.04834271548630229,385
0.0001286029815673828,4.258508229811097e-05,0.0002737760543823242,4.503714337793196e-05,auto,30,17,uniform,"{'algorithm': 'auto', 'leaf_size': 30, 'n_neighbors': 17, 'weights': 'uniform'}",0.9642857142857143,0.9259259259259259,0.8888888888888888,0.8518518518518519,0.9629629629629629,0.8888888888888888,0.8518518518518519,0.7777777777777778,0.9259259259259259,0.8518518518518519,0.8890211640211639,0.05511430334995131,577
0.00015349388122558593,4.207811670718481e-05,0.0004156351089477539,0.00012093059685996847,auto,30,17,distance,"{'algorithm': 'auto', 'leaf_size': 30, 'n_neighbors': 17, 'weights': 'distance'}",0.9642857142857143,0.9259259259259259,0.8888888888888888,0.8518518518518519,0.9629629629629629,0.9259259259259259,0.8518518518518519,0.7777777777777778,0.9259259259259259,0.8888888888888888,0.8964285714285716,0.0545963104766419,321
0.00013353824615478516,3.856275141539172e-05,0.00033740997314453126,9.498398704084417e-05,auto,30,19,uniform,"{'algorithm': 'auto', 'leaf_size': 30, 'n_neighbors': 19, 'weights': 'uniform'}",0.9642857142857143,0.9259259259259259,0.8888888888888888,0.8888888888888888,0.9629629629629629,0.8888888888888888,0.8148148148148148,0.8148148148148148,0.9259259259259259,0.8148148148148148,0.8890211640211639,0.055114303349951335,577
0.00014472007751464844,4.909628475549411e-05,0.0004116535186767578,0.0001063207437586321,auto,30,19,distance,"{'algorithm': 'auto', 'leaf_size': 30, 'n_neighbors': 19, 'weights': 'distance'}",0.9642857142857143,0.9259259259259259,0.8888888888888888,0.8888888888888888,0.9629629629629629,0.9259259259259259,0.8148148148148148,0.8148148148148148,0.9259259259259259,0.8148148148148148,0.8927248677248677,0.05621444127694664,385
0.00012810230255126952,2.2644506647170868e-05,0.0003637552261352539,0.00010644624881256712,auto,30,23,uniform,"{'algorithm': 'auto', 'leaf_size': 30, 'n_neighbors': 23, 'weights': 'uniform'}",0.9285714285714286,0.9629629629629629,0.8518518518518519,0.8888888888888888,0.9629629629629629,0.8888888888888888,0.8148148148148148,0.8148148148148148,0.8888888888888888,0.8148148148148148,0.8817460317460316,0.054654445597923325,705
0.00015397071838378905,5.150192301762929e-05,0.0004261970520019531,0.00011793761026286156,auto,30,23,distance,"{'algorithm': 'auto', 'leaf_size': 30, 'n_neighbors': 23, 'weights': 'distance'}",0.9642857142857143,0.9629629629629629,0.8888888888888888,0.8888888888888888,0.9629629629629629,0.9259259259259259,0.8148148148148148,0.8148148148148148,0.8888888888888888,0.8148148148148148,0.8927248677248677,0.05860385508288557,385
0.00012607574462890624,9.007553627104473e-06,0.00036187171936035155,2.536796089302854e-05,auto,30,29,uniform,"{'algorithm': 'auto', 'leaf_size': 30, 'n_neighbors': 29, 'weights': 'uniform'}",0.9285714285714286,0.9629629629629629,0.9259259259259259,0.8888888888888888,0.9629629629629629,0.8518518518518519,0.8148148148148148,0.8148148148148148,0.8888888888888888,0.8148148148148148,0.8854497354497355,0.056244779905782104,641
0.00013611316680908203,2.2908651121317062e-05,0.0004507303237915039,0.00010268039408307096,auto,30,29,distance,"{'algorithm': 'auto', 'leaf_size': 30, 'n_neighbors': 29, 'weights': 'distance'}",0.9285714285714286,0.9629629629629629,0.9259259259259259,0.8888888888888888,0.9629629629629629,0.8888888888888888,0.8148148148148148,0.8148148148148148,0.8888888888888888,0.8148148148148148,0.889153439153439,0.055118588923675764,513
0.00013494491577148438,1.208996142502869e-05,0.00034732818603515624,3.6227669751954374e-05,auto,30,31,uniform,"{'algorithm': 'auto', 'leaf_size': 30, 'n_neighbors': 31, 'weights': 'uniform'}",0.9285714285714286,1.0,0.9259259259259259,0.9259259259259259,0.9629629629629629,0.8518518518518519,0.8148148148148148,0.8148148148148148,0.8888888888888888,0.8148148148148148,0.8928571428571429,0.0631078542731494,353
0.00014905929565429689,4.7323151168218325e-05,0.0004596233367919922,0.00014629173619499816,auto,30,31,distance,"{'algorithm': 'auto', 'leaf_size': 30, 'n_neighbors': 31, 'weights': 'distance'}",0.9285714285714286,1.0,0.9259259259259259,0.9259259259259259,0.9629629629629629,0.8888888888888888,0.8148148148148148,0.8148148148148148,0.8888888888888888,0.8148148148148148,0.8965608465608466,0.0616629156361344,289
0.0001247882843017578,6.474458340642425e-06,0.00034029483795166015,3.0000040320928936e-05,auto,30,37,uniform,"{'algorithm': 'auto', 'leaf_size': 30, 'n_neighbors': 37, 'weights': 'uniform'}",0.8928571428571429,1.0,0.8888888888888888,0.8888888888888888,0.9259259259259259,0.8518518518518519,0.8148148148148148,0.7037037037037037,0.8888888888888888,0.8518518518518519,0.8707671957671957,0.072782701265744,801
0.00013048648834228515,6.0710659050562545e-06,0.00032756328582763674,1.4329511977618364e-05,auto,30,37,distance,"{'algorithm': 'auto', 'leaf_size': 30, 'n_neighbors': 37, 'weights': 'distance'}",0.9285714285714286,1.0,0.8888888888888888,0.9259259259259259,0.9259259259259259,0.8888888888888888,0.8518518518518519,0.7777777777777778,0.8888888888888888,0.8148148148148148,0.8891534391534393,0.0598895290508307,481
0.0001306295394897461,7.59912236949151e-06,0.00035665035247802737,2.8384320122022896e-05,auto,30,41,uniform,"{'algorithm': 'auto', 'leaf_size': 30, 'n_neighbors': 41, 'weights': 'uniform'}",0.8571428571428571,1.0,0.8888888888888888,0.8518518518518519,0.9259259259259259,0.8148148148148148,0.8148148148148148,0.7407407407407407,0.8888888888888888,0.8148148148148148,0.8597883597883598,0.06785082532964794,865
0.0001273632049560547,1.2797015902202882e-05,0.00035145282745361326,4.2433745138483134e-05,auto,30,41,distance,"{'algorithm': 'auto', 'leaf_size': 30, 'n_neighbors': 41, 'weights': 'distance'}",0.8928571428571429,1.0,0.8888888888888888,0.8888888888888888,0.9259259259259259,0.8518518518518519,0.8518518518518519,0.7777777777777778,0.8888888888888888,0.8148148148148148,0.8781746031746032,0.057585884266853474,769
0.00012023448944091797,3.2306377291539457e-06,0.00034945011138916017,1.5657785091795505e-05,auto,30,43,uniform,"{'algorithm': 'auto', 'leaf_size': 30, 'n_neighbors': 43, 'weights': 'uniform'}",0.9285714285714286,1.0,0.8888888888888888,0.8518518518518519,0.9259259259259259,0.8148148148148148,0.8148148148148148,0.7407407407407407,0.9259259259259259,0.8148148148148148,0.8706349206349205,0.07287819624881071,833
0.00012807846069335939,8.535118738204941e-06,0.0003632783889770508,2.8392049238881634e-05,auto,30,43,distance,"{'algorithm': 'auto', 'leaf_size': 30, 'n_neighbors': 43, 'weights': 'distance'}",0.9285714285714286,1.0,0.8888888888888888,0.8888888888888888,0.9259259259259259,0.8518518518518519,0.8518518518518519,0.7777777777777778,0.9259259259259259,0.8148148148148148,0.8854497354497355,0.060927597290907604,641
0.00013742446899414062,4.1290656380260426e-05,0.00023207664489746093,3.593090595717601e-05,auto,40,2,uniform,"{'algorithm': 'auto', 'leaf_size': 40, 'n_neighbors': 2, 'weights': 'uniform'}",0.9285714285714286,1.0,0.9629629629629629,0.8518518518518519,0.9629629629629629,0.9629629629629629,0.9259259259259259,0.8518518518518519,0.8518518518518519,0.8148148148148148,0.9113756613756614,0.06024838242553935,129
0.00012252330780029296,5.732417640860137e-06,0.0002552032470703125,1.9717720998562104e-05,auto,40,2,distance,"{'algorithm': 'auto', 'leaf_size': 40, 'n_neighbors': 2, 'weights': 'distance'}",0.9642857142857143,0.8888888888888888,0.9629629629629629,0.8518518518518519,0.9259259259259259,0.9629629629629629,1.0,0.8518518518518519,0.8888888888888888,0.9259259259259259,0.9223544973544973,0.04826157492490816,1
0.00012025833129882812,2.2673594337403756e-06,0.00022382736206054686,1.237243117804264e-05,auto,40,3,uniform,"{'algorithm': 'auto', 'leaf_size': 40, 'n_neighbors': 3, 'weights': 'uniform'}",0.9642857142857143,0.9259259259259259,0.9629629629629629,0.8518518518518519,0.9259259259259259,1.0,1.0,0.8148148148148148,0.8148148148148148,0.8888888888888888,0.9149470899470901,0.06645439983022737,33
0.00012197494506835938,7.638478831252188e-06,0.00024657249450683595,2.6684737853922937e-05,auto,40,3,distance,"{'algorithm': 'auto', 'leaf_size': 40, 'n_neighbors': 3, 'weights': 'distance'}",0.9642857142857143,0.9259259259259259,0.9629629629629629,0.8518518518518519,0.9259259259259259,1.0,1.0,0.8148148148148148,0.8148148148148148,0.8888888888888888,0.9149470899470901,0.06645439983022737,33
0.0001228809356689453,8.095846816934352e-06,0.0002820014953613281,6.996192419830734e-05,auto,40,5,uniform,"{'algorithm': 'auto', 'leaf_size': 40, 'n_neighbors': 5, 'weights': 'uniform'}",0.9642857142857143,0.9259259259259259,0.8888888888888888,0.8518518518518519,0.9259259259259259,0.9629629629629629,1.0,0.8888888888888888,0.8148148148148148,0.8888888888888888,0.9112433862433862,0.053030451638520076,161
0.0001348257064819336,8.09588192338887e-06,0.00027506351470947267,4.257785363437924e-05,auto,40,5,distance,"{'algorithm': 'auto', 'leaf_size': 40, 'n_neighbors': 5, 'weights': 'distance'}",0.9642857142857143,0.9259259259259259,0.9259259259259259,0.8518518518518519,0.9259259259259259,0.9629629629629629,1.0,0.8888888888888888,0.8148148148148148,0.8888888888888888,0.9149470899470898,0.05263170833078003,97
0.0001253843307495117,4.815169998986015e-06,0.0002315044403076172,8.949434461175661e-06,auto,40,7,uniform,"{'algorithm': 'auto', 'leaf_size': 40, 'n_neighbors': 7, 'weights': 'uniform'}",0.9642857142857143,0.9259259259259259,0.9259259259259259,0.8518518518518519,0.9259259259259259,0.9629629629629629,0.9259259259259259,0.8888888888888888,0.8518518518518519,0.8148148148148148,0.9038359788359788,0.04759718045831639,257
0.00013337135314941406,1.1865103661048713e-05,0.0002783536911010742,2.1106239530037634e-05,auto,40,7,distance,"{'algorithm': 'auto', 'leaf_size': 40, 'n_neighbors': 7, 'weights': 'distance'}",0.9642857142857143,0.9629629629629629,0.9259259259259259,0.8518518518518519,0.9259259259259259,0.9629629629629629,0.9629629629629629,0.8888888888888888,0.8518518518518519,0.8148148148148148,0.9112433862433862,0.053030451638520056,161
0.00012271404266357423,4.434906014790863e-06,0.0002871513366699219,8.492938312027204e-05,auto,40,11,uniform,"{'algorithm': 'auto', 'leaf_size': 40, 'n_neighbors': 11, 'weights': 'uniform'}",0.9642857142857143,0.8518518518518519,0.8518518518518519,0.8518518518518519,0.9259259259259259,0.9259259259259259,0.8888888888888888,0.8148148148148148,0.9259259259259259,0.8888888888888888,0.889021164021164,0.04404761904761906,545
0.00012114048004150391,4.737815707047339e-06,0.00025119781494140623,6.091769658242989e-06,auto,40,11,distance,"{'algorithm': 'auto', 'leaf_size': 40, 'n_neighbors': 11, 'weights': 'distance'}",0.9642857142857143,0.8888888888888888,0.8518518518518519,0.8518518518518519,0.9259259259259259,0.9629629629629629,0.9629629629629629,0.8148148148148148,0.9629629629629629,0.8888888888888888,0.9075396825396826,0.053168844616982916,225
0.00011806488037109375,2.9679043425742027e-06,0.0002492666244506836,6.446346357293695e-06,auto,40,13,uniform,"{'algorithm': 'auto', 'leaf_size': 40, 'n_neighbors': 13, 'weights': 'uniform'}",0.9642857142857143,0.8888888888888888,0.8148148148148148,0.8518518518518519,0.9259259259259259,0.8888888888888888,0.8518518518518519,0.8148148148148148,0.9259259259259259,0.8888888888888888,0.8816137566137566,0.04649334482859554,737
0.00012261867523193358,4.1392239464465e-06,0.00027828216552734376,1.542433698942264e-05,auto,40,13,distance,"{'algorithm': 'auto', 'leaf_size': 40, 'n_neighbors': 13, 'weights': 'distance'}",0.9642857142857143,0.8888888888888888,0.8148148148148148,0.8518518518518519,0.9259259259259259,0.9259259259259259,0.8888888888888888,0.8148148148148148,0.9259259259259259,0.9259259259259259,0.8927248677248677,0.04834271548630229,385
0.00013861656188964843,3.952505476641798e-05,0.0002896308898925781,4.070871394489723e-05,auto,40,17,uniform,"{'algorithm': 'auto', 'leaf_size': 40, 'n_neighbors': 17, 'weights': 'uniform'}",0.9642857142857143,0.9259259259259259,0.8888888888888888,0.8518518518518519,0.9629629629629629,0.8888888888888888,0.8518518518518519,0.7777777777777778,0.9259259259259259,0.8518518518518519,0.8890211640211639,0.05511430334995131,577
0.00012178421020507813,3.760368183544612e-06,0.00029456615447998047,1.5785848782151476e-05,auto,40,17,distance,"{'algorithm': 'auto', 'leaf_size': 40, 'n_neighbors': 17, 'weights': 'distance'}",0.9642857142857143,0.9259259259259259,0.8888888888888888,0.8518518518518519,0.9629629629629629,0.9259259259259259,0.8518518518518519,0.7777777777777778,0.9259259259259259,0.8888888888888888,0.8964285714285716,0.0545963104766419,321
0.00011930465698242187,2.5616409337164483e-06,0.0002774238586425781,1.40408909628203e-05,auto,40,19,uniform,"{'algorithm': 'auto', 'leaf_size': 40, 'n_neighbors': 19, 'weights': 'uniform'}",0.9642857142857143,0.9259259259259259,0.8888888888888888,0.8888888888888888,0.9629629629629629,0.8888888888888888,0.8148148148148148,0.8148148148148148,0.9259259259259259,0.8148148148148148,0.8890211640211639,0.055114303349951335,577
0.00012896060943603515,1.0237822600692751e-05,0.00033795833587646484,7.573228340480021e-05,auto,40,19,distance,"{'algorithm': 'auto', 'leaf_size': 40, 'n_neighbors': 19, 'weights': 'distance'}",0.9642857142857143,0.9259259259259259,0.8888888888888888,0.8888888888888888,0.9629629629629629,0.9259259259259259,0.8148148148148148,0.8148148148148148,0.9259259259259259,0.8148148148148148,0.8927248677248677,0.05621444127694664,385
0.00012569427490234376,6.44771299128928e-06,0.00034008026123046877,3.040004239430878e-05,auto,40,23,uniform,"{'algorithm': 'auto', 'leaf_size': 40, 'n_neighbors': 23, 'weights': 'uniform'}",0.9285714285714286,0.9629629629629629,0.8518518518518519,0.8888888888888888,0.9629629629629629,0.8888888888888888,0.8148148148148148,0.8148148148148148,0.8888888888888888,0.8148148148148148,0.8817460317460316,0.054654445597923325,705
0.0001397371292114258,3.0456879347915004e-05,0.0004511117935180664,0.0001028047228254984,auto,40,23,distance,"{'algorithm': 'auto', 'leaf_size': 40, 'n_neighbors': 23, 'weights': 'distance'}",0.9642857142857143,0.9629629629629629,0.8888888888888888,0.8888888888888888,0.9629629629629629,0.9259259259259259,0.8148148148148148,0.8148148148148148,0.8888888888888888,0.8148148148148148,0.8927248677248677,0.05860385508288557,385
0.0001248598098754883,9.895405083361495e-06,0.00032918453216552735,1.7009473882278933e-05,auto,40,29,uniform,"{'algorithm': 'auto', 'leaf_size': 40, 'n_neighbors': 29, 'weights': 'uniform'}",0.9285714285714286,0.9629629629629629,0.9259259259259259,0.8888888888888888,0.9629629629629629,0.8518518518518519,0.8148148148148148,0.8148148148148148,0.8888888888888888,0.8148148148148148,0.8854497354497355,0.056244779905782104,641
0.00012569427490234376,5.795876707624404e-06,0.0003640413284301758,7.075863776141708e-05,auto,40,29,distance,"{'algorithm': 'auto', 'leaf_size': 40, 'n_neighbors': 29, 'weights': 'distance'}",0.9285714285714286,0.9629629629629629,0.9259259259259259,0.8888888888888888,0.9629629629629629,0.8888888888888888,0.8148148148148148,0.8148148148148148,0.8888888888888888,0.8148148148148148,0.889153439153439,0.055118588923675764,513
0.0001214742660522461,5.932982987465527e-06,0.0003323554992675781,4.436431008560491e-05,auto,40,31,uniform,"{'algorithm': 'auto', 'leaf_size': 40, 'n_neighbors': 31, 'weights': 'uniform'}",0.9285714285714286,1.0,0.9259259259259259,0.9259259259259259,0.9629629629629629,0.8518518518518519,0.8148148148148148,0.8148148148148148,0.8888888888888888,0.8148148148148148,0.8928571428571429,0.0631078542731494,353
0.00012454986572265624,2.0487357195797763e-06,0.00030803680419921875,1.8170248909339274e-05,auto,40,31,distance,"{'algorithm': 'auto', 'leaf_size': 40, 'n_neighbors': 31, 'weights': 'distance'}",0.9285714285714286,1.0,0.9259259259259259,0.9259259259259259,0.9629629629629629,0.8888888888888888,0.8148148148148148,0.8148148148148148,0.8888888888888888,0.8148148148148148,0.8965608465608466,0.0616629156361344,289
0.00011718273162841797,1.7200871930530315e-06,0.0003218889236450195,7.607346206661034e-06,auto,40,37,uniform,"{'algorithm': 'auto', 'leaf_size': 40, 'n_neighbors': 37, 'weights': 'uniform'}",0.8928571428571429,1.0,0.8888888888888888,0.8888888888888888,0.9259259259259259,0.8518518518518519,0.8148148148148148,0.7037037037037037,0.8888888888888888,0.8518518518518519,0.8707671957671957,0.072782701265744,801
0.00012137889862060547,9.575081297117463e-06,0.00033004283905029296,3.305225405554837e-05,auto,40,37,distance,"{'algorithm': 'auto', 'leaf_size': 40, 'n_neighbors': 37, 'weights': 'distance'}",0.9285714285714286,1.0,0.8888888888888888,0.9259259259259259,0.9259259259259259,0.8888888888888888,0.8518518518518519,0.7777777777777778,0.8888888888888888,0.8148148148148148,0.8891534391534393,0.0598895290508307,481
0.00015478134155273439,7.664353030354528e-05,0.00037195682525634763,5.9446740800056e-05,auto,40,41,uniform,"{'algorithm': 'auto', 'leaf_size': 40, 'n_neighbors': 41, 'weights': 'uniform'}",0.8571428571428571,1.0,0.8888888888888888,0.8518518518518519,0.9259259259259259,0.8148148148148148,0.8148148148148148,0.7407407407407407,0.8888888888888888,0.8148148148148148,0.8597883597883598,0.06785082532964794,865
0.0001222372055053711,4.068583538094787e-06,0.0003393650054931641,2.004679217228769e-05,auto,40,41,distance,"{'algorithm': 'auto', 'leaf_size': 40, 'n_neighbors': 41, 'weights': 'distance'}",0.8928571428571429,1.0,0.8888888888888888,0.8888888888888888,0.9259259259259259,0.8518518518518519,0.8518518518518519,0.7777777777777778,0.8888888888888888,0.8148148148148148,0.8781746031746032,0.057585884266853474,769
0.00012068748474121093,3.44314731569971e-06,0.000335383415222168,9.130560034053204e-06,auto,40,43,uniform,"{'algorithm': 'auto', 'leaf_size': 40, 'n_neighbors': 43, 'weights': 'uniform'}",0.9285714285714286,1.0,0.8888888888888888,0.8518518518518519,0.9259259259259259,0.8148148148148148,0.8148148148148148,0.7407407407407407,0.9259259259259259,0.8148148148148148,0.8706349206349205,0.07287819624881071,833
0.0001292705535888672,1.0029348945935196e-05,0.00038340091705322263,9.414578529396262e-05,auto,40,43,distance,"{'algorithm': 'auto', 'leaf_size': 40, 'n_neighbors': 43, 'weights': 'distance'}",0.9285714285714286,1.0,0.8888888888888888,0.8888888888888888,0.9259259259259259,0.8518518518518519,0.8518518518518519,0.7777777777777778,0.9259259259259259,0.8148148148148148,0.8854497354497355,0.060927597290907604,641
0.00012049674987792968,4.8384288383353504e-06,0.00021224021911621095,5.225447797459825e-06,auto,50,2,uniform,"{'algorithm': 'auto', 'leaf_size': 50, 'n_neighbors': 2, 'weights': 'uniform'}",0.9285714285714286,1.0,0.9629629629629629,0.8518518518518519,0.9629629629629629,0.9629629629629629,0.9259259259259259,0.8518518518518519,0.8518518518518519,0.8148148148148148,0.9113756613756614,0.06024838242553935,129
0.00012021064758300781,4.061241979573743e-06,0.00024249553680419922,1.6517246150259414e-05,auto,50,2,distance,"{'algorithm': 'auto', 'leaf_size': 50, 'n_neighbors': 2, 'weights': 'distance'}",0.9642857142857143,0.8888888888888888,0.9629629629629629,0.8518518518518519,0.9259259259259259,0.9629629629629629,1.0,0.8518518518518519,0.8888888888888888,0.9259259259259259,0.9223544973544973,0.04826157492490816,1
0.00011942386627197265,3.3318090085308305e-06,0.00023717880249023436,1.6837078867958874e-05,auto,50,3,uniform,"{'algorithm': 'auto', 'leaf_size': 50, 'n_neighbors': 3, 'weights': 'uniform'}",0.9642857142857143,0.9259259259259259,0.9629629629629629,0.8518518518518519,0.9259259259259259,1.0,1.0,0.8148148148148148,0.8148148148148148,0.8888888888888888,0.9149470899470901,0.06645439983022737,33
0.00014297962188720704,4.339258094226374e-05,0.0003277301788330078,8.083839905327628e-05,auto,50,3,distance,"{'algorithm': 'auto', 'leaf_size': 50, 'n_neighbors': 3, 'weights': 'distance'}",0.9642857142857143,0.9259259259259259,0.9629629629629629,0.8518518518518519,0.9259259259259259,1.0,1.0,0.8148148148148148,0.8148148148148148,0.8888888888888888,0.9149470899470901,0.06645439983022737,33
0.00012104511260986328,4.908238925256088e-06,0.00027105808258056643,1.4214806808054959e-05,auto,50,5,uniform,"{'algorithm': 'auto', 'leaf_size': 50, 'n_neighbors': 5, 'weights': 'uniform'}",0.9642857142857143,0.9259259259259259,0.8888888888888888,0.8518518518518519,0.9259259259259259,0.9629629629629629,1.0,0.8888888888888888,0.8148148148148148,0.8888888888888888,0.9112433862433862,0.053030451638520076,161
0.00012552738189697266,9.03996355773853e-06,0.0002852201461791992,2.3305595987508695e-05,auto,50,5,distance,"{'algorithm': 'auto', 'leaf_size': 50, 'n_neighbors': 5, 'weights': 'distance'}",0.9642857142857143,0.9259259259259259,0.9259259259259259,0.8518518518518519,0.9259259259259259,0.9629629629629629,1.0,0.8888888888888888,0.8148148148148148,0.8888888888888888,0.9149470899470898,0.05263170833078003,97
0.00012145042419433593,1.8899842436415112e-06,0.0002620220184326172,7.962609459049543e-06,auto,50,7,uniform,"{'algorithm': 'auto', 'leaf_size': 50, 'n_neighbors': 7, 'weights': 'uniform'}",0.9642857142857143,0.9259259259259259,0.9259259259259259,0.8518518518518519,0.9259259259259259,0.9629629629629629,0.9259259259259259,0.8888888888888888,0.8518518518518519,0.8148148148148148,0.9038359788359788,0.04759718045831639,257
0.00014257431030273438,5.4912928202092294e-05,0.00033047199249267576,7.244139313325066e-05,auto,50,7,distance,"{'algorithm': 'auto', 'leaf_size': 50, 'n_neighbors': 7, 'weights': 'distance'}",0.9642857142857143,0.9629629629629629,0.9259259259259259,0.8518518518518519,0.9259259259259259,0.9629629629629629,0.9629629629629629,0.8888888888888888,0.8518518518518519,0.8148148148148148,0.9112433862433862,0.053030451638520056,161
0.0001238107681274414,4.480810638246834e-06,0.0002872705459594727,1.4838544892379145e-05,auto,50,11,uniform,"{'algorithm': 'auto', 'leaf_size': 50, 'n_neighbors': 11, 'weights': 'uniform'}",0.9642857142857143,0.8518518518518519,0.8518518518518519,0.8518518518518519,0.9259259259259259,0.9259259259259259,0.8888888888888888,0.8148148148148148,0.9259259259259259,0.8888888888888888,0.889021164021164,0.04404761904761906,545
0.00012054443359375,2.326750354529543e-06,0.0002936124801635742,1.4465643286122795e-05,auto,50,11,distance,"{'algorithm': 'auto', 'leaf_size': 50, 'n_neighbors': 11, 'weights': 'distance'}",0.9642857142857143,0.8888888888888888,0.8518518518518519,0.8518518518518519,0.9259259259259259,0.9629629629629629,0.9629629629629629,0.8148148148148148,0.9629629629629629,0.8888888888888888,0.9075396825396826,0.053168844616982916,225
0.00012025833129882812,2.355884423644185e-06,0.0002923727035522461,1.4641327454915686e-05,auto,50,13,uniform,"{'algorithm': 'auto', 'leaf_size': 50, 'n_neighbors': 13, 'weights': 'uniform'}",0.9642857142857143,0.8888888888888888,0.8148148148148148,0.8518518518518519,0.9259259259259259,0.8888888888888888,0.8518518518518519,0.8148148148148148,0.9259259259259259,0.8888888888888888,0.8816137566137566,0.04649334482859554,737
0.00014069080352783204,5.63306415809661e-05,0.0003296375274658203,6.284283202131279e-05,auto,50,13,distance,"{'algorithm': 'auto', 'leaf_size': 50, 'n_neighbors': 13, 'weights': 'distance'}",0.9642857142857143,0.8888888888888888,0.8148148148148148,0.8518518518518519,0.9259259259259259,0.9259259259259259,0.8888888888888888,0.8148148148148148,0.9259259259259259,0.9259259259259259,0.8927248677248677,0.04834271548630229,385
0.00011918544769287109,2.0299210411294256e-06,0.0003046989440917969,1.2729408855269727e-05,auto,50,17,uniform,"{'algorithm': 'auto', 'leaf_size': 50, 'n_neighbors': 17, 'weights': 'uniform'}",0.9642857142857143,0.9259259259259259,0.8888888888888888,0.8518518518518519,0.9629629629629629,0.8888888888888888,0.8518518518518519,0.7777777777777778,0.9259259259259259,0.8518518518518519,0.8890211640211639,0.05511430334995131,577
0.00011987686157226563,2.8626119651419894e-06,0.0003041744232177734,1.0063297735119494e-05,auto,50,17,distance,"{'algorithm': 'auto', 'leaf_size': 50, 'n_neighbors': 17, 'weights': 'distance'}",0.9642857142857143,0.9259259259259259,0.8888888888888888,0.8518518518518519,0.9629629629629629,0.9259259259259259,0.8518518518518519,0.7777777777777778,0.9259259259259259,0.8888888888888888,0.8964285714285716,0.0545963104766419,321
0.00012192726135253906,1.943367373687251e-06,0.00034291744232177733,9.277785982886064e-05,auto,50,19,uniform,"{'algorithm': 'auto', 'leaf_size': 50, 'n_neighbors': 19, 'weights': 'uniform'}",0.9642857142857143,0.9259259259259259,0.8888888888888888,0.8888888888888888,0.9629629629629629,0.8888888888888888,0.8148148148148148,0.8148148148148148,0.9259259259259259,0.8148148148148148,0.8890211640211639,0.055114303349951335,577
0.00013387203216552734,1.5357284493830135e-05,0.0003291130065917969,4.483501792437528e-05,auto,50,19,distance,"{'algorithm': 'auto', 'leaf_size': 50, 'n_neighbors': 19, 'weights': 'distance'}",0.9642857142857143,0.9259259259259259,0.8888888888888888,0.8888888888888888,0.9629629629629629,0.9259259259259259,0.8148148148148148,0.8148148148148148,0.9259259259259259,0.8148148148148148,0.8927248677248677,0.05621444127694664,385
0.00013065338134765625,2.3084287176617147e-05,0.00028541088104248045,1.068820146003888e-05,auto,50,23,uniform,"{'algorithm': 'auto', 'leaf_size': 50, 'n_neighbors': 23, 'weights': 'uniform'}",0.9285714285714286,0.9629629629629629,0.8518518518518519,0.8888888888888888,0.9629629629629629,0.8888888888888888,0.8148148148148148,0.8148148148148148,0.8888888888888888,0.8148148148148148,0.8817460317460316,0.054654445597923325,705
0.00012083053588867188,3.73762472958859e-06,0.0002872943878173828,1.9558462914188672e-05,auto,50,23,distance,"{'algorithm': 'auto', 'leaf_size': 50, 'n_neighbors': 23, 'weights': 'distance'}",0.9642857142857143,0.9629629629629629,0.8888888888888888,0.8888888888888888,0.9629629629629629,0.9259259259259259,0.8148148148148148,0.8148148148148148,0.8888888888888888,0.8148148148148148,0.8927248677248677,0.05860385508288557,385
0.0001288175582885742,5.27875102270951e-06,0.00030684471130371094,1.6455718725388972e-05,auto,50,29,uniform,"{'algorithm': 'auto', 'leaf_size': 50, 'n_neighbors': 29, 'weights': 'uniform'}",0.9285714285714286,0.9629629629629629,0.9259259259259259,0.8888888888888888,0.9629629629629629,0.8518518518518519,0.8148148148148148,0.8148148148148148,0.8888888888888888,0.8148148148148148,0.8854497354497355,0.056244779905782104,641
0.00012578964233398438,4.875878536668479e-06,0.0003154277801513672,1.5810945179402196e-05,auto,50,29,distance,"{'algorithm': 'auto', 'leaf_size': 50, 'n_neighbors': 29, 'weights': 'distance'}",0.9285714285714286,0.9629629629629629,0.9259259259259259,0.8888888888888888,0.9629629629629629,0.8888888888888888,0.8148148148148148,0.8148148148148148,0.8888888888888888,0.8148148148148148,0.889153439153439,0.055118588923675764,513
0.0001230001449584961,7.049654791251543e-06,0.00034968852996826173,0.00011611371797617698,auto,50,31,uniform,"{'algorithm': 'auto', 'leaf_size': 50, 'n_neighbors': 31, 'weights': 'uniform'}",0.9285714285714286,1.0,0.9259259259259259,0.9259259259259259,0.9629629629629629,0.8518518518518519,0.8148148148148148,0.8148148148148148,0.8888888888888888,0.8148148148148148,0.8928571428571429,0.0631078542731494,353
0.00012047290802001953,4.133727149165448e-06,0.0003026723861694336,6.346817216188883e-06,auto,50,31,distance,"{'algorithm': 'auto', 'leaf_size': 50, 'n_neighbors': 31, 'weights': 'distance'}",0.9285714285714286,1.0,0.9259259259259259,0.9259259259259259,0.9629629629629629,0.8888888888888888,0.8148148148148148,0.8148148148148148,0.8888888888888888,0.8148148148148148,0.8965608465608466,0.0616629156361344,289
0.00011830329895019531,1.2333409458520473e-06,0.00032546520233154295,2.7976365637703293e-06,auto,50,37,uniform,"{'algorithm': 'auto', 'leaf_size': 50, 'n_neighbors': 37, 'weights': 'uniform'}",0.8928571428571429,1.0,0.8888888888888888,0.8888888888888888,0.9259259259259259,0.8518518518518519,0.8148148148148148,0.7037037037037037,0.8888888888888888,0.8518518518518519,0.8707671957671957,0.072782701265744,801
0.00012917518615722655,1.3341985488215462e-05,0.0003872394561767578,0.00010579993622730169,auto,50,37,distance,"{'algorithm': 'auto', 'leaf_size': 50, 'n_neighbors': 37, 'weights': 'distance'}",0.9285714285714286,1.0,0.8888888888888888,0.9259259259259259,0.9259259259259259,0.8888888888888888,0.8518518518518519,0.7777777777777778,0.8888888888888888,0.8148148148148148,0.8891534391534393,0.0598895290508307,481
0.00012118816375732422,2.294399490215126e-06,0.0003428936004638672,1.1926554306275202e-05,auto,50,41,uniform,"{'algorithm': 'auto', 'leaf_size': 50, 'n_neighbors': 41, 'weights': 'uniform'}",0.8571428571428571,1.0,0.8888888888888888,0.8518518518518519,0.9259259259259259,0.8148148148148148,0.8148148148148148,0.7407407407407407,0.8888888888888888,0.8148148148148148,0.8597883597883598,0.06785082532964794,865
0.00012118816375732422,3.727344900028717e-06,0.00032384395599365233,5.6551459649843875e-06,auto,50,41,distance,"{'algorithm': 'auto', 'leaf_size': 50, 'n_neighbors': 41, 'weights': 'distance'}",0.8928571428571429,1.0,0.8888888888888888,0.8888888888888888,0.9259259259259259,0.8518518518518519,0.8518518518518519,0.7777777777777778,0.8888888888888888,0.8148148148148148,0.8781746031746032,0.057585884266853474,769
0.00012574195861816406,1.7572015393479017e-05,0.0003809928894042969,7.92546535054771e-05,auto,50,43,uniform,"{'algorithm': 'auto', 'leaf_size': 50, 'n_neighbors': 43, 'weights': 'uniform'}",0.9285714285714286,1.0,0.8888888888888888,0.8518518518518519,0.9259259259259259,0.8148148148148148,0.8148148148148148,0.7407407407407407,0.9259259259259259,0.8148148148148148,0.8706349206349205,0.07287819624881071,833
0.00012865066528320313,7.964179838605105e-06,0.00036451816558837893,2.3978663384033117e-05,auto,50,43,distance,"{'algorithm': 'auto', 'leaf_size': 50, 'n_neighbors': 43, 'weights': 'distance'}",0.9285714285714286,1.0,0.8888888888888888,0.8888888888888888,0.9259259259259259,0.8518518518518519,0.8518518518518519,0.7777777777777778,0.9259259259259259,0.8148148148148148,0.8854497354497355,0.060927597290907604,641
0.0001230955123901367,7.378698734808905e-06,0.0002470493316650391,1.3917928332086895e-05,auto,60,2,uniform,"{'algorithm': 'auto', 'leaf_size': 60, 'n_neighbors': 2, 'weights': 'uniform'}",0.9285714285714286,1.0,0.9629629629629629,0.8518518518518519,0.9629629629629629,0.9629629629629629,0.9259259259259259,0.8518518518518519,0.8518518518518519,0.8148148148148148,0.9113756613756614,0.06024838242553935,129
0.00012166500091552735,2.323939161416531e-06,0.0002648353576660156,9.377945613229357e-06,auto,60,2,distance,"{'algorithm': 'auto', 'leaf_size': 60, 'n_neighbors': 2, 'weights': 'distance'}",0.9642857142857143,0.8888888888888888,0.9629629629629629,0.8518518518518519,0.9259259259259259,0.9629629629629629,1.0,0.8518518518518519,0.8888888888888888,0.9259259259259259,0.9223544973544973,0.04826157492490816,1
0.00013158321380615234,2.6019857261473694e-05,0.0002727985382080078,4.339647795816074e-05,auto,60,3,uniform,"{'algorithm': 'auto', 'leaf_size': 60, 'n_neighbors': 3, 'weights': 'uniform'}",0.9642857142857143,0.9259259259259259,0.9629629629629629,0.8518518518518519,0.9259259259259259,1.0,1.0,0.8148148148148148,0.8148148148148148,0.8888888888888888,0.9149470899470901,0.06645439983022737,33
0.00012392997741699218,9.032760912149142e-06,0.0002884864807128906,2.9018391380644066e-05,auto,60,3,distance,"{'algorithm': 'auto', 'leaf_size': 60, 'n_neighbors': 3, 'weights': 'distance'}",0.9642857142857143,0.9259259259259259,0.9629629629629629,0.8518518518518519,0.9259259259259259,1.0,1.0,0.8148148148148148,0.8148148148148148,0.8888888888888888,0.9149470899470901,0.06645439983022737,33
0.00011889934539794922,2.693285852045362e-06,0.0002570390701293945,8.990909716361658e-06,auto,60,5,uniform,"{'algorithm': 'auto', 'leaf_size': 60, 'n_neighbors': 5, 'weights': 'uniform'}",0.9642857142857143,0.9259259259259259,0.8888888888888888,0.8518518518518519,0.9259259259259259,0.9629629629629629,1.0,0.8888888888888888,0.8148148148148148,0.8888888888888888,0.9112433862433862,0.053030451638520076,161
0.00012178421020507813,7.733587239346807e-06,0.0002851009368896484,2.5022776698416546e-05,auto,60,5,distance,"{'algorithm': 'auto', 'leaf_size': 60, 'n_neighbors': 5, 'weights': 'distance'}",0.9642857142857143,0.9259259259259259,0.9259259259259259,0.8518518518518519,0.9259259259259259,0.9629629629629629,1.0,0.8888888888888888,0.8148148148148148,0.8888888888888888,0.9149470899470898,0.05263170833078003,97
0.00014612674713134765,6.195667698395623e-05,0.0002895832061767578,4.301538991754798e-05,auto,60,7,uniform,"{'algorithm': 'auto', 'leaf_size': 60, 'n_neighbors': 7, 'weights': 'uniform'}",0.9642857142857143,0.9259259259259259,0.9259259259259259,0.8518518518518519,0.9259259259259259,0.9629629629629629,0.9259259259259259,0.8888888888888888,0.8518518518518519,0.8148148148148148,0.9038359788359788,0.04759718045831639,257
0.00012028217315673828,4.5265008923425885e-06,0.0002824544906616211,1.5499793350477535e-05,auto,60,7,distance,"{'algorithm': 'auto', 'leaf_size': 60, 'n_neighbors': 7, 'weights': 'distance'}",0.9642857142857143,0.9629629629629629,0.9259259259259259,0.8518518518518519,0.9259259259259259,0.9629629629629629,0.9629629629629629,0.8888888888888888,0.8518518518518519,0.8148148148148148,0.9112433862433862,0.053030451638520056,161
0.00011913776397705078,3.4020418154762764e-06,0.00028035640716552737,9.915719498319374e-06,auto,60,11,uniform,"{'algorithm': 'auto', 'leaf_size': 60, 'n_neighbors': 11, 'weights': 'uniform'}",0.9642857142857143,0.8518518518518519,0.8518518518518519,0.8518518518518519,0.9259259259259259,0.9259259259259259,0.8888888888888888,0.8148148148148148,0.9259259259259259,0.8888888888888888,0.889021164021164,0.04404761904761906,545
0.00012724399566650392,7.87867893940291e-06,0.00031828880310058594,2.5549084448296828e-05,auto,60,11,distance,"{'algorithm': 'auto', 'leaf_size': 60, 'n_neighbors': 11, 'weights': 'distance'}",0.9642857142857143,0.8888888888888888,0.8518518518518519,0.8518518518518519,0.9259259259259259,0.9629629629629629,0.9629629629629629,0.8148148148148148,0.9629629629629629,0.8888888888888888,0.9075396825396826,0.053168844616982916,225
0.00011990070343017578,4.1066864917854556e-06,0.0002968311309814453,2.7358778680258146e-05,auto,60,13,uniform,"{'algorithm': 'auto', 'leaf_size': 60, 'n_neighbors': 13, 'weights': 'uniform'}",0.9642857142857143,0.8888888888888888,0.8148148148148148,0.8518518518518519,0.9259259259259259,0.8888888888888888,0.8518518518518519,0.8148148148148148,0.9259259259259259,0.8888888888888888,0.8816137566137566,0.04649334482859554,737
0.00012371540069580078,1.0121114399851112e-05,0.00036029815673828126,7.213537620948715e-05,auto,60,13,distance,"{'algorithm': 'auto', 'leaf_size': 60, 'n_neighbors': 13, 'weights': 'distance'}",0.9642857142857143,0.8888888888888888,0.8148148148148148,0.8518518518518519,0.9259259259259259,0.9259259259259259,0.8888888888888888,0.8148148148148148,0.9259259259259259,0.9259259259259259,0.8927248677248677,0.04834271548630229,385
0.00013151168823242188,3.49353109534378e-05,0.0003735065460205078,0.00011636449552134611,auto,60,17,uniform,"{'algorithm': 'auto', 'leaf_size': 60, 'n_neighbors': 17, 'weights': 'uniform'}",0.9642857142857143,0.9259259259259259,0.8888888888888888,0.8518518518518519,0.9629629629629629,0.8888888888888888,0.8518518518518519,0.7777777777777778,0.9259259259259259,0.8518518518518519,0.8890211640211639,0.05511430334995131,577
0.00014522075653076172,4.493471740846588e-05,0.0003422737121582031,8.27065219265676e-05,auto,60,17,distance,"{'algorithm': 'auto', 'leaf_size': 60, 'n_neighbors': 17, 'weights': 'distance'}",0.9642857142857143,0.9259259259259259,0.8888888888888888,0.8518518518518519,0.9629629629629629,0.9259259259259259,0.8518518518518519,0.7777777777777778,0.9259259259259259,0.8888888888888888,0.8964285714285716,0.0545963104766419,321
0.0001252889633178711,8.064929139892029e-06,0.0002984523773193359,1.8658839677266174e-05,auto,60,19,uniform,"{'algorithm': 'auto', 'leaf_size': 60, 'n_neighbors': 19, 'weights': 'uniform'}",0.9642857142857143,0.9259259259259259,0.8888888888888888,0.8888888888888888,0.9629629629629629,0.8888888888888888,0.8148148148148148,0.8148148148148148,0.9259259259259259,0.8148148148148148,0.8890211640211639,0.055114303349951335,577
0.00013844966888427735,3.060166315929061e-05,0.00036814212799072263,9.182504857921033e-05,auto,60,19,distance,"{'algorithm': 'auto', 'leaf_size': 60, 'n_neighbors': 19, 'weights': 'distance'}",0.9642857142857143,0.9259259259259259,0.8888888888888888,0.8888888888888888,0.9629629629629629,0.9259259259259259,0.8148148148148148,0.8148148148148148,0.9259259259259259,0.8148148148148148,0.8927248677248677,0.05621444127694664,385
0.00012240409851074218,7.414932802050733e-06,0.0003262758255004883,7.260425118564322e-05,auto,60,23,uniform,"{'algorithm': 'auto', 'leaf_size': 60, 'n_neighbors': 23, 'weights': 'uniform'}",0.9285714285714286,0.9629629629629629,0.8518518518518519,0.8888888888888888,0.9629629629629629,0.8888888888888888,0.8148148148148148,0.8148148148148148,0.8888888888888888,0.8148148148148148,0.8817460317460316,0.054654445597923325,705
0.00012929439544677733,2.1371682377963443e-05,0.0003098487854003906,1.7657531712792885e-05,auto,60,23,distance,"{'algorithm': 'auto', 'leaf_size': 60, 'n_neighbors': 23, 'weights': 'distance'}",0.9642857142857143,0.9629629629629629,0.8888888888888888,0.8888888888888888,0.9629629629629629,0.9259259259259259,0.8148148148148148,0.8148148148148148,0.8888888888888888,0.8148148148148148,0.8927248677248677,0.05860385508288557,385
0.00011935234069824219,3.143510765809919e-06,0.0003059148788452148,8.072819290045317e-06,auto,60,29,uniform,"{'algorithm': 'auto', 'leaf_size': 60, 'n_neighbors': 29, 'weights': 'uniform'}",0.9285714285714286,0.9629629629629629,0.9259259259259259,0.8888888888888888,0.9629629629629629,0.8518518518518519,0.8148148148148148,0.8148148148148148,0.8888888888888888,0.8148148148148148,0.8854497354497355,0.056244779905782104,641
0.00012524127960205077,8.814428701461087e-06,0.0003535985946655273,8.712673836546464e-05,auto,60,29,distance,"{'algorithm': 'auto', 'leaf_size': 60, 'n_neighbors': 29, 'weights': 'distance'}",0.9285714285714286,0.9629629629629629,0.9259259259259259,0.8888888888888888,0.9629629629629629,0.8888888888888888,0.8148148148148148,0.8148148148148148,0.8888888888888888,0.8148148148148148,0.889153439153439,0.055118588923675764,513
0.00011801719665527344,2.927795683480978e-06,0.0003060579299926758,8.18928775939458e-06,auto,60,31,uniform,"{'algorithm': 'auto', 'leaf_size': 60, 'n_neighbors': 31, 'weights': 'uniform'}",0.9285714285714286,1.0,0.9259259259259259,0.9259259259259259,0.9629629629629629,0.8518518518518519,0.8148148148148148,0.8148148148148148,0.8888888888888888,0.8148148148148148,0.8928571428571429,0.0631078542731494,353
0.00012426376342773439,8.698063966595156e-06,0.00031979084014892577,2.02150415934407e-05,auto,60,31,distance,"{'algorithm': 'auto', 'leaf_size': 60, 'n_neighbors': 31, 'weights': 'distance'}",0.9285714285714286,1.0,0.9259259259259259,0.9259259259259259,0.9629629629629629,0.8888888888888888,0.8148148148148148,0.8148148148148148,0.8888888888888888,0.8148148148148148,0.8965608465608466,0.0616629156361344,289
0.00013325214385986328,2.297950695200094e-05,0.0003277778625488281,1.1341709886311417e-05,auto,60,37,uniform,"{'algorithm': 'auto', 'leaf_size': 60, 'n_neighbors': 37, 'weights': 'uniform'}",0.8928571428571429,1.0,0.8888888888888888,0.8888888888888888,0.9259259259259259,0.8518518518518519,0.8148148148148148,0.7037037037037037,0.8888888888888888,0.8518518518518519,0.8707671957671957,0.072782701265744,801
0.00012085437774658203,3.0203973733552143e-06,0.0003251314163208008,2.088226931832341e-05,auto,60,37,distance,"{'algorithm': 'auto', 'leaf_size': 60, 'n_neighbors': 37, 'weights': 'distance'}",0.9285714285714286,1.0,0.8888888888888888,0.9259259259259259,0.9259259259259259,0.8888888888888888,0.8518518518518519,0.7777777777777778,0.8888888888888888,0.8148148148148148,0.8891534391534393,0.0598895290508307,481
0.00012059211730957032,3.289485250665127e-06,0.00033061504364013673,8.164261227470131e-06,auto,60,41,uniform,"{'algorithm': 'auto', 'leaf_size': 60, 'n_neighbors': 41, 'weights': 'uniform'}",0.8571428571428571,1.0,0.8888888888888888,0.8518518518518519,0.9259259259259259,0.8148148148148148,0.8148148148148148,0.7407407407407407,0.8888888888888888,0.8148148148148148,0.8597883597883598,0.06785082532964794,865
0.00011937618255615234,3.258668298153027e-06,0.000330352783203125,1.3808614628681938e-05,auto,60,41,distance,"{'algorithm': 'auto', 'leaf_size': 60, 'n_neighbors': 41, 'weights': 'distance'}",0.8928571428571429,1.0,0.8888888888888888,0.8888888888888888,0.9259259259259259,0.8518518518518519,0.8518518518518519,0.7777777777777778,0.8888888888888888,0.8148148148148148,0.8781746031746032,0.057585884266853474,769
0.00012114048004150391,1.0473307831889246e-05,0.0003810882568359375,7.674524818514419e-05,auto,60,43,uniform,"{'algorithm': 'auto', 'leaf_size': 60, 'n_neighbors': 43, 'weights': 'uniform'}",0.9285714285714286,1.0,0.8888888888888888,0.8518518518518519,0.9259259259259259,0.8148148148148148,0.8148148148148148,0.7407407407407407,0.9259259259259259,0.8148148148148148,0.8706349206349205,0.07287819624881071,833
0.00012106895446777344,1.1199990312731378e-05,0.0003647565841674805,4.850777601168217e-05,auto,60,43,distance,"{'algorithm': 'auto', 'leaf_size': 60, 'n_neighbors': 43, 'weights': 'distance'}",0.9285714285714286,1.0,0.8888888888888888,0.8888888888888888,0.9259259259259259,0.8518518518518519,0.8518518518518519,0.7777777777777778,0.9259259259259259,0.8148148148148148,0.8854497354497355,0.060927597290907604,641
0.00012252330780029296,6.267688436777614e-06,0.00022749900817871095,2.3182035649551934e-05,auto,70,2,uniform,"{'algorithm': 'auto', 'leaf_size': 70, 'n_neighbors': 2, 'weights': 'uniform'}",0.9285714285714286,1.0,0.9629629629629629,0.8518518518518519,0.9629629629629629,0.9629629629629629,0.9259259259259259,0.8518518518518519,0.8518518518518519,0.8148148148148148,0.9113756613756614,0.06024838242553935,129
0.00014846324920654298,5.8238104721926e-05,0.0002875566482543945,6.908360483797746e-05,auto,70,2,distance,"{'algorithm': 'auto', 'leaf_size': 70, 'n_neighbors': 2, 'weights': 'distance'}",0.9642857142857143,0.8888888888888888,0.9629629629629629,0.8518518518518519,0.9259259259259259,0.9629629629629629,1.0,0.8518518518518519,0.8888888888888888,0.9259259259259259,0.9223544973544973,0.04826157492490816,1
0.00012044906616210937,8.653510632712832e-06,0.00023479461669921874,2.407597985034979e-05,auto,70,3,uniform,"{'algorithm': 'auto', 'leaf_size': 70, 'n_neighbors': 3, 'weights': 'uniform'}",0.9642857142857143,0.9259259259259259,0.9629629629629629,0.8518518518518519,0.9259259259259259,1.0,1.0,0.8148148148148148,0.8148148148148148,0.8888888888888888,0.9149470899470901,0.06645439983022737,33
0.0001199483871459961,4.693213864120672e-06,0.00023705959320068358,1.3857453085966782e-05,auto,70,3,distance,"{'algorithm': 'auto', 'leaf_size': 70, 'n_neighbors': 3, 'weights': 'distance'}",0.9642857142857143,0.9259259259259259,0.9629629629629629,0.8518518518518519,0.9259259259259259,1.0,1.0,0.8148148148148148,0.8148148148148148,0.8888888888888888,0.9149470899470901,0.06645439983022737,33
0.00011649131774902344,3.018043975533802e-06,0.0002214670181274414,1.237548605116124e-05,auto,70,5,uniform,"{'algorithm': 'auto', 'leaf_size': 70, 'n_neighbors': 5, 'weights': 'uniform'}",0.9642857142857143,0.9259259259259259,0.8888888888888888,0.8518518518518519,0.9259259259259259,0.9629629629629629,1.0,0.8888888888888888,0.8148148148148148,0.8888888888888888,0.9112433862433862,0.053030451638520076,161
0.00011670589447021484,3.295441574866314e-06,0.00024218559265136718,2.1646989028135125e-05,auto,70,5,distance,"{'algorithm': 'auto', 'leaf_size': 70, 'n_neighbors': 5, 'weights': 'distance'}",0.9642857142857143,0.9259259259259259,0.9259259259259259,0.8518518518518519,0.9259259259259259,0.9629629629629629,1.0,0.8888888888888888,0.8148148148148148,0.8888888888888888,0.9149470899470898,0.05263170833078003,97
0.0001361846923828125,2.834250435159907e-05,0.0002654075622558594,3.4689337932266845e-05,auto,70,7,uniform,"{'algorithm': 'auto', 'leaf_size': 70, 'n_neighbors': 7, 'weights': 'uniform'}",0.9642857142857143,0.9259259259259259,0.9259259259259259,0.8518518518518519,0.9259259259259259,0.9629629629629629,0.9259259259259259,0.8888888888888888,0.8518518518518519,0.8148148148148148,0.9038359788359788,0.04759718045831639,257
0.00011918544769287109,4.08726220947505e-06,0.00026462078094482424,1.891831519293187e-05,auto,70,7,distance,"{'algorithm': 'auto', 'leaf_size': 70, 'n_neighbors': 7, 'weights': 'distance'}",0.9642857142857143,0.9629629629629629,0.9259259259259259,0.8518518518518519,0.9259259259259259,0.9629629629629629,0.9629629629629629,0.8888888888888888,0.8518518518518519,0.8148148148148148,0.9112433862433862,0.053030451638520056,161
0.00011982917785644532,2.991559437057137e-06,0.00025327205657958983,1.7552222935457374e-05,auto,70,11,uniform,"{'algorithm': 'auto', 'leaf_size': 70, 'n_neighbors': 11, 'weights': 'uniform'}",0.9642857142857143,0.8518518518518519,0.8518518518518519,0.8518518518518519,0.9259259259259259,0.9259259259259259,0.8888888888888888,0.8148148148148148,0.9259259259259259,0.8888888888888888,0.889021164021164,0.04404761904761906,545
0.00011999607086181641,5.7260677985073376e-06,0.0002736330032348633,1.583754521696434e-05,auto,70,11,distance,"{'algorithm': 'auto', 'leaf_size': 70, 'n_neighbors': 11, 'weights': 'distance'}",0.9642857142857143,0.8888888888888888,0.8518518518518519,0.8518518518518519,0.9259259259259259,0.9629629629629629,0.9629629629629629,0.8148148148148148,0.9629629629629629,0.8888888888888888,0.9075396825396826,0.053168844616982916,225
0.00013959407806396484,5.667378130611505e-05,0.0003039836883544922,7.531106660474952e-05,auto,70,13,uniform,"{'algorithm': 'auto', 'leaf_size': 70, 'n_neighbors': 13, 'weights': 'uniform'}",0.9642857142857143,0.8888888888888888,0.8148148148148148,0.8518518518518519,0.9259259259259259,0.8888888888888888,0.8518518518518519,0.8148148148148148,0.9259259259259259,0.8888888888888888,0.8816137566137566,0.04649334482859554,737
0.00016047954559326172,5.011504655724444e-05,0.00039947032928466797,0.00010314552348551111,auto,70,13,distance,"{'algorithm': 'auto', 'leaf_size': 70, 'n_neighbors': 13, 'weights': 'distance'}",0.9642857142857143,0.8888888888888888,0.8148148148148148,0.8518518518518519,0.9259259259259259,0.9259259259259259,0.8888888888888888,0.8148148148148148,0.9259259259259259,0.9259259259259259,0.8927248677248677,0.04834271548630229,385
0.00012111663818359375,5.553668974099413e-06,0.0002641439437866211,1.2618831198672596e-05,auto,70,17,uniform,"{'algorithm': 'auto', 'leaf_size': 70, 'n_neighbors': 17, 'weights': 'uniform'}",0.9642857142857143,0.9259259259259259,0.8888888888888888,0.8518518518518519,0.9629629629629629,0.8888888888888888,0.8518518518518519,0.7777777777777778,0.9259259259259259,0.8518518518518519,0.8890211640211639,0.05511430334995131,577
0.00012540817260742188,1.203482576763531e-05,0.0002865791320800781,2.864339019364828e-05,auto,70,17,distance,"{'algorithm': 'auto', 'leaf_size': 70, 'n_neighbors': 17, 'weights': 'distance'}",0.9642857142857143,0.9259259259259259,0.8888888888888888,0.8518518518518519,0.9629629629629629,0.9259259259259259,0.8518518518518519,0.7777777777777778,0.9259259259259259,0.8888888888888888,0.8964285714285716,0.0545963104766419,321
0.0001287221908569336,1.125903814574315e-05,0.00029838085174560547,4.869395244204413e-05,auto,70,19,uniform,"{'algorithm': 'auto', 'leaf_size': 70, 'n_neighbors': 19, 'weights': 'uniform'}",0.9642857142857143,0.9259259259259259,0.8888888888888888,0.8888888888888888,0.9629629629629629,0.8888888888888888,0.8148148148148148,0.8148148148148148,0.9259259259259259,0.8148148148148148,0.8890211640211639,0.055114303349951335,577
0.00012280941009521485,3.3266868229532387e-06,0.00028588771820068357,1.2124446258767736e-05,auto,70,19,distance,"{'algorithm': 'auto', 'leaf_size': 70, 'n_neighbors': 19, 'weights': 'distance'}",0.9642857142857143,0.9259259259259259,0.8888888888888888,0.8888888888888888,0.9629629629629629,0.9259259259259259,0.8148148148148148,0.8148148148148148,0.9259259259259259,0.8148148148148148,0.8927248677248677,0.05621444127694664,385
0.0001190185546875,2.9812810959511925e-06,0.0002824544906616211,1.0710302875983441e-05,auto,70,23,uniform,"{'algorithm': 'auto', 'leaf_size': 70, 'n_neighbors': 23, 'weights': 'uniform'}",0.9285714285714286,0.9629629629629629,0.8518518518518519,0.8888888888888888,0.9629629629629629,0.8888888888888888,0.8148148148148148,0.8148148148148148,0.8888888888888888,0.8148148148148148,0.8817460317460316,0.054654445597923325,705
0.00012464523315429686,7.383127044197496e-06,0.0003036022186279297,2.0596439983919372e-05,auto,70,23,distance,"{'algorithm': 'auto', 'leaf_size': 70, 'n_neighbors': 23, 'weights': 'distance'}",0.9642857142857143,0.9629629629629629,0.8888888888888888,0.8888888888888888,0.9629629629629629,0.9259259259259259,0.8148148148148148,0.8148148148148148,0.8888888888888888,0.8148148148148148,0.8927248677248677,0.05860385508288557,385
0.00012400150299072266,1.6057964769674105e-05,0.0003152608871459961,4.518495047810882e-05,auto,70,29,uniform,"{'algorithm': 'auto', 'leaf_size': 70, 'n_neighbors': 29, 'weights': 'uniform'}",0.9285714285714286,0.9629629629629629,0.9259259259259259,0.8888888888888888,0.9629629629629629,0.8518518518518519,0.8148148148148148,0.8148148148148148,0.8888888888888888,0.8148148148148148,0.8854497354497355,0.056244779905782104,641
0.00012066364288330079,3.379241692295436e-06,0.00030553340911865234,1.3144736518479748e-05,auto,70,29,distance,"{'algorithm': 'auto', 'leaf_size': 70, 'n_neighbors': 29, 'weights': 'distance'}",0.9285714285714286,0.9629629629629629,0.9259259259259259,0.8888888888888888,0.9629629629629629,0.8888888888888888,0.8148148148148148,0.8148148148148148,0.8888888888888888,0.8148148148148148,0.889153439153439,0.055118588923675764,513
0.00012035369873046875,3.0677347386296905e-06,0.0003107547760009766,1.0992725483293944e-05,auto,70,31,uniform,"{'algorithm': 'auto', 'leaf_size': 70, 'n_neighbors': 31, 'weights': 'uniform'}",0.9285714285714286,1.0,0.9259259259259259,0.9259259259259259,0.9629629629629629,0.8518518518518519,0.8148148148148148,0.8148148148148148,0.8888888888888888,0.8148148148148148,0.8928571428571429,0.0631078542731494,353
0.00012879371643066407,1.1544384181250035e-05,0.0003444671630859375,5.683698906675371e-05,auto,70,31,distance,"{'algorithm': 'auto', 'leaf_size': 70, 'n_neighbors': 31, 'weights': 'distance'}",0.9285714285714286,1.0,0.9259259259259259,0.9259259259259259,0.9629629629629629,0.8888888888888888,0.8148148148148148,0.8148148148148148,0.8888888888888888,0.8148148148148148,0.8965608465608466,0.0616629156361344,289
0.00012195110321044922,3.0387848548290254e-06,0.0003333330154418945,1.0505822098619523e-05,auto,70,37,uniform,"{'algorithm': 'auto', 'leaf_size': 70, 'n_neighbors': 37, 'weights': 'uniform'}",0.8928571428571429,1.0,0.8888888888888888,0.8888888888888888,0.9259259259259259,0.8518518518518519,0.8148148148148148,0.7037037037037037,0.8888888888888888,0.8518518518518519,0.8707671957671957,0.072782701265744,801
0.00012235641479492189,4.3268866909125e-06,0.0003191232681274414,1.227253701499979e-05,auto,70,37,distance,"{'algorithm': 'auto', 'leaf_size': 70, 'n_neighbors': 37, 'weights': 'distance'}",0.9285714285714286,1.0,0.8888888888888888,0.9259259259259259,0.9259259259259259,0.8888888888888888,0.8518518518518519,0.7777777777777778,0.8888888888888888,0.8148148148148148,0.8891534391534393,0.0598895290508307,481
0.00012640953063964845,8.772248669355393e-06,0.00036046504974365237,1.4934768924684973e-05,auto,70,41,uniform,"{'algorithm': 'auto', 'leaf_size': 70, 'n_neighbors': 41, 'weights': 'uniform'}",0.8571428571428571,1.0,0.8888888888888888,0.8518518518518519,0.9259259259259259,0.8148148148148148,0.8148148148148148,0.7407407407407407,0.8888888888888888,0.8148148148148148,0.8597883597883598,0.06785082532964794,865
0.0001287698745727539,1.1444315312110163e-05,0.0003900289535522461,9.713609769414085e-05,auto,70,41,distance,"{'algorithm': 'auto', 'leaf_size': 70, 'n_neighbors': 41, 'weights': 'distance'}",0.8928571428571429,1.0,0.8888888888888888,0.8888888888888888,0.9259259259259259,0.8518518518518519,0.8518518518518519,0.7777777777777778,0.8888888888888888,0.8148148148148148,0.8781746031746032,0.057585884266853474,769
0.0001209259033203125,3.2054666420475596e-06,0.00035045146942138674,1.653513205101223e-05,auto,70,43,uniform,"{'algorithm': 'auto', 'leaf_size': 70, 'n_neighbors': 43, 'weights': 'uniform'}",0.9285714285714286,1.0,0.8888888888888888,0.8518518518518519,0.9259259259259259,0.8148148148148148,0.8148148148148148,0.7407407407407407,0.9259259259259259,0.8148148148148148,0.8706349206349205,0.07287819624881071,833
0.00012524127960205077,8.76398288444885e-06,0.0003648519515991211,3.127521994844207e-05,auto,70,43,distance,"{'algorithm': 'auto', 'leaf_size': 70, 'n_neighbors': 43, 'weights': 'distance'}",0.9285714285714286,1.0,0.8888888888888888,0.8888888888888888,0.9259259259259259,0.8518518518518519,0.8518518518518519,0.7777777777777778,0.9259259259259259,0.8148148148148148,0.8854497354497355,0.060927597290907604,641
0.00012292861938476563,4.811331821530859e-06,0.00024387836456298828,5.431073186148493e-05,auto,80,2,uniform,"{'algorithm': 'auto', 'leaf_size': 80, 'n_neighbors': 2, 'weights': 'uniform'}",0.9285714285714286,1.0,0.9629629629629629,0.8518518518518519,0.9629629629629629,0.9629629629629629,0.9259259259259259,0.8518518518518519,0.8518518518518519,0.8148148148148148,0.9113756613756614,0.06024838242553935,129
0.00012900829315185547,9.969460840182593e-06,0.0002659797668457031,3.083061068554131e-05,auto,80,2,distance,"{'algorithm': 'auto', 'leaf_size': 80, 'n_neighbors': 2, 'weights': 'distance'}",0.9642857142857143,0.8888888888888888,0.9629629629629629,0.8518518518518519,0.9259259259259259,0.9629629629629629,1.0,0.8518518518518519,0.8888888888888888,0.9259259259259259,0.9223544973544973,0.04826157492490816,1
0.00011844635009765625,1.7642974853515624e-06,0.00022406578063964843,1.7490826354752777e-05,auto,80,3,uniform,"{'algorithm': 'auto', 'leaf_size': 80, 'n_neighbors': 3, 'weights': 'uniform'}",0.9642857142857143,0.9259259259259259,0.9629629629629629,0.8518518518518519,0.9259259259259259,1.0,1.0,0.8148148148148148,0.8148148148148148,0.8888888888888888,0.9149470899470901,0.06645439983022737,33
0.00012445449829101562,4.460403188197543e-06,0.0002493858337402344,1.910683577392273e-05,auto,80,3,distance,"{'algorithm': 'auto', 'leaf_size': 80, 'n_neighbors': 3, 'weights': 'distance'}",0.9642857142857143,0.9259259259259259,0.9629629629629629,0.8518518518518519,0.9259259259259259,1.0,1.0,0.8148148148148148,0.8148148148148148,0.8888888888888888,0.9149470899470901,0.06645439983022737,33
0.00012290477752685547,5.0993158323324734e-06,0.0002668619155883789,8.52834988332877e-05,auto,80,5,uniform,"{'algorithm': 'auto', 'leaf_size': 80, 'n_neighbors': 5, 'weights': 'uniform'}",0.9642857142857143,0.9259259259259259,0.8888888888888888,0.8518518518518519,0.9259259259259259,0.9629629629629629,1.0,0.8888888888888888,0.8148148148148148,0.8888888888888888,0.9112433862433862,0.053030451638520076,161
0.00016596317291259766,5.856352874379981e-05,0.00037846565246582033,0.00011661433650649837,auto,80,5,distance,"{'algorithm': 'auto', 'leaf_size': 80, 'n_neighbors': 5, 'weights': 'distance'}",0.9642857142857143,0.9259259259259259,0.9259259259259259,0.8518518518518519,0.9259259259259259,0.9629629629629629,1.0,0.8888888888888888,0.8148148148148148,0.8888888888888888,0.9149470899470898,0.05263170833078003,97
0.00012028217315673828,5.3047464130760304e-06,0.00024390220642089844,2.4536272112014443e-05,auto,80,7,uniform,"{'algorithm': 'auto', 'leaf_size': 80, 'n_neighbors': 7, 'weights': 'uniform'}",0.9642857142857143,0.9259259259259259,0.9259259259259259,0.8518518518518519,0.9259259259259259,0.9629629629629629,0.9259259259259259,0.8888888888888888,0.8518518518518519,0.8148148148148148,0.9038359788359788,0.04759718045831639,257
0.00016796588897705078,6.171710264786644e-05,0.0004617452621459961,0.00016300896549255672,auto,80,7,distance,"{'algorithm': 'auto', 'leaf_size': 80, 'n_neighbors': 7, 'weights': 'distance'}",0.9642857142857143,0.9629629629629629,0.9259259259259259,0.8518518518518519,0.9259259259259259,0.9629629629629629,0.9629629629629629,0.8888888888888888,0.8518518518518519,0.8148148148148148,0.9112433862433862,0.053030451638520056,161
0.00012142658233642578,7.424011541048954e-06,0.00026328563690185546,2.9123402787793823e-05,auto,80,11,uniform,"{'algorithm': 'auto', 'leaf_size': 80, 'n_neighbors': 11, 'weights': 'uniform'}",0.9642857142857143,0.8518518518518519,0.8518518518518519,0.8518518518518519,0.9259259259259259,0.9259259259259259,0.8888888888888888,0.8148148148148148,0.9259259259259259,0.8888888888888888,0.889021164021164,0.04404761904761906,545
0.0001703500747680664,6.555169141627746e-05,0.000400090217590332,0.00013530171179830804,auto,80,11,distance,"{'algorithm': 'auto', 'leaf_size': 80, 'n_neighbors': 11, 'weights': 'distance'}",0.9642857142857143,0.8888888888888888,0.8518518518518519,0.8518518518518519,0.9259259259259259,0.9629629629629629,0.9629629629629629,0.8148148148148148,0.9629629629629629,0.8888888888888888,0.9075396825396826,0.053168844616982916,225
0.00014095306396484376,6.0298486157684135e-05,0.00026533603668212893,3.0854063269744905e-05,auto,80,13,uniform,"{'algorithm': 'auto', 'leaf_size': 80, 'n_neighbors': 13, 'weights': 'uniform'}",0.9642857142857143,0.8888888888888888,0.8148148148148148,0.8518518518518519,0.9259259259259259,0.8888888888888888,0.8518518518518519,0.8148148148148148,0.9259259259259259,0.8888888888888888,0.8816137566137566,0.04649334482859554,737
0.00012021064758300781,1.915675108585421e-06,0.00030367374420166017,4.9690578867892e-05,auto,80,13,distance,"{'algorithm': 'auto', 'leaf_size': 80, 'n_neighbors': 13, 'weights': 'distance'}",0.9642857142857143,0.8888888888888888,0.8148148148148148,0.8518518518518519,0.9259259259259259,0.9259259259259259,0.8888888888888888,0.8148148148148148,0.9259259259259259,0.9259259259259259,0.8927248677248677,0.04834271548630229,385
0.00012547969818115233,1.0127627235766064e-05,0.0003008127212524414,3.8459813788714454e-05,auto,80,17,uniform,"{'algorithm': 'auto', 'leaf_size': 80, 'n_neighbors': 17, 'weights': 'uniform'}",0.9642857142857143,0.9259259259259259,0.8888888888888888,0.8518518518518519,0.9629629629629629,0.8888888888888888,0.8518518518518519,0.7777777777777778,0.9259259259259259,0.8518518518518519,0.8890211640211639,0.05511430334995131,577
0.00011954307556152343,4.607342654869522e-06,0.0002828836441040039,1.575917952095899e-05,auto,80,17,distance,"{'algorithm': 'auto', 'leaf_size': 80, 'n_neighbors': 17, 'weights': 'distance'}",0.9642857142857143,0.9259259259259259,0.8888888888888888,0.8518518518518519,0.9629629629629629,0.9259259259259259,0.8518518518518519,0.7777777777777778,0.9259259259259259,0.8888888888888888,0.8964285714285716,0.0545963104766419,321
0.00011680126190185546,4.623661038545244e-06,0.0002793312072753906,2.9108985084394525e-05,auto,80,19,uniform,"{'algorithm': 'auto', 'leaf_size': 80, 'n_neighbors': 19, 'weights': 'uniform'}",0.9642857142857143,0.9259259259259259,0.8888888888888888,0.8888888888888888,0.9629629629629629,0.8888888888888888,0.8148148148148148,0.8148148148148148,0.9259259259259259,0.8148148148148148,0.8890211640211639,0.055114303349951335,577
0.00011835098266601562,2.9184615608404837e-06,0.0003118276596069336,9.357596348958764e-05,auto,80,19,distance,"{'algorithm': 'auto', 'leaf_size': 80, 'n_neighbors': 19, 'weights': 'distance'}",0.9642857142857143,0.9259259259259259,0.8888888888888888,0.8888888888888888,0.9629629629629629,0.9259259259259259,0.8148148148148148,0.8148148148148148,0.9259259259259259,0.8148148148148148,0.8927248677248677,0.05621444127694664,385
0.00011250972747802734,2.9189484498782283e-06,0.0002695322036743164,7.484406931506548e-06,auto,80,23,uniform,"{'algorithm': 'auto', 'leaf_size': 80, 'n_neighbors': 23, 'weights': 'uniform'}",0.9285714285714286,0.9629629629629629,0.8518518518518519,0.8888888888888888,0.9629629629629629,0.8888888888888888,0.8148148148148148,0.8148148148148148,0.8888888888888888,0.8148148148148148,0.8817460317460316,0.054654445597923325,705
0.0001112222671508789,3.161631731665326e-06,0.0002766132354736328,9.774463907779887e-06,auto,80,23,distance,"{'algorithm': 'auto', 'leaf_size': 80, 'n_neighbors': 23, 'weights': 'distance'}",0.9642857142857143,0.9629629629629629,0.8888888888888888,0.8888888888888888,0.9629629629629629,0.9259259259259259,0.8148148148148148,0.8148148148148148,0.8888888888888888,0.8148148148148148,0.8927248677248677,0.05860385508288557,385
0.00011444091796875,5.6147448829135705e-06,0.0003217935562133789,7.731985097134262e-05,auto,80,29,uniform,"{'algorithm': 'auto', 'leaf_size': 80, 'n_neighbors': 29, 'weights': 'uniform'}",0.9285714285714286,0.9629629629629629,0.9259259259259259,0.8888888888888888,0.9629629629629629,0.8518518518518519,0.8148148148148148,0.8148148148148148,0.8888888888888888,0.8148148148148148,0.8854497354497355,0.056244779905782104,641
0.00011541843414306641,5.146142284572187e-06,0.00029981136322021484,2.4435112956585616e-05,auto,80,29,distance,"{'algorithm': 'auto', 'leaf_size': 80, 'n_neighbors': 29, 'weights': 'distance'}",0.9285714285714286,0.9629629629629629,0.9259259259259259,0.8888888888888888,0.9629629629629629,0.8888888888888888,0.8148148148148148,0.8148148148148148,0.8888888888888888,0.8148148148148148,0.889153439153439,0.055118588923675764,513
0.00011143684387207031,1.3197281363580747e-06,0.0002910852432250977,4.292130428889512e-06,auto,80,31,uniform,"{'algorithm': 'auto', 'leaf_size': 80, 'n_neighbors': 31, 'weights': 'uniform'}",0.9285714285714286,1.0,0.9259259259259259,0.9259259259259259,0.9629629629629629,0.8518518518518519,0.8148148148148148,0.8148148148148148,0.8888888888888888,0.8148148148148148,0.8928571428571429,0.0631078542731494,353
0.00011348724365234375,4.292858767147361e-06,0.00029892921447753905,1.1876883198391181e-05,auto,80,31,distance,"{'algorithm': 'auto', 'leaf_size': 80, 'n_neighbors': 31, 'weights': 'distance'}",0.9285714285714286,1.0,0.9259259259259259,0.9259259259259259,0.9629629629629629,0.8888888888888888,0.8148148148148148,0.8148148148148148,0.8888888888888888,0.8148148148148148,0.8965608465608466,0.0616629156361344,289
0.00012505054473876953,3.0778582729779045e-05,0.0003195285797119141,1.7568327239485863e-05,auto,80,37,uniform,"{'algorithm': 'auto', 'leaf_size': 80, 'n_neighbors': 37, 'weights': 'uniform'}",0.8928571428571429,1.0,0.8888888888888888,0.8888888888888888,0.9259259259259259,0.8518518518518519,0.8148148148148148,0.7037037037037037,0.8888888888888888,0.8518518518518519,0.8707671957671957,0.072782701265744,801
0.0001104116439819336,2.272993255656259e-06,0.00030581951141357423,1.7773957159142002e-05,auto,80,37,distance,"{'algorithm': 'auto', 'leaf_size': 80, 'n_neighbors': 37, 'weights': 'distance'}",0.9285714285714286,1.0,0.8888888888888888,0.9259259259259259,0.9259259259259259,0.8888888888888888,0.8518518518518519,0.7777777777777778,0.8888888888888888,0.8148148148148148,0.8891534391534393,0.0598895290508307,481
0.00011165142059326172,5.324853590659525e-06,0.0003154516220092773,5.09507811123072e-06,auto,80,41,uniform,"{'algorithm': 'auto', 'leaf_size': 80, 'n_neighbors': 41, 'weights': 'uniform'}",0.8571428571428571,1.0,0.8888888888888888,0.8518518518518519,0.9259259259259259,0.8148148148148148,0.8148148148148148,0.7407407407407407,0.8888888888888888,0.8148148148148148,0.8597883597883598,0.06785082532964794,865
0.00011150836944580078,2.2265027641687464e-06,0.00035130977630615234,5.754391819358144e-05,auto,80,41,distance,"{'algorithm': 'auto', 'leaf_size': 80, 'n_neighbors': 41, 'weights': 'distance'}",0.8928571428571429,1.0,0.8888888888888888,0.8888888888888888,0.9259259259259259,0.8518518518518519,0.8518518518518519,0.7777777777777778,0.8888888888888888,0.8148148148148148,0.8781746031746032,0.057585884266853474,769
0.00011606216430664063,1.9867521909707222e-05,0.00032227039337158204,8.405768143255736e-06,auto,80,43,uniform,"{'algorithm': 'auto', 'leaf_size': 80, 'n_neighbors': 43, 'weights': 'uniform'}",0.9285714285714286,1.0,0.8888888888888888,0.8518518518518519,0.9259259259259259,0.8148148148148148,0.8148148148148148,0.7407407407407407,0.9259259259259259,0.8148148148148148,0.8706349206349205,0.07287819624881071,833
0.00011432170867919922,4.900357364289705e-06,0.00032546520233154295,1.3154765357229646e-05,auto,80,43,distance,"{'algorithm': 'auto', 'leaf_size': 80, 'n_neighbors': 43, 'weights': 'distance'}",0.9285714285714286,1.0,0.8888888888888888,0.8888888888888888,0.9259259259259259,0.8518518518518519,0.8518518518518519,0.7777777777777778,0.9259259259259259,0.8148148148148148,0.8854497354497355,0.060927597290907604,641
0.0005147695541381836,1.8593424126162443e-05,0.013161087036132812,0.0007425594639711071,ball_tree,10,2,uniform,"{'algorithm': 'ball_tree', 'leaf_size': 10, 'n_neighbors': 2, 'weights': 'uniform'}",0.9285714285714286,1.0,0.9629629629629629,0.8518518518518519,0.9629629629629629,0.9629629629629629,0.9259259259259259,0.8518518518518519,0.8518518518518519,0.8148148148148148,0.9113756613756614,0.06024838242553935,129
0.0004930973052978515,2.79254828000282e-05,0.012488532066345214,0.000856388206197243,ball_tree,10,2,distance,"{'algorithm': 'ball_tree', 'leaf_size': 10, 'n_neighbors': 2, 'weights': 'distance'}",0.9642857142857143,0.8888888888888888,0.9629629629629629,0.8518518518518519,0.9259259259259259,0.9629629629629629,1.0,0.8518518518518519,0.8888888888888888,0.9259259259259259,0.9223544973544973,0.04826157492490816,1
0.0006784677505493164,6.957445091181277e-05,0.013674020767211914,0.0006488719909695625,ball_tree,10,3,uniform,"{'algorithm': 'ball_tree', 'leaf_size': 10, 'n_neighbors': 3, 'weights': 'uniform'}",0.9642857142857143,0.9259259259259259,0.9629629629629629,0.8518518518518519,0.9259259259259259,1.0,1.0,0.8148148148148148,0.8148148148148148,0.8888888888888888,0.9149470899470901,0.06645439983022737,33
0.0008027791976928711,4.0654450712124395e-05,0.01334221363067627,0.00020132373287244721,ball_tree,10,3,distance,"{'algorithm': 'ball_tree', 'leaf_size': 10, 'n_neighbors': 3, 'weights': 'distance'}",0.9642857142857143,0.9259259259259259,0.9629629629629629,0.8518518518518519,0.9259259259259259,1.0,1.0,0.8148148148148148,0.8148148148148148,0.8888888888888888,0.9149470899470901,0.06645439983022737,33
0.0008272171020507812,4.33908975851438e-05,0.013291168212890624,0.0010446731942922965,ball_tree,10,5,uniform,"{'algorithm': 'ball_tree', 'leaf_size': 10, 'n_neighbors': 5, 'weights': 'uniform'}",0.9642857142857143,0.9259259259259259,0.8888888888888888,0.8518518518518519,0.9259259259259259,0.9629629629629629,1.0,0.8888888888888888,0.8148148148148148,0.8888888888888888,0.9112433862433862,0.053030451638520076,161
0.0008707046508789062,6.533434746414762e-05,0.013196611404418945,0.0003938252360557389,ball_tree,10,5,distance,"{'algorithm': 'ball_tree', 'leaf_size': 10, 'n_neighbors': 5, 'weights': 'distance'}",0.9642857142857143,0.9259259259259259,0.9259259259259259,0.8518518518518519,0.9259259259259259,0.9629629629629629,1.0,0.8888888888888888,0.8148148148148148,0.8888888888888888,0.9149470899470898,0.05263170833078003,97
0.000856781005859375,5.538071003899252e-05,0.013838601112365723,0.0007111315642982107,ball_tree,10,7,uniform,"{'algorithm': 'ball_tree', 'leaf_size': 10, 'n_neighbors': 7, 'weights': 'uniform'}",0.9642857142857143,0.9259259259259259,0.9259259259259259,0.8518518518518519,0.9259259259259259,0.9629629629629629,0.9259259259259259,0.8888888888888888,0.8518518518518519,0.8148148148148148,0.9038359788359788,0.04759718045831639,257
0.00087890625,4.993275158143488e-05,0.013181924819946289,0.0006630936166723938,ball_tree,10,7,distance,"{'algorithm': 'ball_tree', 'leaf_size': 10, 'n_neighbors': 7, 'weights': 'distance'}",0.9642857142857143,0.9629629629629629,0.9259259259259259,0.8518518518518519,0.9259259259259259,0.9629629629629629,0.9629629629629629,0.8888888888888888,0.8518518518518519,0.8148148148148148,0.9112433862433862,0.053030451638520056,161
0.0009666681289672852,0.0001333283614047938,0.01403048038482666,0.0007987070115502011,ball_tree,10,11,uniform,"{'algorithm': 'ball_tree', 'leaf_size': 10, 'n_neighbors': 11, 'weights': 'uniform'}",0.9642857142857143,0.8518518518518519,0.8518518518518519,0.8518518518518519,0.9259259259259259,0.9259259259259259,0.8888888888888888,0.8148148148148148,0.9259259259259259,0.8888888888888888,0.889021164021164,0.04404761904761906,545
0.0009136438369750976,9.114561420894452e-05,0.013516426086425781,9.373998815517897e-05,ball_tree,10,11,distance,"{'algorithm': 'ball_tree', 'leaf_size': 10, 'n_neighbors': 11, 'weights': 'distance'}",0.9642857142857143,0.8888888888888888,0.8518518518518519,0.8518518518518519,0.9259259259259259,0.9629629629629629,0.9629629629629629,0.8148148148148148,0.9629629629629629,0.8888888888888888,0.9075396825396826,0.053168844616982916,225
0.0008824825286865235,9.11932957538026e-05,0.013955330848693848,0.0003097726539998121,ball_tree,10,13,uniform,"{'algorithm': 'ball_tree', 'leaf_size': 10, 'n_neighbors': 13, 'weights': 'uniform'}",0.9642857142857143,0.8888888888888888,0.8148148148148148,0.8518518518518519,0.9259259259259259,0.8888888888888888,0.8518518518518519,0.8148148148148148,0.9259259259259259,0.8888888888888888,0.8816137566137566,0.04649334482859554,737
0.0009890079498291015,0.00011333907697188632,0.013393449783325195,0.0005276347497516198,ball_tree,10,13,distance,"{'algorithm': 'ball_tree', 'leaf_size': 10, 'n_neighbors': 13, 'weights': 'distance'}",0.9642857142857143,0.8888888888888888,0.8148148148148148,0.8518518518518519,0.9259259259259259,0.9259259259259259,0.8888888888888888,0.8148148148148148,0.9259259259259259,0.9259259259259259,0.8927248677248677,0.04834271548630229,385
0.0010109663009643555,6.925754409074855e-05,0.013987421989440918,0.00048010256686151903,ball_tree,10,17,uniform,"{'algorithm': 'ball_tree', 'leaf_size': 10, 'n_neighbors': 17, 'weights': 'uniform'}",0.9642857142857143,0.9259259259259259,0.8888888888888888,0.8518518518518519,0.9629629629629629,0.8888888888888888,0.8518518518518519,0.7777777777777778,0.9259259259259259,0.8518518518518519,0.8890211640211639,0.05511430334995131,577
0.0009492874145507812,0.0002440518584780454,0.016315054893493653,0.004683406242749216,ball_tree,10,17,distance,"{'algorithm': 'ball_tree', 'leaf_size': 10, 'n_neighbors': 17, 'weights': 'distance'}",0.9642857142857143,0.9259259259259259,0.8888888888888888,0.8518518518518519,0.9629629629629629,0.9259259259259259,0.8518518518518519,0.7777777777777778,0.9259259259259259,0.8888888888888888,0.8964285714285716,0.0545963104766419,321
0.0012244939804077148,4.5842809191961944e-05,0.01469261646270752,0.0006762343880226546,ball_tree,10,19,uniform,"{'algorithm': 'ball_tree', 'leaf_size': 10, 'n_neighbors': 19, 'weights': 'uniform'}",0.9642857142857143,0.9259259259259259,0.8888888888888888,0.8888888888888888,0.9629629629629629,0.8888888888888888,0.8148148148148148,0.8148148148148148,0.9259259259259259,0.8148148148148148,0.8890211640211639,0.055114303349951335,577
0.0007387876510620117,0.00029999953255749725,0.013587498664855957,0.0004839174969588271,ball_tree,10,19,distance,"{'algorithm': 'ball_tree', 'leaf_size': 10, 'n_neighbors': 19, 'weights': 'distance'}",0.9642857142857143,0.9259259259259259,0.8888888888888888,0.8888888888888888,0.9629629629629629,0.9259259259259259,0.8148148148148148,0.8148148148148148,0.9259259259259259,0.8148148148148148,0.8927248677248677,0.05621444127694664,385
0.0005308866500854492,1.0169076458841803e-05,0.01359701156616211,0.0002469781501742582,ball_tree,10,23,uniform,"{'algorithm': 'ball_tree', 'leaf_size': 10, 'n_neighbors': 23, 'weights': 'uniform'}",0.9285714285714286,0.9629629629629629,0.8518518518518519,0.8888888888888888,0.9629629629629629,0.8888888888888888,0.8148148148148148,0.8148148148148148,0.8888888888888888,0.8148148148148148,0.8817460317460316,0.054654445597923325,705
0.0006009578704833984,5.462618679902905e-05,0.01328105926513672,7.407483769954054e-05,ball_tree,10,23,distance,"{'algorithm': 'ball_tree', 'leaf_size': 10, 'n_neighbors': 23, 'weights': 'distance'}",0.9642857142857143,0.9629629629629629,0.8888888888888888,0.8888888888888888,0.9629629629629629,0.9259259259259259,0.8148148148148148,0.8148148148148148,0.8888888888888888,0.8148148148148148,0.8927248677248677,0.05860385508288557,385
0.0008404731750488281,0.0001021389088592081,0.01349313259124756,0.0009747605621967947,ball_tree,10,29,uniform,"{'algorithm': 'ball_tree', 'leaf_size': 10, 'n_neighbors': 29, 'weights': 'uniform'}",0.9285714285714286,0.9629629629629629,0.9259259259259259,0.8888888888888888,0.9629629629629629,0.8518518518518519,0.8148148148148148,0.8148148148148148,0.8888888888888888,0.8148148148148148,0.8854497354497355,0.056244779905782104,641
0.0009453773498535156,7.15120461705208e-05,0.013446450233459473,0.0005311802134094087,ball_tree,10,29,distance,"{'algorithm': 'ball_tree', 'leaf_size': 10, 'n_neighbors': 29, 'weights': 'distance'}",0.9285714285714286,0.9629629629629629,0.9259259259259259,0.8888888888888888,0.9629629629629629,0.8888888888888888,0.8148148148148148,0.8148148148148148,0.8888888888888888,0.8148148148148148,0.889153439153439,0.055118588923675764,513
0.0009718656539916993,2.6513829023470022e-05,0.01418609619140625,0.0002268568954470251,ball_tree,10,31,uniform,"{'algorithm': 'ball_tree', 'leaf_size': 10, 'n_neighbors': 31, 'weights': 'uniform'}",0.9285714285714286,1.0,0.9259259259259259,0.9259259259259259,0.9629629629629629,0.8518518518518519,0.8148148148148148,0.8148148148148148,0.8888888888888888,0.8148148148148148,0.8928571428571429,0.0631078542731494,353
0.0008138656616210937,8.280392238764256e-05,0.01328589916229248,0.0004655320350175306,ball_tree,10,31,distance,"{'algorithm': 'ball_tree', 'leaf_size': 10, 'n_neighbors': 31, 'weights': 'distance'}",0.9285714285714286,1.0,0.9259259259259259,0.9259259259259259,0.9629629629629629,0.8888888888888888,0.8148148148148148,0.8148148148148148,0.8888888888888888,0.8148148148148148,0.8965608465608466,0.0616629156361344,289
0.0008552312850952148,4.2489970271371676e-05,0.01376016139984131,0.0005543046358549258,ball_tree,10,37,uniform,"{'algorithm': 'ball_tree', 'leaf_size': 10, 'n_neighbors': 37, 'weights': 'uniform'}",0.8928571428571429,1.0,0.8888888888888888,0.8888888888888888,0.9259259259259259,0.8518518518518519,0.8148148148148148,0.7037037037037037,0.8888888888888888,0.8518518518518519,0.8707671957671957,0.072782701265744,801
0.0008086442947387695,5.151386934149045e-05,0.013153672218322754,0.0005731362194393483,ball_tree,10,37,distance,"{'algorithm': 'ball_tree', 'leaf_size': 10, 'n_neighbors': 37, 'weights': 'distance'}",0.9285714285714286,1.0,0.8888888888888888,0.9259259259259259,0.9259259259259259,0.8888888888888888,0.8518518518518519,0.7777777777777778,0.8888888888888888,0.8148148148148148,0.8891534391534393,0.0598895290508307,481
0.0009410858154296875,7.41620372809581e-05,0.014324545860290527,0.0002203148997476879,ball_tree,10,41,uniform,"{'algorithm': 'ball_tree', 'leaf_size': 10, 'n_neighbors': 41, 'weights': 'uniform'}",0.8571428571428571,1.0,0.8888888888888888,0.8518518518518519,0.9259259259259259,0.8148148148148148,0.8148148148148148,0.7407407407407407,0.8888888888888888,0.8148148148148148,0.8597883597883598,0.06785082532964794,865
0.0007043123245239258,0.00010003598381024086,0.01299891471862793,0.000839410867404192,ball_tree,10,41,distance,"{'algorithm': 'ball_tree', 'leaf_size': 10, 'n_neighbors': 41, 'weights': 'distance'}",0.8928571428571429,1.0,0.8888888888888888,0.8888888888888888,0.9259259259259259,0.8518518518518519,0.8518518518518519,0.7777777777777778,0.8888888888888888,0.8148148148148148,0.8781746031746032,0.057585884266853474,769
0.0008618354797363282,3.9338025166018936e-05,0.01363523006439209,0.0007090301022007617,ball_tree,10,43,uniform,"{'algorithm': 'ball_tree', 'leaf_size': 10, 'n_neighbors': 43, 'weights': 'uniform'}",0.9285714285714286,1.0,0.8888888888888888,0.8518518518518519,0.9259259259259259,0.8148148148148148,0.8148148148148148,0.7407407407407407,0.9259259259259259,0.8148148148148148,0.8706349206349205,0.07287819624881071,833
0.0008440732955932618,8.987545928363341e-05,0.013202190399169922,0.0007877750551063503,ball_tree,10,43,distance,"{'algorithm': 'ball_tree', 'leaf_size': 10, 'n_neighbors': 43, 'weights': 'distance'}",0.9285714285714286,1.0,0.8888888888888888,0.8888888888888888,0.9259259259259259,0.8518518518518519,0.8518518518518519,0.7777777777777778,0.9259259259259259,0.8148148148148148,0.8854497354497355,0.060927597290907604,641
0.0006693840026855469,0.00014963193331741476,0.013957548141479491,0.00033244862681546384,ball_tree,20,2,uniform,"{'algorithm': 'ball_tree', 'leaf_size': 20, 'n_neighbors': 2, 'weights': 'uniform'}",0.9285714285714286,1.0,0.9629629629629629,0.8518518518518519,0.9629629629629629,0.9629629629629629,0.9259259259259259,0.8518518518518519,0.8518518518518519,0.8148148148148148,0.9113756613756614,0.06024838242553935,129
0.0007529735565185546,5.754426887099169e-05,0.01291670799255371,0.0009476387617964705,ball_tree,20,2,distance,"{'algorithm': 'ball_tree', 'leaf_size': 20, 'n_neighbors': 2, 'weights': 'distance'}",0.9642857142857143,0.8888888888888888,0.9629629629629629,0.8518518518518519,0.9259259259259259,0.9629629629629629,1.0,0.8518518518518519,0.8888888888888888,0.9259259259259259,0.9223544973544973,0.04826157492490816,1
0.0006984472274780273,4.638944916037927e-05,0.01373305320739746,0.00048334973402540263,ball_tree,20,3,uniform,"{'algorithm': 'ball_tree', 'leaf_size': 20, 'n_neighbors': 3, 'weights': 'uniform'}",0.9642857142857143,0.9259259259259259,0.9629629629629629,0.8518518518518519,0.9259259259259259,1.0,1.0,0.8148148148148148,0.8148148148148148,0.8888888888888888,0.9149470899470901,0.06645439983022737,33
0.0006089210510253906,8.434324715217893e-05,0.012985968589782714,0.001016621621240893,ball_tree,20,3,distance,"{'algorithm': 'ball_tree', 'leaf_size': 20, 'n_neighbors': 3, 'weights': 'distance'}",0.9642857142857143,0.9259259259259259,0.9629629629629629,0.8518518518518519,0.9259259259259259,1.0,1.0,0.8148148148148148,0.8148148148148148,0.8888888888888888,0.9149470899470901,0.06645439983022737,33
0.00045959949493408204,2.9757666510189067e-05,0.013513875007629395,0.0003612812049742756,ball_tree,20,5,uniform,"{'algorithm': 'ball_tree', 'leaf_size': 20, 'n_neighbors': 5, 'weights': 'uniform'}",0.9642857142857143,0.9259259259259259,0.8888888888888888,0.8518518518518519,0.9259259259259259,0.9629629629629629,1.0,0.8888888888888888,0.8148148148148148,0.8888888888888888,0.9112433862433862,0.053030451638520076,161
0.0004266977310180664,1.6648395682452065e-05,0.012354612350463867,0.001068447563719266,ball_tree,20,5,distance,"{'algorithm': 'ball_tree', 'leaf_size': 20, 'n_neighbors': 5, 'weights': 'distance'}",0.9642857142857143,0.9259259259259259,0.9259259259259259,0.8518518518518519,0.9259259259259259,0.9629629629629629,1.0,0.8888888888888888,0.8148148148148148,0.8888888888888888,0.9149470899470898,0.05263170833078003,97
0.0005728960037231446,5.824565887451172e-05,0.013664722442626953,0.0006434027227565088,ball_tree,20,7,uniform,"{'algorithm': 'ball_tree', 'leaf_size': 20, 'n_neighbors': 7, 'weights': 'uniform'}",0.9642857142857143,0.9259259259259259,0.9259259259259259,0.8518518518518519,0.9259259259259259,0.9629629629629629,0.9259259259259259,0.8888888888888888,0.8518518518518519,0.8148148148148148,0.9038359788359788,0.04759718045831639,257
0.0006810188293457031,1.57710601198558e-05,0.012902164459228515,0.0009333035238022714,ball_tree,20,7,distance,"{'algorithm': 'ball_tree', 'leaf_size': 20, 'n_neighbors': 7, 'weights': 'distance'}",0.9642857142857143,0.9629629629629629,0.9259259259259259,0.8518518518518519,0.9259259259259259,0.9629629629629629,0.9629629629629629,0.8888888888888888,0.8518518518518519,0.8148148148148148,0.9112433862433862,0.053030451638520056,161
0.0006779193878173828,5.6792106270450035e-05,0.013334417343139648,0.0007801762766863136,ball_tree,20,11,uniform,"{'algorithm': 'ball_tree', 'leaf_size': 20, 'n_neighbors': 11, 'weights': 'uniform'}",0.9642857142857143,0.8518518518518519,0.8518518518518519,0.8518518518518519,0.9259259259259259,0.9259259259259259,0.8888888888888888,0.8148148148148148,0.9259259259259259,0.8888888888888888,0.889021164021164,0.04404761904761906,545
0.0006806135177612304,2.4451345143537506e-05,0.013041973114013672,0.0006640260644971639,ball_tree,20,11,distance,"{'algorithm': 'ball_tree', 'leaf_size': 20, 'n_neighbors': 11, 'weights': 'distance'}",0.9642857142857143,0.8888888888888888,0.8518518518518519,0.8518518518518519,0.9259259259259259,0.9629629629629629,0.9629629629629629,0.8148148148148148,0.9629629629629629,0.8888888888888888,0.9075396825396826,0.053168844616982916,225
0.0007158756256103515,7.319638315080589e-05,0.013448548316955567,0.0009618717034210992,ball_tree,20,13,uniform,"{'algorithm': 'ball_tree', 'leaf_size': 20, 'n_neighbors': 13, 'weights': 'uniform'}",0.9642857142857143,0.8888888888888888,0.8148148148148148,0.8518518518518519,0.9259259259259259,0.8888888888888888,0.8518518518518519,0.8148148148148148,0.9259259259259259,0.8888888888888888,0.8816137566137566,0.04649334482859554,737
0.0007937192916870117,8.180533360538292e-05,0.013562726974487304,0.0001470968362055457,ball_tree,20,13,distance,"{'algorithm': 'ball_tree', 'leaf_size': 20, 'n_neighbors': 13, 'weights': 'distance'}",0.9642857142857143,0.8888888888888888,0.8148148148148148,0.8518518518518519,0.9259259259259259,0.9259259259259259,0.8888888888888888,0.8148148148148148,0.9259259259259259,0.9259259259259259,0.8927248677248677,0.04834271548630229,385
0.000797891616821289,6.421840609024914e-05,0.013917016983032226,0.0009280866580804041,ball_tree,20,17,uniform,"{'algorithm': 'ball_tree', 'leaf_size': 20, 'n_neighbors': 17, 'weights': 'uniform'}",0.9642857142857143,0.9259259259259259,0.8888888888888888,0.8518518518518519,0.9629629629629629,0.8888888888888888,0.8518518518518519,0.7777777777777778,0.9259259259259259,0.8518518518518519,0.8890211640211639,0.05511430334995131,577
0.0007657289505004882,9.892595947703137e-05,0.012754034996032716,0.0009964892805118346,ball_tree,20,17,distance,"{'algorithm': 'ball_tree', 'leaf_size': 20, 'n_neighbors': 17, 'weights': 'distance'}",0.9642857142857143,0.9259259259259259,0.8888888888888888,0.8518518518518519,0.9629629629629629,0.9259259259259259,0.8518518518518519,0.7777777777777778,0.9259259259259259,0.8888888888888888,0.8964285714285716,0.0545963104766419,321
0.0006757736206054688,4.267362230185762e-05,0.013648200035095214,0.0007119356908984061,ball_tree,20,19,uniform,"{'algorithm': 'ball_tree', 'leaf_size': 20, 'n_neighbors': 19, 'weights': 'uniform'}",0.9642857142857143,0.9259259259259259,0.8888888888888888,0.8888888888888888,0.9629629629629629,0.8888888888888888,0.8148148148148148,0.8148148148148148,0.9259259259259259,0.8148148148148148,0.8890211640211639,0.055114303349951335,577
0.000785064697265625,6.263359081320108e-05,0.01360492706298828,0.0002223152651824731,ball_tree,20,19,distance,"{'algorithm': 'ball_tree', 'leaf_size': 20, 'n_neighbors': 19, 'weights': 'distance'}",0.9642857142857143,0.9259259259259259,0.8888888888888888,0.8888888888888888,0.9629629629629629,0.9259259259259259,0.8148148148148148,0.8148148148148148,0.9259259259259259,0.8148148148148148,0.8927248677248677,0.05621444127694664,385
0.0008461713790893554,6.491752645301442e-05,0.014163064956665038,0.0004888704542924427,ball_tree,20,23,uniform,"{'algorithm': 'ball_tree', 'leaf_size': 20, 'n_neighbors': 23, 'weights': 'uniform'}",0.9285714285714286,0.9629629629629629,0.8518518518518519,0.8888888888888888,0.9629629629629629,0.8888888888888888,0.8148148148148148,0.8148148148148148,0.8888888888888888,0.8148148148148148,0.8817460317460316,0.054654445597923325,705
0.0007555961608886718,8.889361186561552e-05,0.013396000862121582,0.0005330555366903982,ball_tree,20,23,distance,"{'algorithm': 'ball_tree', 'leaf_size': 20, 'n_neighbors': 23, 'weights': 'distance'}",0.9642857142857143,0.9629629629629629,0.8888888888888888,0.8888888888888888,0.9629629629629629,0.9259259259259259,0.8148148148148148,0.8148148148148148,0.8888888888888888,0.8148148148148148,0.8927248677248677,0.05860385508288557,385
0.0010416507720947266,0.00017549667548447562,0.01763615608215332,0.005043588072359035,ball_tree,20,29,uniform,"{'algorithm': 'ball_tree', 'leaf_size': 20, 'n_neighbors': 29, 'weights': 'uniform'}",0.9285714285714286,0.9629629629629629,0.9259259259259259,0.8888888888888888,0.9629629629629629,0.8518518518518519,0.8148148148148148,0.8148148148148148,0.8888888888888888,0.8148148148148148,0.8854497354497355,0.056244779905782104,641
0.000823354721069336,0.00028813711796886406,0.013480114936828613,0.0008820813388461628,ball_tree,20,29,distance,"{'algorithm': 'ball_tree', 'leaf_size': 20, 'n_neighbors': 29, 'weights': 'distance'}",0.9285714285714286,0.9629629629629629,0.9259259259259259,0.8888888888888888,0.9629629629629629,0.8888888888888888,0.8148148148148148,0.8148148148148148,0.8888888888888888,0.8148148148148148,0.889153439153439,0.055118588923675764,513
0.0004439592361450195,1.2989962296100784e-05,0.013409876823425293,0.0006434198307001264,ball_tree,20,31,uniform,"{'algorithm': 'ball_tree', 'leaf_size': 20, 'n_neighbors': 31, 'weights': 'uniform'}",0.9285714285714286,1.0,0.9259259259259259,0.9259259259259259,0.9629629629629629,0.8518518518518519,0.8148148148148148,0.8148148148148148,0.8888888888888888,0.8148148148148148,0.8928571428571429,0.0631078542731494,353
0.00043931007385253904,2.1831175754716307e-05,0.012887406349182128,0.0007718736825031362,ball_tree,20,31,distance,"{'algorithm': 'ball_tree', 'leaf_size': 20, 'n_neighbors': 31, 'weights': 'distance'}",0.9285714285714286,1.0,0.9259259259259259,0.9259259259259259,0.9629629629629629,0.8888888888888888,0.8148148148148148,0.8148148148148148,0.8888888888888888,0.8148148148148148,0.8965608465608466,0.0616629156361344,289
0.0005947589874267578,4.7126759829712294e-05,0.013420867919921874,0.0008754665802010094,ball_tree,20,37,uniform,"{'algorithm': 'ball_tree', 'leaf_size': 20, 'n_neighbors': 37, 'weights': 'uniform'}",0.8928571428571429,1.0,0.8888888888888888,0.8888888888888888,0.9259259259259259,0.8518518518518519,0.8148148148148148,0.7037037037037037,0.8888888888888888,0.8518518518518519,0.8707671957671957,0.072782701265744,801
0.000738978385925293,4.9248559120967624e-05,0.013755893707275391,0.0001781693347765236,ball_tree,20,37,distance,"{'algorithm': 'ball_tree', 'leaf_size': 20, 'n_neighbors': 37, 'weights': 'distance'}",0.9285714285714286,1.0,0.8888888888888888,0.9259259259259259,0.9259259259259259,0.8888888888888888,0.8518518518518519,0.7777777777777778,0.8888888888888888,0.8148148148148148,0.8891534391534393,0.0598895290508307,481
0.0007838726043701172,4.4316210117973646e-05,0.014151167869567872,0.0003312785284607664,ball_tree,20,41,uniform,"{'algorithm': 'ball_tree', 'leaf_size': 20, 'n_neighbors': 41, 'weights': 'uniform'}",0.8571428571428571,1.0,0.8888888888888888,0.8518518518518519,0.9259259259259259,0.8148148148148148,0.8148148148148148,0.7407407407407407,0.8888888888888888,0.8148148148148148,0.8597883597883598,0.06785082532964794,865
0.0007830619812011719,0.00011141094842198151,0.013412690162658692,0.0007032796260231723,ball_tree,20,41,distance,"{'algorithm': 'ball_tree', 'leaf_size': 20, 'n_neighbors': 41, 'weights': 'distance'}",0.8928571428571429,1.0,0.8888888888888888,0.8888888888888888,0.9259259259259259,0.8518518518518519,0.8518518518518519,0.7777777777777778,0.8888888888888888,0.8148148148148148,0.8781746031746032,0.057585884266853474,769
0.0007158041000366211,3.806374082675016e-05,0.013968896865844727,0.00032487967160718553,ball_tree,20,43,uniform,"{'algorithm': 'ball_tree', 'leaf_size': 20, 'n_neighbors': 43, 'weights': 'uniform'}",0.9285714285714286,1.0,0.8888888888888888,0.8518518518518519,0.9259259259259259,0.8148148148148148,0.8148148148148148,0.7407407407407407,0.9259259259259259,0.8148148148148148,0.8706349206349205,0.07287819624881071,833
0.0007392406463623047,2.7756305558216096e-05,0.013351368904113769,0.0005448289605258188,ball_tree,20,43,distance,"{'algorithm': 'ball_tree', 'leaf_size': 20, 'n_neighbors': 43, 'weights': 'distance'}",0.9285714285714286,1.0,0.8888888888888888,0.8888888888888888,0.9259259259259259,0.8518518518518519,0.8518518518518519,0.7777777777777778,0.9259259259259259,0.8148148148148148,0.8854497354497355,0.060927597290907604,641
0.0008439779281616211,0.0001228618593141176,0.014170122146606446,0.0004854840642289107,ball_tree,30,2,uniform,"{'algorithm': 'ball_tree', 'leaf_size': 30, 'n_neighbors': 2, 'weights': 'uniform'}",0.9285714285714286,1.0,0.9629629629629629,0.8518518518518519,0.9629629629629629,0.9629629629629629,0.9259259259259259,0.8518518518518519,0.8518518518518519,0.8148148148148148,0.9113756613756614,0.06024838242553935,129
0.0006520032882690429,0.0001108360792104778,0.013340020179748535,0.00042784046880651197,ball_tree,30,2,distance,"{'algorithm': 'ball_tree', 'leaf_size': 30, 'n_neighbors': 2, 'weights': 'distance'}",0.9642857142857143,0.8888888888888888,0.9629629629629629,0.8518518518518519,0.9259259259259259,0.9629629629629629,1.0,0.8518518518518519,0.8888888888888888,0.9259259259259259,0.9223544973544973,0.04826157492490816,1
0.0007141828536987305,5.5998149799747505e-05,0.0138885498046875,0.00028488843028626697,ball_tree,30,3,uniform,"{'algorithm': 'ball_tree', 'leaf_size': 30, 'n_neighbors': 3, 'weights': 'uniform'}",0.9642857142857143,0.9259259259259259,0.9629629629629629,0.8518518518518519,0.9259259259259259,1.0,1.0,0.8148148148148148,0.8148148148148148,0.8888888888888888,0.9149470899470901,0.06645439983022737,33
0.0007637262344360352,7.481353533416334e-05,0.013058090209960937,0.0007024930361780868,ball_tree,30,3,distance,"{'algorithm': 'ball_tree', 'leaf_size': 30, 'n_neighbors': 3, 'weights': 'distance'}",0.9642857142857143,0.9259259259259259,0.9629629629629629,0.8518518518518519,0.9259259259259259,1.0,1.0,0.8148148148148148,0.8148148148148148,0.8888888888888888,0.9149470899470901,0.06645439983022737,33
0.0008007049560546875,5.41179925014402e-05,0.013777589797973633,0.000795620954361831,ball_tree,30,5,uniform,"{'algorithm': 'ball_tree', 'leaf_size': 30, 'n_neighbors': 5, 'weights': 'uniform'}",0.9642857142857143,0.9259259259259259,0.8888888888888888,0.8518518518518519,0.9259259259259259,0.9629629629629629,1.0,0.8888888888888888,0.8148148148148148,0.8888888888888888,0.9112433862433862,0.053030451638520076,161
0.000673675537109375,0.0001395765243849707,0.013288450241088868,0.0005310424644429197,ball_tree,30,5,distance,"{'algorithm': 'ball_tree', 'leaf_size': 30, 'n_neighbors': 5, 'weights': 'distance'}",0.9642857142857143,0.9259259259259259,0.9259259259259259,0.8518518518518519,0.9259259259259259,0.9629629629629629,1.0,0.8888888888888888,0.8148148148148148,0.8888888888888888,0.9149470899470898,0.05263170833078003,97
0.0007251024246215821,4.859308136551875e-05,0.013732147216796876,0.0005668781625790414,ball_tree,30,7,uniform,"{'algorithm': 'ball_tree', 'leaf_size': 30, 'n_neighbors': 7, 'weights': 'uniform'}",0.9642857142857143,0.9259259259259259,0.9259259259259259,0.8518518518518519,0.9259259259259259,0.9629629629629629,0.9259259259259259,0.8888888888888888,0.8518518518518519,0.8148148148148148,0.9038359788359788,0.04759718045831639,257
0.0007013082504272461,3.1955428134673304e-05,0.012884259223937988,0.0007496181878872793,ball_tree,30,7,distance,"{'algorithm': 'ball_tree', 'leaf_size': 30, 'n_neighbors': 7, 'weights': 'distance'}",0.9642857142857143,0.9629629629629629,0.9259259259259259,0.8518518518518519,0.9259259259259259,0.9629629629629629,0.9629629629629629,0.8888888888888888,0.8518518518518519,0.8148148148148148,0.9112433862433862,0.053030451638520056,161
0.0006015300750732422,9.835412264336408e-05,0.014163970947265625,0.00029225144811142074,ball_tree,30,11,uniform,"{'algorithm': 'ball_tree', 'leaf_size': 30, 'n_neighbors': 11, 'weights': 'uniform'}",0.9642857142857143,0.8518518518518519,0.8518518518518519,0.8518518518518519,0.9259259259259259,0.9259259259259259,0.8888888888888888,0.8148148148148148,0.9259259259259259,0.8888888888888888,0.889021164021164,0.04404761904761906,545
0.0004983663558959961,6.444424203287076e-05,0.013135957717895507,0.0006832092018579921,ball_tree,30,11,distance,"{'algorithm': 'ball_tree', 'leaf_size': 30, 'n_neighbors': 11, 'weights': 'distance'}",0.9642857142857143,0.8888888888888888,0.8518518518518519,0.8518518518518519,0.9259259259259259,0.9629629629629629,0.9629629629629629,0.8148148148148148,0.9629629629629629,0.8888888888888888,0.9075396825396826,0.053168844616982916,225
0.0004755258560180664,1.535802475554652e-05,0.013711857795715331,0.00011657522931207555,ball_tree,30,13,uniform,"{'algorithm': 'ball_tree', 'leaf_size': 30, 'n_neighbors': 13, 'weights': 'uniform'}",0.9642857142857143,0.8888888888888888,0.8148148148148148,0.8518518518518519,0.9259259259259259,0.8888888888888888,0.8518518518518519,0.8148148148148148,0.9259259259259259,0.8888888888888888,0.8816137566137566,0.04649334482859554,737
0.00047533512115478517,1.2147210178187997e-05,0.0133467435836792,3.599047500913214e-05,ball_tree,30,13,distance,"{'algorithm': 'ball_tree', 'leaf_size': 30, 'n_neighbors': 13, 'weights': 'distance'}",0.9642857142857143,0.8888888888888888,0.8148148148148148,0.8518518518518519,0.9259259259259259,0.9259259259259259,0.8888888888888888,0.8148148148148148,0.9259259259259259,0.9259259259259259,0.8927248677248677,0.04834271548630229,385
0.0005245208740234375,5.8358225569110095e-05,0.01353006362915039,0.0004942811020035867,ball_tree,30,17,uniform,"{'algorithm': 'ball_tree', 'leaf_size': 30, 'n_neighbors': 17, 'weights': 'uniform'}",0.9642857142857143,0.9259259259259259,0.8888888888888888,0.8518518518518519,0.9629629629629629,0.8888888888888888,0.8518518518518519,0.7777777777777778,0.9259259259259259,0.8518518518518519,0.8890211640211639,0.05511430334995131,577
0.0007369756698608398,7.313922338440717e-05,0.0133148193359375,0.000485028636382757,ball_tree,30,17,distance,"{'algorithm': 'ball_tree', 'leaf_size': 30, 'n_neighbors': 17, 'weights': 'distance'}",0.9642857142857143,0.9259259259259259,0.8888888888888888,0.8518518518518519,0.9629629629629629,0.9259259259259259,0.8518518518518519,0.7777777777777778,0.9259259259259259,0.8888888888888888,0.8964285714285716,0.0545963104766419,321
0.00084686279296875,6.80430919356366e-05,0.013707137107849121,0.0006871535111645107,ball_tree,30,19,uniform,"{'algorithm': 'ball_tree', 'leaf_size': 30, 'n_neighbors': 19, 'weights': 'uniform'}",0.9642857142857143,0.9259259259259259,0.8888888888888888,0.8888888888888888,0.9629629629629629,0.8888888888888888,0.8148148148148148,0.8148148148148148,0.9259259259259259,0.8148148148148148,0.8890211640211639,0.055114303349951335,577
0.0009302616119384766,7.079657347380042e-05,0.01353912353515625,0.00037859870131129664,ball_tree,30,19,distance,"{'algorithm': 'ball_tree', 'leaf_size': 30, 'n_neighbors': 19, 'weights': 'distance'}",0.9642857142857143,0.9259259259259259,0.8888888888888888,0.8888888888888888,0.9629629629629629,0.9259259259259259,0.8148148148148148,0.8148148148148148,0.9259259259259259,0.8148148148148148,0.8927248677248677,0.05621444127694664,385
0.000704646110534668,0.00017475923281180534,0.013194799423217773,0.0009823476379928174,ball_tree,30,23,uniform,"{'algorithm': 'ball_tree', 'leaf_size': 30, 'n_neighbors': 23, 'weights': 'uniform'}",0.9285714285714286,0.9629629629629629,0.8518518518518519,0.8888888888888888,0.9629629629629629,0.8888888888888888,0.8148148148148148,0.8148148148148148,0.8888888888888888,0.8148148148148148,0.8817460317460316,0.054654445597923325,705
0.0008300542831420898,0.00012046973724239046,0.013168239593505859,0.0008041758314717162,ball_tree,30,23,distance,"{'algorithm': 'ball_tree', 'leaf_size': 30, 'n_neighbors': 23, 'weights': 'distance'}",0.9642857142857143,0.9629629629629629,0.8888888888888888,0.8888888888888888,0.9629629629629629,0.9259259259259259,0.8148148148148148,0.8148148148148148,0.8888888888888888,0.8148148148148148,0.8927248677248677,0.05860385508288557,385
0.0007284641265869141,4.5526737810416384e-05,0.013902831077575683,0.0003429270830293102,ball_tree,30,29,uniform,"{'algorithm': 'ball_tree', 'leaf_size': 30, 'n_neighbors': 29, 'weights': 'uniform'}",0.9285714285714286,0.9629629629629629,0.9259259259259259,0.8888888888888888,0.9629629629629629,0.8518518518518519,0.8148148148148148,0.8148148148148148,0.8888888888888888,0.8148148148148148,0.8854497354497355,0.056244779905782104,641
0.00070648193359375,3.526400192827482e-05,0.013051462173461915,0.0008514431842614979,ball_tree,30,29,distance,"{'algorithm': 'ball_tree', 'leaf_size': 30, 'n_neighbors': 29, 'weights': 'distance'}",0.9285714285714286,0.9629629629629629,0.9259259259259259,0.8888888888888888,0.9629629629629629,0.8888888888888888,0.8148148148148148,0.8148148148148148,0.8888888888888888,0.8148148148148148,0.889153439153439,0.055118588923675764,513
0.0007444620132446289,5.161057395473422e-05,0.01396009922027588,0.0001763912896819517,ball_tree,30,31,uniform,"{'algorithm': 'ball_tree', 'leaf_size': 30, 'n_neighbors': 31, 'weights': 'uniform'}",0.9285714285714286,1.0,0.9259259259259259,0.9259259259259259,0.9629629629629629,0.8518518518518519,0.8148148148148148,0.8148148148148148,0.8888888888888888,0.8148148148148148,0.8928571428571429,0.0631078542731494,353
0.000633406639099121,9.8215667693243e-05,0.012807083129882813,0.0008718638509085343,ball_tree,30,31,distance,"{'algorithm': 'ball_tree', 'leaf_size': 30, 'n_neighbors': 31, 'weights': 'distance'}",0.9285714285714286,1.0,0.9259259259259259,0.9259259259259259,0.9629629629629629,0.8888888888888888,0.8148148148148148,0.8148148148148148,0.8888888888888888,0.8148148148148148,0.8965608465608466,0.0616629156361344,289
0.0005151987075805664,3.471565274090356e-05,0.013518309593200684,0.000642162909267506,ball_tree,30,37,uniform,"{'algorithm': 'ball_tree', 'leaf_size': 30, 'n_neighbors': 37, 'weights': 'uniform'}",0.8928571428571429,1.0,0.8888888888888888,0.8888888888888888,0.9259259259259259,0.8518518518518519,0.8148148148148148,0.7037037037037037,0.8888888888888888,0.8518518518518519,0.8707671957671957,0.072782701265744,801
0.0006441116333007812,4.2708507764963016e-05,0.012963819503784179,0.0006774639386849683,ball_tree,30,37,distance,"{'algorithm': 'ball_tree', 'leaf_size': 30, 'n_neighbors': 37, 'weights': 'distance'}",0.9285714285714286,1.0,0.8888888888888888,0.9259259259259259,0.9259259259259259,0.8888888888888888,0.8518518518518519,0.7777777777777778,0.8888888888888888,0.8148148148148148,0.8891534391534393,0.0598895290508307,481
0.0007194280624389648,6.813085709850553e-05,0.013831686973571778,0.00031811815055347327,ball_tree,30,41,uniform,"{'algorithm': 'ball_tree', 'leaf_size': 30, 'n_neighbors': 41, 'weights': 'uniform'}",0.8571428571428571,1.0,0.8888888888888888,0.8518518518518519,0.9259259259259259,0.8148148148148148,0.8148148148148148,0.7407407407407407,0.8888888888888888,0.8148148148148148,0.8597883597883598,0.06785082532964794,865
0.000867462158203125,8.200540030651756e-05,0.013737750053405762,0.00032176457796282234,ball_tree,30,41,distance,"{'algorithm': 'ball_tree', 'leaf_size': 30, 'n_neighbors': 41, 'weights': 'distance'}",0.8928571428571429,1.0,0.8888888888888888,0.8888888888888888,0.9259259259259259,0.8518518518518519,0.8518518518518519,0.7777777777777778,0.8888888888888888,0.8148148148148148,0.8781746031746032,0.057585884266853474,769
0.0007806539535522461,0.00013551604025878103,0.013690543174743653,0.0007982514949263384,ball_tree,30,43,uniform,"{'algorithm': 'ball_tree', 'leaf_size': 30, 'n_neighbors': 43, 'weights': 'uniform'}",0.9285714285714286,1.0,0.8888888888888888,0.8518518518518519,0.9259259259259259,0.8148148148148148,0.8148148148148148,0.7407407407407407,0.9259259259259259,0.8148148148148148,0.8706349206349205,0.07287819624881071,833
0.0005578279495239257,6.240667677124888e-05,0.012708711624145507,0.0008589625754815311,ball_tree,30,43,distance,"{'algorithm': 'ball_tree', 'leaf_size': 30, 'n_neighbors': 43, 'weights': 'distance'}",0.9285714285714286,1.0,0.8888888888888888,0.8888888888888888,0.9259259259259259,0.8518518518518519,0.8518518518518519,0.7777777777777778,0.9259259259259259,0.8148148148148148,0.8854497354497355,0.060927597290907604,641
0.0006845474243164062,9.28721497827088e-05,0.013654279708862304,0.0005852242645910116,ball_tree,40,2,uniform,"{'algorithm': 'ball_tree', 'leaf_size': 40, 'n_neighbors': 2, 'weights': 'uniform'}",0.9285714285714286,1.0,0.9629629629629629,0.8518518518518519,0.9629629629629629,0.9629629629629629,0.9259259259259259,0.8518518518518519,0.8518518518518519,0.8148148148148148,0.9113756613756614,0.06024838242553935,129
0.0007167577743530274,3.079202486087049e-05,0.013618087768554688,9.028954086526045e-05,ball_tree,40,2,distance,"{'algorithm': 'ball_tree', 'leaf_size': 40, 'n_neighbors': 2, 'weights': 'distance'}",0.9642857142857143,0.8888888888888888,0.9629629629629629,0.8518518518518519,0.9259259259259259,0.9629629629629629,1.0,0.8518518518518519,0.8888888888888888,0.9259259259259259,0.9223544973544973,0.04826157492490816,1
0.0008075714111328125,0.0001101206766843186,0.013933730125427247,0.0006196873050127343,ball_tree,40,3,uniform,"{'algorithm': 'ball_tree', 'leaf_size': 40, 'n_neighbors': 3, 'weights': 'uniform'}",0.9642857142857143,0.9259259259259259,0.9629629629629629,0.8518518518518519,0.9259259259259259,1.0,1.0,0.8148148148148148,0.8148148148148148,0.8888888888888888,0.9149470899470901,0.06645439983022737,33
0.0005283832550048828,0.0001458299785571891,0.013094520568847657,0.0007642706954114844,ball_tree,40,3,distance,"{'algorithm': 'ball_tree', 'leaf_size': 40, 'n_neighbors': 3, 'weights': 'distance'}",0.9642857142857143,0.9259259259259259,0.9629629629629629,0.8518518518518519,0.9259259259259259,1.0,1.0,0.8148148148148148,0.8148148148148148,0.8888888888888888,0.9149470899470901,0.06645439983022737,33
0.0007008790969848632,8.90245556334588e-05,0.013745474815368652,0.00043356693671809006,ball_tree,40,5,uniform,"{'algorithm': 'ball_tree', 'leaf_size': 40, 'n_neighbors': 5, 'weights': 'uniform'}",0.9642857142857143,0.9259259259259259,0.8888888888888888,0.8518518518518519,0.9259259259259259,0.9629629629629629,1.0,0.8888888888888888,0.8148148148148148,0.8888888888888888,0.9112433862433862,0.053030451638520076,161
0.0006180763244628906,3.650003904465424e-05,0.0130662202835083,0.0007310663071783161,ball_tree,40,5,distance,"{'algorithm': 'ball_tree', 'leaf_size': 40, 'n_neighbors': 5, 'weights': 'distance'}",0.9642857142857143,0.9259259259259259,0.9259259259259259,0.8518518518518519,0.9259259259259259,0.9629629629629629,1.0,0.8888888888888888,0.8148148148148148,0.8888888888888888,0.9149470899470898,0.05263170833078003,97
0.0006180524826049805,4.456196318518358e-05,0.013803577423095703,0.00034115934559593864,ball_tree,40,7,uniform,"{'algorithm': 'ball_tree', 'leaf_size': 40, 'n_neighbors': 7, 'weights': 'uniform'}",0.9642857142857143,0.9259259259259259,0.9259259259259259,0.8518518518518519,0.9259259259259259,0.9629629629629629,0.9259259259259259,0.8888888888888888,0.8518518518518519,0.8148148148148148,0.9038359788359788,0.04759718045831639,257
0.000632619857788086,4.019573203797658e-05,0.013037467002868652,0.0007372535840130507,ball_tree,40,7,distance,"{'algorithm': 'ball_tree', 'leaf_size': 40, 'n_neighbors': 7, 'weights': 'distance'}",0.9642857142857143,0.9629629629629629,0.9259259259259259,0.8518518518518519,0.9259259259259259,0.9629629629629629,0.9629629629629629,0.8888888888888888,0.8518518518518519,0.8148148148148148,0.9112433862433862,0.053030451638520056,161
0.0005167007446289062,7.257453715436722e-05,0.013456344604492188,0.0008169064823325183,ball_tree,40,11,uniform,"{'algorithm': 'ball_tree', 'leaf_size': 40, 'n_neighbors': 11, 'weights': 'uniform'}",0.9642857142857143,0.8518518518518519,0.8518518518518519,0.8518518518518519,0.9259259259259259,0.9259259259259259,0.8888888888888888,0.8148148148148148,0.9259259259259259,0.8888888888888888,0.889021164021164,0.04404761904761906,545
0.00045244693756103517,4.416771584484209e-05,0.01325662136077881,0.0004005617189957343,ball_tree,40,11,distance,"{'algorithm': 'ball_tree', 'leaf_size': 40, 'n_neighbors': 11, 'weights': 'distance'}",0.9642857142857143,0.8888888888888888,0.8518518518518519,0.8518518518518519,0.9259259259259259,0.9629629629629629,0.9629629629629629,0.8148148148148148,0.9629629629629629,0.8888888888888888,0.9075396825396826,0.053168844616982916,225
0.0005799531936645508,2.4559486144929352e-05,0.013278961181640625,0.0006345981994781742,ball_tree,40,13,uniform,"{'algorithm': 'ball_tree', 'leaf_size': 40, 'n_neighbors': 13, 'weights': 'uniform'}",0.9642857142857143,0.8888888888888888,0.8148148148148148,0.8518518518518519,0.9259259259259259,0.8888888888888888,0.8518518518518519,0.8148148148148148,0.9259259259259259,0.8888888888888888,0.8816137566137566,0.04649334482859554,737
0.0006020545959472656,6.806220327765307e-05,0.01290302276611328,0.0007808315684041044,ball_tree,40,13,distance,"{'algorithm': 'ball_tree', 'leaf_size': 40, 'n_neighbors': 13, 'weights': 'distance'}",0.9642857142857143,0.8888888888888888,0.8148148148148148,0.8518518518518519,0.9259259259259259,0.9259259259259259,0.8888888888888888,0.8148148148148148,0.9259259259259259,0.9259259259259259,0.8927248677248677,0.04834271548630229,385
0.0007618427276611328,7.178404518372574e-05,0.014012408256530762,0.0006062011217801206,ball_tree,40,17,uniform,"{'algorithm': 'ball_tree', 'leaf_size': 40, 'n_neighbors': 17, 'weights': 'uniform'}",0.9642857142857143,0.9259259259259259,0.8888888888888888,0.8518518518518519,0.9629629629629629,0.8888888888888888,0.8518518518518519,0.7777777777777778,0.9259259259259259,0.8518518518518519,0.8890211640211639,0.05511430334995131,577
0.000720357894897461,7.002830570308742e-05,0.013724160194396973,0.00015991873719736768,ball_tree,40,17,distance,"{'algorithm': 'ball_tree', 'leaf_size': 40, 'n_neighbors': 17, 'weights': 'distance'}",0.9642857142857143,0.9259259259259259,0.8888888888888888,0.8518518518518519,0.9629629629629629,0.9259259259259259,0.8518518518518519,0.7777777777777778,0.9259259259259259,0.8888888888888888,0.8964285714285716,0.0545963104766419,321
0.00046224594116210936,4.323729970473988e-05,0.01407606601715088,0.00027407484576902563,ball_tree,40,19,uniform,"{'algorithm': 'ball_tree', 'leaf_size': 40, 'n_neighbors': 19, 'weights': 'uniform'}",0.9642857142857143,0.9259259259259259,0.8888888888888888,0.8888888888888888,0.9629629629629629,0.8888888888888888,0.8148148148148148,0.8148148148148148,0.9259259259259259,0.8148148148148148,0.8890211640211639,0.055114303349951335,577
0.00041205883026123046,2.4064231002398232e-05,0.013277888298034668,0.00021531231283544402,ball_tree,40,19,distance,"{'algorithm': 'ball_tree', 'leaf_size': 40, 'n_neighbors': 19, 'weights': 'distance'}",0.9642857142857143,0.9259259259259259,0.8888888888888888,0.8888888888888888,0.9629629629629629,0.9259259259259259,0.8148148148148148,0.8148148148148148,0.9259259259259259,0.8148148148148148,0.8927248677248677,0.05621444127694664,385
0.0004088878631591797,1.468666188108183e-05,0.014428973197937012,0.0033039562147913096,ball_tree,40,23,uniform,"{'algorithm': 'ball_tree', 'leaf_size': 40, 'n_neighbors': 23, 'weights': 'uniform'}",0.9285714285714286,0.9629629629629629,0.8518518518518519,0.8888888888888888,0.9629629629629629,0.8888888888888888,0.8148148148148148,0.8148148148148148,0.8888888888888888,0.8148148148148148,0.8817460317460316,0.054654445597923325,705
0.00040688514709472654,2.963998449585145e-05,0.012777090072631836,0.000842945116321399,ball_tree,40,23,distance,"{'algorithm': 'ball_tree', 'leaf_size': 40, 'n_neighbors': 23, 'weights': 'distance'}",0.9642857142857143,0.9629629629629629,0.8888888888888888,0.8888888888888888,0.9629629629629629,0.9259259259259259,0.8148148148148148,0.8148148148148148,0.8888888888888888,0.8148148148148148,0.8927248677248677,0.05860385508288557,385
0.0005363702774047851,8.357290843717285e-05,0.013602018356323242,0.0005453986311439398,ball_tree,40,29,uniform,"{'algorithm': 'ball_tree', 'leaf_size': 40, 'n_neighbors': 29, 'weights': 'uniform'}",0.9285714285714286,0.9629629629629629,0.9259259259259259,0.8888888888888888,0.9629629629629629,0.8518518518518519,0.8148148148148148,0.8148148148148148,0.8888888888888888,0.8148148148148148,0.8854497354497355,0.056244779905782104,641
0.0006618976593017578,5.365517821425959e-05,0.012986278533935547,0.0008649957231601457,ball_tree,40,29,distance,"{'algorithm': 'ball_tree', 'leaf_size': 40, 'n_neighbors': 29, 'weights': 'distance'}",0.9285714285714286,0.9629629629629629,0.9259259259259259,0.8888888888888888,0.9629629629629629,0.8888888888888888,0.8148148148148148,0.8148148148148148,0.8888888888888888,0.8148148148148148,0.889153439153439,0.055118588923675764,513
0.000763106346130371,5.9320157150236354e-05,0.014407753944396973,0.00020741148202867174,ball_tree,40,31,uniform,"{'algorithm': 'ball_tree', 'leaf_size': 40, 'n_neighbors': 31, 'weights': 'uniform'}",0.9285714285714286,1.0,0.9259259259259259,0.9259259259259259,0.9629629629629629,0.8518518518518519,0.8148148148148148,0.8148148148148148,0.8888888888888888,0.8148148148148148,0.8928571428571429,0.0631078542731494,353
0.0008269071578979493,6.317022071012214e-05,0.013759398460388183,0.00022173369951865538,ball_tree,40,31,distance,"{'algorithm': 'ball_tree', 'leaf_size': 40, 'n_neighbors': 31, 'weights': 'distance'}",0.9285714285714286,1.0,0.9259259259259259,0.9259259259259259,0.9629629629629629,0.8888888888888888,0.8148148148148148,0.8148148148148148,0.8888888888888888,0.8148148148148148,0.8965608465608466,0.0616629156361344,289
0.000719141960144043,4.2875198289237134e-05,0.013961410522460938,0.0003803455985629595,ball_tree,40,37,uniform,"{'algorithm': 'ball_tree', 'leaf_size': 40, 'n_neighbors': 37, 'weights': 'uniform'}",0.8928571428571429,1.0,0.8888888888888888,0.8888888888888888,0.9259259259259259,0.8518518518518519,0.8148148148148148,0.7037037037037037,0.8888888888888888,0.8518518518518519,0.8707671957671957,0.072782701265744,801
0.0007950544357299804,5.0110463943276184e-05,0.013588762283325196,0.0005427736980820501,ball_tree,40,37,distance,"{'algorithm': 'ball_tree', 'leaf_size': 40, 'n_neighbors': 37, 'weights': 'distance'}",0.9285714285714286,1.0,0.8888888888888888,0.9259259259259259,0.9259259259259259,0.8888888888888888,0.8518518518518519,0.7777777777777778,0.8888888888888888,0.8148148148148148,0.8891534391534393,0.0598895290508307,481
0.0008512020111083984,7.800112961112146e-05,0.014656758308410645,0.00025330318396823786,ball_tree,40,41,uniform,"{'algorithm': 'ball_tree', 'leaf_size': 40, 'n_neighbors': 41, 'weights': 'uniform'}",0.8571428571428571,1.0,0.8888888888888888,0.8518518518518519,0.9259259259259259,0.8148148148148148,0.8148148148148148,0.7407407407407407,0.8888888888888888,0.8148148148148148,0.8597883597883598,0.06785082532964794,865
0.0007941246032714844,5.1489780726847884e-05,0.013416457176208495,0.0007200945814173175,ball_tree,40,41,distance,"{'algorithm': 'ball_tree', 'leaf_size': 40, 'n_neighbors': 41, 'weights': 'distance'}",0.8928571428571429,1.0,0.8888888888888888,0.8888888888888888,0.9259259259259259,0.8518518518518519,0.8518518518518519,0.7777777777777778,0.8888888888888888,0.8148148148148148,0.8781746031746032,0.057585884266853474,769
0.0007764339447021484,3.6176702183922546e-05,0.01447293758392334,0.00019999355502106655,ball_tree,40,43,uniform,"{'algorithm': 'ball_tree', 'leaf_size': 40, 'n_neighbors': 43, 'weights': 'uniform'}",0.9285714285714286,1.0,0.8888888888888888,0.8518518518518519,0.9259259259259259,0.8148148148148148,0.8148148148148148,0.7407407407407407,0.9259259259259259,0.8148148148148148,0.8706349206349205,0.07287819624881071,833
0.0007857322692871094,5.614503927638341e-05,0.013528132438659668,0.0006763203612116594,ball_tree,40,43,distance,"{'algorithm': 'ball_tree', 'leaf_size': 40, 'n_neighbors': 43, 'weights': 'distance'}",0.9285714285714286,1.0,0.8888888888888888,0.8888888888888888,0.9259259259259259,0.8518518518518519,0.8518518518518519,0.7777777777777778,0.9259259259259259,0.8148148148148148,0.8854497354497355,0.060927597290907604,641
0.0007456302642822266,0.00012165368216429564,0.013980293273925781,0.000749452526524966,ball_tree,50,2,uniform,"{'algorithm': 'ball_tree', 'leaf_size': 50, 'n_neighbors': 2, 'weights': 'uniform'}",0.9285714285714286,1.0,0.9629629629629629,0.8518518518518519,0.9629629629629629,0.9629629629629629,0.9259259259259259,0.8518518518518519,0.8518518518518519,0.8148148148148148,0.9113756613756614,0.06024838242553935,129
0.0007500648498535156,8.556842471803248e-05,0.01338043212890625,0.0007008353871711233,ball_tree,50,2,distance,"{'algorithm': 'ball_tree', 'leaf_size': 50, 'n_neighbors': 2, 'weights': 'distance'}",0.9642857142857143,0.8888888888888888,0.9629629629629629,0.8518518518518519,0.9259259259259259,0.9629629629629629,1.0,0.8518518518518519,0.8888888888888888,0.9259259259259259,0.9223544973544973,0.04826157492490816,1
0.0008201122283935547,3.282614324345824e-05,0.014301466941833495,0.00047380139127430873,ball_tree,50,3,uniform,"{'algorithm': 'ball_tree', 'leaf_size': 50, 'n_neighbors': 3, 'weights': 'uniform'}",0.9642857142857143,0.9259259259259259,0.9629629629629629,0.8518518518518519,0.9259259259259259,1.0,1.0,0.8148148148148148,0.8148148148148148,0.8888888888888888,0.9149470899470901,0.06645439983022737,33
0.000824427604675293,3.376018024416064e-05,0.013059902191162109,0.0009135000052032461,ball_tree,50,3,distance,"{'algorithm': 'ball_tree', 'leaf_size': 50, 'n_neighbors': 3, 'weights': 'distance'}",0.9642857142857143,0.9259259259259259,0.9629629629629629,0.8518518518518519,0.9259259259259259,1.0,1.0,0.8148148148148148,0.8148148148148148,0.8888888888888888,0.9149470899470901,0.06645439983022737,33
0.0006667613983154297,3.471381061673535e-05,0.014082813262939453,0.00010398861859881644,ball_tree,50,5,uniform,"{'algorithm': 'ball_tree', 'leaf_size': 50, 'n_neighbors': 5, 'weights': 'uniform'}",0.9642857142857143,0.9259259259259259,0.8888888888888888,0.8518518518518519,0.9259259259259259,0.9629629629629629,1.0,0.8888888888888888,0.8148148148148148,0.8888888888888888,0.9112433862433862,0.053030451638520076,161
0.0007508277893066406,6.740374486727118e-05,0.01339561939239502,0.0006028156518303234,ball_tree,50,5,distance,"{'algorithm': 'ball_tree', 'leaf_size': 50, 'n_neighbors': 5, 'weights': 'distance'}",0.9642857142857143,0.9259259259259259,0.9259259259259259,0.8518518518518519,0.9259259259259259,0.9629629629629629,1.0,0.8888888888888888,0.8148148148148148,0.8888888888888888,0.9149470899470898,0.05263170833078003,97
0.0007074117660522461,4.616099560585697e-05,0.014226627349853516,0.00012957613506886742,ball_tree,50,7,uniform,"{'algorithm': 'ball_tree', 'leaf_size': 50, 'n_neighbors': 7, 'weights': 'uniform'}",0.9642857142857143,0.9259259259259259,0.9259259259259259,0.8518518518518519,0.9259259259259259,0.9629629629629629,0.9259259259259259,0.8888888888888888,0.8518518518518519,0.8148148148148148,0.9038359788359788,0.04759718045831639,257
0.0007414102554321289,0.00022892457468635114,0.0223099946975708,0.015548214691168455,ball_tree,50,7,distance,"{'algorithm': 'ball_tree', 'leaf_size': 50, 'n_neighbors': 7, 'weights': 'distance'}",0.9642857142857143,0.9629629629629629,0.9259259259259259,0.8518518518518519,0.9259259259259259,0.9629629629629629,0.9629629629629629,0.8888888888888888,0.8518518518518519,0.8148148148148148,0.9112433862433862,0.053030451638520056,161
0.0008332252502441407,0.00019751847009662034,0.014435076713562011,0.0004890882778165746,ball_tree,50,11,uniform,"{'algorithm': 'ball_tree', 'leaf_size': 50, 'n_neighbors': 11, 'weights': 'uniform'}",0.9642857142857143,0.8518518518518519,0.8518518518518519,0.8518518518518519,0.9259259259259259,0.9259259259259259,0.8888888888888888,0.8148148148148148,0.9259259259259259,0.8888888888888888,0.889021164021164,0.04404761904761906,545
0.0004153728485107422,1.0038413182355368e-05,0.01278233528137207,0.0007694779670230005,ball_tree,50,11,distance,"{'algorithm': 'ball_tree', 'leaf_size': 50, 'n_neighbors': 11, 'weights': 'distance'}",0.9642857142857143,0.8888888888888888,0.8518518518518519,0.8518518518518519,0.9259259259259259,0.9629629629629629,0.9629629629629629,0.8148148148148148,0.9629629629629629,0.8888888888888888,0.9075396825396826,0.053168844616982916,225
0.0004259347915649414,1.903985455863201e-05,0.013275861740112305,0.0009201080929033737,ball_tree,50,13,uniform,"{'algorithm': 'ball_tree', 'leaf_size': 50, 'n_neighbors': 13, 'weights': 'uniform'}",0.9642857142857143,0.8888888888888888,0.8148148148148148,0.8518518518518519,0.9259259259259259,0.8888888888888888,0.8518518518518519,0.8148148148148148,0.9259259259259259,0.8888888888888888,0.8816137566137566,0.04649334482859554,737
0.0005407333374023438,5.03711373267197e-05,0.012908053398132325,0.0006127268149507677,ball_tree,50,13,distance,"{'algorithm': 'ball_tree', 'leaf_size': 50, 'n_neighbors': 13, 'weights': 'distance'}",0.9642857142857143,0.8888888888888888,0.8148148148148148,0.8518518518518519,0.9259259259259259,0.9259259259259259,0.8888888888888888,0.8148148148148148,0.9259259259259259,0.9259259259259259,0.8927248677248677,0.04834271548630229,385
0.0007214546203613281,7.403824006410947e-05,0.014361763000488281,0.0001426616053796472,ball_tree,50,17,uniform,"{'algorithm': 'ball_tree', 'leaf_size': 50, 'n_neighbors': 17, 'weights': 'uniform'}",0.9642857142857143,0.9259259259259259,0.8888888888888888,0.8518518518518519,0.9629629629629629,0.8888888888888888,0.8518518518518519,0.7777777777777778,0.9259259259259259,0.8518518518518519,0.8890211640211639,0.05511430334995131,577
0.0007550477981567383,6.051958245670309e-05,0.013367867469787598,0.0006381540606418303,ball_tree,50,17,distance,"{'algorithm': 'ball_tree', 'leaf_size': 50, 'n_neighbors': 17, 'weights': 'distance'}",0.9642857142857143,0.9259259259259259,0.8888888888888888,0.8518518518518519,0.9629629629629629,0.9259259259259259,0.8518518518518519,0.7777777777777778,0.9259259259259259,0.8888888888888888,0.8964285714285716,0.0545963104766419,321
0.000760340690612793,5.2763324364890344e-05,0.014357590675354004,0.00014199184365592965,ball_tree,50,19,uniform,"{'algorithm': 'ball_tree', 'leaf_size': 50, 'n_neighbors': 19, 'weights': 'uniform'}",0.9642857142857143,0.9259259259259259,0.8888888888888888,0.8888888888888888,0.9629629629629629,0.8888888888888888,0.8148148148148148,0.8148148148148148,0.9259259259259259,0.8148148148148148,0.8890211640211639,0.055114303349951335,577
0.0007820844650268555,4.7264166711461815e-05,0.013593482971191406,0.0003558362875984433,ball_tree,50,19,distance,"{'algorithm': 'ball_tree', 'leaf_size': 50, 'n_neighbors': 19, 'weights': 'distance'}",0.9642857142857143,0.9259259259259259,0.8888888888888888,0.8888888888888888,0.9629629629629629,0.9259259259259259,0.8148148148148148,0.8148148148148148,0.9259259259259259,0.8148148148148148,0.8927248677248677,0.05621444127694664,385
0.0007856845855712891,0.00010379493078920887,0.01448218822479248,0.0001302547294272986,ball_tree,50,23,uniform,"{'algorithm': 'ball_tree', 'leaf_size': 50, 'n_neighbors': 23, 'weights': 'uniform'}",0.9285714285714286,0.9629629629629629,0.8518518518518519,0.8888888888888888,0.9629629629629629,0.8888888888888888,0.8148148148148148,0.8148148148148148,0.8888888888888888,0.8148148148148148,0.8817460317460316,0.054654445597923325,705
0.0008051872253417968,5.817968310789708e-05,0.013423657417297364,0.0007554801945122098,ball_tree,50,23,distance,"{'algorithm': 'ball_tree', 'leaf_size': 50, 'n_neighbors': 23, 'weights': 'distance'}",0.9642857142857143,0.9629629629629629,0.8888888888888888,0.8888888888888888,0.9629629629629629,0.9259259259259259,0.8148148148148148,0.8148148148148148,0.8888888888888888,0.8148148148148148,0.8927248677248677,0.05860385508288557,385
0.0008550167083740234,5.2416507617820974e-05,0.014510059356689453,0.0003991573091187243,ball_tree,50,29,uniform,"{'algorithm': 'ball_tree', 'leaf_size': 50, 'n_neighbors': 29, 'weights': 'uniform'}",0.9285714285714286,0.9629629629629629,0.9259259259259259,0.8888888888888888,0.9629629629629629,0.8518518518518519,0.8148148148148148,0.8148148148148148,0.8888888888888888,0.8148148148148148,0.8854497354497355,0.056244779905782104,641
0.0007828235626220703,9.91396056314216e-05,0.013367605209350587,0.0007778687457409106,ball_tree,50,29,distance,"{'algorithm': 'ball_tree', 'leaf_size': 50, 'n_neighbors': 29, 'weights': 'distance'}",0.9285714285714286,0.9629629629629629,0.9259259259259259,0.8888888888888888,0.9629629629629629,0.8888888888888888,0.8148148148148148,0.8148148148148148,0.8888888888888888,0.8148148148148148,0.889153439153439,0.055118588923675764,513
0.0007500886917114258,5.8816220508354964e-05,0.014240479469299317,0.00045462964083377663,ball_tree,50,31,uniform,"{'algorithm': 'ball_tree', 'leaf_size': 50, 'n_neighbors': 31, 'weights': 'uniform'}",0.9285714285714286,1.0,0.9259259259259259,0.9259259259259259,0.9629629629629629,0.8518518518518519,0.8148148148148148,0.8148148148148148,0.8888888888888888,0.8148148148148148,0.8928571428571429,0.0631078542731494,353
0.000769805908203125,5.6497335892250196e-05,0.01356050968170166,0.0003464991183179825,ball_tree,50,31,distance,"{'algorithm': 'ball_tree', 'leaf_size': 50, 'n_neighbors': 31, 'weights': 'distance'}",0.9285714285714286,1.0,0.9259259259259259,0.9259259259259259,0.9629629629629629,0.8888888888888888,0.8148148148148148,0.8148148148148148,0.8888888888888888,0.8148148148148148,0.8965608465608466,0.0616629156361344,289
0.000489354133605957,6.188578936464678e-05,0.013278794288635255,0.0008263820592227185,ball_tree,50,37,uniform,"{'algorithm': 'ball_tree', 'leaf_size': 50, 'n_neighbors': 37, 'weights': 'uniform'}",0.8928571428571429,1.0,0.8888888888888888,0.8888888888888888,0.9259259259259259,0.8518518518518519,0.8148148148148148,0.7037037037037037,0.8888888888888888,0.8518518518518519,0.8707671957671957,0.072782701265744,801
0.0006371498107910156,6.095456226350697e-05,0.0128326416015625,0.0008774166514317645,ball_tree,50,37,distance,"{'algorithm': 'ball_tree', 'leaf_size': 50, 'n_neighbors': 37, 'weights': 'distance'}",0.9285714285714286,1.0,0.8888888888888888,0.9259259259259259,0.9259259259259259,0.8888888888888888,0.8518518518518519,0.7777777777777778,0.8888888888888888,0.8148148148148148,0.8891534391534393,0.0598895290508307,481
0.0007462978363037109,3.802365995408813e-05,0.014420580863952637,0.00018049968360176063,ball_tree,50,41,uniform,"{'algorithm': 'ball_tree', 'leaf_size': 50, 'n_neighbors': 41, 'weights': 'uniform'}",0.8571428571428571,1.0,0.8888888888888888,0.8518518518518519,0.9259259259259259,0.8148148148148148,0.8148148148148148,0.7407407407407407,0.8888888888888888,0.8148148148148148,0.8597883597883598,0.06785082532964794,865
0.0008448600769042969,3.865899731939962e-05,0.013569164276123046,0.0007496423358864646,ball_tree,50,41,distance,"{'algorithm': 'ball_tree', 'leaf_size': 50, 'n_neighbors': 41, 'weights': 'distance'}",0.8928571428571429,1.0,0.8888888888888888,0.8888888888888888,0.9259259259259259,0.8518518518518519,0.8518518518518519,0.7777777777777778,0.8888888888888888,0.8148148148148148,0.8781746031746032,0.057585884266853474,769
0.000748896598815918,5.487849330967197e-05,0.014236950874328613,0.00023169608904973738,ball_tree,50,43,uniform,"{'algorithm': 'ball_tree', 'leaf_size': 50, 'n_neighbors': 43, 'weights': 'uniform'}",0.9285714285714286,1.0,0.8888888888888888,0.8518518518518519,0.9259259259259259,0.8148148148148148,0.8148148148148148,0.7407407407407407,0.9259259259259259,0.8148148148148148,0.8706349206349205,0.07287819624881071,833
0.0007988929748535157,6.954043431745364e-05,0.013592791557312012,0.0003631198874885913,ball_tree,50,43,distance,"{'algorithm': 'ball_tree', 'leaf_size': 50, 'n_neighbors': 43, 'weights': 'distance'}",0.9285714285714286,1.0,0.8888888888888888,0.8888888888888888,0.9259259259259259,0.8518518518518519,0.8518518518518519,0.7777777777777778,0.9259259259259259,0.8148148148148148,0.8854497354497355,0.060927597290907604,641
0.0008139371871948242,9.061790885106555e-05,0.01439063549041748,0.0003947874334973554,ball_tree,60,2,uniform,"{'algorithm': 'ball_tree', 'leaf_size': 60, 'n_neighbors': 2, 'weights': 'uniform'}",0.9285714285714286,1.0,0.9629629629629629,0.8518518518518519,0.9629629629629629,0.9629629629629629,0.9259259259259259,0.8518518518518519,0.8518518518518519,0.8148148148148148,0.9113756613756614,0.06024838242553935,129
0.0008089065551757813,7.614760968046867e-05,0.01366109848022461,0.0007586220293884499,ball_tree,60,2,distance,"{'algorithm': 'ball_tree', 'leaf_size': 60, 'n_neighbors': 2, 'weights': 'distance'}",0.9642857142857143,0.8888888888888888,0.9629629629629629,0.8518518518518519,0.9259259259259259,0.9629629629629629,1.0,0.8518518518518519,0.8888888888888888,0.9259259259259259,0.9223544973544973,0.04826157492490816,1
0.0007882595062255859,5.32863977502545e-05,0.014344596862792968,0.0005138189569842849,ball_tree,60,3,uniform,"{'algorithm': 'ball_tree', 'leaf_size': 60, 'n_neighbors': 3, 'weights': 'uniform'}",0.9642857142857143,0.9259259259259259,0.9629629629629629,0.8518518518518519,0.9259259259259259,1.0,1.0,0.8148148148148148,0.8148148148148148,0.8888888888888888,0.9149470899470901,0.06645439983022737,33
0.0008095502853393555,5.9127350966935925e-05,0.013731575012207032,0.0002797415938193796,ball_tree,60,3,distance,"{'algorithm': 'ball_tree', 'leaf_size': 60, 'n_neighbors': 3, 'weights': 'distance'}",0.9642857142857143,0.9259259259259259,0.9629629629629629,0.8518518518518519,0.9259259259259259,1.0,1.0,0.8148148148148148,0.8148148148148148,0.8888888888888888,0.9149470899470901,0.06645439983022737,33
0.0007716655731201172,8.128242901846662e-05,0.014118170738220215,0.0008117777333288765,ball_tree,60,5,uniform,"{'algorithm': 'ball_tree', 'leaf_size': 60, 'n_neighbors': 5, 'weights': 'uniform'}",0.9642857142857143,0.9259259259259259,0.8888888888888888,0.8518518518518519,0.9259259259259259,0.9629629629629629,1.0,0.8888888888888888,0.8148148148148148,0.8888888888888888,0.9112433862433862,0.053030451638520076,161
0.0006997585296630859,7.986851590735643e-05,0.013165903091430665,0.0009447855231169949,ball_tree,60,5,distance,"{'algorithm': 'ball_tree', 'leaf_size': 60, 'n_neighbors': 5, 'weights': 'distance'}",0.9642857142857143,0.9259259259259259,0.9259259259259259,0.8518518518518519,0.9259259259259259,0.9629629629629629,1.0,0.8888888888888888,0.8148148148148148,0.8888888888888888,0.9149470899470898,0.05263170833078003,97
0.0008077621459960938,2.2824267709868834e-05,0.014177608489990234,0.000515633321790406,ball_tree,60,7,uniform,"{'algorithm': 'ball_tree', 'leaf_size': 60, 'n_neighbors': 7, 'weights': 'uniform'}",0.9642857142857143,0.9259259259259259,0.9259259259259259,0.8518518518518519,0.9259259259259259,0.9629629629629629,0.9259259259259259,0.8888888888888888,0.8518518518518519,0.8148148148148148,0.9038359788359788,0.04759718045831639,257
0.0008293390274047852,2.7760001854883677e-05,0.013617277145385742,0.0004417625291298663,ball_tree,60,7,distance,"{'algorithm': 'ball_tree', 'leaf_size': 60, 'n_neighbors': 7, 'weights': 'distance'}",0.9642857142857143,0.9629629629629629,0.9259259259259259,0.8518518518518519,0.9259259259259259,0.9629629629629629,0.9629629629629629,0.8888888888888888,0.8518518518518519,0.8148148148148148,0.9112433862433862,0.053030451638520056,161
0.0006853342056274414,6.799815328715197e-05,0.013653182983398437,0.0009082942786797586,ball_tree,60,11,uniform,"{'algorithm': 'ball_tree', 'leaf_size': 60, 'n_neighbors': 11, 'weights': 'uniform'}",0.9642857142857143,0.8518518518518519,0.8518518518518519,0.8518518518518519,0.9259259259259259,0.9259259259259259,0.8888888888888888,0.8148148148148148,0.9259259259259259,0.8888888888888888,0.889021164021164,0.04404761904761906,545
0.0007199525833129882,6.376072863977799e-05,0.013620424270629882,0.00012364902404703645,ball_tree,60,11,distance,"{'algorithm': 'ball_tree', 'leaf_size': 60, 'n_neighbors': 11, 'weights': 'distance'}",0.9642857142857143,0.8888888888888888,0.8518518518518519,0.8518518518518519,0.9259259259259259,0.9629629629629629,0.9629629629629629,0.8148148148148148,0.9629629629629629,0.8888888888888888,0.9075396825396826,0.053168844616982916,225
0.0007134675979614258,5.475507301167705e-05,0.013942956924438477,0.0007339014318286379,ball_tree,60,13,uniform,"{'algorithm': 'ball_tree', 'leaf_size': 60, 'n_neighbors': 13, 'weights': 'uniform'}",0.9642857142857143,0.8888888888888888,0.8148148148148148,0.8518518518518519,0.9259259259259259,0.8888888888888888,0.8518518518518519,0.8148148148148148,0.9259259259259259,0.8888888888888888,0.8816137566137566,0.04649334482859554,737
0.0006416559219360352,0.00015688739809976754,0.02428133487701416,0.01765883020464208,ball_tree,60,13,distance,"{'algorithm': 'ball_tree', 'leaf_size': 60, 'n_neighbors': 13, 'weights': 'distance'}",0.9642857142857143,0.8888888888888888,0.8148148148148148,0.8518518518518519,0.9259259259259259,0.9259259259259259,0.8888888888888888,0.8148148148148148,0.9259259259259259,0.9259259259259259,0.8927248677248677,0.04834271548630229,385
0.0007591724395751953,0.00023095965493421456,0.014125800132751465,0.0010077937683754814,ball_tree,60,17,uniform,"{'algorithm': 'ball_tree', 'leaf_size': 60, 'n_neighbors': 17, 'weights': 'uniform'}",0.9642857142857143,0.9259259259259259,0.8888888888888888,0.8518518518518519,0.9629629629629629,0.8888888888888888,0.8518518518518519,0.7777777777777778,0.9259259259259259,0.8518518518518519,0.8890211640211639,0.05511430334995131,577
0.0004185676574707031,2.1526755282063146e-05,0.013327431678771973,0.00021392253787275078,ball_tree,60,17,distance,"{'algorithm': 'ball_tree', 'leaf_size': 60, 'n_neighbors': 17, 'weights': 'distance'}",0.9642857142857143,0.9259259259259259,0.8888888888888888,0.8518518518518519,0.9629629629629629,0.9259259259259259,0.8518518518518519,0.7777777777777778,0.9259259259259259,0.8888888888888888,0.8964285714285716,0.0545963104766419,321
0.0004149198532104492,2.0818748006642414e-05,0.012847995758056641,0.0009286084812356376,ball_tree,60,19,uniform,"{'algorithm': 'ball_tree', 'leaf_size': 60, 'n_neighbors': 19, 'weights': 'uniform'}",0.9642857142857143,0.9259259259259259,0.8888888888888888,0.8888888888888888,0.9629629629629629,0.8888888888888888,0.8148148148148148,0.8148148148148148,0.9259259259259259,0.8148148148148148,0.8890211640211639,0.055114303349951335,577
0.0005183696746826171,5.6120087238574164e-05,0.012900972366333007,0.0007000648341535573,ball_tree,60,19,distance,"{'algorithm': 'ball_tree', 'leaf_size': 60, 'n_neighbors': 19, 'weights': 'distance'}",0.9642857142857143,0.9259259259259259,0.8888888888888888,0.8888888888888888,0.9629629629629629,0.9259259259259259,0.8148148148148148,0.8148148148148148,0.9259259259259259,0.8148148148148148,0.8927248677248677,0.05621444127694664,385
0.000706934928894043,8.187367947710545e-05,0.014300227165222168,0.00027267557239805024,ball_tree,60,23,uniform,"{'algorithm': 'ball_tree', 'leaf_size': 60, 'n_neighbors': 23, 'weights': 'uniform'}",0.9285714285714286,0.9629629629629629,0.8518518518518519,0.8888888888888888,0.9629629629629629,0.8888888888888888,0.8148148148148148,0.8148148148148148,0.8888888888888888,0.8148148148148148,0.8817460317460316,0.054654445597923325,705
0.000774550437927246,7.994065453211405e-05,0.013394451141357422,0.0007503762920277297,ball_tree,60,23,distance,"{'algorithm': 'ball_tree', 'leaf_size': 60, 'n_neighbors': 23, 'weights': 'distance'}",0.9642857142857143,0.9629629629629629,0.8888888888888888,0.8888888888888888,0.9629629629629629,0.9259259259259259,0.8148148148148148,0.8148148148148148,0.8888888888888888,0.8148148148148148,0.8927248677248677,0.05860385508288557,385
0.0007667303085327149,4.60478127995359e-05,0.014301872253417969,0.00034374544164318476,ball_tree,60,29,uniform,"{'algorithm': 'ball_tree', 'leaf_size': 60, 'n_neighbors': 29, 'weights': 'uniform'}",0.9285714285714286,0.9629629629629629,0.9259259259259259,0.8888888888888888,0.9629629629629629,0.8518518518518519,0.8148148148148148,0.8148148148148148,0.8888888888888888,0.8148148148148148,0.8854497354497355,0.056244779905782104,641
0.000796818733215332,5.7118488887049534e-05,0.013826298713684081,8.870273759967645e-05,ball_tree,60,29,distance,"{'algorithm': 'ball_tree', 'leaf_size': 60, 'n_neighbors': 29, 'weights': 'distance'}",0.9285714285714286,0.9629629629629629,0.9259259259259259,0.8888888888888888,0.9629629629629629,0.8888888888888888,0.8148148148148148,0.8148148148148148,0.8888888888888888,0.8148148148148148,0.889153439153439,0.055118588923675764,513
0.0007661104202270508,7.771860946120723e-05,0.014224648475646973,0.0005746757497888308,ball_tree,60,31,uniform,"{'algorithm': 'ball_tree', 'leaf_size': 60, 'n_neighbors': 31, 'weights': 'uniform'}",0.9285714285714286,1.0,0.9259259259259259,0.9259259259259259,0.9629629629629629,0.8518518518518519,0.8148148148148148,0.8148148148148148,0.8888888888888888,0.8148148148148148,0.8928571428571429,0.0631078542731494,353
0.0008055686950683594,3.880555168215274e-05,0.013479924201965332,0.000638390519225099,ball_tree,60,31,distance,"{'algorithm': 'ball_tree', 'leaf_size': 60, 'n_neighbors': 31, 'weights': 'distance'}",0.9285714285714286,1.0,0.9259259259259259,0.9259259259259259,0.9629629629629629,0.8888888888888888,0.8148148148148148,0.8148148148148148,0.8888888888888888,0.8148148148148148,0.8965608465608466,0.0616629156361344,289
0.0008437395095825196,3.8883935973854106e-05,0.014408087730407715,0.0005724478586961379,ball_tree,60,37,uniform,"{'algorithm': 'ball_tree', 'leaf_size': 60, 'n_neighbors': 37, 'weights': 'uniform'}",0.8928571428571429,1.0,0.8888888888888888,0.8888888888888888,0.9259259259259259,0.8518518518518519,0.8148148148148148,0.7037037037037037,0.8888888888888888,0.8518518518518519,0.8707671957671957,0.072782701265744,801
0.0008277654647827149,9.645806680839243e-05,0.013555264472961426,0.0007503959667743503,ball_tree,60,37,distance,"{'algorithm': 'ball_tree', 'leaf_size': 60, 'n_neighbors': 37, 'weights': 'distance'}",0.9285714285714286,1.0,0.8888888888888888,0.9259259259259259,0.9259259259259259,0.8888888888888888,0.8518518518518519,0.7777777777777778,0.8888888888888888,0.8148148148148148,0.8891534391534393,0.0598895290508307,481
0.000736403465270996,2.707747629060793e-05,0.014109468460083008,0.000650996062083429,ball_tree,60,41,uniform,"{'algorithm': 'ball_tree', 'leaf_size': 60, 'n_neighbors': 41, 'weights': 'uniform'}",0.8571428571428571,1.0,0.8888888888888888,0.8518518518518519,0.9259259259259259,0.8148148148148148,0.8148148148148148,0.7407407407407407,0.8888888888888888,0.8148148148148148,0.8597883597883598,0.06785082532964794,865
0.000774383544921875,6.218027848730023e-05,0.013623785972595216,0.00028187981778438417,ball_tree,60,41,distance,"{'algorithm': 'ball_tree', 'leaf_size': 60, 'n_neighbors': 41, 'weights': 'distance'}",0.8928571428571429,1.0,0.8888888888888888,0.8888888888888888,0.9259259259259259,0.8518518518518519,0.8518518518518519,0.7777777777777778,0.8888888888888888,0.8148148148148148,0.8781746031746032,0.057585884266853474,769
0.0007024526596069336,8.075051436469455e-05,0.01386260986328125,0.0007832327421213091,ball_tree,60,43,uniform,"{'algorithm': 'ball_tree', 'leaf_size': 60, 'n_neighbors': 43, 'weights': 'uniform'}",0.9285714285714286,1.0,0.8888888888888888,0.8518518518518519,0.9259259259259259,0.8148148148148148,0.8148148148148148,0.7407407407407407,0.9259259259259259,0.8148148148148148,0.8706349206349205,0.07287819624881071,833
0.0007428646087646485,7.367039960735105e-05,0.013342499732971191,0.0007343229322194924,ball_tree,60,43,distance,"{'algorithm': 'ball_tree', 'leaf_size': 60, 'n_neighbors': 43, 'weights': 'distance'}",0.9285714285714286,1.0,0.8888888888888888,0.8888888888888888,0.9259259259259259,0.8518518518518519,0.8518518518518519,0.7777777777777778,0.9259259259259259,0.8148148148148148,0.8854497354497355,0.060927597290907604,641
0.0005469083786010742,2.960472403639628e-05,0.013965153694152832,0.00022362982657245326,ball_tree,70,2,uniform,"{'algorithm': 'ball_tree', 'leaf_size': 70, 'n_neighbors': 2, 'weights': 'uniform'}",0.9285714285714286,1.0,0.9629629629629629,0.8518518518518519,0.9629629629629629,0.9629629629629629,0.9259259259259259,0.8518518518518519,0.8518518518518519,0.8148148148148148,0.9113756613756614,0.06024838242553935,129
0.0005623579025268554,6.0120169921863615e-05,0.013241720199584962,0.0004767782985599409,ball_tree,70,2,distance,"{'algorithm': 'ball_tree', 'leaf_size': 70, 'n_neighbors': 2, 'weights': 'distance'}",0.9642857142857143,0.8888888888888888,0.9629629629629629,0.8518518518518519,0.9259259259259259,0.9629629629629629,1.0,0.8518518518518519,0.8888888888888888,0.9259259259259259,0.9223544973544973,0.04826157492490816,1
0.0005558490753173828,3.446846678723512e-05,0.014022636413574218,0.00015448014603581064,ball_tree,70,3,uniform,"{'algorithm': 'ball_tree', 'leaf_size': 70, 'n_neighbors': 3, 'weights': 'uniform'}",0.9642857142857143,0.9259259259259259,0.9629629629629629,0.8518518518518519,0.9259259259259259,1.0,1.0,0.8148148148148148,0.8148148148148148,0.8888888888888888,0.9149470899470901,0.06645439983022737,33
0.0005736589431762695,3.3136485943358296e-05,0.013445711135864258,0.00035929183412297514,ball_tree,70,3,distance,"{'algorithm': 'ball_tree', 'leaf_size': 70, 'n_neighbors': 3, 'weights': 'distance'}",0.9642857142857143,0.9259259259259259,0.9629629629629629,0.8518518518518519,0.9259259259259259,1.0,1.0,0.8148148148148148,0.8148148148148148,0.8888888888888888,0.9149470899470901,0.06645439983022737,33
0.0005992650985717773,6.438072034865737e-05,0.013574719429016113,0.000958530176793292,ball_tree,70,5,uniform,"{'algorithm': 'ball_tree', 'leaf_size': 70, 'n_neighbors': 5, 'weights': 'uniform'}",0.9642857142857143,0.9259259259259259,0.8888888888888888,0.8518518518518519,0.9259259259259259,0.9629629629629629,1.0,0.8888888888888888,0.8148148148148148,0.8888888888888888,0.9112433862433862,0.053030451638520076,161
0.0005700826644897461,5.5132815624662244e-05,0.01332104206085205,0.0005888758132453475,ball_tree,70,5,distance,"{'algorithm': 'ball_tree', 'leaf_size': 70, 'n_neighbors': 5, 'weights': 'distance'}",0.9642857142857143,0.9259259259259259,0.9259259259259259,0.8518518518518519,0.9259259259259259,0.9629629629629629,1.0,0.8888888888888888,0.8148148148148148,0.8888888888888888,0.9149470899470898,0.05263170833078003,97
0.000610518455505371,5.030892464824687e-05,0.013851356506347657,0.0006805120555639642,ball_tree,70,7,uniform,"{'algorithm': 'ball_tree', 'leaf_size': 70, 'n_neighbors': 7, 'weights': 'uniform'}",0.9642857142857143,0.9259259259259259,0.9259259259259259,0.8518518518518519,0.9259259259259259,0.9629629629629629,0.9259259259259259,0.8888888888888888,0.8518518518518519,0.8148148148148148,0.9038359788359788,0.04759718045831639,257
0.0005565643310546875,4.3953317005931966e-05,0.013083720207214355,0.0009002550832424431,ball_tree,70,7,distance,"{'algorithm': 'ball_tree', 'leaf_size': 70, 'n_neighbors': 7, 'weights': 'distance'}",0.9642857142857143,0.9629629629629629,0.9259259259259259,0.8518518518518519,0.9259259259259259,0.9629629629629629,0.9629629629629629,0.8888888888888888,0.8518518518518519,0.8148148148148148,0.9112433862433862,0.053030451638520056,161
0.0005439519882202148,2.5232582893221797e-05,0.01360161304473877,0.0007363426643637242,ball_tree,70,11,uniform,"{'algorithm': 'ball_tree', 'leaf_size': 70, 'n_neighbors': 11, 'weights': 'uniform'}",0.9642857142857143,0.8518518518518519,0.8518518518518519,0.8518518518518519,0.9259259259259259,0.9259259259259259,0.8888888888888888,0.8148148148148148,0.9259259259259259,0.8888888888888888,0.889021164021164,0.04404761904761906,545
0.0006029844284057617,2.7038275201583203e-05,0.012927484512329102,0.0008357486171396662,ball_tree,70,11,distance,"{'algorithm': 'ball_tree', 'leaf_size': 70, 'n_neighbors': 11, 'weights': 'distance'}",0.9642857142857143,0.8888888888888888,0.8518518518518519,0.8518518518518519,0.9259259259259259,0.9629629629629629,0.9629629629629629,0.8148148148148148,0.9629629629629629,0.8888888888888888,0.9075396825396826,0.053168844616982916,225
0.0005571603775024414,4.256215059062471e-05,0.013719868659973145,0.0007483941808384443,ball_tree,70,13,uniform,"{'algorithm': 'ball_tree', 'leaf_size': 70, 'n_neighbors': 13, 'weights': 'uniform'}",0.9642857142857143,0.8888888888888888,0.8148148148148148,0.8518518518518519,0.9259259259259259,0.8888888888888888,0.8518518518518519,0.8148148148148148,0.9259259259259259,0.8888888888888888,0.8816137566137566,0.04649334482859554,737
0.0005676507949829102,2.919132472784163e-05,0.013086795806884766,0.0009063300450533167,ball_tree,70,13,distance,"{'algorithm': 'ball_tree', 'leaf_size': 70, 'n_neighbors': 13, 'weights': 'distance'}",0.9642857142857143,0.8888888888888888,0.8148148148148148,0.8518518518518519,0.9259259259259259,0.9259259259259259,0.8888888888888888,0.8148148148148148,0.9259259259259259,0.9259259259259259,0.8927248677248677,0.04834271548630229,385
0.0006526231765747071,0.00012712880392587233,0.013677883148193359,0.000688182570758832,ball_tree,70,17,uniform,"{'algorithm': 'ball_tree', 'leaf_size': 70, 'n_neighbors': 17, 'weights': 'uniform'}",0.9642857142857143,0.9259259259259259,0.8888888888888888,0.8518518518518519,0.9629629629629629,0.8888888888888888,0.8518518518518519,0.7777777777777778,0.9259259259259259,0.8518518518518519,0.8890211640211639,0.05511430334995131,577
0.0005843400955200196,3.2276883225263096e-05,0.012775230407714843,0.000977822301195068,ball_tree,70,17,distance,"{'algorithm': 'ball_tree', 'leaf_size': 70, 'n_neighbors': 17, 'weights': 'distance'}",0.9642857142857143,0.9259259259259259,0.8888888888888888,0.8518518518518519,0.9629629629629629,0.9259259259259259,0.8518518518518519,0.7777777777777778,0.9259259259259259,0.8888888888888888,0.8964285714285716,0.0545963104766419,321
0.0006423711776733399,0.00013080035465227218,0.013611173629760743,0.0008768159356892268,ball_tree,70,19,uniform,"{'algorithm': 'ball_tree', 'leaf_size': 70, 'n_neighbors': 19, 'weights': 'uniform'}",0.9642857142857143,0.9259259259259259,0.8888888888888888,0.8888888888888888,0.9629629629629629,0.8888888888888888,0.8148148148148148,0.8148148148148148,0.9259259259259259,0.8148148148148148,0.8890211640211639,0.055114303349951335,577
0.000621342658996582,4.6536772152802455e-05,0.013510012626647949,0.0005067933292166494,ball_tree,70,19,distance,"{'algorithm': 'ball_tree', 'leaf_size': 70, 'n_neighbors': 19, 'weights': 'distance'}",0.9642857142857143,0.9259259259259259,0.8888888888888888,0.8888888888888888,0.9629629629629629,0.9259259259259259,0.8148148148148148,0.8148148148148148,0.9259259259259259,0.8148148148148148,0.8927248677248677,0.05621444127694664,385
0.0005523443222045898,2.4117085207415684e-05,0.014111137390136719,0.000330592807742215,ball_tree,70,23,uniform,"{'algorithm': 'ball_tree', 'leaf_size': 70, 'n_neighbors': 23, 'weights': 'uniform'}",0.9285714285714286,0.9629629629629629,0.8518518518518519,0.8888888888888888,0.9629629629629629,0.8888888888888888,0.8148148148148148,0.8148148148148148,0.8888888888888888,0.8148148148148148,0.8817460317460316,0.054654445597923325,705
0.0005025148391723632,4.4423728423852234e-05,0.013203597068786621,0.0006320195878034637,ball_tree,70,23,distance,"{'algorithm': 'ball_tree', 'leaf_size': 70, 'n_neighbors': 23, 'weights': 'distance'}",0.9642857142857143,0.9629629629629629,0.8888888888888888,0.8888888888888888,0.9629629629629629,0.9259259259259259,0.8148148148148148,0.8148148148148148,0.8888888888888888,0.8148148148148148,0.8927248677248677,0.05860385508288557,385
0.000579071044921875,7.917793067253046e-05,0.013873481750488281,0.000636272627035351,ball_tree,70,29,uniform,"{'algorithm': 'ball_tree', 'leaf_size': 70, 'n_neighbors': 29, 'weights': 'uniform'}",0.9285714285714286,0.9629629629629629,0.9259259259259259,0.8888888888888888,0.9629629629629629,0.8518518518518519,0.8148148148148148,0.8148148148148148,0.8888888888888888,0.8148148148148148,0.8854497354497355,0.056244779905782104,641
0.0005422353744506836,5.567490400783457e-05,0.013017535209655762,0.0007209580664896877,ball_tree,70,29,distance,"{'algorithm': 'ball_tree', 'leaf_size': 70, 'n_neighbors': 29, 'weights': 'distance'}",0.9285714285714286,0.9629629629629629,0.9259259259259259,0.8888888888888888,0.9629629629629629,0.8888888888888888,0.8148148148148148,0.8148148148148148,0.8888888888888888,0.8148148148148148,0.889153439153439,0.055118588923675764,513
0.0005037784576416016,2.555219907794656e-05,0.013488316535949707,0.0006942122937657657,ball_tree,70,31,uniform,"{'algorithm': 'ball_tree', 'leaf_size': 70, 'n_neighbors': 31, 'weights': 'uniform'}",0.9285714285714286,1.0,0.9259259259259259,0.9259259259259259,0.9629629629629629,0.8518518518518519,0.8148148148148148,0.8148148148148148,0.8888888888888888,0.8148148148148148,0.8928571428571429,0.0631078542731494,353
0.0005090475082397461,5.204622973488926e-05,0.01293323040008545,0.0007668387668954488,ball_tree,70,31,distance,"{'algorithm': 'ball_tree', 'leaf_size': 70, 'n_neighbors': 31, 'weights': 'distance'}",0.9285714285714286,1.0,0.9259259259259259,0.9259259259259259,0.9629629629629629,0.8888888888888888,0.8148148148148148,0.8148148148148148,0.8888888888888888,0.8148148148148148,0.8965608465608466,0.0616629156361344,289
0.0005164384841918945,4.27362160691077e-05,0.01367936134338379,0.0006938732997831988,ball_tree,70,37,uniform,"{'algorithm': 'ball_tree', 'leaf_size': 70, 'n_neighbors': 37, 'weights': 'uniform'}",0.8928571428571429,1.0,0.8888888888888888,0.8888888888888888,0.9259259259259259,0.8518518518518519,0.8148148148148148,0.7037037037037037,0.8888888888888888,0.8518518518518519,0.8707671957671957,0.072782701265744,801
0.0005390405654907227,6.075384927294992e-05,0.01298055648803711,0.0008510518960732273,ball_tree,70,37,distance,"{'algorithm': 'ball_tree', 'leaf_size': 70, 'n_neighbors': 37, 'weights': 'distance'}",0.9285714285714286,1.0,0.8888888888888888,0.9259259259259259,0.9259259259259259,0.8888888888888888,0.8518518518518519,0.7777777777777778,0.8888888888888888,0.8148148148148148,0.8891534391534393,0.0598895290508307,481
0.0005136489868164063,5.129172208199334e-05,0.013338589668273925,0.0009228217243271563,ball_tree,70,41,uniform,"{'algorithm': 'ball_tree', 'leaf_size': 70, 'n_neighbors': 41, 'weights': 'uniform'}",0.8571428571428571,1.0,0.8888888888888888,0.8518518518518519,0.9259259259259259,0.8148148148148148,0.8148148148148148,0.7407407407407407,0.8888888888888888,0.8148148148148148,0.8597883597883598,0.06785082532964794,865
0.0005085229873657227,2.8810288407324495e-05,0.0128936767578125,0.00090056068370321,ball_tree,70,41,distance,"{'algorithm': 'ball_tree', 'leaf_size': 70, 'n_neighbors': 41, 'weights': 'distance'}",0.8928571428571429,1.0,0.8888888888888888,0.8888888888888888,0.9259259259259259,0.8518518518518519,0.8518518518518519,0.7777777777777778,0.8888888888888888,0.8148148148148148,0.8781746031746032,0.057585884266853474,769
0.0005131721496582031,6.089158233442074e-05,0.013974833488464355,0.0006077129640453761,ball_tree,70,43,uniform,"{'algorithm': 'ball_tree', 'leaf_size': 70, 'n_neighbors': 43, 'weights': 'uniform'}",0.9285714285714286,1.0,0.8888888888888888,0.8518518518518519,0.9259259259259259,0.8148148148148148,0.8148148148148148,0.7407407407407407,0.9259259259259259,0.8148148148148148,0.8706349206349205,0.07287819624881071,833
0.0004656553268432617,2.2463901764890145e-05,0.01288151741027832,0.0009198211276361577,ball_tree,70,43,distance,"{'algorithm': 'ball_tree', 'leaf_size': 70, 'n_neighbors': 43, 'weights': 'distance'}",0.9285714285714286,1.0,0.8888888888888888,0.8888888888888888,0.9259259259259259,0.8518518518518519,0.8518518518518519,0.7777777777777778,0.9259259259259259,0.8148148148148148,0.8854497354497355,0.060927597290907604,641
0.0005454063415527344,5.6371470228122044e-05,0.014009809494018555,0.0004869903860157175,ball_tree,80,2,uniform,"{'algorithm': 'ball_tree', 'leaf_size': 80, 'n_neighbors': 2, 'weights': 'uniform'}",0.9285714285714286,1.0,0.9629629629629629,0.8518518518518519,0.9629629629629629,0.9629629629629629,0.9259259259259259,0.8518518518518519,0.8518518518518519,0.8148148148148148,0.9113756613756614,0.06024838242553935,129
0.00050506591796875,3.8745946039998383e-05,0.01344459056854248,0.00028744705484863207,ball_tree,80,2,distance,"{'algorithm': 'ball_tree', 'leaf_size': 80, 'n_neighbors': 2, 'weights': 'distance'}",0.9642857142857143,0.8888888888888888,0.9629629629629629,0.8518518518518519,0.9259259259259259,0.9629629629629629,1.0,0.8518518518518519,0.8888888888888888,0.9259259259259259,0.9223544973544973,0.04826157492490816,1
0.0005130529403686524,3.882102449442513e-05,0.013987231254577636,0.0005221626528942414,ball_tree,80,3,uniform,"{'algorithm': 'ball_tree', 'leaf_size': 80, 'n_neighbors': 3, 'weights': 'uniform'}",0.9642857142857143,0.9259259259259259,0.9629629629629629,0.8518518518518519,0.9259259259259259,1.0,1.0,0.8148148148148148,0.8148148148148148,0.8888888888888888,0.9149470899470901,0.06645439983022737,33
0.0005492210388183594,3.738053582823008e-05,0.013126158714294433,0.0009497762913639388,ball_tree,80,3,distance,"{'algorithm': 'ball_tree', 'leaf_size': 80, 'n_neighbors': 3, 'weights': 'distance'}",0.9642857142857143,0.9259259259259259,0.9629629629629629,0.8518518518518519,0.9259259259259259,1.0,1.0,0.8148148148148148,0.8148148148148148,0.8888888888888888,0.9149470899470901,0.06645439983022737,33
0.0005090475082397461,2.8126814849198744e-05,0.013624095916748047,0.000900941401329199,ball_tree,80,5,uniform,"{'algorithm': 'ball_tree', 'leaf_size': 80, 'n_neighbors': 5, 'weights': 'uniform'}",0.9642857142857143,0.9259259259259259,0.8888888888888888,0.8518518518518519,0.9259259259259259,0.9629629629629629,1.0,0.8888888888888888,0.8148148148148148,0.8888888888888888,0.9112433862433862,0.053030451638520076,161
0.0005265474319458008,2.6851108536406602e-05,0.013346028327941895,0.00040116450753187083,ball_tree,80,5,distance,"{'algorithm': 'ball_tree', 'leaf_size': 80, 'n_neighbors': 5, 'weights': 'distance'}",0.9642857142857143,0.9259259259259259,0.9259259259259259,0.8518518518518519,0.9259259259259259,0.9629629629629629,1.0,0.8888888888888888,0.8148148148148148,0.8888888888888888,0.9149470899470898,0.05263170833078003,97
0.0005815505981445312,9.405676704935198e-05,0.01393585205078125,0.0006855890123341795,ball_tree,80,7,uniform,"{'algorithm': 'ball_tree', 'leaf_size': 80, 'n_neighbors': 7, 'weights': 'uniform'}",0.9642857142857143,0.9259259259259259,0.9259259259259259,0.8518518518518519,0.9259259259259259,0.9629629629629629,0.9259259259259259,0.8888888888888888,0.8518518518518519,0.8148148148148148,0.9038359788359788,0.04759718045831639,257
0.0004945516586303711,2.968824487776826e-05,0.012871360778808594,0.0009132507338042461,ball_tree,80,7,distance,"{'algorithm': 'ball_tree', 'leaf_size': 80, 'n_neighbors': 7, 'weights': 'distance'}",0.9642857142857143,0.9629629629629629,0.9259259259259259,0.8518518518518519,0.9259259259259259,0.9629629629629629,0.9629629629629629,0.8888888888888888,0.8518518518518519,0.8148148148148148,0.9112433862433862,0.053030451638520056,161
0.00047545433044433595,4.560627729196418e-05,0.013633251190185547,0.0008870379047792396,ball_tree,80,11,uniform,"{'algorithm': 'ball_tree', 'leaf_size': 80, 'n_neighbors': 11, 'weights': 'uniform'}",0.9642857142857143,0.8518518518518519,0.8518518518518519,0.8518518518518519,0.9259259259259259,0.9259259259259259,0.8888888888888888,0.8148148148148148,0.9259259259259259,0.8888888888888888,0.889021164021164,0.04404761904761906,545
0.00046432018280029297,3.9688673727183096e-05,0.013218379020690918,0.0007269245590098446,ball_tree,80,11,distance,"{'algorithm': 'ball_tree', 'leaf_size': 80, 'n_neighbors': 11, 'weights': 'distance'}",0.9642857142857143,0.8888888888888888,0.8518518518518519,0.8518518518518519,0.9259259259259259,0.9629629629629629,0.9629629629629629,0.8148148148148148,0.9629629629629629,0.8888888888888888,0.9075396825396826,0.053168844616982916,225
0.0004888057708740234,4.1518909883959346e-05,0.013609743118286133,0.0008290184485577165,ball_tree,80,13,uniform,"{'algorithm': 'ball_tree', 'leaf_size': 80, 'n_neighbors': 13, 'weights': 'uniform'}",0.9642857142857143,0.8888888888888888,0.8148148148148148,0.8518518518518519,0.9259259259259259,0.8888888888888888,0.8518518518518519,0.8148148148148148,0.9259259259259259,0.8888888888888888,0.8816137566137566,0.04649334482859554,737
0.000537419319152832,9.659180572522121e-05,0.013112187385559082,0.0007166286345887876,ball_tree,80,13,distance,"{'algorithm': 'ball_tree', 'leaf_size': 80, 'n_neighbors': 13, 'weights': 'distance'}",0.9642857142857143,0.8888888888888888,0.8148148148148148,0.8518518518518519,0.9259259259259259,0.9259259259259259,0.8888888888888888,0.8148148148148148,0.9259259259259259,0.9259259259259259,0.8927248677248677,0.04834271548630229,385
0.0005241870880126953,2.703780217284796e-05,0.01380922794342041,0.0008274777275531145,ball_tree,80,17,uniform,"{'algorithm': 'ball_tree', 'leaf_size': 80, 'n_neighbors': 17, 'weights': 'uniform'}",0.9642857142857143,0.9259259259259259,0.8888888888888888,0.8518518518518519,0.9629629629629629,0.8888888888888888,0.8518518518518519,0.7777777777777778,0.9259259259259259,0.8518518518518519,0.8890211640211639,0.05511430334995131,577
0.0005677223205566406,5.749396681267481e-05,0.013517403602600097,0.0005972911089187777,ball_tree,80,17,distance,"{'algorithm': 'ball_tree', 'leaf_size': 80, 'n_neighbors': 17, 'weights': 'distance'}",0.9642857142857143,0.9259259259259259,0.8888888888888888,0.8518518518518519,0.9629629629629629,0.9259259259259259,0.8518518518518519,0.7777777777777778,0.9259259259259259,0.8888888888888888,0.8964285714285716,0.0545963104766419,321
0.0005825996398925781,4.8545231179135165e-05,0.013673496246337891,0.0009306204880023475,ball_tree,80,19,uniform,"{'algorithm': 'ball_tree', 'leaf_size': 80, 'n_neighbors': 19, 'weights': 'uniform'}",0.9642857142857143,0.9259259259259259,0.8888888888888888,0.8888888888888888,0.9629629629629629,0.8888888888888888,0.8148148148148148,0.8148148148148148,0.9259259259259259,0.8148148148148148,0.8890211640211639,0.055114303349951335,577
0.0005947351455688477,3.4495180791931055e-05,0.013395214080810547,0.0006092056697338912,ball_tree,80,19,distance,"{'algorithm': 'ball_tree', 'leaf_size': 80, 'n_neighbors': 19, 'weights': 'distance'}",0.9642857142857143,0.9259259259259259,0.8888888888888888,0.8888888888888888,0.9629629629629629,0.9259259259259259,0.8148148148148148,0.8148148148148148,0.9259259259259259,0.8148148148148148,0.8927248677248677,0.05621444127694664,385
0.0005948781967163086,4.9935398290100684e-05,0.01400604248046875,0.0007240229147576705,ball_tree,80,23,uniform,"{'algorithm': 'ball_tree', 'leaf_size': 80, 'n_neighbors': 23, 'weights': 'uniform'}",0.9285714285714286,0.9629629629629629,0.8518518518518519,0.8888888888888888,0.9629629629629629,0.8888888888888888,0.8148148148148148,0.8148148148148148,0.8888888888888888,0.8148148148148148,0.8817460317460316,0.054654445597923325,705
0.0005670309066772461,5.786935612667606e-05,0.013203787803649902,0.0008665945885089661,ball_tree,80,23,distance,"{'algorithm': 'ball_tree', 'leaf_size': 80, 'n_neighbors': 23, 'weights': 'distance'}",0.9642857142857143,0.9629629629629629,0.8888888888888888,0.8888888888888888,0.9629629629629629,0.9259259259259259,0.8148148148148148,0.8148148148148148,0.8888888888888888,0.8148148148148148,0.8927248677248677,0.05860385508288557,385
0.0006058216094970703,9.218971618881203e-05,0.013644719123840332,0.000881945879588938,ball_tree,80,29,uniform,"{'algorithm': 'ball_tree', 'leaf_size': 80, 'n_neighbors': 29, 'weights': 'uniform'}",0.9285714285714286,0.9629629629629629,0.9259259259259259,0.8888888888888888,0.9629629629629629,0.8518518518518519,0.8148148148148148,0.8148148148148148,0.8888888888888888,0.8148148148148148,0.8854497354497355,0.056244779905782104,641
0.0004974126815795899,3.8674117221564516e-05,0.013106584548950195,0.0007123835832806283,ball_tree,80,29,distance,"{'algorithm': 'ball_tree', 'leaf_size': 80, 'n_neighbors': 29, 'weights': 'distance'}",0.9285714285714286,0.9629629629629629,0.9259259259259259,0.8888888888888888,0.9629629629629629,0.8888888888888888,0.8148148148148148,0.8148148148148148,0.8888888888888888,0.8148148148148148,0.889153439153439,0.055118588923675764,513
0.0005457401275634766,3.1851151707475396e-05,0.013936996459960938,0.0005508799928844754,ball_tree,80,31,uniform,"{'algorithm': 'ball_tree', 'leaf_size': 80, 'n_neighbors': 31, 'weights': 'uniform'}",0.9285714285714286,1.0,0.9259259259259259,0.9259259259259259,0.9629629629629629,0.8518518518518519,0.8148148148148148,0.8148148148148148,0.8888888888888888,0.8148148148148148,0.8928571428571429,0.0631078542731494,353
0.0005306720733642579,4.481721398165487e-05,0.013448357582092285,0.0005119788515672393,ball_tree,80,31,distance,"{'algorithm': 'ball_tree', 'leaf_size': 80, 'n_neighbors': 31, 'weights': 'distance'}",0.9285714285714286,1.0,0.9259259259259259,0.9259259259259259,0.9629629629629629,0.8888888888888888,0.8148148148148148,0.8148148148148148,0.8888888888888888,0.8148148148148148,0.8965608465608466,0.0616629156361344,289
0.000612187385559082,4.448421106977631e-05,0.014680218696594239,0.00020507282864425948,ball_tree,80,37,uniform,"{'algorithm': 'ball_tree', 'leaf_size': 80, 'n_neighbors': 37, 'weights': 'uniform'}",0.8928571428571429,1.0,0.8888888888888888,0.8888888888888888,0.9259259259259259,0.8518518518518519,0.8148148148148148,0.7037037037037037,0.8888888888888888,0.8518518518518519,0.8707671957671957,0.072782701265744,801
0.000546717643737793,7.105149273358826e-05,0.013283658027648925,0.0006994715484743904,ball_tree,80,37,distance,"{'algorithm': 'ball_tree', 'leaf_size': 80, 'n_neighbors': 37, 'weights': 'distance'}",0.9285714285714286,1.0,0.8888888888888888,0.9259259259259259,0.9259259259259259,0.8888888888888888,0.8518518518518519,0.7777777777777778,0.8888888888888888,0.8148148148148148,0.8891534391534393,0.0598895290508307,481
0.0005971908569335938,0.00012831531106932554,0.014015007019042968,0.0005793498847255059,ball_tree,80,41,uniform,"{'algorithm': 'ball_tree', 'leaf_size': 80, 'n_neighbors': 41, 'weights': 'uniform'}",0.8571428571428571,1.0,0.8888888888888888,0.8518518518518519,0.9259259259259259,0.8148148148148148,0.8148148148148148,0.7407407407407407,0.8888888888888888,0.8148148148148148,0.8597883597883598,0.06785082532964794,865
0.00048699378967285154,8.1257389069251e-05,0.013398170471191406,0.00041793539243261047,ball_tree,80,41,distance,"{'algorithm': 'ball_tree', 'leaf_size': 80, 'n_neighbors': 41, 'weights': 'distance'}",0.8928571428571429,1.0,0.8888888888888888,0.8888888888888888,0.9259259259259259,0.8518518518518519,0.8518518518518519,0.7777777777777778,0.8888888888888888,0.8148148148148148,0.8781746031746032,0.057585884266853474,769
0.0007670640945434571,0.00015081885371388373,0.018201589584350586,0.006249106308629952,ball_tree,80,43,uniform,"{'algorithm': 'ball_tree', 'leaf_size': 80, 'n_neighbors': 43, 'weights': 'uniform'}",0.9285714285714286,1.0,0.8888888888888888,0.8518518518518519,0.9259259259259259,0.8148148148148148,0.8148148148148148,0.7407407407407407,0.9259259259259259,0.8148148148148148,0.8706349206349205,0.07287819624881071,833
0.0007284879684448242,0.0001221321482987507,0.017772912979125977,0.006018825894578848,ball_tree,80,43,distance,"{'algorithm': 'ball_tree', 'leaf_size': 80, 'n_neighbors': 43, 'weights': 'distance'}",0.9285714285714286,1.0,0.8888888888888888,0.8888888888888888,0.9259259259259259,0.8518518518518519,0.8518518518518519,0.7777777777777778,0.9259259259259259,0.8148148148148148,0.8854497354497355,0.060927597290907604,641
0.0011649847030639649,4.034533397512955e-05,0.014342832565307616,0.000804810374803031,kd_tree,10,2,uniform,"{'algorithm': 'kd_tree', 'leaf_size': 10, 'n_neighbors': 2, 'weights': 'uniform'}",0.9285714285714286,1.0,0.9629629629629629,0.8518518518518519,0.9629629629629629,0.9629629629629629,0.9259259259259259,0.8518518518518519,0.8518518518518519,0.8148148148148148,0.9113756613756614,0.06024838242553935,129
0.0005860805511474609,0.00027153483076878735,0.013161587715148925,0.000681360923414898,kd_tree,10,2,distance,"{'algorithm': 'kd_tree', 'leaf_size': 10, 'n_neighbors': 2, 'weights': 'distance'}",0.9642857142857143,0.8888888888888888,0.9629629629629629,0.8518518518518519,0.9259259259259259,0.9629629629629629,1.0,0.8518518518518519,0.8888888888888888,0.9259259259259259,0.9223544973544973,0.04826157492490816,1
0.00044248104095458987,1.6773030869035223e-05,0.013028907775878906,0.0007552716216508687,kd_tree,10,3,uniform,"{'algorithm': 'kd_tree', 'leaf_size': 10, 'n_neighbors': 3, 'weights': 'uniform'}",0.9642857142857143,0.9259259259259259,0.9629629629629629,0.8518518518518519,0.9259259259259259,1.0,1.0,0.8148148148148148,0.8148148148148148,0.8888888888888888,0.9149470899470901,0.06645439983022737,33
0.000431513786315918,1.1830679685748363e-05,0.01314842700958252,0.0005212897160301357,kd_tree,10,3,distance,"{'algorithm': 'kd_tree', 'leaf_size': 10, 'n_neighbors': 3, 'weights': 'distance'}",0.9642857142857143,0.9259259259259259,0.9629629629629629,0.8518518518518519,0.9259259259259259,1.0,1.0,0.8148148148148148,0.8148148148148148,0.8888888888888888,0.9149470899470901,0.06645439983022737,33
0.0004345417022705078,1.7103504783471857e-05,0.013355135917663574,0.000545674308505004,kd_tree,10,5,uniform,"{'algorithm': 'kd_tree', 'leaf_size': 10, 'n_neighbors': 5, 'weights': 'uniform'}",0.9642857142857143,0.9259259259259259,0.8888888888888888,0.8518518518518519,0.9259259259259259,0.9629629629629629,1.0,0.8888888888888888,0.8148148148148148,0.8888888888888888,0.9112433862433862,0.053030451638520076,161
0.0004322290420532227,1.9669012583009464e-05,0.012905597686767578,0.0006021456794568258,kd_tree,10,5,distance,"{'algorithm': 'kd_tree', 'leaf_size': 10, 'n_neighbors': 5, 'weights': 'distance'}",0.9642857142857143,0.9259259259259259,0.9259259259259259,0.8518518518518519,0.9259259259259259,0.9629629629629629,1.0,0.8888888888888888,0.8148148148148148,0.8888888888888888,0.9149470899470898,0.05263170833078003,97
0.00042057037353515625,8.389488734926133e-06,0.013249897956848144,0.0007458184478138837,kd_tree,10,7,uniform,"{'algorithm': 'kd_tree', 'leaf_size': 10, 'n_neighbors': 7, 'weights': 'uniform'}",0.9642857142857143,0.9259259259259259,0.9259259259259259,0.8518518518518519,0.9259259259259259,0.9629629629629629,0.9259259259259259,0.8888888888888888,0.8518518518518519,0.8148148148148148,0.9038359788359788,0.04759718045831639,257
0.0005089282989501953,0.00014068200144136162,0.013188409805297851,0.0007612458878284552,kd_tree,10,7,distance,"{'algorithm': 'kd_tree', 'leaf_size': 10, 'n_neighbors': 7, 'weights': 'distance'}",0.9642857142857143,0.9629629629629629,0.9259259259259259,0.8518518518518519,0.9259259259259259,0.9629629629629629,0.9629629629629629,0.8888888888888888,0.8518518518518519,0.8148148148148148,0.9112433862433862,0.053030451638520056,161
0.0008983135223388672,0.00018696990494789078,0.014215683937072754,0.0007216641512773819,kd_tree,10,11,uniform,"{'algorithm': 'kd_tree', 'leaf_size': 10, 'n_neighbors': 11, 'weights': 'uniform'}",0.9642857142857143,0.8518518518518519,0.8518518518518519,0.8518518518518519,0.9259259259259259,0.9259259259259259,0.8888888888888888,0.8148148148148148,0.9259259259259259,0.8888888888888888,0.889021164021164,0.04404761904761906,545
0.0008660078048706055,0.00017516686346031132,0.013686561584472656,0.0005805369832117747,kd_tree,10,11,distance,"{'algorithm': 'kd_tree', 'leaf_size': 10, 'n_neighbors': 11, 'weights': 'distance'}",0.9642857142857143,0.8888888888888888,0.8518518518518519,0.8518518518518519,0.9259259259259259,0.9629629629629629,0.9629629629629629,0.8148148148148148,0.9629629629629629,0.8888888888888888,0.9075396825396826,0.053168844616982916,225
0.0009362220764160157,0.0001935133264701434,0.014466977119445801,0.0005636623698768041,kd_tree,10,13,uniform,"{'algorithm': 'kd_tree', 'leaf_size': 10, 'n_neighbors': 13, 'weights': 'uniform'}",0.9642857142857143,0.8888888888888888,0.8148148148148148,0.8518518518518519,0.9259259259259259,0.8888888888888888,0.8518518518518519,0.8148148148148148,0.9259259259259259,0.8888888888888888,0.8816137566137566,0.04649334482859554,737
0.0007154941558837891,0.00022585015856061965,0.012974429130554199,0.0009060385907789331,kd_tree,10,13,distance,"{'algorithm': 'kd_tree', 'leaf_size': 10, 'n_neighbors': 13, 'weights': 'distance'}",0.9642857142857143,0.8888888888888888,0.8148148148148148,0.8518518518518519,0.9259259259259259,0.9259259259259259,0.8888888888888888,0.8148148148148148,0.9259259259259259,0.9259259259259259,0.8927248677248677,0.04834271548630229,385
0.0006852626800537109,0.00020953132482110886,0.013915467262268066,0.0007875037925618538,kd_tree,10,17,uniform,"{'algorithm': 'kd_tree', 'leaf_size': 10, 'n_neighbors': 17, 'weights': 'uniform'}",0.9642857142857143,0.9259259259259259,0.8888888888888888,0.8518518518518519,0.9629629629629629,0.8888888888888888,0.8518518518518519,0.7777777777777778,0.9259259259259259,0.8518518518518519,0.8890211640211639,0.05511430334995131,577
0.0005497932434082031,0.00013857325923056037,0.013171839714050292,0.0005757862000978724,kd_tree,10,17,distance,"{'algorithm': 'kd_tree', 'leaf_size': 10, 'n_neighbors': 17, 'weights': 'distance'}",0.9642857142857143,0.9259259259259259,0.8888888888888888,0.8518518518518519,0.9629629629629629,0.9259259259259259,0.8518518518518519,0.7777777777777778,0.9259259259259259,0.8888888888888888,0.8964285714285716,0.0545963104766419,321
0.0005298852920532227,0.0001481467612515393,0.013444352149963378,0.0007951029987965763,kd_tree,10,19,uniform,"{'algorithm': 'kd_tree', 'leaf_size': 10, 'n_neighbors': 19, 'weights': 'uniform'}",0.9642857142857143,0.9259259259259259,0.8888888888888888,0.8888888888888888,0.9629629629629629,0.8888888888888888,0.8148148148148148,0.8148148148148148,0.9259259259259259,0.8148148148148148,0.8890211640211639,0.055114303349951335,577
0.0005003690719604492,0.00013483488876280534,0.01321408748626709,0.0005592538464919285,kd_tree,10,19,distance,"{'algorithm': 'kd_tree', 'leaf_size': 10, 'n_neighbors': 19, 'weights': 'distance'}",0.9642857142857143,0.9259259259259259,0.8888888888888888,0.8888888888888888,0.9629629629629629,0.9259259259259259,0.8148148148148148,0.8148148148148148,0.9259259259259259,0.8148148148148148,0.8927248677248677,0.05621444127694664,385
0.0004244327545166016,1.709639102400037e-05,0.013164448738098144,0.0006462272676458289,kd_tree,10,23,uniform,"{'algorithm': 'kd_tree', 'leaf_size': 10, 'n_neighbors': 23, 'weights': 'uniform'}",0.9285714285714286,0.9629629629629629,0.8518518518518519,0.8888888888888888,0.9629629629629629,0.8888888888888888,0.8148148148148148,0.8148148148148148,0.8888888888888888,0.8148148148148148,0.8817460317460316,0.054654445597923325,705
0.00042726993560791013,3.6364961326605796e-05,0.012755727767944336,0.0006350724431291175,kd_tree,10,23,distance,"{'algorithm': 'kd_tree', 'leaf_size': 10, 'n_neighbors': 23, 'weights': 'distance'}",0.9642857142857143,0.9629629629629629,0.8888888888888888,0.8888888888888888,0.9629629629629629,0.9259259259259259,0.8148148148148148,0.8148148148148148,0.8888888888888888,0.8148148148148148,0.8927248677248677,0.05860385508288557,385
0.00041320323944091795,1.890027853532289e-05,0.01306147575378418,0.0007427484557542256,kd_tree,10,29,uniform,"{'algorithm': 'kd_tree', 'leaf_size': 10, 'n_neighbors': 29, 'weights': 'uniform'}",0.9285714285714286,0.9629629629629629,0.9259259259259259,0.8888888888888888,0.9629629629629629,0.8518518518518519,0.8148148148148148,0.8148148148148148,0.8888888888888888,0.8148148148148148,0.8854497354497355,0.056244779905782104,641
0.00040998458862304685,1.753315382171742e-05,0.012230420112609863,0.0010199883283461848,kd_tree,10,29,distance,"{'algorithm': 'kd_tree', 'leaf_size': 10, 'n_neighbors': 29, 'weights': 'distance'}",0.9285714285714286,0.9629629629629629,0.9259259259259259,0.8888888888888888,0.9629629629629629,0.8888888888888888,0.8148148148148148,0.8148148148148148,0.8888888888888888,0.8148148148148148,0.889153439153439,0.055118588923675764,513
0.0005273103713989257,5.622131017335223e-05,0.01373744010925293,0.00022874338711197404,kd_tree,10,31,uniform,"{'algorithm': 'kd_tree', 'leaf_size': 10, 'n_neighbors': 31, 'weights': 'uniform'}",0.9285714285714286,1.0,0.9259259259259259,0.9259259259259259,0.9629629629629629,0.8518518518518519,0.8148148148148148,0.8148148148148148,0.8888888888888888,0.8148148148148148,0.8928571428571429,0.0631078542731494,353
0.0006404638290405274,5.796789229412529e-05,0.013267183303833007,0.0005150414496771609,kd_tree,10,31,distance,"{'algorithm': 'kd_tree', 'leaf_size': 10, 'n_neighbors': 31, 'weights': 'distance'}",0.9285714285714286,1.0,0.9259259259259259,0.9259259259259259,0.9629629629629629,0.8888888888888888,0.8148148148148148,0.8148148148148148,0.8888888888888888,0.8148148148148148,0.8965608465608466,0.0616629156361344,289
0.0006184816360473633,4.241096615542345e-05,0.013740015029907227,0.0006049931629238589,kd_tree,10,37,uniform,"{'algorithm': 'kd_tree', 'leaf_size': 10, 'n_neighbors': 37, 'weights': 'uniform'}",0.8928571428571429,1.0,0.8888888888888888,0.8888888888888888,0.9259259259259259,0.8518518518518519,0.8148148148148148,0.7037037037037037,0.8888888888888888,0.8518518518518519,0.8707671957671957,0.072782701265744,801
0.0006710529327392578,3.347709293401495e-05,0.013330507278442382,0.00036412123102969713,kd_tree,10,37,distance,"{'algorithm': 'kd_tree', 'leaf_size': 10, 'n_neighbors': 37, 'weights': 'distance'}",0.9285714285714286,1.0,0.8888888888888888,0.9259259259259259,0.9259259259259259,0.8888888888888888,0.8518518518518519,0.7777777777777778,0.8888888888888888,0.8148148148148148,0.8891534391534393,0.0598895290508307,481
0.0005616426467895507,9.314736834961515e-05,0.013806676864624024,0.00024503937803537705,kd_tree,10,41,uniform,"{'algorithm': 'kd_tree', 'leaf_size': 10, 'n_neighbors': 41, 'weights': 'uniform'}",0.8571428571428571,1.0,0.8888888888888888,0.8518518518518519,0.9259259259259259,0.8148148148148148,0.8148148148148148,0.7407407407407407,0.8888888888888888,0.8148148148148148,0.8597883597883598,0.06785082532964794,865
0.0005966424942016602,6.815646612681026e-05,0.013295149803161621,0.0004219296019366393,kd_tree,10,41,distance,"{'algorithm': 'kd_tree', 'leaf_size': 10, 'n_neighbors': 41, 'weights': 'distance'}",0.8928571428571429,1.0,0.8888888888888888,0.8888888888888888,0.9259259259259259,0.8518518518518519,0.8518518518518519,0.7777777777777778,0.8888888888888888,0.8148148148148148,0.8781746031746032,0.057585884266853474,769
0.000626516342163086,0.00010179204660738102,0.013889622688293458,0.00033566699429088024,kd_tree,10,43,uniform,"{'algorithm': 'kd_tree', 'leaf_size': 10, 'n_neighbors': 43, 'weights': 'uniform'}",0.9285714285714286,1.0,0.8888888888888888,0.8518518518518519,0.9259259259259259,0.8148148148148148,0.8148148148148148,0.7407407407407407,0.9259259259259259,0.8148148148148148,0.8706349206349205,0.07287819624881071,833
0.0007115840911865234,3.59601614206788e-05,0.013524699211120605,0.0004150979350311356,kd_tree,10,43,distance,"{'algorithm': 'kd_tree', 'leaf_size': 10, 'n_neighbors': 43, 'weights': 'distance'}",0.9285714285714286,1.0,0.8888888888888888,0.8888888888888888,0.9259259259259259,0.8518518518518519,0.8518518518518519,0.7777777777777778,0.9259259259259259,0.8148148148148148,0.8854497354497355,0.060927597290907604,641
0.0006224393844604492,4.1631468228586046e-05,0.01391773223876953,0.0007103595586686294,kd_tree,20,2,uniform,"{'algorithm': 'kd_tree', 'leaf_size': 20, 'n_neighbors': 2, 'weights': 'uniform'}",0.9285714285714286,1.0,0.9629629629629629,0.8518518518518519,0.9629629629629629,0.9629629629629629,0.9259259259259259,0.8518518518518519,0.8518518518518519,0.8148148148148148,0.9113756613756614,0.06024838242553935,129
0.0006911754608154297,8.771820984591388e-05,0.013521838188171386,0.0005955809878636221,kd_tree,20,2,distance,"{'algorithm': 'kd_tree', 'leaf_size': 20, 'n_neighbors': 2, 'weights': 'distance'}",0.9642857142857143,0.8888888888888888,0.9629629629629629,0.8518518518518519,0.9259259259259259,0.9629629629629629,1.0,0.8518518518518519,0.8888888888888888,0.9259259259259259,0.9223544973544973,0.04826157492490816,1
0.0006299018859863281,9.189216208447505e-05,0.013561058044433593,0.0008438759564522411,kd_tree,20,3,uniform,"{'algorithm': 'kd_tree', 'leaf_size': 20, 'n_neighbors': 3, 'weights': 'uniform'}",0.9642857142857143,0.9259259259259259,0.9629629629629629,0.8518518518518519,0.9259259259259259,1.0,1.0,0.8148148148148148,0.8148148148148148,0.8888888888888888,0.9149470899470901,0.06645439983022737,33
0.0006266593933105469,0.00015117058560895941,0.012997746467590332,0.0009320241776368018,kd_tree,20,3,distance,"{'algorithm': 'kd_tree', 'leaf_size': 20, 'n_neighbors': 3, 'weights': 'distance'}",0.9642857142857143,0.9259259259259259,0.9629629629629629,0.8518518518518519,0.9259259259259259,1.0,1.0,0.8148148148148148,0.8148148148148148,0.8888888888888888,0.9149470899470901,0.06645439983022737,33
0.0005873918533325195,4.3518418567541364e-05,0.01326315402984619,0.0009946525838223264,kd_tree,20,5,uniform,"{'algorithm': 'kd_tree', 'leaf_size': 20, 'n_neighbors': 5, 'weights': 'uniform'}",0.9642857142857143,0.9259259259259259,0.8888888888888888,0.8518518518518519,0.9259259259259259,0.9629629629629629,1.0,0.8888888888888888,0.8148148148148148,0.8888888888888888,0.9112433862433862,0.053030451638520076,161
0.0005845785140991211,4.702959221364499e-05,0.012891769409179688,0.0010250902339043436,kd_tree,20,5,distance,"{'algorithm': 'kd_tree', 'leaf_size': 20, 'n_neighbors': 5, 'weights': 'distance'}",0.9642857142857143,0.9259259259259259,0.9259259259259259,0.8518518518518519,0.9259259259259259,0.9629629629629629,1.0,0.8888888888888888,0.8148148148148148,0.8888888888888888,0.9149470899470898,0.05263170833078003,97
0.0005842447280883789,1.5708238435990793e-05,0.013392877578735352,0.0008954449109457193,kd_tree,20,7,uniform,"{'algorithm': 'kd_tree', 'leaf_size': 20, 'n_neighbors': 7, 'weights': 'uniform'}",0.9642857142857143,0.9259259259259259,0.9259259259259259,0.8518518518518519,0.9259259259259259,0.9629629629629629,0.9259259259259259,0.8888888888888888,0.8518518518518519,0.8148148148148148,0.9038359788359788,0.04759718045831639,257
0.0006087064743041992,6.111096074322634e-05,0.013095688819885255,0.0007634968662240759,kd_tree,20,7,distance,"{'algorithm': 'kd_tree', 'leaf_size': 20, 'n_neighbors': 7, 'weights': 'distance'}",0.9642857142857143,0.9629629629629629,0.9259259259259259,0.8518518518518519,0.9259259259259259,0.9629629629629629,0.9629629629629629,0.8888888888888888,0.8518518518518519,0.8148148148148148,0.9112433862433862,0.053030451638520056,161
0.0005135059356689454,0.00012540562521954477,0.01340017318725586,0.0009797347478765605,kd_tree,20,11,uniform,"{'algorithm': 'kd_tree', 'leaf_size': 20, 'n_neighbors': 11, 'weights': 'uniform'}",0.9642857142857143,0.8518518518518519,0.8518518518518519,0.8518518518518519,0.9259259259259259,0.9259259259259259,0.8888888888888888,0.8148148148148148,0.9259259259259259,0.8888888888888888,0.889021164021164,0.04404761904761906,545
0.0003905296325683594,8.040074046665352e-05,0.013042616844177245,0.00044847906216929564,kd_tree,20,11,distance,"{'algorithm': 'kd_tree', 'leaf_size': 20, 'n_neighbors': 11, 'weights': 'distance'}",0.9642857142857143,0.8888888888888888,0.8518518518518519,0.8518518518518519,0.9259259259259259,0.9629629629629629,0.9629629629629629,0.8148148148148148,0.9629629629629629,0.8888888888888888,0.9075396825396826,0.053168844616982916,225
0.00037899017333984373,2.3575776198414662e-05,0.013186168670654298,0.000602358836051316,kd_tree,20,13,uniform,"{'algorithm': 'kd_tree', 'leaf_size': 20, 'n_neighbors': 13, 'weights': 'uniform'}",0.9642857142857143,0.8888888888888888,0.8148148148148148,0.8518518518518519,0.9259259259259259,0.8888888888888888,0.8518518518518519,0.8148148148148148,0.9259259259259259,0.8888888888888888,0.8816137566137566,0.04649334482859554,737
0.0004148960113525391,0.000142041649830118,0.01293933391571045,0.0005269362070405617,kd_tree,20,13,distance,"{'algorithm': 'kd_tree', 'leaf_size': 20, 'n_neighbors': 13, 'weights': 'distance'}",0.9642857142857143,0.8888888888888888,0.8148148148148148,0.8518518518518519,0.9259259259259259,0.9259259259259259,0.8888888888888888,0.8148148148148148,0.9259259259259259,0.9259259259259259,0.8927248677248677,0.04834271548630229,385
0.0005044698715209961,0.0002152813745657155,0.01356208324432373,0.0012056734725631826,kd_tree,20,17,uniform,"{'algorithm': 'kd_tree', 'leaf_size': 20, 'n_neighbors': 17, 'weights': 'uniform'}",0.9642857142857143,0.9259259259259259,0.8888888888888888,0.8518518518518519,0.9629629629629629,0.8888888888888888,0.8518518518518519,0.7777777777777778,0.9259259259259259,0.8518518518518519,0.8890211640211639,0.05511430334995131,577
0.0006646156311035156,0.0002489033603395476,0.013271117210388183,0.0007577423875787038,kd_tree,20,17,distance,"{'algorithm': 'kd_tree', 'leaf_size': 20, 'n_neighbors': 17, 'weights': 'distance'}",0.9642857142857143,0.9259259259259259,0.8888888888888888,0.8518518518518519,0.9629629629629629,0.9259259259259259,0.8518518518518519,0.7777777777777778,0.9259259259259259,0.8888888888888888,0.8964285714285716,0.0545963104766419,321
0.0007005453109741211,0.0002326965099963974,0.013866329193115234,0.0006353994622050287,kd_tree,20,19,uniform,"{'algorithm': 'kd_tree', 'leaf_size': 20, 'n_neighbors': 19, 'weights': 'uniform'}",0.9642857142857143,0.9259259259259259,0.8888888888888888,0.8888888888888888,0.9629629629629629,0.8888888888888888,0.8148148148148148,0.8148148148148148,0.9259259259259259,0.8148148148148148,0.8890211640211639,0.055114303349951335,577
0.0008864879608154296,0.00011126358280877647,0.013667464256286621,0.00083637548314771,kd_tree,20,19,distance,"{'algorithm': 'kd_tree', 'leaf_size': 20, 'n_neighbors': 19, 'weights': 'distance'}",0.9642857142857143,0.9259259259259259,0.8888888888888888,0.8888888888888888,0.9629629629629629,0.9259259259259259,0.8148148148148148,0.8148148148148148,0.9259259259259259,0.8148148148148148,0.8927248677248677,0.05621444127694664,385
0.0007601022720336914,0.00024727343483073425,0.01426074504852295,0.0005127022934912714,kd_tree,20,23,uniform,"{'algorithm': 'kd_tree', 'leaf_size': 20, 'n_neighbors': 23, 'weights': 'uniform'}",0.9285714285714286,0.9629629629629629,0.8518518518518519,0.8888888888888888,0.9629629629629629,0.8888888888888888,0.8148148148148148,0.8148148148148148,0.8888888888888888,0.8148148148148148,0.8817460317460316,0.054654445597923325,705
0.0008043766021728516,0.00023109252064855136,0.01361849308013916,0.00037792818544576826,kd_tree,20,23,distance,"{'algorithm': 'kd_tree', 'leaf_size': 20, 'n_neighbors': 23, 'weights': 'distance'}",0.9642857142857143,0.9629629629629629,0.8888888888888888,0.8888888888888888,0.9629629629629629,0.9259259259259259,0.8148148148148148,0.8148148148148148,0.8888888888888888,0.8148148148148148,0.8927248677248677,0.05860385508288557,385
0.000629258155822754,0.00013551427851964947,0.013767623901367187,0.0007263469590238322,kd_tree,20,29,uniform,"{'algorithm': 'kd_tree', 'leaf_size': 20, 'n_neighbors': 29, 'weights': 'uniform'}",0.9285714285714286,0.9629629629629629,0.9259259259259259,0.8888888888888888,0.9629629629629629,0.8518518518518519,0.8148148148148148,0.8148148148148148,0.8888888888888888,0.8148148148148148,0.8854497354497355,0.056244779905782104,641
0.0006493091583251953,0.00017366122568644846,0.013164734840393067,0.0008100548003340323,kd_tree,20,29,distance,"{'algorithm': 'kd_tree', 'leaf_size': 20, 'n_neighbors': 29, 'weights': 'distance'}",0.9285714285714286,0.9629629629629629,0.9259259259259259,0.8888888888888888,0.9629629629629629,0.8888888888888888,0.8148148148148148,0.8148148148148148,0.8888888888888888,0.8148148148148148,0.889153439153439,0.055118588923675764,513
0.0005532503128051758,6.271507707155118e-05,0.013331198692321777,0.000961294967996201,kd_tree,20,31,uniform,"{'algorithm': 'kd_tree', 'leaf_size': 20, 'n_neighbors': 31, 'weights': 'uniform'}",0.9285714285714286,1.0,0.9259259259259259,0.9259259259259259,0.9629629629629629,0.8518518518518519,0.8148148148148148,0.8148148148148148,0.8888888888888888,0.8148148148148148,0.8928571428571429,0.0631078542731494,353
0.0005354404449462891,4.04522351800323e-05,0.012964510917663574,0.0006231911266498271,kd_tree,20,31,distance,"{'algorithm': 'kd_tree', 'leaf_size': 20, 'n_neighbors': 31, 'weights': 'distance'}",0.9285714285714286,1.0,0.9259259259259259,0.9259259259259259,0.9629629629629629,0.8888888888888888,0.8148148148148148,0.8148148148148148,0.8888888888888888,0.8148148148148148,0.8965608465608466,0.0616629156361344,289
0.0005588769912719726,4.131133559992353e-05,0.012888455390930175,0.0007683159247933302,kd_tree,20,37,uniform,"{'algorithm': 'kd_tree', 'leaf_size': 20, 'n_neighbors': 37, 'weights': 'uniform'}",0.8928571428571429,1.0,0.8888888888888888,0.8888888888888888,0.9259259259259259,0.8518518518518519,0.8148148148148148,0.7037037037037037,0.8888888888888888,0.8518518518518519,0.8707671957671957,0.072782701265744,801
0.0005670785903930664,2.0507116413259395e-05,0.013224363327026367,0.0005280775406685414,kd_tree,20,37,distance,"{'algorithm': 'kd_tree', 'leaf_size': 20, 'n_neighbors': 37, 'weights': 'distance'}",0.9285714285714286,1.0,0.8888888888888888,0.9259259259259259,0.9259259259259259,0.8888888888888888,0.8518518518518519,0.7777777777777778,0.8888888888888888,0.8148148148148148,0.8891534391534393,0.0598895290508307,481
0.000556492805480957,3.7837328966722905e-05,0.013769268989562988,0.0005587269304624062,kd_tree,20,41,uniform,"{'algorithm': 'kd_tree', 'leaf_size': 20, 'n_neighbors': 41, 'weights': 'uniform'}",0.8571428571428571,1.0,0.8888888888888888,0.8518518518518519,0.9259259259259259,0.8148148148148148,0.8148148148148148,0.7407407407407407,0.8888888888888888,0.8148148148148148,0.8597883597883598,0.06785082532964794,865
0.0005593299865722656,3.361228476652701e-05,0.012805938720703125,0.000789476870567565,kd_tree,20,41,distance,"{'algorithm': 'kd_tree', 'leaf_size': 20, 'n_neighbors': 41, 'weights': 'distance'}",0.8928571428571429,1.0,0.8888888888888888,0.8888888888888888,0.9259259259259259,0.8518518518518519,0.8518518518518519,0.7777777777777778,0.8888888888888888,0.8148148148148148,0.8781746031746032,0.057585884266853474,769
0.0005526065826416016,3.2985932042755566e-05,0.013506793975830078,0.0007911009277661686,kd_tree,20,43,uniform,"{'algorithm': 'kd_tree', 'leaf_size': 20, 'n_neighbors': 43, 'weights': 'uniform'}",0.9285714285714286,1.0,0.8888888888888888,0.8518518518518519,0.9259259259259259,0.8148148148148148,0.8148148148148148,0.7407407407407407,0.9259259259259259,0.8148148148148148,0.8706349206349205,0.07287819624881071,833
0.0005231857299804688,5.04092884738418e-05,0.01318516731262207,0.0006992464303777507,kd_tree,20,43,distance,"{'algorithm': 'kd_tree', 'leaf_size': 20, 'n_neighbors': 43, 'weights': 'distance'}",0.9285714285714286,1.0,0.8888888888888888,0.8888888888888888,0.9259259259259259,0.8518518518518519,0.8518518518518519,0.7777777777777778,0.9259259259259259,0.8148148148148148,0.8854497354497355,0.060927597290907604,641
0.00043613910675048827,0.00017149483529411142,0.013505840301513672,0.0008123115893265844,kd_tree,30,2,uniform,"{'algorithm': 'kd_tree', 'leaf_size': 30, 'n_neighbors': 2, 'weights': 'uniform'}",0.9285714285714286,1.0,0.9629629629629629,0.8518518518518519,0.9629629629629629,0.9629629629629629,0.9259259259259259,0.8518518518518519,0.8518518518518519,0.8148148148148148,0.9113756613756614,0.06024838242553935,129
0.00043447017669677733,7.474223199649458e-05,0.013247060775756835,0.00039733123673544663,kd_tree,30,2,distance,"{'algorithm': 'kd_tree', 'leaf_size': 30, 'n_neighbors': 2, 'weights': 'distance'}",0.9642857142857143,0.8888888888888888,0.9629629629629629,0.8518518518518519,0.9259259259259259,0.9629629629629629,1.0,0.8518518518518519,0.8888888888888888,0.9259259259259259,0.9223544973544973,0.04826157492490816,1
0.0006539821624755859,0.00020132104913372554,0.014038968086242675,0.0008355299356977748,kd_tree,30,3,uniform,"{'algorithm': 'kd_tree', 'leaf_size': 30, 'n_neighbors': 3, 'weights': 'uniform'}",0.9642857142857143,0.9259259259259259,0.9629629629629629,0.8518518518518519,0.9259259259259259,1.0,1.0,0.8148148148148148,0.8148148148148148,0.8888888888888888,0.9149470899470901,0.06645439983022737,33
0.0007227659225463867,4.337124922241463e-05,0.013312745094299316,0.0007995664920323097,kd_tree,30,3,distance,"{'algorithm': 'kd_tree', 'leaf_size': 30, 'n_neighbors': 3, 'weights': 'distance'}",0.9642857142857143,0.9259259259259259,0.9629629629629629,0.8518518518518519,0.9259259259259259,1.0,1.0,0.8148148148148148,0.8148148148148148,0.8888888888888888,0.9149470899470901,0.06645439983022737,33
0.0007335662841796875,4.5520444571601894e-05,0.014118242263793945,0.0007483787829359334,kd_tree,30,5,uniform,"{'algorithm': 'kd_tree', 'leaf_size': 30, 'n_neighbors': 5, 'weights': 'uniform'}",0.9642857142857143,0.9259259259259259,0.8888888888888888,0.8518518518518519,0.9259259259259259,0.9629629629629629,1.0,0.8888888888888888,0.8148148148148148,0.8888888888888888,0.9112433862433862,0.053030451638520076,161
0.000637674331665039,5.388926574512804e-05,0.013175463676452637,0.0008323017038331259,kd_tree,30,5,distance,"{'algorithm': 'kd_tree', 'leaf_size': 30, 'n_neighbors': 5, 'weights': 'distance'}",0.9642857142857143,0.9259259259259259,0.9259259259259259,0.8518518518518519,0.9259259259259259,0.9629629629629629,1.0,0.8888888888888888,0.8148148148148148,0.8888888888888888,0.9149470899470898,0.05263170833078003,97
0.0005660057067871094,2.597646736207369e-05,0.013199162483215333,0.0009601032940773941,kd_tree,30,7,uniform,"{'algorithm': 'kd_tree', 'leaf_size': 30, 'n_neighbors': 7, 'weights': 'uniform'}",0.9642857142857143,0.9259259259259259,0.9259259259259259,0.8518518518518519,0.9259259259259259,0.9629629629629629,0.9259259259259259,0.8888888888888888,0.8518518518518519,0.8148148148148148,0.9038359788359788,0.04759718045831639,257
0.0005377769470214844,6.711558803990787e-05,0.012668752670288086,0.0009398642871581186,kd_tree,30,7,distance,"{'algorithm': 'kd_tree', 'leaf_size': 30, 'n_neighbors': 7, 'weights': 'distance'}",0.9642857142857143,0.9629629629629629,0.9259259259259259,0.8518518518518519,0.9259259259259259,0.9629629629629629,0.9629629629629629,0.8888888888888888,0.8518518518518519,0.8148148148148148,0.9112433862433862,0.053030451638520056,161
0.000500631332397461,7.637777789080696e-05,0.013656139373779297,0.0004904009492665888,kd_tree,30,11,uniform,"{'algorithm': 'kd_tree', 'leaf_size': 30, 'n_neighbors': 11, 'weights': 'uniform'}",0.9642857142857143,0.8518518518518519,0.8518518518518519,0.8518518518518519,0.9259259259259259,0.9259259259259259,0.8888888888888888,0.8148148148148148,0.9259259259259259,0.8888888888888888,0.889021164021164,0.04404761904761906,545
0.0003915548324584961,9.033705131674905e-05,0.013010501861572266,0.0005844579937685117,kd_tree,30,11,distance,"{'algorithm': 'kd_tree', 'leaf_size': 30, 'n_neighbors': 11, 'weights': 'distance'}",0.9642857142857143,0.8888888888888888,0.8518518518518519,0.8518518518518519,0.9259259259259259,0.9629629629629629,0.9629629629629629,0.8148148148148148,0.9629629629629629,0.8888888888888888,0.9075396825396826,0.053168844616982916,225
0.00060272216796875,0.00027471896002898824,0.01389918327331543,0.0008736296306543863,kd_tree,30,13,uniform,"{'algorithm': 'kd_tree', 'leaf_size': 30, 'n_neighbors': 13, 'weights': 'uniform'}",0.9642857142857143,0.8888888888888888,0.8148148148148148,0.8518518518518519,0.9259259259259259,0.8888888888888888,0.8518518518518519,0.8148148148148148,0.9259259259259259,0.8888888888888888,0.8816137566137566,0.04649334482859554,737
0.0007310867309570313,0.000293572478680645,0.013614153861999512,0.000752714546378806,kd_tree,30,13,distance,"{'algorithm': 'kd_tree', 'leaf_size': 30, 'n_neighbors': 13, 'weights': 'distance'}",0.9642857142857143,0.8888888888888888,0.8148148148148148,0.8518518518518519,0.9259259259259259,0.9259259259259259,0.8888888888888888,0.8148148148148148,0.9259259259259259,0.9259259259259259,0.8927248677248677,0.04834271548630229,385
0.0007259607315063477,0.0002309815990381418,0.014156007766723632,0.0006704871459717807,kd_tree,30,17,uniform,"{'algorithm': 'kd_tree', 'leaf_size': 30, 'n_neighbors': 17, 'weights': 'uniform'}",0.9642857142857143,0.9259259259259259,0.8888888888888888,0.8518518518518519,0.9629629629629629,0.8888888888888888,0.8518518518518519,0.7777777777777778,0.9259259259259259,0.8518518518518519,0.8890211640211639,0.05511430334995131,577
0.0008900642395019531,0.00013844529007532808,0.013544368743896484,0.0007822371792285805,kd_tree,30,17,distance,"{'algorithm': 'kd_tree', 'leaf_size': 30, 'n_neighbors': 17, 'weights': 'distance'}",0.9642857142857143,0.9259259259259259,0.8888888888888888,0.8518518518518519,0.9629629629629629,0.9259259259259259,0.8518518518518519,0.7777777777777778,0.9259259259259259,0.8888888888888888,0.8964285714285716,0.0545963104766419,321
0.0007458686828613281,0.00024240039801228023,0.014313912391662598,0.0005679379121647939,kd_tree,30,19,uniform,"{'algorithm': 'kd_tree', 'leaf_size': 30, 'n_neighbors': 19, 'weights': 'uniform'}",0.9642857142857143,0.9259259259259259,0.8888888888888888,0.8888888888888888,0.9629629629629629,0.8888888888888888,0.8148148148148148,0.8148148148148148,0.9259259259259259,0.8148148148148148,0.8890211640211639,0.055114303349951335,577
0.000832056999206543,0.0002469141459492261,0.013418173789978028,0.0008171021315481131,kd_tree,30,19,distance,"{'algorithm': 'kd_tree', 'leaf_size': 30, 'n_neighbors': 19, 'weights': 'distance'}",0.9642857142857143,0.9259259259259259,0.8888888888888888,0.8888888888888888,0.9629629629629629,0.9259259259259259,0.8148148148148148,0.8148148148148148,0.9259259259259259,0.8148148148148148,0.8927248677248677,0.05621444127694664,385
0.0006404876708984375,0.0002776632885437094,0.014130187034606934,0.000954690505373618,kd_tree,30,23,uniform,"{'algorithm': 'kd_tree', 'leaf_size': 30, 'n_neighbors': 23, 'weights': 'uniform'}",0.9285714285714286,0.9629629629629629,0.8518518518518519,0.8888888888888888,0.9629629629629629,0.8888888888888888,0.8148148148148148,0.8148148148148148,0.8888888888888888,0.8148148148148148,0.8817460317460316,0.054654445597923325,705
0.0008085966110229492,0.0002338811222334787,0.013751459121704102,0.0006245033862307067,kd_tree,30,23,distance,"{'algorithm': 'kd_tree', 'leaf_size': 30, 'n_neighbors': 23, 'weights': 'distance'}",0.9642857142857143,0.9629629629629629,0.8888888888888888,0.8888888888888888,0.9629629629629629,0.9259259259259259,0.8148148148148148,0.8148148148148148,0.8888888888888888,0.8148148148148148,0.8927248677248677,0.05860385508288557,385
0.000836491584777832,0.00022447729633932705,0.014681601524353027,0.000799127390497137,kd_tree,30,29,uniform,"{'algorithm': 'kd_tree', 'leaf_size': 30, 'n_neighbors': 29, 'weights': 'uniform'}",0.9285714285714286,0.9629629629629629,0.9259259259259259,0.8888888888888888,0.9629629629629629,0.8518518518518519,0.8148148148148148,0.8148148148148148,0.8888888888888888,0.8148148148148148,0.8854497354497355,0.056244779905782104,641
0.0008959293365478516,0.00018745886652727368,0.013782048225402832,0.0007474546222331291,kd_tree,30,29,distance,"{'algorithm': 'kd_tree', 'leaf_size': 30, 'n_neighbors': 29, 'weights': 'distance'}",0.9285714285714286,0.9629629629629629,0.9259259259259259,0.8888888888888888,0.9629629629629629,0.8888888888888888,0.8148148148148148,0.8148148148148148,0.8888888888888888,0.8148148148148148,0.889153439153439,0.055118588923675764,513
0.0008830547332763672,0.00017905482279042935,0.014464735984802246,0.0007486997506697133,kd_tree,30,31,uniform,"{'algorithm': 'kd_tree', 'leaf_size': 30, 'n_neighbors': 31, 'weights': 'uniform'}",0.9285714285714286,1.0,0.9259259259259259,0.9259259259259259,0.9629629629629629,0.8518518518518519,0.8148148148148148,0.8148148148148148,0.8888888888888888,0.8148148148148148,0.8928571428571429,0.0631078542731494,353
0.0006002664566040039,0.0002435201823133198,0.013403034210205078,0.0005636130915655291,kd_tree,30,31,distance,"{'algorithm': 'kd_tree', 'leaf_size': 30, 'n_neighbors': 31, 'weights': 'distance'}",0.9285714285714286,1.0,0.9259259259259259,0.9259259259259259,0.9629629629629629,0.8888888888888888,0.8148148148148148,0.8148148148148148,0.8888888888888888,0.8148148148148148,0.8965608465608466,0.0616629156361344,289
0.0005353212356567383,0.00021935159865350628,0.014134478569030762,0.0005818470683899018,kd_tree,30,37,uniform,"{'algorithm': 'kd_tree', 'leaf_size': 30, 'n_neighbors': 37, 'weights': 'uniform'}",0.8928571428571429,1.0,0.8888888888888888,0.8888888888888888,0.9259259259259259,0.8518518518518519,0.8148148148148148,0.7037037037037037,0.8888888888888888,0.8518518518518519,0.8707671957671957,0.072782701265744,801
0.0009626388549804687,0.00012421791931957414,0.013614606857299805,0.0009241453799943591,kd_tree,30,37,distance,"{'algorithm': 'kd_tree', 'leaf_size': 30, 'n_neighbors': 37, 'weights': 'distance'}",0.9285714285714286,1.0,0.8888888888888888,0.9259259259259259,0.9259259259259259,0.8888888888888888,0.8518518518518519,0.7777777777777778,0.8888888888888888,0.8148148148148148,0.8891534391534393,0.0598895290508307,481
0.0009746074676513672,9.720941525928193e-05,0.014424729347229003,0.0007026979913443643,kd_tree,30,41,uniform,"{'algorithm': 'kd_tree', 'leaf_size': 30, 'n_neighbors': 41, 'weights': 'uniform'}",0.8571428571428571,1.0,0.8888888888888888,0.8518518518518519,0.9259259259259259,0.8148148148148148,0.8148148148148148,0.7407407407407407,0.8888888888888888,0.8148148148148148,0.8597883597883598,0.06785082532964794,865
0.0009020566940307617,0.00018795494716678697,0.01376492977142334,0.000546080651064323,kd_tree,30,41,distance,"{'algorithm': 'kd_tree', 'leaf_size': 30, 'n_neighbors': 41, 'weights': 'distance'}",0.8928571428571429,1.0,0.8888888888888888,0.8888888888888888,0.9259259259259259,0.8518518518518519,0.8518518518518519,0.7777777777777778,0.8888888888888888,0.8148148148148148,0.8781746031746032,0.057585884266853474,769
0.0006455659866333007,0.0002808577753278765,0.013545703887939454,0.0011872981865194674,kd_tree,30,43,uniform,"{'algorithm': 'kd_tree', 'leaf_size': 30, 'n_neighbors': 43, 'weights': 'uniform'}",0.9285714285714286,1.0,0.8888888888888888,0.8518518518518519,0.9259259259259259,0.8148148148148148,0.8148148148148148,0.7407407407407407,0.9259259259259259,0.8148148148148148,0.8706349206349205,0.07287819624881071,833
0.0007549762725830078,0.00024588877310695485,0.013544893264770508,0.0006879180814840838,kd_tree,30,43,distance,"{'algorithm': 'kd_tree', 'leaf_size': 30, 'n_neighbors': 43, 'weights': 'distance'}",0.9285714285714286,1.0,0.8888888888888888,0.8888888888888888,0.9259259259259259,0.8518518518518519,0.8518518518518519,0.7777777777777778,0.9259259259259259,0.8148148148148148,0.8854497354497355,0.060927597290907604,641
0.0005133867263793946,0.0002090444815508029,0.013970470428466797,0.0008074343327478383,kd_tree,40,2,uniform,"{'algorithm': 'kd_tree', 'leaf_size': 40, 'n_neighbors': 2, 'weights': 'uniform'}",0.9285714285714286,1.0,0.9629629629629629,0.8518518518518519,0.9629629629629629,0.9629629629629629,0.9259259259259259,0.8518518518518519,0.8518518518518519,0.8148148148148148,0.9113756613756614,0.06024838242553935,129
0.0006903409957885742,0.0002010873306442447,0.01368265151977539,0.0008053519708901857,kd_tree,40,2,distance,"{'algorithm': 'kd_tree', 'leaf_size': 40, 'n_neighbors': 2, 'weights': 'distance'}",0.9642857142857143,0.8888888888888888,0.9629629629629629,0.8518518518518519,0.9259259259259259,0.9629629629629629,1.0,0.8518518518518519,0.8888888888888888,0.9259259259259259,0.9223544973544973,0.04826157492490816,1
0.0005334854125976562,0.00019244140484277566,0.014024090766906739,0.0005237984456034388,kd_tree,40,3,uniform,"{'algorithm': 'kd_tree', 'leaf_size': 40, 'n_neighbors': 3, 'weights': 'uniform'}",0.9642857142857143,0.9259259259259259,0.9629629629629629,0.8518518518518519,0.9259259259259259,1.0,1.0,0.8148148148148148,0.8148148148148148,0.8888888888888888,0.9149470899470901,0.06645439983022737,33
0.0008301496505737305,0.00018784017581969747,0.01377882957458496,0.0006628623274345696,kd_tree,40,3,distance,"{'algorithm': 'kd_tree', 'leaf_size': 40, 'n_neighbors': 3, 'weights': 'distance'}",0.9642857142857143,0.9259259259259259,0.9629629629629629,0.8518518518518519,0.9259259259259259,1.0,1.0,0.8148148148148148,0.8148148148148148,0.8888888888888888,0.9149470899470901,0.06645439983022737,33
0.0007181406021118164,0.00028792404191884703,0.0140594482421875,0.0006609016871680123,kd_tree,40,5,uniform,"{'algorithm': 'kd_tree', 'leaf_size': 40, 'n_neighbors': 5, 'weights': 'uniform'}",0.9642857142857143,0.9259259259259259,0.8888888888888888,0.8518518518518519,0.9259259259259259,0.9629629629629629,1.0,0.8888888888888888,0.8148148148148148,0.8888888888888888,0.9112433862433862,0.053030451638520076,161
0.0007803678512573242,0.00025954526090789503,0.013222503662109374,0.0010766083265421856,kd_tree,40,5,distance,"{'algorithm': 'kd_tree', 'leaf_size': 40, 'n_neighbors': 5, 'weights': 'distance'}",0.9642857142857143,0.9259259259259259,0.9259259259259259,0.8518518518518519,0.9259259259259259,0.9629629629629629,1.0,0.8888888888888888,0.8148148148148148,0.8888888888888888,0.9149470899470898,0.05263170833078003,97
0.00045416355133056643,0.0002043331084984142,0.01366438865661621,0.0011898186934782029,kd_tree,40,7,uniform,"{'algorithm': 'kd_tree', 'leaf_size': 40, 'n_neighbors': 7, 'weights': 'uniform'}",0.9642857142857143,0.9259259259259259,0.9259259259259259,0.8518518518518519,0.9259259259259259,0.9629629629629629,0.9259259259259259,0.8888888888888888,0.8518518518518519,0.8148148148148148,0.9038359788359788,0.04759718045831639,257
0.000821995735168457,8.47738857010353e-05,0.013878226280212402,0.00048222849998236174,kd_tree,40,7,distance,"{'algorithm': 'kd_tree', 'leaf_size': 40, 'n_neighbors': 7, 'weights': 'distance'}",0.9642857142857143,0.9629629629629629,0.9259259259259259,0.8518518518518519,0.9259259259259259,0.9629629629629629,0.9629629629629629,0.8888888888888888,0.8518518518518519,0.8148148148148148,0.9112433862433862,0.053030451638520056,161
0.00051422119140625,0.00021336493587732349,0.013930249214172363,0.0007682241756575889,kd_tree,40,11,uniform,"{'algorithm': 'kd_tree', 'leaf_size': 40, 'n_neighbors': 11, 'weights': 'uniform'}",0.9642857142857143,0.8518518518518519,0.8518518518518519,0.8518518518518519,0.9259259259259259,0.9259259259259259,0.8888888888888888,0.8148148148148148,0.9259259259259259,0.8888888888888888,0.889021164021164,0.04404761904761906,545
0.0006943464279174805,0.00016066971439273743,0.013815641403198242,0.0004553120498255856,kd_tree,40,11,distance,"{'algorithm': 'kd_tree', 'leaf_size': 40, 'n_neighbors': 11, 'weights': 'distance'}",0.9642857142857143,0.8888888888888888,0.8518518518518519,0.8518518518518519,0.9259259259259259,0.9629629629629629,0.9629629629629629,0.8148148148148148,0.9629629629629629,0.8888888888888888,0.9075396825396826,0.053168844616982916,225
0.0005318880081176758,0.00019626916466270863,0.01423783302307129,0.000687963532038363,kd_tree,40,13,uniform,"{'algorithm': 'kd_tree', 'leaf_size': 40, 'n_neighbors': 13, 'weights': 'uniform'}",0.9642857142857143,0.8888888888888888,0.8148148148148148,0.8518518518518519,0.9259259259259259,0.8888888888888888,0.8518518518518519,0.8148148148148148,0.9259259259259259,0.8888888888888888,0.8816137566137566,0.04649334482859554,737
0.000720071792602539,5.8095499737996006e-05,0.013594770431518554,0.0004822902273773742,kd_tree,40,13,distance,"{'algorithm': 'kd_tree', 'leaf_size': 40, 'n_neighbors': 13, 'weights': 'distance'}",0.9642857142857143,0.8888888888888888,0.8148148148148148,0.8518518518518519,0.9259259259259259,0.9259259259259259,0.8888888888888888,0.8148148148148148,0.9259259259259259,0.9259259259259259,0.8927248677248677,0.04834271548630229,385
0.000628662109375,0.00021089820216703607,0.014303207397460938,0.000646662462013848,kd_tree,40,17,uniform,"{'algorithm': 'kd_tree', 'leaf_size': 40, 'n_neighbors': 17, 'weights': 'uniform'}",0.9642857142857143,0.9259259259259259,0.8888888888888888,0.8518518518518519,0.9629629629629629,0.8888888888888888,0.8518518518518519,0.7777777777777778,0.9259259259259259,0.8518518518518519,0.8890211640211639,0.05511430334995131,577
0.0006766080856323242,0.0001864612383545672,0.013575863838195801,0.0006597179605968989,kd_tree,40,17,distance,"{'algorithm': 'kd_tree', 'leaf_size': 40, 'n_neighbors': 17, 'weights': 'distance'}",0.9642857142857143,0.9259259259259259,0.8888888888888888,0.8518518518518519,0.9629629629629629,0.9259259259259259,0.8518518518518519,0.7777777777777778,0.9259259259259259,0.8888888888888888,0.8964285714285716,0.0545963104766419,321
0.0005738019943237304,0.00025849658674385054,0.01441361904144287,0.0003860548910919067,kd_tree,40,19,uniform,"{'algorithm': 'kd_tree', 'leaf_size': 40, 'n_neighbors': 19, 'weights': 'uniform'}",0.9642857142857143,0.9259259259259259,0.8888888888888888,0.8888888888888888,0.9629629629629629,0.8888888888888888,0.8148148148148148,0.8148148148148148,0.9259259259259259,0.8148148148148148,0.8890211640211639,0.055114303349951335,577
0.0006439208984375,0.0002500548060804973,0.013699817657470702,0.0006406002672748477,kd_tree,40,19,distance,"{'algorithm': 'kd_tree', 'leaf_size': 40, 'n_neighbors': 19, 'weights': 'distance'}",0.9642857142857143,0.9259259259259259,0.8888888888888888,0.8888888888888888,0.9629629629629629,0.9259259259259259,0.8148148148148148,0.8148148148148148,0.9259259259259259,0.8148148148148148,0.8927248677248677,0.05621444127694664,385
0.0006596803665161133,0.00020066077165251553,0.014398479461669922,0.0007065792511058275,kd_tree,40,23,uniform,"{'algorithm': 'kd_tree', 'leaf_size': 40, 'n_neighbors': 23, 'weights': 'uniform'}",0.9285714285714286,0.9629629629629629,0.8518518518518519,0.8888888888888888,0.9629629629629629,0.8888888888888888,0.8148148148148148,0.8148148148148148,0.8888888888888888,0.8148148148148148,0.8817460317460316,0.054654445597923325,705
0.0007508277893066406,0.00018317393299490474,0.013830900192260742,0.0006000767916820991,kd_tree,40,23,distance,"{'algorithm': 'kd_tree', 'leaf_size': 40, 'n_neighbors': 23, 'weights': 'distance'}",0.9642857142857143,0.9629629629629629,0.8888888888888888,0.8888888888888888,0.9629629629629629,0.9259259259259259,0.8148148148148148,0.8148148148148148,0.8888888888888888,0.8148148148148148,0.8927248677248677,0.05860385508288557,385
0.0006293535232543945,0.00025935492699454357,0.014689278602600098,0.00042166082034472365,kd_tree,40,29,uniform,"{'algorithm': 'kd_tree', 'leaf_size': 40, 'n_neighbors': 29, 'weights': 'uniform'}",0.9285714285714286,0.9629629629629629,0.9259259259259259,0.8888888888888888,0.9629629629629629,0.8518518518518519,0.8148148148148148,0.8148148148148148,0.8888888888888888,0.8148148148148148,0.8854497354497355,0.056244779905782104,641
0.0007349729537963867,0.0001760015591641761,0.013581299781799316,0.0006649522077769264,kd_tree,40,29,distance,"{'algorithm': 'kd_tree', 'leaf_size': 40, 'n_neighbors': 29, 'weights': 'distance'}",0.9285714285714286,0.9629629629629629,0.9259259259259259,0.8888888888888888,0.9629629629629629,0.8888888888888888,0.8148148148148148,0.8148148148148148,0.8888888888888888,0.8148148148148148,0.889153439153439,0.055118588923675764,513
0.0005388975143432618,0.00020856777854047744,0.01418304443359375,0.0007704084147911234,kd_tree,40,31,uniform,"{'algorithm': 'kd_tree', 'leaf_size': 40, 'n_neighbors': 31, 'weights': 'uniform'}",0.9285714285714286,1.0,0.9259259259259259,0.9259259259259259,0.9629629629629629,0.8518518518518519,0.8148148148148148,0.8148148148148148,0.8888888888888888,0.8148148148148148,0.8928571428571429,0.0631078542731494,353
0.0007333755493164062,0.00026080281327677706,0.013254094123840331,0.0008112335084697258,kd_tree,40,31,distance,"{'algorithm': 'kd_tree', 'leaf_size': 40, 'n_neighbors': 31, 'weights': 'distance'}",0.9285714285714286,1.0,0.9259259259259259,0.9259259259259259,0.9629629629629629,0.8888888888888888,0.8148148148148148,0.8148148148148148,0.8888888888888888,0.8148148148148148,0.8965608465608466,0.0616629156361344,289
0.0006986379623413086,0.00020341534624041208,0.014396166801452637,0.0006895883602803133,kd_tree,40,37,uniform,"{'algorithm': 'kd_tree', 'leaf_size': 40, 'n_neighbors': 37, 'weights': 'uniform'}",0.8928571428571429,1.0,0.8888888888888888,0.8888888888888888,0.9259259259259259,0.8518518518518519,0.8148148148148148,0.7037037037037037,0.8888888888888888,0.8518518518518519,0.8707671957671957,0.072782701265744,801
0.0008369684219360352,8.715940554545576e-05,0.01405644416809082,0.0005722984991895717,kd_tree,40,37,distance,"{'algorithm': 'kd_tree', 'leaf_size': 40, 'n_neighbors': 37, 'weights': 'distance'}",0.9285714285714286,1.0,0.8888888888888888,0.9259259259259259,0.9259259259259259,0.8888888888888888,0.8518518518518519,0.7777777777777778,0.8888888888888888,0.8148148148148148,0.8891534391534393,0.0598895290508307,481
0.0007129430770874024,0.00015240692233001526,0.014598369598388672,0.0005621613429155354,kd_tree,40,41,uniform,"{'algorithm': 'kd_tree', 'leaf_size': 40, 'n_neighbors': 41, 'weights': 'uniform'}",0.8571428571428571,1.0,0.8888888888888888,0.8518518518518519,0.9259259259259259,0.8148148148148148,0.8148148148148148,0.7407407407407407,0.8888888888888888,0.8148148148148148,0.8597883597883598,0.06785082532964794,865
0.0008033990859985351,0.00010283096135185074,0.013312983512878417,0.0007285020276315556,kd_tree,40,41,distance,"{'algorithm': 'kd_tree', 'leaf_size': 40, 'n_neighbors': 41, 'weights': 'distance'}",0.8928571428571429,1.0,0.8888888888888888,0.8888888888888888,0.9259259259259259,0.8518518518518519,0.8518518518518519,0.7777777777777778,0.8888888888888888,0.8148148148148148,0.8781746031746032,0.057585884266853474,769
0.000614786148071289,0.00021279002304016515,0.014196085929870605,0.0010895881821314916,kd_tree,40,43,uniform,"{'algorithm': 'kd_tree', 'leaf_size': 40, 'n_neighbors': 43, 'weights': 'uniform'}",0.9285714285714286,1.0,0.8888888888888888,0.8518518518518519,0.9259259259259259,0.8148148148148148,0.8148148148148148,0.7407407407407407,0.9259259259259259,0.8148148148148148,0.8706349206349205,0.07287819624881071,833
0.0008445978164672852,0.00021662616188975622,0.013667082786560059,0.0006072763971516861,kd_tree,40,43,distance,"{'algorithm': 'kd_tree', 'leaf_size': 40, 'n_neighbors': 43, 'weights': 'distance'}",0.9285714285714286,1.0,0.8888888888888888,0.8888888888888888,0.9259259259259259,0.8518518518518519,0.8518518518518519,0.7777777777777778,0.9259259259259259,0.8148148148148148,0.8854497354497355,0.060927597290907604,641
0.0006685733795166015,0.0001820285427566483,0.014664268493652344,0.0005257803274756078,kd_tree,50,2,uniform,"{'algorithm': 'kd_tree', 'leaf_size': 50, 'n_neighbors': 2, 'weights': 'uniform'}",0.9285714285714286,1.0,0.9629629629629629,0.8518518518518519,0.9629629629629629,0.9629629629629629,0.9259259259259259,0.8518518518518519,0.8518518518518519,0.8148148148148148,0.9113756613756614,0.06024838242553935,129
0.0005664348602294922,0.00024373364240410693,0.0130601167678833,0.0008694405616788061,kd_tree,50,2,distance,"{'algorithm': 'kd_tree', 'leaf_size': 50, 'n_neighbors': 2, 'weights': 'distance'}",0.9642857142857143,0.8888888888888888,0.9629629629629629,0.8518518518518519,0.9259259259259259,0.9629629629629629,1.0,0.8518518518518519,0.8888888888888888,0.9259259259259259,0.9223544973544973,0.04826157492490816,1
0.00043201446533203125,0.00020210218546513664,0.013930559158325195,0.0005043906059616126,kd_tree,50,3,uniform,"{'algorithm': 'kd_tree', 'leaf_size': 50, 'n_neighbors': 3, 'weights': 'uniform'}",0.9642857142857143,0.9259259259259259,0.9629629629629629,0.8518518518518519,0.9259259259259259,1.0,1.0,0.8148148148148148,0.8148148148148148,0.8888888888888888,0.9149470899470901,0.06645439983022737,33
0.0006791353225708008,0.00020550891154064909,0.013330698013305664,0.0006641066388404342,kd_tree,50,3,distance,"{'algorithm': 'kd_tree', 'leaf_size': 50, 'n_neighbors': 3, 'weights': 'distance'}",0.9642857142857143,0.9259259259259259,0.9629629629629629,0.8518518518518519,0.9259259259259259,1.0,1.0,0.8148148148148148,0.8148148148148148,0.8888888888888888,0.9149470899470901,0.06645439983022737,33
0.0004878997802734375,0.00020561435004739186,0.013404345512390137,0.0010527721340281547,kd_tree,50,5,uniform,"{'algorithm': 'kd_tree', 'leaf_size': 50, 'n_neighbors': 5, 'weights': 'uniform'}",0.9642857142857143,0.9259259259259259,0.8888888888888888,0.8518518518518519,0.9259259259259259,0.9629629629629629,1.0,0.8888888888888888,0.8148148148148148,0.8888888888888888,0.9112433862433862,0.053030451638520076,161
0.000651407241821289,0.0002396237621242791,0.013583159446716309,0.0005775738520069727,kd_tree,50,5,distance,"{'algorithm': 'kd_tree', 'leaf_size': 50, 'n_neighbors': 5, 'weights': 'distance'}",0.9642857142857143,0.9259259259259259,0.9259259259259259,0.8518518518518519,0.9259259259259259,0.9629629629629629,1.0,0.8888888888888888,0.8148148148148148,0.8888888888888888,0.9149470899470898,0.05263170833078003,97
0.000693821907043457,0.00020881274234573475,0.013916754722595214,0.0009957352393858848,kd_tree,50,7,uniform,"{'algorithm': 'kd_tree', 'leaf_size': 50, 'n_neighbors': 7, 'weights': 'uniform'}",0.9642857142857143,0.9259259259259259,0.9259259259259259,0.8518518518518519,0.9259259259259259,0.9629629629629629,0.9259259259259259,0.8888888888888888,0.8518518518518519,0.8148148148148148,0.9038359788359788,0.04759718045831639,257
0.0007906436920166015,6.535285926776799e-05,0.013239836692810059,0.0008780224180116082,kd_tree,50,7,distance,"{'algorithm': 'kd_tree', 'leaf_size': 50, 'n_neighbors': 7, 'weights': 'distance'}",0.9642857142857143,0.9629629629629629,0.9259259259259259,0.8518518518518519,0.9259259259259259,0.9629629629629629,0.9629629629629629,0.8888888888888888,0.8518518518518519,0.8148148148148148,0.9112433862433862,0.053030451638520056,161
0.0007660150527954102,0.0001697387062213964,0.0141463041305542,0.0008898550733834079,kd_tree,50,11,uniform,"{'algorithm': 'kd_tree', 'leaf_size': 50, 'n_neighbors': 11, 'weights': 'uniform'}",0.9642857142857143,0.8518518518518519,0.8518518518518519,0.8518518518518519,0.9259259259259259,0.9259259259259259,0.8888888888888888,0.8148148148148148,0.9259259259259259,0.8888888888888888,0.889021164021164,0.04404761904761906,545
0.0008126258850097656,4.755505848027825e-05,0.013543486595153809,0.0008591759060626568,kd_tree,50,11,distance,"{'algorithm': 'kd_tree', 'leaf_size': 50, 'n_neighbors': 11, 'weights': 'distance'}",0.9642857142857143,0.8888888888888888,0.8518518518518519,0.8518518518518519,0.9259259259259259,0.9629629629629629,0.9629629629629629,0.8148148148148148,0.9629629629629629,0.8888888888888888,0.9075396825396826,0.053168844616982916,225
0.0007041692733764648,0.0001492537343385245,0.014473748207092286,0.0004291204472944347,kd_tree,50,13,uniform,"{'algorithm': 'kd_tree', 'leaf_size': 50, 'n_neighbors': 13, 'weights': 'uniform'}",0.9642857142857143,0.8888888888888888,0.8148148148148148,0.8518518518518519,0.9259259259259259,0.8888888888888888,0.8518518518518519,0.8148148148148148,0.9259259259259259,0.8888888888888888,0.8816137566137566,0.04649334482859554,737
0.0007452011108398437,6.447159319004893e-05,0.013342928886413575,0.0008998472713232221,kd_tree,50,13,distance,"{'algorithm': 'kd_tree', 'leaf_size': 50, 'n_neighbors': 13, 'weights': 'distance'}",0.9642857142857143,0.8888888888888888,0.8148148148148148,0.8518518518518519,0.9259259259259259,0.9259259259259259,0.8888888888888888,0.8148148148148148,0.9259259259259259,0.9259259259259259,0.8927248677248677,0.04834271548630229,385
0.0006337165832519531,0.00021518158432288058,0.014118123054504394,0.000672430901911556,kd_tree,50,17,uniform,"{'algorithm': 'kd_tree', 'leaf_size': 50, 'n_neighbors': 17, 'weights': 'uniform'}",0.9642857142857143,0.9259259259259259,0.8888888888888888,0.8518518518518519,0.9629629629629629,0.8888888888888888,0.8518518518518519,0.7777777777777778,0.9259259259259259,0.8518518518518519,0.8890211640211639,0.05511430334995131,577
0.0006516695022583008,0.00024040075421112418,0.013335084915161133,0.0006328403605885101,kd_tree,50,17,distance,"{'algorithm': 'kd_tree', 'leaf_size': 50, 'n_neighbors': 17, 'weights': 'distance'}",0.9642857142857143,0.9259259259259259,0.8888888888888888,0.8518518518518519,0.9629629629629629,0.9259259259259259,0.8518518518518519,0.7777777777777778,0.9259259259259259,0.8888888888888888,0.8964285714285716,0.0545963104766419,321
0.00042819976806640625,0.00019585478971170965,0.01384875774383545,0.00044420668154806315,kd_tree,50,19,uniform,"{'algorithm': 'kd_tree', 'leaf_size': 50, 'n_neighbors': 19, 'weights': 'uniform'}",0.9642857142857143,0.9259259259259259,0.8888888888888888,0.8888888888888888,0.9629629629629629,0.8888888888888888,0.8148148148148148,0.8148148148148148,0.9259259259259259,0.8148148148148148,0.8890211640211639,0.055114303349951335,577
0.0006983995437622071,0.00015273631037620683,0.013515472412109375,0.0006297573202373043,kd_tree,50,19,distance,"{'algorithm': 'kd_tree', 'leaf_size': 50, 'n_neighbors': 19, 'weights': 'distance'}",0.9642857142857143,0.9259259259259259,0.8888888888888888,0.8888888888888888,0.9629629629629629,0.9259259259259259,0.8148148148148148,0.8148148148148148,0.9259259259259259,0.8148148148148148,0.8927248677248677,0.05621444127694664,385
0.000621795654296875,0.00020370598365873594,0.014296221733093261,0.000969684912072649,kd_tree,50,23,uniform,"{'algorithm': 'kd_tree', 'leaf_size': 50, 'n_neighbors': 23, 'weights': 'uniform'}",0.9285714285714286,0.9629629629629629,0.8518518518518519,0.8888888888888888,0.9629629629629629,0.8888888888888888,0.8148148148148148,0.8148148148148148,0.8888888888888888,0.8148148148148148,0.8817460317460316,0.054654445597923325,705
0.0006670951843261719,0.00012430139602688165,0.013846659660339355,0.00033014585121534187,kd_tree,50,23,distance,"{'algorithm': 'kd_tree', 'leaf_size': 50, 'n_neighbors': 23, 'weights': 'distance'}",0.9642857142857143,0.9629629629629629,0.8888888888888888,0.8888888888888888,0.9629629629629629,0.9259259259259259,0.8148148148148148,0.8148148148148148,0.8888888888888888,0.8148148148148148,0.8927248677248677,0.05860385508288557,385
0.0005344152450561523,0.0002192088214360193,0.014098644256591797,0.0006050208251485042,kd_tree,50,29,uniform,"{'algorithm': 'kd_tree', 'leaf_size': 50, 'n_neighbors': 29, 'weights': 'uniform'}",0.9285714285714286,0.9629629629629629,0.9259259259259259,0.8888888888888888,0.9629629629629629,0.8518518518518519,0.8148148148148148,0.8148148148148148,0.8888888888888888,0.8148148148148148,0.8854497354497355,0.056244779905782104,641
0.0007346391677856446,0.0001124378101003937,0.013512253761291504,0.0006755361314155797,kd_tree,50,29,distance,"{'algorithm': 'kd_tree', 'leaf_size': 50, 'n_neighbors': 29, 'weights': 'distance'}",0.9285714285714286,0.9629629629629629,0.9259259259259259,0.8888888888888888,0.9629629629629629,0.8888888888888888,0.8148148148148148,0.8148148148148148,0.8888888888888888,0.8148148148148148,0.889153439153439,0.055118588923675764,513
0.0004181861877441406,0.0001490460928123685,0.013749647140502929,0.0008286908290243653,kd_tree,50,31,uniform,"{'algorithm': 'kd_tree', 'leaf_size': 50, 'n_neighbors': 31, 'weights': 'uniform'}",0.9285714285714286,1.0,0.9259259259259259,0.9259259259259259,0.9629629629629629,0.8518518518518519,0.8148148148148148,0.8148148148148148,0.8888888888888888,0.8148148148148148,0.8928571428571429,0.0631078542731494,353
0.0007001399993896484,0.00018513973174607675,0.013456916809082032,0.0004940511061755952,kd_tree,50,31,distance,"{'algorithm': 'kd_tree', 'leaf_size': 50, 'n_neighbors': 31, 'weights': 'distance'}",0.9285714285714286,1.0,0.9259259259259259,0.9259259259259259,0.9629629629629629,0.8888888888888888,0.8148148148148148,0.8148148148148148,0.8888888888888888,0.8148148148148148,0.8965608465608466,0.0616629156361344,289
0.0006202220916748047,0.00018360881490173285,0.014430046081542969,0.00043054321218824194,kd_tree,50,37,uniform,"{'algorithm': 'kd_tree', 'leaf_size': 50, 'n_neighbors': 37, 'weights': 'uniform'}",0.8928571428571429,1.0,0.8888888888888888,0.8888888888888888,0.9259259259259259,0.8518518518518519,0.8148148148148148,0.7037037037037037,0.8888888888888888,0.8518518518518519,0.8707671957671957,0.072782701265744,801
0.0006302595138549805,0.0002178017662834342,0.013051033020019531,0.0008864086947322066,kd_tree,50,37,distance,"{'algorithm': 'kd_tree', 'leaf_size': 50, 'n_neighbors': 37, 'weights': 'distance'}",0.9285714285714286,1.0,0.8888888888888888,0.9259259259259259,0.9259259259259259,0.8888888888888888,0.8518518518518519,0.7777777777777778,0.8888888888888888,0.8148148148148148,0.8891534391534393,0.0598895290508307,481
0.0005365133285522461,0.00022156032282982446,0.014125299453735352,0.0008228035655793202,kd_tree,50,41,uniform,"{'algorithm': 'kd_tree', 'leaf_size': 50, 'n_neighbors': 41, 'weights': 'uniform'}",0.8571428571428571,1.0,0.8888888888888888,0.8518518518518519,0.9259259259259259,0.8148148148148148,0.8148148148148148,0.7407407407407407,0.8888888888888888,0.8148148148148148,0.8597883597883598,0.06785082532964794,865
0.0005846977233886719,0.00027828194083530903,0.013167381286621094,0.0005544573508737442,kd_tree,50,41,distance,"{'algorithm': 'kd_tree', 'leaf_size': 50, 'n_neighbors': 41, 'weights': 'distance'}",0.8928571428571429,1.0,0.8888888888888888,0.8888888888888888,0.9259259259259259,0.8518518518518519,0.8518518518518519,0.7777777777777778,0.8888888888888888,0.8148148148148148,0.8781746031746032,0.057585884266853474,769
0.0004774332046508789,0.000174090407420727,0.01396336555480957,0.0010296152214031124,kd_tree,50,43,uniform,"{'algorithm': 'kd_tree', 'leaf_size': 50, 'n_neighbors': 43, 'weights': 'uniform'}",0.9285714285714286,1.0,0.8888888888888888,0.8518518518518519,0.9259259259259259,0.8148148148148148,0.8148148148148148,0.7407407407407407,0.9259259259259259,0.8148148148148148,0.8706349206349205,0.07287819624881071,833
0.0007900714874267579,7.523039761386082e-05,0.013612508773803711,0.000701023960818256,kd_tree,50,43,distance,"{'algorithm': 'kd_tree', 'leaf_size': 50, 'n_neighbors': 43, 'weights': 'distance'}",0.9285714285714286,1.0,0.8888888888888888,0.8888888888888888,0.9259259259259259,0.8518518518518519,0.8518518518518519,0.7777777777777778,0.9259259259259259,0.8148148148148148,0.8854497354497355,0.060927597290907604,641
0.0007178544998168946,0.00014051718132662323,0.01430947780609131,0.0006373087478388843,kd_tree,60,2,uniform,"{'algorithm': 'kd_tree', 'leaf_size': 60, 'n_neighbors': 2, 'weights': 'uniform'}",0.9285714285714286,1.0,0.9629629629629629,0.8518518518518519,0.9629629629629629,0.9629629629629629,0.9259259259259259,0.8518518518518519,0.8518518518518519,0.8148148148148148,0.9113756613756614,0.06024838242553935,129
0.0006584882736206055,0.00017145447215862706,0.013338112831115722,0.0005751407359329791,kd_tree,60,2,distance,"{'algorithm': 'kd_tree', 'leaf_size': 60, 'n_neighbors': 2, 'weights': 'distance'}",0.9642857142857143,0.8888888888888888,0.9629629629629629,0.8518518518518519,0.9259259259259259,0.9629629629629629,1.0,0.8518518518518519,0.8888888888888888,0.9259259259259259,0.9223544973544973,0.04826157492490816,1
0.0004868507385253906,0.00018697015424775753,0.01370394229888916,0.0007050027486873539,kd_tree,60,3,uniform,"{'algorithm': 'kd_tree', 'leaf_size': 60, 'n_neighbors': 3, 'weights': 'uniform'}",0.9642857142857143,0.9259259259259259,0.9629629629629629,0.8518518518518519,0.9259259259259259,1.0,1.0,0.8148148148148148,0.8148148148148148,0.8888888888888888,0.9149470899470901,0.06645439983022737,33
0.0006633758544921875,0.00013022021200496318,0.013523077964782715,0.0005011480320148673,kd_tree,60,3,distance,"{'algorithm': 'kd_tree', 'leaf_size': 60, 'n_neighbors': 3, 'weights': 'distance'}",0.9642857142857143,0.9259259259259259,0.9629629629629629,0.8518518518518519,0.9259259259259259,1.0,1.0,0.8148148148148148,0.8148148148148148,0.8888888888888888,0.9149470899470901,0.06645439983022737,33
0.0006332159042358399,0.00018751740076327565,0.014018988609313965,0.0005756259244743475,kd_tree,60,5,uniform,"{'algorithm': 'kd_tree', 'leaf_size': 60, 'n_neighbors': 5, 'weights': 'uniform'}",0.9642857142857143,0.9259259259259259,0.8888888888888888,0.8518518518518519,0.9259259259259259,0.9629629629629629,1.0,0.8888888888888888,0.8148148148148148,0.8888888888888888,0.9112433862433862,0.053030451638520076,161
0.0006238460540771484,0.00021009691399730314,0.013144373893737793,0.0009549163970173712,kd_tree,60,5,distance,"{'algorithm': 'kd_tree', 'leaf_size': 60, 'n_neighbors': 5, 'weights': 'distance'}",0.9642857142857143,0.9259259259259259,0.9259259259259259,0.8518518518518519,0.9259259259259259,0.9629629629629629,1.0,0.8888888888888888,0.8148148148148148,0.8888888888888888,0.9149470899470898,0.05263170833078003,97
0.000499725341796875,0.00019727468420005427,0.01405038833618164,0.0006213287087778038,kd_tree,60,7,uniform,"{'algorithm': 'kd_tree', 'leaf_size': 60, 'n_neighbors': 7, 'weights': 'uniform'}",0.9642857142857143,0.9259259259259259,0.9259259259259259,0.8518518518518519,0.9259259259259259,0.9629629629629629,0.9259259259259259,0.8888888888888888,0.8518518518518519,0.8148148148148148,0.9038359788359788,0.04759718045831639,257
0.0006433486938476563,0.00015700989228814523,0.01301589012145996,0.0010482053738800853,kd_tree,60,7,distance,"{'algorithm': 'kd_tree', 'leaf_size': 60, 'n_neighbors': 7, 'weights': 'distance'}",0.9642857142857143,0.9629629629629629,0.9259259259259259,0.8518518518518519,0.9259259259259259,0.9629629629629629,0.9629629629629629,0.8888888888888888,0.8518518518518519,0.8148148148148148,0.9112433862433862,0.053030451638520056,161
0.0006386518478393554,0.00015597685470784478,0.013960814476013184,0.0007714207928297715,kd_tree,60,11,uniform,"{'algorithm': 'kd_tree', 'leaf_size': 60, 'n_neighbors': 11, 'weights': 'uniform'}",0.9642857142857143,0.8518518518518519,0.8518518518518519,0.8518518518518519,0.9259259259259259,0.9259259259259259,0.8888888888888888,0.8148148148148148,0.9259259259259259,0.8888888888888888,0.889021164021164,0.04404761904761906,545
0.0005752086639404297,0.0001672096382330655,0.01285567283630371,0.0008701718403830406,kd_tree,60,11,distance,"{'algorithm': 'kd_tree', 'leaf_size': 60, 'n_neighbors': 11, 'weights': 'distance'}",0.9642857142857143,0.8888888888888888,0.8518518518518519,0.8518518518518519,0.9259259259259259,0.9629629629629629,0.9629629629629629,0.8148148148148148,0.9629629629629629,0.8888888888888888,0.9075396825396826,0.053168844616982916,225
0.0006305456161499023,0.00017958183865412222,0.014043021202087402,0.0008541557478422949,kd_tree,60,13,uniform,"{'algorithm': 'kd_tree', 'leaf_size': 60, 'n_neighbors': 13, 'weights': 'uniform'}",0.9642857142857143,0.8888888888888888,0.8148148148148148,0.8518518518518519,0.9259259259259259,0.8888888888888888,0.8518518518518519,0.8148148148148148,0.9259259259259259,0.8888888888888888,0.8816137566137566,0.04649334482859554,737
0.0005196809768676757,0.00018984168402793862,0.013392043113708497,0.0002993784427519748,kd_tree,60,13,distance,"{'algorithm': 'kd_tree', 'leaf_size': 60, 'n_neighbors': 13, 'weights': 'distance'}",0.9642857142857143,0.8888888888888888,0.8148148148148148,0.8518518518518519,0.9259259259259259,0.9259259259259259,0.8888888888888888,0.8148148148148148,0.9259259259259259,0.9259259259259259,0.8927248677248677,0.04834271548630229,385
0.00038716793060302737,0.00012494323078701564,0.01356503963470459,0.000985565691722511,kd_tree,60,17,uniform,"{'algorithm': 'kd_tree', 'leaf_size': 60, 'n_neighbors': 17, 'weights': 'uniform'}",0.9642857142857143,0.9259259259259259,0.8888888888888888,0.8518518518518519,0.9629629629629629,0.8888888888888888,0.8518518518518519,0.7777777777777778,0.9259259259259259,0.8518518518518519,0.8890211640211639,0.05511430334995131,577
0.0005672931671142578,0.00020484810545585855,0.013277792930603027,0.0007486695418767202,kd_tree,60,17,distance,"{'algorithm': 'kd_tree', 'leaf_size': 60, 'n_neighbors': 17, 'weights': 'distance'}",0.9642857142857143,0.9259259259259259,0.8888888888888888,0.8518518518518519,0.9629629629629629,0.9259259259259259,0.8518518518518519,0.7777777777777778,0.9259259259259259,0.8888888888888888,0.8964285714285716,0.0545963104766419,321
0.0007456779479980469,0.00010273844708723974,0.014655971527099609,0.00025774811005994865,kd_tree,60,19,uniform,"{'algorithm': 'kd_tree', 'leaf_size': 60, 'n_neighbors': 19, 'weights': 'uniform'}",0.9642857142857143,0.9259259259259259,0.8888888888888888,0.8888888888888888,0.9629629629629629,0.8888888888888888,0.8148148148148148,0.8148148148148148,0.9259259259259259,0.8148148148148148,0.8890211640211639,0.055114303349951335,577
0.0007513761520385742,8.641627675940616e-05,0.013570785522460938,0.000546116707324531,kd_tree,60,19,distance,"{'algorithm': 'kd_tree', 'leaf_size': 60, 'n_neighbors': 19, 'weights': 'distance'}",0.9642857142857143,0.9259259259259259,0.8888888888888888,0.8888888888888888,0.9629629629629629,0.9259259259259259,0.8148148148148148,0.8148148148148148,0.9259259259259259,0.8148148148148148,0.8927248677248677,0.05621444127694664,385
0.0006973981857299804,0.00017959460710563908,0.014015626907348634,0.0006277397996119269,kd_tree,60,23,uniform,"{'algorithm': 'kd_tree', 'leaf_size': 60, 'n_neighbors': 23, 'weights': 'uniform'}",0.9285714285714286,0.9629629629629629,0.8518518518518519,0.8888888888888888,0.9629629629629629,0.8888888888888888,0.8148148148148148,0.8148148148148148,0.8888888888888888,0.8148148148148148,0.8817460317460316,0.054654445597923325,705
0.000561213493347168,0.0002061923338803757,0.012862539291381836,0.0010561305612397601,kd_tree,60,23,distance,"{'algorithm': 'kd_tree', 'leaf_size': 60, 'n_neighbors': 23, 'weights': 'distance'}",0.9642857142857143,0.9629629629629629,0.8888888888888888,0.8888888888888888,0.9629629629629629,0.9259259259259259,0.8148148148148148,0.8148148148148148,0.8888888888888888,0.8148148148148148,0.8927248677248677,0.05860385508288557,385
0.0005626678466796875,0.00020977410123635784,0.013956046104431153,0.0007906165745117067,kd_tree,60,29,uniform,"{'algorithm': 'kd_tree', 'leaf_size': 60, 'n_neighbors': 29, 'weights': 'uniform'}",0.9285714285714286,0.9629629629629629,0.9259259259259259,0.8888888888888888,0.9629629629629629,0.8518518518518519,0.8148148148148148,0.8148148148148148,0.8888888888888888,0.8148148148148148,0.8854497354497355,0.056244779905782104,641
0.0007697343826293945,6.471386932738695e-05,0.013524818420410156,0.0006227126501390181,kd_tree,60,29,distance,"{'algorithm': 'kd_tree', 'leaf_size': 60, 'n_neighbors': 29, 'weights': 'distance'}",0.9285714285714286,0.9629629629629629,0.9259259259259259,0.8888888888888888,0.9629629629629629,0.8888888888888888,0.8148148148148148,0.8148148148148148,0.8888888888888888,0.8148148148148148,0.889153439153439,0.055118588923675764,513
0.0007301807403564453,0.0001617804970031565,0.014157605171203614,0.0009356347943601608,kd_tree,60,31,uniform,"{'algorithm': 'kd_tree', 'leaf_size': 60, 'n_neighbors': 31, 'weights': 'uniform'}",0.9285714285714286,1.0,0.9259259259259259,0.9259259259259259,0.9629629629629629,0.8518518518518519,0.8148148148148148,0.8148148148148148,0.8888888888888888,0.8148148148148148,0.8928571428571429,0.0631078542731494,353
0.0006991147994995118,0.00015044537471214185,0.013413357734680175,0.0007999782408098001,kd_tree,60,31,distance,"{'algorithm': 'kd_tree', 'leaf_size': 60, 'n_neighbors': 31, 'weights': 'distance'}",0.9285714285714286,1.0,0.9259259259259259,0.9259259259259259,0.9629629629629629,0.8888888888888888,0.8148148148148148,0.8148148148148148,0.8888888888888888,0.8148148148148148,0.8965608465608466,0.0616629156361344,289
0.0004976272583007812,0.00017546907053322166,0.0138960599899292,0.0009529335306897999,kd_tree,60,37,uniform,"{'algorithm': 'kd_tree', 'leaf_size': 60, 'n_neighbors': 37, 'weights': 'uniform'}",0.8928571428571429,1.0,0.8888888888888888,0.8888888888888888,0.9259259259259259,0.8518518518518519,0.8148148148148148,0.7037037037037037,0.8888888888888888,0.8518518518518519,0.8707671957671957,0.072782701265744,801
0.0006900548934936524,0.00013297119715454414,0.013133811950683593,0.0009716839489232361,kd_tree,60,37,distance,"{'algorithm': 'kd_tree', 'leaf_size': 60, 'n_neighbors': 37, 'weights': 'distance'}",0.9285714285714286,1.0,0.8888888888888888,0.9259259259259259,0.9259259259259259,0.8888888888888888,0.8518518518518519,0.7777777777777778,0.8888888888888888,0.8148148148148148,0.8891534391534393,0.0598895290508307,481
0.0003411293029785156,0.00012129990349270856,0.013645243644714356,0.000605643121596133,kd_tree,60,41,uniform,"{'algorithm': 'kd_tree', 'leaf_size': 60, 'n_neighbors': 41, 'weights': 'uniform'}",0.8571428571428571,1.0,0.8888888888888888,0.8518518518518519,0.9259259259259259,0.8148148148148148,0.8148148148148148,0.7407407407407407,0.8888888888888888,0.8148148148148148,0.8597883597883598,0.06785082532964794,865
0.0006209373474121094,0.00020968404251893747,0.013296222686767578,0.0008694487520325469,kd_tree,60,41,distance,"{'algorithm': 'kd_tree', 'leaf_size': 60, 'n_neighbors': 41, 'weights': 'distance'}",0.8928571428571429,1.0,0.8888888888888888,0.8888888888888888,0.9259259259259259,0.8518518518518519,0.8518518518518519,0.7777777777777778,0.8888888888888888,0.8148148148148148,0.8781746031746032,0.057585884266853474,769
0.0007135629653930664,0.00022063251831939864,0.013962602615356446,0.0011823299608869529,kd_tree,60,43,uniform,"{'algorithm': 'kd_tree', 'leaf_size': 60, 'n_neighbors': 43, 'weights': 'uniform'}",0.9285714285714286,1.0,0.8888888888888888,0.8518518518518519,0.9259259259259259,0.8148148148148148,0.8148148148148148,0.7407407407407407,0.9259259259259259,0.8148148148148148,0.8706349206349205,0.07287819624881071,833
0.0006546735763549805,0.00022897635063138115,0.013379192352294922,0.0008976951664151988,kd_tree,60,43,distance,"{'algorithm': 'kd_tree', 'leaf_size': 60, 'n_neighbors': 43, 'weights': 'distance'}",0.9285714285714286,1.0,0.8888888888888888,0.8888888888888888,0.9259259259259259,0.8518518518518519,0.8518518518518519,0.7777777777777778,0.9259259259259259,0.8148148148148148,0.8854497354497355,0.060927597290907604,641
0.0004876852035522461,0.00015461040438596074,0.014119839668273926,0.0008144224306253043,kd_tree,70,2,uniform,"{'algorithm': 'kd_tree', 'leaf_size': 70, 'n_neighbors': 2, 'weights': 'uniform'}",0.9285714285714286,1.0,0.9629629629629629,0.8518518518518519,0.9629629629629629,0.9629629629629629,0.9259259259259259,0.8518518518518519,0.8518518518518519,0.8148148148148148,0.9113756613756614,0.06024838242553935,129
0.0006155729293823242,7.350297858953197e-05,0.013573241233825684,0.000523212622544318,kd_tree,70,2,distance,"{'algorithm': 'kd_tree', 'leaf_size': 70, 'n_neighbors': 2, 'weights': 'distance'}",0.9642857142857143,0.8888888888888888,0.9629629629629629,0.8518518518518519,0.9259259259259259,0.9629629629629629,1.0,0.8518518518518519,0.8888888888888888,0.9259259259259259,0.9223544973544973,0.04826157492490816,1
0.0005136489868164063,0.0002064181243795666,0.01427457332611084,0.0005662969409002474,kd_tree,70,3,uniform,"{'algorithm': 'kd_tree', 'leaf_size': 70, 'n_neighbors': 3, 'weights': 'uniform'}",0.9642857142857143,0.9259259259259259,0.9629629629629629,0.8518518518518519,0.9259259259259259,1.0,1.0,0.8148148148148148,0.8148148148148148,0.8888888888888888,0.9149470899470901,0.06645439983022737,33
0.0005570650100708008,0.00012205458377670053,0.013447785377502441,0.0006348847393841046,kd_tree,70,3,distance,"{'algorithm': 'kd_tree', 'leaf_size': 70, 'n_neighbors': 3, 'weights': 'distance'}",0.9642857142857143,0.9259259259259259,0.9629629629629629,0.8518518518518519,0.9259259259259259,1.0,1.0,0.8148148148148148,0.8148148148148148,0.8888888888888888,0.9149470899470901,0.06645439983022737,33
0.0004530906677246094,0.00017029333704710514,0.014248871803283691,0.000549208656665103,kd_tree,70,5,uniform,"{'algorithm': 'kd_tree', 'leaf_size': 70, 'n_neighbors': 5, 'weights': 'uniform'}",0.9642857142857143,0.9259259259259259,0.8888888888888888,0.8518518518518519,0.9259259259259259,0.9629629629629629,1.0,0.8888888888888888,0.8148148148148148,0.8888888888888888,0.9112433862433862,0.053030451638520076,161
0.0005445718765258789,0.00010840059054958004,0.013045859336853028,0.0008818782446446962,kd_tree,70,5,distance,"{'algorithm': 'kd_tree', 'leaf_size': 70, 'n_neighbors': 5, 'weights': 'distance'}",0.9642857142857143,0.9259259259259259,0.9259259259259259,0.8518518518518519,0.9259259259259259,0.9629629629629629,1.0,0.8888888888888888,0.8148148148148148,0.8888888888888888,0.9149470899470898,0.05263170833078003,97
0.0003800153732299805,0.00013333071478932202,0.013809490203857421,0.0011164265878670979,kd_tree,70,7,uniform,"{'algorithm': 'kd_tree', 'leaf_size': 70, 'n_neighbors': 7, 'weights': 'uniform'}",0.9642857142857143,0.9259259259259259,0.9259259259259259,0.8518518518518519,0.9259259259259259,0.9629629629629629,0.9259259259259259,0.8888888888888888,0.8518518518518519,0.8148148148148148,0.9038359788359788,0.04759718045831639,257
0.000602889060974121,0.00012760967970835104,0.013522529602050781,0.0007004711252996886,kd_tree,70,7,distance,"{'algorithm': 'kd_tree', 'leaf_size': 70, 'n_neighbors': 7, 'weights': 'distance'}",0.9642857142857143,0.9629629629629629,0.9259259259259259,0.8518518518518519,0.9259259259259259,0.9629629629629629,0.9629629629629629,0.8888888888888888,0.8518518518518519,0.8148148148148148,0.9112433862433862,0.053030451638520056,161
0.000490570068359375,0.00016348604488646272,0.014375948905944824,0.0006322944815502179,kd_tree,70,11,uniform,"{'algorithm': 'kd_tree', 'leaf_size': 70, 'n_neighbors': 11, 'weights': 'uniform'}",0.9642857142857143,0.8518518518518519,0.8518518518518519,0.8518518518518519,0.9259259259259259,0.9259259259259259,0.8888888888888888,0.8148148148148148,0.9259259259259259,0.8888888888888888,0.889021164021164,0.04404761904761906,545
0.0005169391632080078,0.0001258337393304091,0.013120222091674804,0.0008470479954936368,kd_tree,70,11,distance,"{'algorithm': 'kd_tree', 'leaf_size': 70, 'n_neighbors': 11, 'weights': 'distance'}",0.9642857142857143,0.8888888888888888,0.8518518518518519,0.8518518518518519,0.9259259259259259,0.9629629629629629,0.9629629629629629,0.8148148148148148,0.9629629629629629,0.8888888888888888,0.9075396825396826,0.053168844616982916,225
0.0005019903182983398,0.0001188630440100749,0.013782787322998046,0.000849300670104571,kd_tree,70,13,uniform,"{'algorithm': 'kd_tree', 'leaf_size': 70, 'n_neighbors': 13, 'weights': 'uniform'}",0.9642857142857143,0.8888888888888888,0.8148148148148148,0.8518518518518519,0.9259259259259259,0.8888888888888888,0.8518518518518519,0.8148148148148148,0.9259259259259259,0.8888888888888888,0.8816137566137566,0.04649334482859554,737
0.0004688262939453125,0.00016029234813751334,0.013403606414794923,0.0006092525325241028,kd_tree,70,13,distance,"{'algorithm': 'kd_tree', 'leaf_size': 70, 'n_neighbors': 13, 'weights': 'distance'}",0.9642857142857143,0.8888888888888888,0.8148148148148148,0.8518518518518519,0.9259259259259259,0.9259259259259259,0.8888888888888888,0.8148148148148148,0.9259259259259259,0.9259259259259259,0.8927248677248677,0.04834271548630229,385
0.0005977869033813477,8.313536882438115e-05,0.013917160034179688,0.0007368687185137945,kd_tree,70,17,uniform,"{'algorithm': 'kd_tree', 'leaf_size': 70, 'n_neighbors': 17, 'weights': 'uniform'}",0.9642857142857143,0.9259259259259259,0.8888888888888888,0.8518518518518519,0.9629629629629629,0.8888888888888888,0.8518518518518519,0.7777777777777778,0.9259259259259259,0.8518518518518519,0.8890211640211639,0.05511430334995131,577
0.0005618810653686523,0.00016757973832526074,0.01338961124420166,0.0004627901081207281,kd_tree,70,17,distance,"{'algorithm': 'kd_tree', 'leaf_size': 70, 'n_neighbors': 17, 'weights': 'distance'}",0.9642857142857143,0.9259259259259259,0.8888888888888888,0.8518518518518519,0.9629629629629629,0.9259259259259259,0.8518518518518519,0.7777777777777778,0.9259259259259259,0.8888888888888888,0.8964285714285716,0.0545963104766419,321
0.0005288124084472656,0.0001797281735521931,0.013852763175964355,0.0009516072225795638,kd_tree,70,19,uniform,"{'algorithm': 'kd_tree', 'leaf_size': 70, 'n_neighbors': 19, 'weights': 'uniform'}",0.9642857142857143,0.9259259259259259,0.8888888888888888,0.8888888888888888,0.9629629629629629,0.8888888888888888,0.8148148148148148,0.8148148148148148,0.9259259259259259,0.8148148148148148,0.8890211640211639,0.055114303349951335,577
0.0005639314651489258,0.00019755956912259935,0.013279438018798828,0.0007062505398847085,kd_tree,70,19,distance,"{'algorithm': 'kd_tree', 'leaf_size': 70, 'n_neighbors': 19, 'weights': 'distance'}",0.9642857142857143,0.9259259259259259,0.8888888888888888,0.8888888888888888,0.9629629629629629,0.9259259259259259,0.8148148148148148,0.8148148148148148,0.9259259259259259,0.8148148148148148,0.8927248677248677,0.05621444127694664,385
0.0005642890930175782,0.00012068807819571722,0.014327907562255859,0.0005959033431878608,kd_tree,70,23,uniform,"{'algorithm': 'kd_tree', 'leaf_size': 70, 'n_neighbors': 23, 'weights': 'uniform'}",0.9285714285714286,0.9629629629629629,0.8518518518518519,0.8888888888888888,0.9629629629629629,0.8888888888888888,0.8148148148148148,0.8148148148148148,0.8888888888888888,0.8148148148148148,0.8817460317460316,0.054654445597923325,705
0.0005144596099853516,0.00017305125397961243,0.013312911987304688,0.0007462787637923479,kd_tree,70,23,distance,"{'algorithm': 'kd_tree', 'leaf_size': 70, 'n_neighbors': 23, 'weights': 'distance'}",0.9642857142857143,0.9629629629629629,0.8888888888888888,0.8888888888888888,0.9629629629629629,0.9259259259259259,0.8148148148148148,0.8148148148148148,0.8888888888888888,0.8148148148148148,0.8927248677248677,0.05860385508288557,385
0.000492548942565918,0.00012581253539351665,0.013504862785339355,0.001067662990837542,kd_tree,70,29,uniform,"{'algorithm': 'kd_tree', 'leaf_size': 70, 'n_neighbors': 29, 'weights': 'uniform'}",0.9285714285714286,0.9629629629629629,0.9259259259259259,0.8888888888888888,0.9629629629629629,0.8518518518518519,0.8148148148148148,0.8148148148148148,0.8888888888888888,0.8148148148148148,0.8854497354497355,0.056244779905782104,641
0.0005385160446166992,0.00014618423014061427,0.013113307952880859,0.0008824499221823898,kd_tree,70,29,distance,"{'algorithm': 'kd_tree', 'leaf_size': 70, 'n_neighbors': 29, 'weights': 'distance'}",0.9285714285714286,0.9629629629629629,0.9259259259259259,0.8888888888888888,0.9629629629629629,0.8888888888888888,0.8148148148148148,0.8148148148148148,0.8888888888888888,0.8148148148148148,0.889153439153439,0.055118588923675764,513
0.0004452705383300781,0.00019242704881993023,0.013773679733276367,0.0010535367604677449,kd_tree,70,31,uniform,"{'algorithm': 'kd_tree', 'leaf_size': 70, 'n_neighbors': 31, 'weights': 'uniform'}",0.9285714285714286,1.0,0.9259259259259259,0.9259259259259259,0.9629629629629629,0.8518518518518519,0.8148148148148148,0.8148148148148148,0.8888888888888888,0.8148148148148148,0.8928571428571429,0.0631078542731494,353
0.00043320655822753906,0.00014323044507758185,0.013334918022155761,0.0007858806573847329,kd_tree,70,31,distance,"{'algorithm': 'kd_tree', 'leaf_size': 70, 'n_neighbors': 31, 'weights': 'distance'}",0.9285714285714286,1.0,0.9259259259259259,0.9259259259259259,0.9629629629629629,0.8888888888888888,0.8148148148148148,0.8148148148148148,0.8888888888888888,0.8148148148148148,0.8965608465608466,0.0616629156361344,289
0.0005559206008911132,0.0001607381936405493,0.01423940658569336,0.0005877777209191085,kd_tree,70,37,uniform,"{'algorithm': 'kd_tree', 'leaf_size': 70, 'n_neighbors': 37, 'weights': 'uniform'}",0.8928571428571429,1.0,0.8888888888888888,0.8888888888888888,0.9259259259259259,0.8518518518518519,0.8148148148148148,0.7037037037037037,0.8888888888888888,0.8518518518518519,0.8707671957671957,0.072782701265744,801
0.0006283760070800781,0.00014216091192820966,0.013712334632873534,0.0005787257204330133,kd_tree,70,37,distance,"{'algorithm': 'kd_tree', 'leaf_size': 70, 'n_neighbors': 37, 'weights': 'distance'}",0.9285714285714286,1.0,0.8888888888888888,0.9259259259259259,0.9259259259259259,0.8888888888888888,0.8518518518518519,0.7777777777777778,0.8888888888888888,0.8148148148148148,0.8891534391534393,0.0598895290508307,481
0.0006273746490478516,4.97467321264512e-05,0.014625215530395507,0.0003089620767008589,kd_tree,70,41,uniform,"{'algorithm': 'kd_tree', 'leaf_size': 70, 'n_neighbors': 41, 'weights': 'uniform'}",0.8571428571428571,1.0,0.8888888888888888,0.8518518518518519,0.9259259259259259,0.8148148148148148,0.8148148148148148,0.7407407407407407,0.8888888888888888,0.8148148148148148,0.8597883597883598,0.06785082532964794,865
0.00047984123229980467,0.00018320817103638164,0.012500667572021484,0.001023937474945862,kd_tree,70,41,distance,"{'algorithm': 'kd_tree', 'leaf_size': 70, 'n_neighbors': 41, 'weights': 'distance'}",0.8928571428571429,1.0,0.8888888888888888,0.8888888888888888,0.9259259259259259,0.8518518518518519,0.8518518518518519,0.7777777777777778,0.8888888888888888,0.8148148148148148,0.8781746031746032,0.057585884266853474,769
0.00041189193725585935,0.000151254828596277,0.01406254768371582,0.000713559549106107,kd_tree,70,43,uniform,"{'algorithm': 'kd_tree', 'leaf_size': 70, 'n_neighbors': 43, 'weights': 'uniform'}",0.9285714285714286,1.0,0.8888888888888888,0.8518518518518519,0.9259259259259259,0.8148148148148148,0.8148148148148148,0.7407407407407407,0.9259259259259259,0.8148148148148148,0.8706349206349205,0.07287819624881071,833
0.0006258249282836914,6.998594136601251e-05,0.013188648223876952,0.0008663815375552902,kd_tree,70,43,distance,"{'algorithm': 'kd_tree', 'leaf_size': 70, 'n_neighbors': 43, 'weights': 'distance'}",0.9285714285714286,1.0,0.8888888888888888,0.8888888888888888,0.9259259259259259,0.8518518518518519,0.8518518518518519,0.7777777777777778,0.9259259259259259,0.8148148148148148,0.8854497354497355,0.060927597290907604,641
0.0003213167190551758,0.0001111630070300043,0.013874959945678712,0.0005210613451620167,kd_tree,80,2,uniform,"{'algorithm': 'kd_tree', 'leaf_size': 80, 'n_neighbors': 2, 'weights': 'uniform'}",0.9285714285714286,1.0,0.9629629629629629,0.8518518518518519,0.9629629629629629,0.9629629629629629,0.9259259259259259,0.8518518518518519,0.8518518518518519,0.8148148148148148,0.9113756613756614,0.06024838242553935,129
0.00047249794006347655,0.00018554072669863284,0.013457918167114257,0.0004254609064046257,kd_tree,80,2,distance,"{'algorithm': 'kd_tree', 'leaf_size': 80, 'n_neighbors': 2, 'weights': 'distance'}",0.9642857142857143,0.8888888888888888,0.9629629629629629,0.8518518518518519,0.9259259259259259,0.9629629629629629,1.0,0.8518518518518519,0.8888888888888888,0.9259259259259259,0.9223544973544973,0.04826157492490816,1
0.0005690336227416992,0.0001425784187777488,0.013915228843688964,0.0008581137310685235,kd_tree,80,3,uniform,"{'algorithm': 'kd_tree', 'leaf_size': 80, 'n_neighbors': 3, 'weights': 'uniform'}",0.9642857142857143,0.9259259259259259,0.9629629629629629,0.8518518518518519,0.9259259259259259,1.0,1.0,0.8148148148148148,0.8148148148148148,0.8888888888888888,0.9149470899470901,0.06645439983022737,33
0.0006120443344116211,0.00010899314926783272,0.013156771659851074,0.0009358441056389524,kd_tree,80,3,distance,"{'algorithm': 'kd_tree', 'leaf_size': 80, 'n_neighbors': 3, 'weights': 'distance'}",0.9642857142857143,0.9259259259259259,0.9629629629629629,0.8518518518518519,0.9259259259259259,1.0,1.0,0.8148148148148148,0.8148148148148148,0.8888888888888888,0.9149470899470901,0.06645439983022737,33
0.0004606723785400391,0.00016946908658456206,0.01389012336730957,0.0011230822566020294,kd_tree,80,5,uniform,"{'algorithm': 'kd_tree', 'leaf_size': 80, 'n_neighbors': 5, 'weights': 'uniform'}",0.9642857142857143,0.9259259259259259,0.8888888888888888,0.8518518518518519,0.9259259259259259,0.9629629629629629,1.0,0.8888888888888888,0.8148148148148148,0.8888888888888888,0.9112433862433862,0.053030451638520076,161
0.0005936145782470704,0.00012296606888772212,0.01328263282775879,0.0008395986290587069,kd_tree,80,5,distance,"{'algorithm': 'kd_tree', 'leaf_size': 80, 'n_neighbors': 5, 'weights': 'distance'}",0.9642857142857143,0.9259259259259259,0.9259259259259259,0.8518518518518519,0.9259259259259259,0.9629629629629629,1.0,0.8888888888888888,0.8148148148148148,0.8888888888888888,0.9149470899470898,0.05263170833078003,97
0.0004904747009277343,0.00013921982522241479,0.013600802421569825,0.0008247736171892107,kd_tree,80,7,uniform,"{'algorithm': 'kd_tree', 'leaf_size': 80, 'n_neighbors': 7, 'weights': 'uniform'}",0.9642857142857143,0.9259259259259259,0.9259259259259259,0.8518518518518519,0.9259259259259259,0.9629629629629629,0.9259259259259259,0.8888888888888888,0.8518518518518519,0.8148148148148148,0.9038359788359788,0.04759718045831639,257
0.0005199670791625977,0.00018701649544734474,0.012926459312438965,0.0007266615328904252,kd_tree,80,7,distance,"{'algorithm': 'kd_tree', 'leaf_size': 80, 'n_neighbors': 7, 'weights': 'distance'}",0.9642857142857143,0.9629629629629629,0.9259259259259259,0.8518518518518519,0.9259259259259259,0.9629629629629629,0.9629629629629629,0.8888888888888888,0.8518518518518519,0.8148148148148148,0.9112433862433862,0.053030451638520056,161
0.0005020856857299805,0.00018265973696490517,0.01429438591003418,0.0005856401987966461,kd_tree,80,11,uniform,"{'algorithm': 'kd_tree', 'leaf_size': 80, 'n_neighbors': 11, 'weights': 'uniform'}",0.9642857142857143,0.8518518518518519,0.8518518518518519,0.8518518518518519,0.9259259259259259,0.9259259259259259,0.8888888888888888,0.8148148148148148,0.9259259259259259,0.8888888888888888,0.889021164021164,0.04404761904761906,545
0.000460052490234375,0.00016379249494667488,0.013067269325256347,0.0006089799008836612,kd_tree,80,11,distance,"{'algorithm': 'kd_tree', 'leaf_size': 80, 'n_neighbors': 11, 'weights': 'distance'}",0.9642857142857143,0.8888888888888888,0.8518518518518519,0.8518518518518519,0.9259259259259259,0.9629629629629629,0.9629629629629629,0.8148148148148148,0.9629629629629629,0.8888888888888888,0.9075396825396826,0.053168844616982916,225
0.0005720615386962891,7.291845834852394e-05,0.013881230354309082,0.0009067761594939473,kd_tree,80,13,uniform,"{'algorithm': 'kd_tree', 'leaf_size': 80, 'n_neighbors': 13, 'weights': 'uniform'}",0.9642857142857143,0.8888888888888888,0.8148148148148148,0.8518518518518519,0.9259259259259259,0.8888888888888888,0.8518518518518519,0.8148148148148148,0.9259259259259259,0.8888888888888888,0.8816137566137566,0.04649334482859554,737
0.0004635334014892578,0.0001710066894212915,0.013173055648803712,0.0009225476759172202,kd_tree,80,13,distance,"{'algorithm': 'kd_tree', 'leaf_size': 80, 'n_neighbors': 13, 'weights': 'distance'}",0.9642857142857143,0.8888888888888888,0.8148148148148148,0.8518518518518519,0.9259259259259259,0.9259259259259259,0.8888888888888888,0.8148148148148148,0.9259259259259259,0.9259259259259259,0.8927248677248677,0.04834271548630229,385
0.0006371736526489258,9.583004862592757e-05,0.014269471168518066,0.0007506574886911659,kd_tree,80,17,uniform,"{'algorithm': 'kd_tree', 'leaf_size': 80, 'n_neighbors': 17, 'weights': 'uniform'}",0.9642857142857143,0.9259259259259259,0.8888888888888888,0.8518518518518519,0.9629629629629629,0.8888888888888888,0.8518518518518519,0.7777777777777778,0.9259259259259259,0.8518518518518519,0.8890211640211639,0.05511430334995131,577
0.0005925178527832031,0.00012428044063056448,0.013389039039611816,0.000707753839037882,kd_tree,80,17,distance,"{'algorithm': 'kd_tree', 'leaf_size': 80, 'n_neighbors': 17, 'weights': 'distance'}",0.9642857142857143,0.9259259259259259,0.8888888888888888,0.8518518518518519,0.9629629629629629,0.9259259259259259,0.8518518518518519,0.7777777777777778,0.9259259259259259,0.8888888888888888,0.8964285714285716,0.0545963104766419,321
0.0003251552581787109,9.183138423958565e-05,0.013451695442199707,0.0004244504734873252,kd_tree,80,19,uniform,"{'algorithm': 'kd_tree', 'leaf_size': 80, 'n_neighbors': 19, 'weights': 'uniform'}",0.9642857142857143,0.9259259259259259,0.8888888888888888,0.8888888888888888,0.9629629629629629,0.8888888888888888,0.8148148148148148,0.8148148148148148,0.9259259259259259,0.8148148148148148,0.8890211640211639,0.055114303349951335,577
0.0003395557403564453,0.00012067861083529817,0.013165569305419922,0.0007368861323100802,kd_tree,80,19,distance,"{'algorithm': 'kd_tree', 'leaf_size': 80, 'n_neighbors': 19, 'weights': 'distance'}",0.9642857142857143,0.9259259259259259,0.8888888888888888,0.8888888888888888,0.9629629629629629,0.9259259259259259,0.8148148148148148,0.8148148148148148,0.9259259259259259,0.8148148148148148,0.8927248677248677,0.05621444127694664,385
0.00026574134826660154,1.7655922031132376e-05,0.013532590866088868,0.00022545251645252645,kd_tree,80,23,uniform,"{'algorithm': 'kd_tree', 'leaf_size': 80, 'n_neighbors': 23, 'weights': 'uniform'}",0.9285714285714286,0.9629629629629629,0.8518518518518519,0.8888888888888888,0.9629629629629629,0.8888888888888888,0.8148148148148148,0.8148148148148148,0.8888888888888888,0.8148148148148148,0.8817460317460316,0.054654445597923325,705
0.0002611637115478516,1.8043797815424514e-05,0.013198757171630859,6.485530535837951e-05,kd_tree,80,23,distance,"{'algorithm': 'kd_tree', 'leaf_size': 80, 'n_neighbors': 23, 'weights': 'distance'}",0.9642857142857143,0.9629629629629629,0.8888888888888888,0.8888888888888888,0.9629629629629629,0.9259259259259259,0.8148148148148148,0.8148148148148148,0.8888888888888888,0.8148148148148148,0.8927248677248677,0.05860385508288557,385
0.00026171207427978517,1.4978323470736827e-05,0.0130767822265625,0.0007467360940526809,kd_tree,80,29,uniform,"{'algorithm': 'kd_tree', 'leaf_size': 80, 'n_neighbors': 29, 'weights': 'uniform'}",0.9285714285714286,0.9629629629629629,0.9259259259259259,0.8888888888888888,0.9629629629629629,0.8518518518518519,0.8148148148148148,0.8148148148148148,0.8888888888888888,0.8148148148148148,0.8854497354497355,0.056244779905782104,641
0.00027105808258056643,2.5336043648037437e-05,0.01271975040435791,0.0006342609112364631,kd_tree,80,29,distance,"{'algorithm': 'kd_tree', 'leaf_size': 80, 'n_neighbors': 29, 'weights': 'distance'}",0.9285714285714286,0.9629629629629629,0.9259259259259259,0.8888888888888888,0.9629629629629629,0.8888888888888888,0.8148148148148148,0.8148148148148148,0.8888888888888888,0.8148148148148148,0.889153439153439,0.055118588923675764,513
0.0002641439437866211,1.5939650587386316e-05,0.013283038139343261,0.0006648008052089644,kd_tree,80,31,uniform,"{'algorithm': 'kd_tree', 'leaf_size': 80, 'n_neighbors': 31, 'weights': 'uniform'}",0.9285714285714286,1.0,0.9259259259259259,0.9259259259259259,0.9629629629629629,0.8518518518518519,0.8148148148148148,0.8148148148148148,0.8888888888888888,0.8148148148148148,0.8928571428571429,0.0631078542731494,353
0.00026195049285888673,1.4072776547122595e-05,0.013179516792297364,0.00017242162131897565,kd_tree,80,31,distance,"{'algorithm': 'kd_tree', 'leaf_size': 80, 'n_neighbors': 31, 'weights': 'distance'}",0.9285714285714286,1.0,0.9259259259259259,0.9259259259259259,0.9629629629629629,0.8888888888888888,0.8148148148148148,0.8148148148148148,0.8888888888888888,0.8148148148148148,0.8965608465608466,0.0616629156361344,289
0.00026738643646240234,1.185026683769961e-05,0.013445782661437988,0.0003347064347136679,kd_tree,80,37,uniform,"{'algorithm': 'kd_tree', 'leaf_size': 80, 'n_neighbors': 37, 'weights': 'uniform'}",0.8928571428571429,1.0,0.8888888888888888,0.8888888888888888,0.9259259259259259,0.8518518518518519,0.8148148148148148,0.7037037037037037,0.8888888888888888,0.8518518518518519,0.8707671957671957,0.072782701265744,801
0.0003409385681152344,2.814470483961649e-05,0.013135504722595216,0.0006005714889732879,kd_tree,80,37,distance,"{'algorithm': 'kd_tree', 'leaf_size': 80, 'n_neighbors': 37, 'weights': 'distance'}",0.9285714285714286,1.0,0.8888888888888888,0.9259259259259259,0.9259259259259259,0.8888888888888888,0.8518518518518519,0.7777777777777778,0.8888888888888888,0.8148148148148148,0.8891534391534393,0.0598895290508307,481
0.00034465789794921873,2.9587198124813542e-05,0.013470029830932618,0.0005046510743944813,kd_tree,80,41,uniform,"{'algorithm': 'kd_tree', 'leaf_size': 80, 'n_neighbors': 41, 'weights': 'uniform'}",0.8571428571428571,1.0,0.8888888888888888,0.8518518518518519,0.9259259259259259,0.8148148148148148,0.8148148148148148,0.7407407407407407,0.8888888888888888,0.8148148148148148,0.8597883597883598,0.06785082532964794,865
0.0004031896591186523,3.8021365138672e-05,0.01314094066619873,0.0007993992244641618,kd_tree,80,41,distance,"{'algorithm': 'kd_tree', 'leaf_size': 80, 'n_neighbors': 41, 'weights': 'distance'}",0.8928571428571429,1.0,0.8888888888888888,0.8888888888888888,0.9259259259259259,0.8518518518518519,0.8518518518518519,0.7777777777777778,0.8888888888888888,0.8148148148148148,0.8781746031746032,0.057585884266853474,769
0.00043802261352539064,2.6555548961571664e-05,0.013690805435180664,0.0008714848492867665,kd_tree,80,43,uniform,"{'algorithm': 'kd_tree', 'leaf_size': 80, 'n_neighbors': 43, 'weights': 'uniform'}",0.9285714285714286,1.0,0.8888888888888888,0.8518518518518519,0.9259259259259259,0.8148148148148148,0.8148148148148148,0.7407407407407407,0.9259259259259259,0.8148148148148148,0.8706349206349205,0.07287819624881071,833
0.00040886402130126955,7.898274969955971e-05,0.013081026077270509,0.000856064880271635,kd_tree,80,43,distance,"{'algorithm': 'kd_tree', 'leaf_size': 80, 'n_neighbors': 43, 'weights': 'distance'}",0.9285714285714286,1.0,0.8888888888888888,0.8888888888888888,0.9259259259259259,0.8518518518518519,0.8518518518518519,0.7777777777777778,0.9259259259259259,0.8148148148148148,0.8854497354497355,0.060927597290907604,641
0.00016443729400634767,3.426483106096737e-05,0.002167224884033203,0.005655711060338768,brute,10,2,uniform,"{'algorithm': 'brute', 'leaf_size': 10, 'n_neighbors': 2, 'weights': 'uniform'}",0.9285714285714286,1.0,0.9629629629629629,0.8518518518518519,0.9629629629629629,0.9629629629629629,0.9259259259259259,0.8518518518518519,0.8518518518518519,0.8148148148148148,0.9113756613756614,0.06024838242553935,129
0.00014030933380126953,1.2194009071140002e-05,0.00026957988739013673,2.672608465816364e-05,brute,10,2,distance,"{'algorithm': 'brute', 'leaf_size': 10, 'n_neighbors': 2, 'weights': 'distance'}",0.9642857142857143,0.8888888888888888,0.9629629629629629,0.8518518518518519,0.9259259259259259,0.9629629629629629,1.0,0.8518518518518519,0.8888888888888888,0.9259259259259259,0.9223544973544973,0.04826157492490816,1
0.00014595985412597657,1.4884577105686639e-05,0.00026946067810058595,2.8374775964009484e-05,brute,10,3,uniform,"{'algorithm': 'brute', 'leaf_size': 10, 'n_neighbors': 3, 'weights': 'uniform'}",0.9642857142857143,0.9259259259259259,0.9629629629629629,0.8518518518518519,0.9259259259259259,1.0,1.0,0.8148148148148148,0.8148148148148148,0.8888888888888888,0.9149470899470901,0.06645439983022737,33
0.00013883113861083983,1.566250385059463e-05,0.00028676986694335936,3.450252125178766e-05,brute,10,3,distance,"{'algorithm': 'brute', 'leaf_size': 10, 'n_neighbors': 3, 'weights': 'distance'}",0.9642857142857143,0.9259259259259259,0.9629629629629629,0.8518518518518519,0.9259259259259259,1.0,1.0,0.8148148148148148,0.8148148148148148,0.8888888888888888,0.9149470899470901,0.06645439983022737,33
0.0001255035400390625,8.104268004485785e-06,0.00023493766784667968,1.4166638569778055e-05,brute,10,5,uniform,"{'algorithm': 'brute', 'leaf_size': 10, 'n_neighbors': 5, 'weights': 'uniform'}",0.9642857142857143,0.9259259259259259,0.8888888888888888,0.8518518518518519,0.9259259259259259,0.9629629629629629,1.0,0.8888888888888888,0.8148148148148148,0.8888888888888888,0.9112433862433862,0.053030451638520076,161
0.0001241445541381836,9.223471640400586e-06,0.00024597644805908204,1.0697557631757226e-05,brute,10,5,distance,"{'algorithm': 'brute', 'leaf_size': 10, 'n_neighbors': 5, 'weights': 'distance'}",0.9642857142857143,0.9259259259259259,0.9259259259259259,0.8518518518518519,0.9259259259259259,0.9629629629629629,1.0,0.8888888888888888,0.8148148148148148,0.8888888888888888,0.9149470899470898,0.05263170833078003,97
0.0001188516616821289,3.30233400921924e-06,0.00022761821746826173,8.153113665957167e-06,brute,10,7,uniform,"{'algorithm': 'brute', 'leaf_size': 10, 'n_neighbors': 7, 'weights': 'uniform'}",0.9642857142857143,0.9259259259259259,0.9259259259259259,0.8518518518518519,0.9259259259259259,0.9629629629629629,0.9259259259259259,0.8888888888888888,0.8518518518518519,0.8148148148148148,0.9038359788359788,0.04759718045831639,257
0.00012373924255371094,2.4316123751666357e-05,0.0002654314041137695,5.685941218048415e-05,brute,10,7,distance,"{'algorithm': 'brute', 'leaf_size': 10, 'n_neighbors': 7, 'weights': 'distance'}",0.9642857142857143,0.9629629629629629,0.9259259259259259,0.8518518518518519,0.9259259259259259,0.9629629629629629,0.9629629629629629,0.8888888888888888,0.8518518518518519,0.8148148148148148,0.9112433862433862,0.053030451638520056,161
0.00011317729949951172,1.5230823758778037e-06,0.00023491382598876952,7.507762821011719e-06,brute,10,11,uniform,"{'algorithm': 'brute', 'leaf_size': 10, 'n_neighbors': 11, 'weights': 'uniform'}",0.9642857142857143,0.8518518518518519,0.8518518518518519,0.8518518518518519,0.9259259259259259,0.9259259259259259,0.8888888888888888,0.8148148148148148,0.9259259259259259,0.8888888888888888,0.889021164021164,0.04404761904761906,545
0.00011618137359619141,1.0220929684553239e-05,0.0002414226531982422,1.7592383353778694e-05,brute,10,11,distance,"{'algorithm': 'brute', 'leaf_size': 10, 'n_neighbors': 11, 'weights': 'distance'}",0.9642857142857143,0.8888888888888888,0.8518518518518519,0.8518518518518519,0.9259259259259259,0.9629629629629629,0.9629629629629629,0.8148148148148148,0.9629629629629629,0.8888888888888888,0.9075396825396826,0.053168844616982916,225
0.00011322498321533203,5.7571546013242125e-06,0.0002489328384399414,2.751446471032898e-05,brute,10,13,uniform,"{'algorithm': 'brute', 'leaf_size': 10, 'n_neighbors': 13, 'weights': 'uniform'}",0.9642857142857143,0.8888888888888888,0.8148148148148148,0.8518518518518519,0.9259259259259259,0.8888888888888888,0.8518518518518519,0.8148148148148148,0.9259259259259259,0.8888888888888888,0.8816137566137566,0.04649334482859554,737
0.00011951923370361328,1.1313231648878402e-05,0.0002815723419189453,5.3976091783682684e-05,brute,10,13,distance,"{'algorithm': 'brute', 'leaf_size': 10, 'n_neighbors': 13, 'weights': 'distance'}",0.9642857142857143,0.8888888888888888,0.8148148148148148,0.8518518518518519,0.9259259259259259,0.9259259259259259,0.8888888888888888,0.8148148148148148,0.9259259259259259,0.9259259259259259,0.8927248677248677,0.04834271548630229,385
0.0001119852066040039,1.2126602699317683e-05,0.0002488136291503906,1.815841978754642e-05,brute,10,17,uniform,"{'algorithm': 'brute', 'leaf_size': 10, 'n_neighbors': 17, 'weights': 'uniform'}",0.9642857142857143,0.9259259259259259,0.8888888888888888,0.8518518518518519,0.9629629629629629,0.8888888888888888,0.8518518518518519,0.7777777777777778,0.9259259259259259,0.8518518518518519,0.8890211640211639,0.05511430334995131,577
0.0001062154769897461,3.9310155707285945e-06,0.000241851806640625,8.125982345874807e-06,brute,10,17,distance,"{'algorithm': 'brute', 'leaf_size': 10, 'n_neighbors': 17, 'weights': 'distance'}",0.9642857142857143,0.9259259259259259,0.8888888888888888,0.8518518518518519,0.9629629629629629,0.9259259259259259,0.8518518518518519,0.7777777777777778,0.9259259259259259,0.8888888888888888,0.8964285714285716,0.0545963104766419,321
0.00010533332824707032,1.88878081515678e-06,0.00024671554565429686,1.3570520796509298e-05,brute,10,19,uniform,"{'algorithm': 'brute', 'leaf_size': 10, 'n_neighbors': 19, 'weights': 'uniform'}",0.9642857142857143,0.9259259259259259,0.8888888888888888,0.8888888888888888,0.9629629629629629,0.8888888888888888,0.8148148148148148,0.8148148148148148,0.9259259259259259,0.8148148148148148,0.8890211640211639,0.055114303349951335,577
0.00011444091796875,7.704277900910359e-06,0.00030863285064697266,6.243811156072294e-05,brute,10,19,distance,"{'algorithm': 'brute', 'leaf_size': 10, 'n_neighbors': 19, 'weights': 'distance'}",0.9642857142857143,0.9259259259259259,0.8888888888888888,0.8888888888888888,0.9629629629629629,0.9259259259259259,0.8148148148148148,0.8148148148148148,0.9259259259259259,0.8148148148148148,0.8927248677248677,0.05621444127694664,385
0.00010969638824462891,2.3224711011554207e-06,0.00030012130737304686,1.4537200174172385e-05,brute,10,23,uniform,"{'algorithm': 'brute', 'leaf_size': 10, 'n_neighbors': 23, 'weights': 'uniform'}",0.9285714285714286,0.9629629629629629,0.8518518518518519,0.8888888888888888,0.9629629629629629,0.8888888888888888,0.8148148148148148,0.8148148148148148,0.8888888888888888,0.8148148148148148,0.8817460317460316,0.054654445597923325,705
0.00017740726470947266,4.7401121314823634e-05,0.0013228654861450195,0.002930247235910236,brute,10,23,distance,"{'algorithm': 'brute', 'leaf_size': 10, 'n_neighbors': 23, 'weights': 'distance'}",0.9642857142857143,0.9629629629629629,0.8888888888888888,0.8888888888888888,0.9629629629629629,0.9259259259259259,0.8148148148148148,0.8148148148148148,0.8888888888888888,0.8148148148148148,0.8927248677248677,0.05860385508288557,385
0.0001476764678955078,4.703645093526729e-05,0.0003428459167480469,3.856297989244533e-05,brute,10,29,uniform,"{'algorithm': 'brute', 'leaf_size': 10, 'n_neighbors': 29, 'weights': 'uniform'}",0.9285714285714286,0.9629629629629629,0.9259259259259259,0.8888888888888888,0.9629629629629629,0.8518518518518519,0.8148148148148148,0.8148148148148148,0.8888888888888888,0.8148148148148148,0.8854497354497355,0.056244779905782104,641
0.00012121200561523437,4.180423506603944e-06,0.00034220218658447265,4.578258179163363e-05,brute,10,29,distance,"{'algorithm': 'brute', 'leaf_size': 10, 'n_neighbors': 29, 'weights': 'distance'}",0.9285714285714286,0.9629629629629629,0.9259259259259259,0.8888888888888888,0.9629629629629629,0.8888888888888888,0.8148148148148148,0.8148148148148148,0.8888888888888888,0.8148148148148148,0.889153439153439,0.055118588923675764,513
0.00013298988342285155,9.845734751072037e-06,0.0003402233123779297,3.725392340216225e-05,brute,10,31,uniform,"{'algorithm': 'brute', 'leaf_size': 10, 'n_neighbors': 31, 'weights': 'uniform'}",0.9285714285714286,1.0,0.9259259259259259,0.9259259259259259,0.9629629629629629,0.8518518518518519,0.8148148148148148,0.8148148148148148,0.8888888888888888,0.8148148148148148,0.8928571428571429,0.0631078542731494,353
0.0001384735107421875,1.303685347992611e-05,0.00033619403839111326,1.9607358984501566e-05,brute,10,31,distance,"{'algorithm': 'brute', 'leaf_size': 10, 'n_neighbors': 31, 'weights': 'distance'}",0.9285714285714286,1.0,0.9259259259259259,0.9259259259259259,0.9629629629629629,0.8888888888888888,0.8148148148148148,0.8148148148148148,0.8888888888888888,0.8148148148148148,0.8965608465608466,0.0616629156361344,289
0.0001270771026611328,4.9965617742270414e-06,0.0003387451171875,5.5009816093910956e-05,brute,10,37,uniform,"{'algorithm': 'brute', 'leaf_size': 10, 'n_neighbors': 37, 'weights': 'uniform'}",0.8928571428571429,1.0,0.8888888888888888,0.8888888888888888,0.9259259259259259,0.8518518518518519,0.8148148148148148,0.7037037037037037,0.8888888888888888,0.8518518518518519,0.8707671957671957,0.072782701265744,801
0.00014822483062744142,4.871750409055536e-05,0.00043039321899414064,0.00016228365812508337,brute,10,37,distance,"{'algorithm': 'brute', 'leaf_size': 10, 'n_neighbors': 37, 'weights': 'distance'}",0.9285714285714286,1.0,0.8888888888888888,0.9259259259259259,0.9259259259259259,0.8888888888888888,0.8518518518518519,0.7777777777777778,0.8888888888888888,0.8148148148148148,0.8891534391534393,0.0598895290508307,481
0.00012297630310058593,4.680296987606767e-06,0.00034122467041015626,1.9669402728951307e-05,brute,10,41,uniform,"{'algorithm': 'brute', 'leaf_size': 10, 'n_neighbors': 41, 'weights': 'uniform'}",0.8571428571428571,1.0,0.8888888888888888,0.8518518518518519,0.9259259259259259,0.8148148148148148,0.8148148148148148,0.7407407407407407,0.8888888888888888,0.8148148148148148,0.8597883597883598,0.06785082532964794,865
0.00040943622589111327,0.0004236368490916795,0.0009982824325561524,0.00038854634019772137,brute,10,41,distance,"{'algorithm': 'brute', 'leaf_size': 10, 'n_neighbors': 41, 'weights': 'distance'}",0.8928571428571429,1.0,0.8888888888888888,0.8888888888888888,0.9259259259259259,0.8518518518518519,0.8518518518518519,0.7777777777777778,0.8888888888888888,0.8148148148148148,0.8781746031746032,0.057585884266853474,769
0.00020716190338134765,6.91342720118862e-05,0.0007439374923706055,0.0003304121803272442,brute,10,43,uniform,"{'algorithm': 'brute', 'leaf_size': 10, 'n_neighbors': 43, 'weights': 'uniform'}",0.9285714285714286,1.0,0.8888888888888888,0.8518518518518519,0.9259259259259259,0.8148148148148148,0.8148148148148148,0.7407407407407407,0.9259259259259259,0.8148148148148148,0.8706349206349205,0.07287819624881071,833
0.00013053417205810547,1.5817145673639453e-05,0.0003887176513671875,8.701025206367149e-05,brute,10,43,distance,"{'algorithm': 'brute', 'leaf_size': 10, 'n_neighbors': 43, 'weights': 'distance'}",0.9285714285714286,1.0,0.8888888888888888,0.8888888888888888,0.9259259259259259,0.8518518518518519,0.8518518518518519,0.7777777777777778,0.9259259259259259,0.8148148148148148,0.8854497354497355,0.060927597290907604,641
0.0002715826034545898,7.36320917271571e-05,0.0012799978256225586,0.0013269597684495698,brute,20,2,uniform,"{'algorithm': 'brute', 'leaf_size': 20, 'n_neighbors': 2, 'weights': 'uniform'}",0.9285714285714286,1.0,0.9629629629629629,0.8518518518518519,0.9629629629629629,0.9629629629629629,0.9259259259259259,0.8518518518518519,0.8518518518518519,0.8148148148148148,0.9113756613756614,0.06024838242553935,129
0.00023887157440185546,8.930648561470107e-05,0.000925898551940918,0.0009080663934114932,brute,20,2,distance,"{'algorithm': 'brute', 'leaf_size': 20, 'n_neighbors': 2, 'weights': 'distance'}",0.9642857142857143,0.8888888888888888,0.9629629629629629,0.8518518518518519,0.9259259259259259,0.9629629629629629,1.0,0.8518518518518519,0.8888888888888888,0.9259259259259259,0.9223544973544973,0.04826157492490816,1
0.00024626255035400393,0.00011579470046481162,0.0005211114883422851,0.0002468729247576778,brute,20,3,uniform,"{'algorithm': 'brute', 'leaf_size': 20, 'n_neighbors': 3, 'weights': 'uniform'}",0.9642857142857143,0.9259259259259259,0.9629629629629629,0.8518518518518519,0.9259259259259259,1.0,1.0,0.8148148148148148,0.8148148148148148,0.8888888888888888,0.9149470899470901,0.06645439983022737,33
0.00013010501861572267,5.221366882324218e-06,0.0002566337585449219,3.947252696131199e-05,brute,20,3,distance,"{'algorithm': 'brute', 'leaf_size': 20, 'n_neighbors': 3, 'weights': 'distance'}",0.9642857142857143,0.9259259259259259,0.9629629629629629,0.8518518518518519,0.9259259259259259,1.0,1.0,0.8148148148148148,0.8148148148148148,0.8888888888888888,0.9149470899470901,0.06645439983022737,33
0.00012311935424804687,5.8867666740157965e-06,0.0002545595169067383,7.71537404571073e-06,brute,20,5,uniform,"{'algorithm': 'brute', 'leaf_size': 20, 'n_neighbors': 5, 'weights': 'uniform'}",0.9642857142857143,0.9259259259259259,0.8888888888888888,0.8518518518518519,0.9259259259259259,0.9629629629629629,1.0,0.8888888888888888,0.8148148148148148,0.8888888888888888,0.9112433862433862,0.053030451638520076,161
0.0002353191375732422,9.879664326389572e-05,0.0008175373077392578,0.0005358231792212672,brute,20,5,distance,"{'algorithm': 'brute', 'leaf_size': 20, 'n_neighbors': 5, 'weights': 'distance'}",0.9642857142857143,0.9259259259259259,0.9259259259259259,0.8518518518518519,0.9259259259259259,0.9629629629629629,1.0,0.8888888888888888,0.8148148148148148,0.8888888888888888,0.9149470899470898,0.05263170833078003,97
0.00014235973358154297,4.672681179368704e-05,0.0002804279327392578,0.00013038544259722016,brute,20,7,uniform,"{'algorithm': 'brute', 'leaf_size': 20, 'n_neighbors': 7, 'weights': 'uniform'}",0.9642857142857143,0.9259259259259259,0.9259259259259259,0.8518518518518519,0.9259259259259259,0.9629629629629629,0.9259259259259259,0.8888888888888888,0.8518518518518519,0.8148148148148148,0.9038359788359788,0.04759718045831639,257
0.00012464523315429686,8.963904459825739e-06,0.0002571821212768555,2.3689510452506225e-05,brute,20,7,distance,"{'algorithm': 'brute', 'leaf_size': 20, 'n_neighbors': 7, 'weights': 'distance'}",0.9642857142857143,0.9629629629629629,0.9259259259259259,0.8518518518518519,0.9259259259259259,0.9629629629629629,0.9629629629629629,0.8888888888888888,0.8518518518518519,0.8148148148148148,0.9112433862433862,0.053030451638520056,161
0.00011851787567138672,4.288155497096949e-06,0.00025670528411865235,2.4184635848909506e-05,brute,20,11,uniform,"{'algorithm': 'brute', 'leaf_size': 20, 'n_neighbors': 11, 'weights': 'uniform'}",0.9642857142857143,0.8518518518518519,0.8518518518518519,0.8518518518518519,0.9259259259259259,0.9259259259259259,0.8888888888888888,0.8148148148148148,0.9259259259259259,0.8888888888888888,0.889021164021164,0.04404761904761906,545
0.0001495838165283203,3.742977307368792e-05,0.0003868818283081055,9.202710392959378e-05,brute,20,11,distance,"{'algorithm': 'brute', 'leaf_size': 20, 'n_neighbors': 11, 'weights': 'distance'}",0.9642857142857143,0.8888888888888888,0.8518518518518519,0.8518518518518519,0.9259259259259259,0.9629629629629629,0.9629629629629629,0.8148148148148148,0.9629629629629629,0.8888888888888888,0.9075396825396826,0.053168844616982916,225
0.0001203775405883789,3.005303782114844e-06,0.0002910852432250977,9.608860328957948e-06,brute,20,13,uniform,"{'algorithm': 'brute', 'leaf_size': 20, 'n_neighbors': 13, 'weights': 'uniform'}",0.9642857142857143,0.8888888888888888,0.8148148148148148,0.8518518518518519,0.9259259259259259,0.8888888888888888,0.8518518518518519,0.8148148148148148,0.9259259259259259,0.8888888888888888,0.8816137566137566,0.04649334482859554,737
0.00015392303466796876,4.674064749424994e-05,0.0003729581832885742,0.00010287279866982014,brute,20,13,distance,"{'algorithm': 'brute', 'leaf_size': 20, 'n_neighbors': 13, 'weights': 'distance'}",0.9642857142857143,0.8888888888888888,0.8148148148148148,0.8518518518518519,0.9259259259259259,0.9259259259259259,0.8888888888888888,0.8148148148148148,0.9259259259259259,0.9259259259259259,0.8927248677248677,0.04834271548630229,385
0.00012402534484863282,1.0395050048828124e-05,0.00028553009033203123,5.004737069752643e-05,brute,20,17,uniform,"{'algorithm': 'brute', 'leaf_size': 20, 'n_neighbors': 17, 'weights': 'uniform'}",0.9642857142857143,0.9259259259259259,0.8888888888888888,0.8518518518518519,0.9629629629629629,0.8888888888888888,0.8518518518518519,0.7777777777777778,0.9259259259259259,0.8518518518518519,0.8890211640211639,0.05511430334995131,577
0.00012080669403076172,4.115811858517029e-06,0.0002787351608276367,1.3601335899400141e-05,brute,20,17,distance,"{'algorithm': 'brute', 'leaf_size': 20, 'n_neighbors': 17, 'weights': 'distance'}",0.9642857142857143,0.9259259259259259,0.8888888888888888,0.8518518518518519,0.9629629629629629,0.9259259259259259,0.8518518518518519,0.7777777777777778,0.9259259259259259,0.8888888888888888,0.8964285714285716,0.0545963104766419,321
0.00011794567108154297,1.957502200613595e-06,0.00026829242706298827,7.1827331422138995e-06,brute,20,19,uniform,"{'algorithm': 'brute', 'leaf_size': 20, 'n_neighbors': 19, 'weights': 'uniform'}",0.9642857142857143,0.9259259259259259,0.8888888888888888,0.8888888888888888,0.9629629629629629,0.8888888888888888,0.8148148148148148,0.8148148148148148,0.9259259259259259,0.8148148148148148,0.8890211640211639,0.055114303349951335,577
0.000121307373046875,8.2182161418192e-06,0.00029277801513671875,2.395602548042387e-05,brute,20,19,distance,"{'algorithm': 'brute', 'leaf_size': 20, 'n_neighbors': 19, 'weights': 'distance'}",0.9642857142857143,0.9259259259259259,0.8888888888888888,0.8888888888888888,0.9629629629629629,0.9259259259259259,0.8148148148148148,0.8148148148148148,0.9259259259259259,0.8148148148148148,0.8927248677248677,0.05621444127694664,385
0.0001216888427734375,4.911885656372851e-06,0.0003503561019897461,6.0433090256303634e-05,brute,20,23,uniform,"{'algorithm': 'brute', 'leaf_size': 20, 'n_neighbors': 23, 'weights': 'uniform'}",0.9285714285714286,0.9629629629629629,0.8518518518518519,0.8888888888888888,0.9629629629629629,0.8888888888888888,0.8148148148148148,0.8148148148148148,0.8888888888888888,0.8148148148148148,0.8817460317460316,0.054654445597923325,705
0.00012280941009521485,6.4076074324956135e-06,0.0003164529800415039,1.312820682424521e-05,brute,20,23,distance,"{'algorithm': 'brute', 'leaf_size': 20, 'n_neighbors': 23, 'weights': 'distance'}",0.9642857142857143,0.9629629629629629,0.8888888888888888,0.8888888888888888,0.9629629629629629,0.9259259259259259,0.8148148148148148,0.8148148148148148,0.8888888888888888,0.8148148148148148,0.8927248677248677,0.05860385508288557,385
0.00012586116790771484,4.803350422508581e-06,0.0002950429916381836,8.333232425134086e-06,brute,20,29,uniform,"{'algorithm': 'brute', 'leaf_size': 20, 'n_neighbors': 29, 'weights': 'uniform'}",0.9285714285714286,0.9629629629629629,0.9259259259259259,0.8888888888888888,0.9629629629629629,0.8518518518518519,0.8148148148148148,0.8148148148148148,0.8888888888888888,0.8148148148148148,0.8854497354497355,0.056244779905782104,641
0.00012426376342773439,5.58510470215707e-06,0.0003292322158813477,4.7771783802236704e-05,brute,20,29,distance,"{'algorithm': 'brute', 'leaf_size': 20, 'n_neighbors': 29, 'weights': 'distance'}",0.9285714285714286,0.9629629629629629,0.9259259259259259,0.8888888888888888,0.9629629629629629,0.8888888888888888,0.8148148148148148,0.8148148148148148,0.8888888888888888,0.8148148148148148,0.889153439153439,0.055118588923675764,513
0.00012121200561523437,2.1726199626721413e-06,0.00030765533447265627,6.589330547380332e-06,brute,20,31,uniform,"{'algorithm': 'brute', 'leaf_size': 20, 'n_neighbors': 31, 'weights': 'uniform'}",0.9285714285714286,1.0,0.9259259259259259,0.9259259259259259,0.9629629629629629,0.8518518518518519,0.8148148148148148,0.8148148148148148,0.8888888888888888,0.8148148148148148,0.8928571428571429,0.0631078542731494,353
0.00016236305236816406,6.161669757824137e-05,0.000449824333190918,0.00014495692950268032,brute,20,31,distance,"{'algorithm': 'brute', 'leaf_size': 20, 'n_neighbors': 31, 'weights': 'distance'}",0.9285714285714286,1.0,0.9259259259259259,0.9259259259259259,0.9629629629629629,0.8888888888888888,0.8148148148148148,0.8148148148148148,0.8888888888888888,0.8148148148148148,0.8965608465608466,0.0616629156361344,289
0.00014133453369140624,3.42780585822398e-05,0.00034868717193603516,1.5082778406245208e-05,brute,20,37,uniform,"{'algorithm': 'brute', 'leaf_size': 20, 'n_neighbors': 37, 'weights': 'uniform'}",0.8928571428571429,1.0,0.8888888888888888,0.8888888888888888,0.9259259259259259,0.8518518518518519,0.8148148148148148,0.7037037037037037,0.8888888888888888,0.8518518518518519,0.8707671957671957,0.072782701265744,801
0.00012938976287841798,9.133672314809113e-06,0.0003662586212158203,5.325449228704045e-05,brute,20,37,distance,"{'algorithm': 'brute', 'leaf_size': 20, 'n_neighbors': 37, 'weights': 'distance'}",0.9285714285714286,1.0,0.8888888888888888,0.9259259259259259,0.9259259259259259,0.8888888888888888,0.8518518518518519,0.7777777777777778,0.8888888888888888,0.8148148148148148,0.8891534391534393,0.0598895290508307,481
0.0001253843307495117,1.2890686479843169e-05,0.0003626823425292969,2.6980051510532384e-05,brute,20,41,uniform,"{'algorithm': 'brute', 'leaf_size': 20, 'n_neighbors': 41, 'weights': 'uniform'}",0.8571428571428571,1.0,0.8888888888888888,0.8518518518518519,0.9259259259259259,0.8148148148148148,0.8148148148148148,0.7407407407407407,0.8888888888888888,0.8148148148148148,0.8597883597883598,0.06785082532964794,865
0.00012164115905761718,4.880073643493931e-06,0.0003629446029663086,5.7092966661584676e-05,brute,20,41,distance,"{'algorithm': 'brute', 'leaf_size': 20, 'n_neighbors': 41, 'weights': 'distance'}",0.8928571428571429,1.0,0.8888888888888888,0.8888888888888888,0.9259259259259259,0.8518518518518519,0.8518518518518519,0.7777777777777778,0.8888888888888888,0.8148148148148148,0.8781746031746032,0.057585884266853474,769
0.00011818408966064453,3.064490370354277e-06,0.0003610849380493164,2.147944987686615e-05,brute,20,43,uniform,"{'algorithm': 'brute', 'leaf_size': 20, 'n_neighbors': 43, 'weights': 'uniform'}",0.9285714285714286,1.0,0.8888888888888888,0.8518518518518519,0.9259259259259259,0.8148148148148148,0.8148148148148148,0.7407407407407407,0.9259259259259259,0.8148148148148148,0.8706349206349205,0.07287819624881071,833
0.0001282930374145508,9.739887745893887e-06,0.0003472805023193359,2.4099672645186994e-05,brute,20,43,distance,"{'algorithm': 'brute', 'leaf_size': 20, 'n_neighbors': 43, 'weights': 'distance'}",0.9285714285714286,1.0,0.8888888888888888,0.8888888888888888,0.9259259259259259,0.8518518518518519,0.8518518518518519,0.7777777777777778,0.9259259259259259,0.8148148148148148,0.8854497354497355,0.060927597290907604,641
0.00012209415435791016,4.710139907389669e-06,0.00021309852600097655,7.782677778330706e-06,brute,30,2,uniform,"{'algorithm': 'brute', 'leaf_size': 30, 'n_neighbors': 2, 'weights': 'uniform'}",0.9285714285714286,1.0,0.9629629629629629,0.8518518518518519,0.9629629629629629,0.9629629629629629,0.9259259259259259,0.8518518518518519,0.8518518518518519,0.8148148148148148,0.9113756613756614,0.06024838242553935,129
0.00012958049774169922,1.802647859207777e-05,0.0002802610397338867,9.414420337494008e-05,brute,30,2,distance,"{'algorithm': 'brute', 'leaf_size': 30, 'n_neighbors': 2, 'weights': 'distance'}",0.9642857142857143,0.8888888888888888,0.9629629629629629,0.8518518518518519,0.9259259259259259,0.9629629629629629,1.0,0.8518518518518519,0.8888888888888888,0.9259259259259259,0.9223544973544973,0.04826157492490816,1
0.0001203775405883789,1.2903269889578636e-06,0.00023691654205322267,1.959564317706155e-05,brute,30,3,uniform,"{'algorithm': 'brute', 'leaf_size': 30, 'n_neighbors': 3, 'weights': 'uniform'}",0.9642857142857143,0.9259259259259259,0.9629629629629629,0.8518518518518519,0.9259259259259259,1.0,1.0,0.8148148148148148,0.8148148148148148,0.8888888888888888,0.9149470899470901,0.06645439983022737,33
0.00012562274932861328,2.0267388319161112e-05,0.0003079414367675781,9.62939082356897e-05,brute,30,3,distance,"{'algorithm': 'brute', 'leaf_size': 30, 'n_neighbors': 3, 'weights': 'distance'}",0.9642857142857143,0.9259259259259259,0.9629629629629629,0.8518518518518519,0.9259259259259259,1.0,1.0,0.8148148148148148,0.8148148148148148,0.8888888888888888,0.9149470899470901,0.06645439983022737,33
0.00011630058288574219,5.395639480520491e-06,0.00025684833526611327,2.0515097895930477e-05,brute,30,5,uniform,"{'algorithm': 'brute', 'leaf_size': 30, 'n_neighbors': 5, 'weights': 'uniform'}",0.9642857142857143,0.9259259259259259,0.8888888888888888,0.8518518518518519,0.9259259259259259,0.9629629629629629,1.0,0.8888888888888888,0.8148148148148148,0.8888888888888888,0.9112433862433862,0.053030451638520076,161
0.0001682281494140625,8.046810359985999e-05,0.0003762960433959961,0.00011009818131766986,brute,30,5,distance,"{'algorithm': 'brute', 'leaf_size': 30, 'n_neighbors': 5, 'weights': 'distance'}",0.9642857142857143,0.9259259259259259,0.9259259259259259,0.8518518518518519,0.9259259259259259,0.9629629629629629,1.0,0.8888888888888888,0.8148148148148148,0.8888888888888888,0.9149470899470898,0.05263170833078003,97
0.00012109279632568359,4.056550421973738e-06,0.00026798248291015625,1.3704402793121256e-05,brute,30,7,uniform,"{'algorithm': 'brute', 'leaf_size': 30, 'n_neighbors': 7, 'weights': 'uniform'}",0.9642857142857143,0.9259259259259259,0.9259259259259259,0.8518518518518519,0.9259259259259259,0.9629629629629629,0.9259259259259259,0.8888888888888888,0.8518518518518519,0.8148148148148148,0.9038359788359788,0.04759718045831639,257
0.000159454345703125,6.206579199222775e-05,0.0004193544387817383,0.00013834176983795084,brute,30,7,distance,"{'algorithm': 'brute', 'leaf_size': 30, 'n_neighbors': 7, 'weights': 'distance'}",0.9642857142857143,0.9629629629629629,0.9259259259259259,0.8518518518518519,0.9259259259259259,0.9629629629629629,0.9629629629629629,0.8888888888888888,0.8518518518518519,0.8148148148148148,0.9112433862433862,0.053030451638520056,161
0.0001324176788330078,3.094526208054265e-05,0.00033268928527832033,8.917378853890001e-05,brute,30,11,uniform,"{'algorithm': 'brute', 'leaf_size': 30, 'n_neighbors': 11, 'weights': 'uniform'}",0.9642857142857143,0.8518518518518519,0.8518518518518519,0.8518518518518519,0.9259259259259259,0.9259259259259259,0.8888888888888888,0.8148148148148148,0.9259259259259259,0.8888888888888888,0.889021164021164,0.04404761904761906,545
0.0001268148422241211,9.838024235592692e-06,0.00025577545166015624,9.451003897000535e-06,brute,30,11,distance,"{'algorithm': 'brute', 'leaf_size': 30, 'n_neighbors': 11, 'weights': 'distance'}",0.9642857142857143,0.8888888888888888,0.8518518518518519,0.8518518518518519,0.9259259259259259,0.9629629629629629,0.9629629629629629,0.8148148148148148,0.9629629629629629,0.8888888888888888,0.9075396825396826,0.053168844616982916,225
0.00014307498931884766,5.262232918015332e-05,0.0002689838409423828,3.2794612054322356e-05,brute,30,13,uniform,"{'algorithm': 'brute', 'leaf_size': 30, 'n_neighbors': 13, 'weights': 'uniform'}",0.9642857142857143,0.8888888888888888,0.8148148148148148,0.8518518518518519,0.9259259259259259,0.8888888888888888,0.8518518518518519,0.8148148148148148,0.9259259259259259,0.8888888888888888,0.8816137566137566,0.04649334482859554,737
0.00011970996856689454,2.855952060581084e-06,0.000267481803894043,1.1024867986324242e-05,brute,30,13,distance,"{'algorithm': 'brute', 'leaf_size': 30, 'n_neighbors': 13, 'weights': 'distance'}",0.9642857142857143,0.8888888888888888,0.8148148148148148,0.8518518518518519,0.9259259259259259,0.9259259259259259,0.8888888888888888,0.8148148148148148,0.9259259259259259,0.9259259259259259,0.8927248677248677,0.04834271548630229,385
0.00011610984802246094,1.5414457202190984e-06,0.0002608776092529297,9.748842115785677e-06,brute,30,17,uniform,"{'algorithm': 'brute', 'leaf_size': 30, 'n_neighbors': 17, 'weights': 'uniform'}",0.9642857142857143,0.9259259259259259,0.8888888888888888,0.8518518518518519,0.9629629629629629,0.8888888888888888,0.8518518518518519,0.7777777777777778,0.9259259259259259,0.8518518518518519,0.8890211640211639,0.05511430334995131,577
0.0001540660858154297,6.347182618980696e-05,0.00040266513824462893,0.0001308328746917046,brute,30,17,distance,"{'algorithm': 'brute', 'leaf_size': 30, 'n_neighbors': 17, 'weights': 'distance'}",0.9642857142857143,0.9259259259259259,0.8888888888888888,0.8518518518518519,0.9629629629629629,0.9259259259259259,0.8518518518518519,0.7777777777777778,0.9259259259259259,0.8888888888888888,0.8964285714285716,0.0545963104766419,321
0.0001270294189453125,1.6760944810992337e-05,0.0003125190734863281,8.315524634304587e-05,brute,30,19,uniform,"{'algorithm': 'brute', 'leaf_size': 30, 'n_neighbors': 19, 'weights': 'uniform'}",0.9642857142857143,0.9259259259259259,0.8888888888888888,0.8888888888888888,0.9629629629629629,0.8888888888888888,0.8148148148148148,0.8148148148148148,0.9259259259259259,0.8148148148148148,0.8890211640211639,0.055114303349951335,577
0.00013794898986816407,3.8662967141739073e-05,0.00037553310394287107,0.00012601185182751254,brute,30,19,distance,"{'algorithm': 'brute', 'leaf_size': 30, 'n_neighbors': 19, 'weights': 'distance'}",0.9642857142857143,0.9259259259259259,0.8888888888888888,0.8888888888888888,0.9629629629629629,0.9259259259259259,0.8148148148148148,0.8148148148148148,0.9259259259259259,0.8148148148148148,0.8927248677248677,0.05621444127694664,385
0.00012123584747314453,4.395251517245128e-06,0.00032520294189453125,1.3009879476764646e-05,brute,30,23,uniform,"{'algorithm': 'brute', 'leaf_size': 30, 'n_neighbors': 23, 'weights': 'uniform'}",0.9285714285714286,0.9629629629629629,0.8518518518518519,0.8888888888888888,0.9629629629629629,0.8888888888888888,0.8148148148148148,0.8148148148148148,0.8888888888888888,0.8148148148148148,0.8817460317460316,0.054654445597923325,705
0.0001478433609008789,4.6275621320513905e-05,0.00044696331024169923,9.775917966015467e-05,brute,30,23,distance,"{'algorithm': 'brute', 'leaf_size': 30, 'n_neighbors': 23, 'weights': 'distance'}",0.9642857142857143,0.9629629629629629,0.8888888888888888,0.8888888888888888,0.9629629629629629,0.9259259259259259,0.8148148148148148,0.8148148148148148,0.8888888888888888,0.8148148148148148,0.8927248677248677,0.05860385508288557,385
0.00015342235565185547,5.2751774142053796e-05,0.0004707813262939453,0.00014638559822063776,brute,30,29,uniform,"{'algorithm': 'brute', 'leaf_size': 30, 'n_neighbors': 29, 'weights': 'uniform'}",0.9285714285714286,0.9629629629629629,0.9259259259259259,0.8888888888888888,0.9629629629629629,0.8518518518518519,0.8148148148148148,0.8148148148148148,0.8888888888888888,0.8148148148148148,0.8854497354497355,0.056244779905782104,641
0.00018177032470703124,5.794888021070016e-05,0.0005277156829833985,0.00013107728756823347,brute,30,29,distance,"{'algorithm': 'brute', 'leaf_size': 30, 'n_neighbors': 29, 'weights': 'distance'}",0.9285714285714286,0.9629629629629629,0.9259259259259259,0.8888888888888888,0.9629629629629629,0.8888888888888888,0.8148148148148148,0.8148148148148148,0.8888888888888888,0.8148148148148148,0.889153439153439,0.055118588923675764,513
0.00012359619140625,9.906399550697184e-06,0.0003545045852661133,2.94163409101473e-05,brute,30,31,uniform,"{'algorithm': 'brute', 'leaf_size': 30, 'n_neighbors': 31, 'weights': 'uniform'}",0.9285714285714286,1.0,0.9259259259259259,0.9259259259259259,0.9629629629629629,0.8518518518518519,0.8148148148148148,0.8148148148148148,0.8888888888888888,0.8148148148148148,0.8928571428571429,0.0631078542731494,353
0.00013463497161865235,4.114721336721513e-05,0.000412750244140625,7.329692881052244e-05,brute,30,31,distance,"{'algorithm': 'brute', 'leaf_size': 30, 'n_neighbors': 31, 'weights': 'distance'}",0.9285714285714286,1.0,0.9259259259259259,0.9259259259259259,0.9629629629629629,0.8888888888888888,0.8148148148148148,0.8148148148148148,0.8888888888888888,0.8148148148148148,0.8965608465608466,0.0616629156361344,289
0.00015375614166259765,4.648006124276911e-05,0.00043540000915527345,0.0001358433577749038,brute,30,37,uniform,"{'algorithm': 'brute', 'leaf_size': 30, 'n_neighbors': 37, 'weights': 'uniform'}",0.8928571428571429,1.0,0.8888888888888888,0.8888888888888888,0.9259259259259259,0.8518518518518519,0.8148148148148148,0.7037037037037037,0.8888888888888888,0.8518518518518519,0.8707671957671957,0.072782701265744,801
0.00011601448059082032,2.8812172584573353e-06,0.00035419464111328123,3.305571928018694e-05,brute,30,37,distance,"{'algorithm': 'brute', 'leaf_size': 30, 'n_neighbors': 37, 'weights': 'distance'}",0.9285714285714286,1.0,0.8888888888888888,0.9259259259259259,0.9259259259259259,0.8888888888888888,0.8518518518518519,0.7777777777777778,0.8888888888888888,0.8148148148148148,0.8891534391534393,0.0598895290508307,481
0.0001428365707397461,5.5862795919531246e-05,0.00035991668701171873,5.042101454305838e-05,brute,30,41,uniform,"{'algorithm': 'brute', 'leaf_size': 30, 'n_neighbors': 41, 'weights': 'uniform'}",0.8571428571428571,1.0,0.8888888888888888,0.8518518518518519,0.9259259259259259,0.8148148148148148,0.8148148148148148,0.7407407407407407,0.8888888888888888,0.8148148148148148,0.8597883597883598,0.06785082532964794,865
0.0001478910446166992,4.8754011146099195e-05,0.0004335165023803711,0.00010628549706088921,brute,30,41,distance,"{'algorithm': 'brute', 'leaf_size': 30, 'n_neighbors': 41, 'weights': 'distance'}",0.8928571428571429,1.0,0.8888888888888888,0.8888888888888888,0.9259259259259259,0.8518518518518519,0.8518518518518519,0.7777777777777778,0.8888888888888888,0.8148148148148148,0.8781746031746032,0.057585884266853474,769
0.00012900829315185547,3.7836728037727044e-05,0.0003994941711425781,0.0001373121380262998,brute,30,43,uniform,"{'algorithm': 'brute', 'leaf_size': 30, 'n_neighbors': 43, 'weights': 'uniform'}",0.9285714285714286,1.0,0.8888888888888888,0.8518518518518519,0.9259259259259259,0.8148148148148148,0.8148148148148148,0.7407407407407407,0.9259259259259259,0.8148148148148148,0.8706349206349205,0.07287819624881071,833
0.00013892650604248048,5.2039414137262225e-05,0.0004021644592285156,7.433788832275824e-05,brute,30,43,distance,"{'algorithm': 'brute', 'leaf_size': 30, 'n_neighbors': 43, 'weights': 'distance'}",0.9285714285714286,1.0,0.8888888888888888,0.8888888888888888,0.9259259259259259,0.8518518518518519,0.8518518518518519,0.7777777777777778,0.9259259259259259,0.8148148148148148,0.8854497354497355,0.060927597290907604,641
0.00011403560638427735,3.15947349825038e-06,0.000212860107421875,1.633638815083491e-05,brute,40,2,uniform,"{'algorithm': 'brute', 'leaf_size': 40, 'n_neighbors': 2, 'weights': 'uniform'}",0.9285714285714286,1.0,0.9629629629629629,0.8518518518518519,0.9629629629629629,0.9629629629629629,0.9259259259259259,0.8518518518518519,0.8518518518518519,0.8148148148148148,0.9113756613756614,0.06024838242553935,129
0.0001180410385131836,6.947314482627333e-06,0.00027592182159423827,7.396642374008575e-05,brute,40,2,distance,"{'algorithm': 'brute', 'leaf_size': 40, 'n_neighbors': 2, 'weights': 'distance'}",0.9642857142857143,0.8888888888888888,0.9629629629629629,0.8518518518518519,0.9259259259259259,0.9629629629629629,1.0,0.8518518518518519,0.8888888888888888,0.9259259259259259,0.9223544973544973,0.04826157492490816,1
0.00011913776397705078,4.387225781796305e-06,0.00022101402282714844,1.1800154187189052e-05,brute,40,3,uniform,"{'algorithm': 'brute', 'leaf_size': 40, 'n_neighbors': 3, 'weights': 'uniform'}",0.9642857142857143,0.9259259259259259,0.9629629629629629,0.8518518518518519,0.9259259259259259,1.0,1.0,0.8148148148148148,0.8148148148148148,0.8888888888888888,0.9149470899470901,0.06645439983022737,33
0.0001554250717163086,5.3722266479330394e-05,0.00037171840667724607,9.261765194173604e-05,brute,40,3,distance,"{'algorithm': 'brute', 'leaf_size': 40, 'n_neighbors': 3, 'weights': 'distance'}",0.9642857142857143,0.9259259259259259,0.9629629629629629,0.8518518518518519,0.9259259259259259,1.0,1.0,0.8148148148148148,0.8148148148148148,0.8888888888888888,0.9149470899470901,0.06645439983022737,33
0.00012602806091308594,9.434389168833754e-06,0.00026493072509765626,9.359384229249795e-05,brute,40,5,uniform,"{'algorithm': 'brute', 'leaf_size': 40, 'n_neighbors': 5, 'weights': 'uniform'}",0.9642857142857143,0.9259259259259259,0.8888888888888888,0.8518518518518519,0.9259259259259259,0.9629629629629629,1.0,0.8888888888888888,0.8148148148148148,0.8888888888888888,0.9112433862433862,0.053030451638520076,161
0.00011930465698242187,4.414543886092811e-06,0.0002862453460693359,3.795833438086028e-05,brute,40,5,distance,"{'algorithm': 'brute', 'leaf_size': 40, 'n_neighbors': 5, 'weights': 'distance'}",0.9642857142857143,0.9259259259259259,0.9259259259259259,0.8518518518518519,0.9259259259259259,0.9629629629629629,1.0,0.8888888888888888,0.8148148148148148,0.8888888888888888,0.9149470899470898,0.05263170833078003,97
0.00012388229370117188,1.287601604480932e-05,0.00024096965789794923,2.2815063524487056e-05,brute,40,7,uniform,"{'algorithm': 'brute', 'leaf_size': 40, 'n_neighbors': 7, 'weights': 'uniform'}",0.9642857142857143,0.9259259259259259,0.9259259259259259,0.8518518518518519,0.9259259259259259,0.9629629629629629,0.9259259259259259,0.8888888888888888,0.8518518518518519,0.8148148148148148,0.9038359788359788,0.04759718045831639,257
0.00015916824340820313,7.846182653494618e-05,0.00034224987030029297,9.725831455763944e-05,brute,40,7,distance,"{'algorithm': 'brute', 'leaf_size': 40, 'n_neighbors': 7, 'weights': 'distance'}",0.9642857142857143,0.9629629629629629,0.9259259259259259,0.8518518518518519,0.9259259259259259,0.9629629629629629,0.9629629629629629,0.8888888888888888,0.8518518518518519,0.8148148148148148,0.9112433862433862,0.053030451638520056,161
0.00011861324310302734,5.277889484703044e-06,0.00025799274444580076,2.090088012149266e-05,brute,40,11,uniform,"{'algorithm': 'brute', 'leaf_size': 40, 'n_neighbors': 11, 'weights': 'uniform'}",0.9642857142857143,0.8518518518518519,0.8518518518518519,0.8518518518518519,0.9259259259259259,0.9259259259259259,0.8888888888888888,0.8148148148148148,0.9259259259259259,0.8888888888888888,0.889021164021164,0.04404761904761906,545
0.00014154911041259767,5.273526327591776e-05,0.00034160614013671874,0.00012773175190218078,brute,40,11,distance,"{'algorithm': 'brute', 'leaf_size': 40, 'n_neighbors': 11, 'weights': 'distance'}",0.9642857142857143,0.8888888888888888,0.8518518518518519,0.8518518518518519,0.9259259259259259,0.9629629629629629,0.9629629629629629,0.8148148148148148,0.9629629629629629,0.8888888888888888,0.9075396825396826,0.053168844616982916,225
0.00012774467468261718,1.303641745163484e-05,0.0002857208251953125,4.9807712599508385e-05,brute,40,13,uniform,"{'algorithm': 'brute', 'leaf_size': 40, 'n_neighbors': 13, 'weights': 'uniform'}",0.9642857142857143,0.8888888888888888,0.8148148148148148,0.8518518518518519,0.9259259259259259,0.8888888888888888,0.8518518518518519,0.8148148148148148,0.9259259259259259,0.8888888888888888,0.8816137566137566,0.04649334482859554,737
0.0001402616500854492,4.970464743190692e-05,0.0002978324890136719,6.640587045757437e-05,brute,40,13,distance,"{'algorithm': 'brute', 'leaf_size': 40, 'n_neighbors': 13, 'weights': 'distance'}",0.9642857142857143,0.8888888888888888,0.8148148148148148,0.8518518518518519,0.9259259259259259,0.9259259259259259,0.8888888888888888,0.8148148148148148,0.9259259259259259,0.9259259259259259,0.8927248677248677,0.04834271548630229,385
0.00012073516845703124,1.2558663293040082e-05,0.00027534961700439455,3.527135966207667e-05,brute,40,17,uniform,"{'algorithm': 'brute', 'leaf_size': 40, 'n_neighbors': 17, 'weights': 'uniform'}",0.9642857142857143,0.9259259259259259,0.8888888888888888,0.8518518518518519,0.9629629629629629,0.8888888888888888,0.8518518518518519,0.7777777777777778,0.9259259259259259,0.8518518518518519,0.8890211640211639,0.05511430334995131,577
0.00012164115905761718,5.497913823753813e-06,0.0003067970275878906,3.3484155783856857e-05,brute,40,17,distance,"{'algorithm': 'brute', 'leaf_size': 40, 'n_neighbors': 17, 'weights': 'distance'}",0.9642857142857143,0.9259259259259259,0.8888888888888888,0.8518518518518519,0.9629629629629629,0.9259259259259259,0.8518518518518519,0.7777777777777778,0.9259259259259259,0.8888888888888888,0.8964285714285716,0.0545963104766419,321
0.00012085437774658203,7.096267775006889e-06,0.00027666091918945315,8.988222328232362e-06,brute,40,19,uniform,"{'algorithm': 'brute', 'leaf_size': 40, 'n_neighbors': 19, 'weights': 'uniform'}",0.9642857142857143,0.9259259259259259,0.8888888888888888,0.8888888888888888,0.9629629629629629,0.8888888888888888,0.8148148148148148,0.8148148148148148,0.9259259259259259,0.8148148148148148,0.8890211640211639,0.055114303349951335,577
0.00018677711486816406,7.112024216455018e-05,0.000574803352355957,0.0001587250610373455,brute,40,19,distance,"{'algorithm': 'brute', 'leaf_size': 40, 'n_neighbors': 19, 'weights': 'distance'}",0.9642857142857143,0.9259259259259259,0.8888888888888888,0.8888888888888888,0.9629629629629629,0.9259259259259259,0.8148148148148148,0.8148148148148148,0.9259259259259259,0.8148148148148148,0.8927248677248677,0.05621444127694664,385
0.00015041828155517578,6.387673356097875e-05,0.0004233121871948242,0.0002320105388668127,brute,40,23,uniform,"{'algorithm': 'brute', 'leaf_size': 40, 'n_neighbors': 23, 'weights': 'uniform'}",0.9285714285714286,0.9629629629629629,0.8518518518518519,0.8888888888888888,0.9629629629629629,0.8888888888888888,0.8148148148148148,0.8148148148148148,0.8888888888888888,0.8148148148148148,0.8817460317460316,0.054654445597923325,705
0.00017993450164794923,4.924645840511569e-05,0.0005038022994995117,8.805082183850378e-05,brute,40,23,distance,"{'algorithm': 'brute', 'leaf_size': 40, 'n_neighbors': 23, 'weights': 'distance'}",0.9642857142857143,0.9629629629629629,0.8888888888888888,0.8888888888888888,0.9629629629629629,0.9259259259259259,0.8148148148148148,0.8148148148148148,0.8888888888888888,0.8148148148148148,0.8927248677248677,0.05860385508288557,385
0.000127410888671875,7.982003357299974e-06,0.0003722667694091797,6.367652773587023e-05,brute,40,29,uniform,"{'algorithm': 'brute', 'leaf_size': 40, 'n_neighbors': 29, 'weights': 'uniform'}",0.9285714285714286,0.9629629629629629,0.9259259259259259,0.8888888888888888,0.9629629629629629,0.8518518518518519,0.8148148148148148,0.8148148148148148,0.8888888888888888,0.8148148148148148,0.8854497354497355,0.056244779905782104,641
0.00012586116790771484,2.1601683761597623e-05,0.00034563541412353517,5.0600494591113795e-05,brute,40,29,distance,"{'algorithm': 'brute', 'leaf_size': 40, 'n_neighbors': 29, 'weights': 'distance'}",0.9285714285714286,0.9629629629629629,0.9259259259259259,0.8888888888888888,0.9629629629629629,0.8888888888888888,0.8148148148148148,0.8148148148148148,0.8888888888888888,0.8148148148148148,0.889153439153439,0.055118588923675764,513
0.00011720657348632813,6.159510653003021e-06,0.00036821365356445315,0.0001217280932955927,brute,40,31,uniform,"{'algorithm': 'brute', 'leaf_size': 40, 'n_neighbors': 31, 'weights': 'uniform'}",0.9285714285714286,1.0,0.9259259259259259,0.9259259259259259,0.9629629629629629,0.8518518518518519,0.8148148148148148,0.8148148148148148,0.8888888888888888,0.8148148148148148,0.8928571428571429,0.0631078542731494,353
0.0001463651657104492,5.991297604704488e-05,0.00043616294860839846,0.0001715721521025409,brute,40,31,distance,"{'algorithm': 'brute', 'leaf_size': 40, 'n_neighbors': 31, 'weights': 'distance'}",0.9285714285714286,1.0,0.9259259259259259,0.9259259259259259,0.9629629629629629,0.8888888888888888,0.8148148148148148,0.8148148148148148,0.8888888888888888,0.8148148148148148,0.8965608465608466,0.0616629156361344,289
0.00016503334045410157,4.994636498357451e-05,0.0004191875457763672,0.00010022521568415158,brute,40,37,uniform,"{'algorithm': 'brute', 'leaf_size': 40, 'n_neighbors': 37, 'weights': 'uniform'}",0.8928571428571429,1.0,0.8888888888888888,0.8888888888888888,0.9259259259259259,0.8518518518518519,0.8148148148148148,0.7037037037037037,0.8888888888888888,0.8518518518518519,0.8707671957671957,0.072782701265744,801
0.000139617919921875,1.782223133188371e-05,0.0004957675933837891,8.719017963821096e-05,brute,40,37,distance,"{'algorithm': 'brute', 'leaf_size': 40, 'n_neighbors': 37, 'weights': 'distance'}",0.9285714285714286,1.0,0.8888888888888888,0.9259259259259259,0.9259259259259259,0.8888888888888888,0.8518518518518519,0.7777777777777778,0.8888888888888888,0.8148148148148148,0.8891534391534393,0.0598895290508307,481
0.00012667179107666015,9.31057367711146e-06,0.0003957271575927734,6.029952311942375e-05,brute,40,41,uniform,"{'algorithm': 'brute', 'leaf_size': 40, 'n_neighbors': 41, 'weights': 'uniform'}",0.8571428571428571,1.0,0.8888888888888888,0.8518518518518519,0.9259259259259259,0.8148148148148148,0.8148148148148148,0.7407407407407407,0.8888888888888888,0.8148148148148148,0.8597883597883598,0.06785082532964794,865
0.0001255035400390625,1.007594262697826e-05,0.00034584999084472654,3.959574909891521e-05,brute,40,41,distance,"{'algorithm': 'brute', 'leaf_size': 40, 'n_neighbors': 41, 'weights': 'distance'}",0.8928571428571429,1.0,0.8888888888888888,0.8888888888888888,0.9259259259259259,0.8518518518518519,0.8518518518518519,0.7777777777777778,0.8888888888888888,0.8148148148148148,0.8781746031746032,0.057585884266853474,769
0.00012311935424804687,6.1373221419382764e-06,0.0003403663635253906,5.872264607263587e-06,brute,40,43,uniform,"{'algorithm': 'brute', 'leaf_size': 40, 'n_neighbors': 43, 'weights': 'uniform'}",0.9285714285714286,1.0,0.8888888888888888,0.8518518518518519,0.9259259259259259,0.8148148148148148,0.8148148148148148,0.7407407407407407,0.9259259259259259,0.8148148148148148,0.8706349206349205,0.07287819624881071,833
0.00012211799621582032,5.472005054741747e-06,0.0003439188003540039,2.1710561286267177e-05,brute,40,43,distance,"{'algorithm': 'brute', 'leaf_size': 40, 'n_neighbors': 43, 'weights': 'distance'}",0.9285714285714286,1.0,0.8888888888888888,0.8888888888888888,0.9259259259259259,0.8518518518518519,0.8518518518518519,0.7777777777777778,0.9259259259259259,0.8148148148148148,0.8854497354497355,0.060927597290907604,641
0.0001256704330444336,1.411407782901572e-05,0.00024847984313964845,7.733350559260398e-05,brute,50,2,uniform,"{'algorithm': 'brute', 'leaf_size': 50, 'n_neighbors': 2, 'weights': 'uniform'}",0.9285714285714286,1.0,0.9629629629629629,0.8518518518518519,0.9629629629629629,0.9629629629629629,0.9259259259259259,0.8518518518518519,0.8518518518518519,0.8148148148148148,0.9113756613756614,0.06024838242553935,129
0.00011944770812988281,4.630479197048269e-06,0.00022821426391601564,6.631123215109688e-06,brute,50,2,distance,"{'algorithm': 'brute', 'leaf_size': 50, 'n_neighbors': 2, 'weights': 'distance'}",0.9642857142857143,0.8888888888888888,0.9629629629629629,0.8518518518518519,0.9259259259259259,0.9629629629629629,1.0,0.8518518518518519,0.8888888888888888,0.9259259259259259,0.9223544973544973,0.04826157492490816,1
0.00011563301086425781,3.9580356539625425e-06,0.00020844936370849608,6.417889819927583e-06,brute,50,3,uniform,"{'algorithm': 'brute', 'leaf_size': 50, 'n_neighbors': 3, 'weights': 'uniform'}",0.9642857142857143,0.9259259259259259,0.9629629629629629,0.8518518518518519,0.9259259259259259,1.0,1.0,0.8148148148148148,0.8148148148148148,0.8888888888888888,0.9149470899470901,0.06645439983022737,33
0.00012233257293701172,9.080868863010058e-06,0.00025696754455566405,3.812473364127124e-05,brute,50,3,distance,"{'algorithm': 'brute', 'leaf_size': 50, 'n_neighbors': 3, 'weights': 'distance'}",0.9642857142857143,0.9259259259259259,0.9629629629629629,0.8518518518518519,0.9259259259259259,1.0,1.0,0.8148148148148148,0.8148148148148148,0.8888888888888888,0.9149470899470901,0.06645439983022737,33
0.0001230955123901367,1.0845844338950504e-05,0.0002896547317504883,8.277743710102181e-05,brute,50,5,uniform,"{'algorithm': 'brute', 'leaf_size': 50, 'n_neighbors': 5, 'weights': 'uniform'}",0.9642857142857143,0.9259259259259259,0.8888888888888888,0.8518518518518519,0.9259259259259259,0.9629629629629629,1.0,0.8888888888888888,0.8148148148148148,0.8888888888888888,0.9112433862433862,0.053030451638520076,161
0.00011756420135498047,2.698346442153212e-06,0.00027298927307128906,1.0339782502229324e-05,brute,50,5,distance,"{'algorithm': 'brute', 'leaf_size': 50, 'n_neighbors': 5, 'weights': 'distance'}",0.9642857142857143,0.9259259259259259,0.9259259259259259,0.8518518518518519,0.9259259259259259,0.9629629629629629,1.0,0.8888888888888888,0.8148148148148148,0.8888888888888888,0.9149470899470898,0.05263170833078003,97
0.00011649131774902344,2.791025281269435e-06,0.00026068687438964846,5.343130046017242e-06,brute,50,7,uniform,"{'algorithm': 'brute', 'leaf_size': 50, 'n_neighbors': 7, 'weights': 'uniform'}",0.9642857142857143,0.9259259259259259,0.9259259259259259,0.8518518518518519,0.9259259259259259,0.9629629629629629,0.9259259259259259,0.8888888888888888,0.8518518518518519,0.8148148148148148,0.9038359788359788,0.04759718045831639,257
0.00011589527130126954,2.6899068360804343e-06,0.00027265548706054685,5.530283273383846e-06,brute,50,7,distance,"{'algorithm': 'brute', 'leaf_size': 50, 'n_neighbors': 7, 'weights': 'distance'}",0.9642857142857143,0.9629629629629629,0.9259259259259259,0.8518518518518519,0.9259259259259259,0.9629629629629629,0.9629629629629629,0.8888888888888888,0.8518518518518519,0.8148148148148148,0.9112433862433862,0.053030451638520056,161
0.00013766288757324218,5.991503957843823e-05,0.00028030872344970704,1.4318638607819912e-05,brute,50,11,uniform,"{'algorithm': 'brute', 'leaf_size': 50, 'n_neighbors': 11, 'weights': 'uniform'}",0.9642857142857143,0.8518518518518519,0.8518518518518519,0.8518518518518519,0.9259259259259259,0.9259259259259259,0.8888888888888888,0.8148148148148148,0.9259259259259259,0.8888888888888888,0.889021164021164,0.04404761904761906,545
0.00011963844299316407,3.0714383917213277e-06,0.00028612613677978513,1.0626864627752566e-05,brute,50,11,distance,"{'algorithm': 'brute', 'leaf_size': 50, 'n_neighbors': 11, 'weights': 'distance'}",0.9642857142857143,0.8888888888888888,0.8518518518518519,0.8518518518518519,0.9259259259259259,0.9629629629629629,0.9629629629629629,0.8148148148148148,0.9629629629629629,0.8888888888888888,0.9075396825396826,0.053168844616982916,225
0.0001157999038696289,8.193416727752486e-07,0.0002835988998413086,3.795650736075672e-06,brute,50,13,uniform,"{'algorithm': 'brute', 'leaf_size': 50, 'n_neighbors': 13, 'weights': 'uniform'}",0.9642857142857143,0.8888888888888888,0.8148148148148148,0.8518518518518519,0.9259259259259259,0.8888888888888888,0.8518518518518519,0.8148148148148148,0.9259259259259259,0.8888888888888888,0.8816137566137566,0.04649334482859554,737
0.00011882781982421874,2.1621292207249896e-06,0.00029306411743164064,1.1536503247689112e-05,brute,50,13,distance,"{'algorithm': 'brute', 'leaf_size': 50, 'n_neighbors': 13, 'weights': 'distance'}",0.9642857142857143,0.8888888888888888,0.8148148148148148,0.8518518518518519,0.9259259259259259,0.9259259259259259,0.8888888888888888,0.8148148148148148,0.9259259259259259,0.9259259259259259,0.8927248677248677,0.04834271548630229,385
0.00014941692352294923,6.444485946898816e-05,0.00031917095184326173,3.641691415411465e-05,brute,50,17,uniform,"{'algorithm': 'brute', 'leaf_size': 50, 'n_neighbors': 17, 'weights': 'uniform'}",0.9642857142857143,0.9259259259259259,0.8888888888888888,0.8518518518518519,0.9629629629629629,0.8888888888888888,0.8518518518518519,0.7777777777777778,0.9259259259259259,0.8518518518518519,0.8890211640211639,0.05511430334995131,577
0.00011887550354003907,3.488089071822471e-06,0.00030581951141357423,2.1063050205490727e-05,brute,50,17,distance,"{'algorithm': 'brute', 'leaf_size': 50, 'n_neighbors': 17, 'weights': 'distance'}",0.9642857142857143,0.9259259259259259,0.8888888888888888,0.8518518518518519,0.9629629629629629,0.9259259259259259,0.8518518518518519,0.7777777777777778,0.9259259259259259,0.8888888888888888,0.8964285714285716,0.0545963104766419,321
0.00011661052703857422,2.024312739098297e-06,0.00029997825622558595,8.780021123110889e-06,brute,50,19,uniform,"{'algorithm': 'brute', 'leaf_size': 50, 'n_neighbors': 19, 'weights': 'uniform'}",0.9642857142857143,0.9259259259259259,0.8888888888888888,0.8888888888888888,0.9629629629629629,0.8888888888888888,0.8148148148148148,0.8148148148148148,0.9259259259259259,0.8148148148148148,0.8890211640211639,0.055114303349951335,577
0.00011982917785644532,4.390010561555444e-06,0.0003157138824462891,1.3842164663059649e-05,brute,50,19,distance,"{'algorithm': 'brute', 'leaf_size': 50, 'n_neighbors': 19, 'weights': 'distance'}",0.9642857142857143,0.9259259259259259,0.8888888888888888,0.8888888888888888,0.9629629629629629,0.9259259259259259,0.8148148148148148,0.8148148148148148,0.9259259259259259,0.8148148148148148,0.8927248677248677,0.05621444127694664,385
0.00013034343719482423,1.653740080113281e-05,0.00035147666931152345,7.715704104976854e-05,brute,50,23,uniform,"{'algorithm': 'brute', 'leaf_size': 50, 'n_neighbors': 23, 'weights': 'uniform'}",0.9285714285714286,0.9629629629629629,0.8518518518518519,0.8888888888888888,0.9629629629629629,0.8888888888888888,0.8148148148148148,0.8148148148148148,0.8888888888888888,0.8148148148148148,0.8817460317460316,0.054654445597923325,705
0.00015740394592285157,7.263607387941302e-05,0.00039298534393310546,0.00011070234715145409,brute,50,23,distance,"{'algorithm': 'brute', 'leaf_size': 50, 'n_neighbors': 23, 'weights': 'distance'}",0.9642857142857143,0.9629629629629629,0.8888888888888888,0.8888888888888888,0.9629629629629629,0.9259259259259259,0.8148148148148148,0.8148148148148148,0.8888888888888888,0.8148148148148148,0.8927248677248677,0.05860385508288557,385
0.00012311935424804687,4.565202196083614e-06,0.0003026723861694336,9.352726613878672e-06,brute,50,29,uniform,"{'algorithm': 'brute', 'leaf_size': 50, 'n_neighbors': 29, 'weights': 'uniform'}",0.9285714285714286,0.9629629629629629,0.9259259259259259,0.8888888888888888,0.9629629629629629,0.8518518518518519,0.8148148148148148,0.8148148148148148,0.8888888888888888,0.8148148148148148,0.8854497354497355,0.056244779905782104,641
0.00012183189392089844,5.938489459554954e-06,0.0002928018569946289,7.295335814421838e-06,brute,50,29,distance,"{'algorithm': 'brute', 'leaf_size': 50, 'n_neighbors': 29, 'weights': 'distance'}",0.9285714285714286,0.9629629629629629,0.9259259259259259,0.8888888888888888,0.9629629629629629,0.8888888888888888,0.8148148148148148,0.8148148148148148,0.8888888888888888,0.8148148148148148,0.889153439153439,0.055118588923675764,513
0.00012009143829345703,5.231155730216946e-06,0.0003139734268188477,3.905882139365712e-05,brute,50,31,uniform,"{'algorithm': 'brute', 'leaf_size': 50, 'n_neighbors': 31, 'weights': 'uniform'}",0.9285714285714286,1.0,0.9259259259259259,0.9259259259259259,0.9629629629629629,0.8518518518518519,0.8148148148148148,0.8148148148148148,0.8888888888888888,0.8148148148148148,0.8928571428571429,0.0631078542731494,353
0.00013320446014404298,1.3074840967146891e-05,0.0003533124923706055,5.299079668108911e-05,brute,50,31,distance,"{'algorithm': 'brute', 'leaf_size': 50, 'n_neighbors': 31, 'weights': 'distance'}",0.9285714285714286,1.0,0.9259259259259259,0.9259259259259259,0.9629629629629629,0.8888888888888888,0.8148148148148148,0.8148148148148148,0.8888888888888888,0.8148148148148148,0.8965608465608466,0.0616629156361344,289
0.00012314319610595703,6.245702217783802e-06,0.0003271341323852539,8.395889190258491e-06,brute,50,37,uniform,"{'algorithm': 'brute', 'leaf_size': 50, 'n_neighbors': 37, 'weights': 'uniform'}",0.8928571428571429,1.0,0.8888888888888888,0.8888888888888888,0.9259259259259259,0.8518518518518519,0.8148148148148148,0.7037037037037037,0.8888888888888888,0.8518518518518519,0.8707671957671957,0.072782701265744,801
0.00012509822845458985,6.997534525880429e-06,0.000335693359375,2.1471707733957016e-05,brute,50,37,distance,"{'algorithm': 'brute', 'leaf_size': 50, 'n_neighbors': 37, 'weights': 'distance'}",0.9285714285714286,1.0,0.8888888888888888,0.9259259259259259,0.9259259259259259,0.8888888888888888,0.8518518518518519,0.7777777777777778,0.8888888888888888,0.8148148148148148,0.8891534391534393,0.0598895290508307,481
0.0001245737075805664,6.2119364849988225e-06,0.00036742687225341795,5.848641007969945e-05,brute,50,41,uniform,"{'algorithm': 'brute', 'leaf_size': 50, 'n_neighbors': 41, 'weights': 'uniform'}",0.8571428571428571,1.0,0.8888888888888888,0.8518518518518519,0.9259259259259259,0.8148148148148148,0.8148148148148148,0.7407407407407407,0.8888888888888888,0.8148148148148148,0.8597883597883598,0.06785082532964794,865
0.00012276172637939453,2.805752141232953e-06,0.0003377676010131836,1.190138645501229e-05,brute,50,41,distance,"{'algorithm': 'brute', 'leaf_size': 50, 'n_neighbors': 41, 'weights': 'distance'}",0.8928571428571429,1.0,0.8888888888888888,0.8888888888888888,0.9259259259259259,0.8518518518518519,0.8518518518518519,0.7777777777777778,0.8888888888888888,0.8148148148148148,0.8781746031746032,0.057585884266853474,769
0.0001195669174194336,2.3608255376673274e-06,0.00034439563751220703,1.0009179964973708e-05,brute,50,43,uniform,"{'algorithm': 'brute', 'leaf_size': 50, 'n_neighbors': 43, 'weights': 'uniform'}",0.9285714285714286,1.0,0.8888888888888888,0.8518518518518519,0.9259259259259259,0.8148148148148148,0.8148148148148148,0.7407407407407407,0.9259259259259259,0.8148148148148148,0.8706349206349205,0.07287819624881071,833
0.00012013912200927734,5.820002136165149e-06,0.00032994747161865237,5.912059693822639e-06,brute,50,43,distance,"{'algorithm': 'brute', 'leaf_size': 50, 'n_neighbors': 43, 'weights': 'distance'}",0.9285714285714286,1.0,0.8888888888888888,0.8888888888888888,0.9259259259259259,0.8518518518518519,0.8518518518518519,0.7777777777777778,0.9259259259259259,0.8148148148148148,0.8854497354497355,0.060927597290907604,641
0.00012946128845214844,1.8540628123632983e-05,0.00023543834686279297,3.3434624998701887e-05,brute,60,2,uniform,"{'algorithm': 'brute', 'leaf_size': 60, 'n_neighbors': 2, 'weights': 'uniform'}",0.9285714285714286,1.0,0.9629629629629629,0.8518518518518519,0.9629629629629629,0.9629629629629629,0.9259259259259259,0.8518518518518519,0.8518518518518519,0.8148148148148148,0.9113756613756614,0.06024838242553935,129
0.00012235641479492189,2.174189208064651e-06,0.0002699375152587891,1.1573398743102805e-05,brute,60,2,distance,"{'algorithm': 'brute', 'leaf_size': 60, 'n_neighbors': 2, 'weights': 'distance'}",0.9642857142857143,0.8888888888888888,0.9629629629629629,0.8518518518518519,0.9259259259259259,0.9629629629629629,1.0,0.8518518518518519,0.8888888888888888,0.9259259259259259,0.9223544973544973,0.04826157492490816,1
0.00011773109436035157,1.3934745022013147e-06,0.00025479793548583985,3.5969612962761376e-06,brute,60,3,uniform,"{'algorithm': 'brute', 'leaf_size': 60, 'n_neighbors': 3, 'weights': 'uniform'}",0.9642857142857143,0.9259259259259259,0.9629629629629629,0.8518518518518519,0.9259259259259259,1.0,1.0,0.8148148148148148,0.8148148148148148,0.8888888888888888,0.9149470899470901,0.06645439983022737,33
0.00012133121490478515,2.704658864477623e-06,0.00027265548706054685,2.1300054859845022e-05,brute,60,3,distance,"{'algorithm': 'brute', 'leaf_size': 60, 'n_neighbors': 3, 'weights': 'distance'}",0.9642857142857143,0.9259259259259259,0.9629629629629629,0.8518518518518519,0.9259259259259259,1.0,1.0,0.8148148148148148,0.8148148148148148,0.8888888888888888,0.9149470899470901,0.06645439983022737,33
0.0001276254653930664,1.2742820674873078e-05,0.00028400421142578126,4.065687653236533e-05,brute,60,5,uniform,"{'algorithm': 'brute', 'leaf_size': 60, 'n_neighbors': 5, 'weights': 'uniform'}",0.9642857142857143,0.9259259259259259,0.8888888888888888,0.8518518518518519,0.9259259259259259,0.9629629629629629,1.0,0.8888888888888888,0.8148148148148148,0.8888888888888888,0.9112433862433862,0.053030451638520076,161
0.00012333393096923827,8.117478646577226e-06,0.00028035640716552737,1.6547503272705817e-05,brute,60,5,distance,"{'algorithm': 'brute', 'leaf_size': 60, 'n_neighbors': 5, 'weights': 'distance'}",0.9642857142857143,0.9259259259259259,0.9259259259259259,0.8518518518518519,0.9259259259259259,0.9629629629629629,1.0,0.8888888888888888,0.8148148148148148,0.8888888888888888,0.9149470899470898,0.05263170833078003,97
0.00011703968048095703,1.8202754971147909e-06,0.00026576519012451173,5.40116755836692e-06,brute,60,7,uniform,"{'algorithm': 'brute', 'leaf_size': 60, 'n_neighbors': 7, 'weights': 'uniform'}",0.9642857142857143,0.9259259259259259,0.9259259259259259,0.8518518518518519,0.9259259259259259,0.9629629629629629,0.9259259259259259,0.8888888888888888,0.8518518518518519,0.8148148148148148,0.9038359788359788,0.04759718045831639,257
0.00012183189392089844,3.9263131809690285e-06,0.0002895355224609375,1.8504476762948196e-05,brute,60,7,distance,"{'algorithm': 'brute', 'leaf_size': 60, 'n_neighbors': 7, 'weights': 'distance'}",0.9642857142857143,0.9629629629629629,0.9259259259259259,0.8518518518518519,0.9259259259259259,0.9629629629629629,0.9629629629629629,0.8888888888888888,0.8518518518518519,0.8148148148148148,0.9112433862433862,0.053030451638520056,161
0.00013885498046875,4.0251411596055224e-05,0.0003098487854003906,5.568819058359268e-05,brute,60,11,uniform,"{'algorithm': 'brute', 'leaf_size': 60, 'n_neighbors': 11, 'weights': 'uniform'}",0.9642857142857143,0.8518518518518519,0.8518518518518519,0.8518518518518519,0.9259259259259259,0.9259259259259259,0.8888888888888888,0.8148148148148148,0.9259259259259259,0.8888888888888888,0.889021164021164,0.04404761904761906,545
0.0001496553421020508,5.326988719140098e-05,0.000420379638671875,0.000108356499331995,brute,60,11,distance,"{'algorithm': 'brute', 'leaf_size': 60, 'n_neighbors': 11, 'weights': 'distance'}",0.9642857142857143,0.8888888888888888,0.8518518518518519,0.8518518518518519,0.9259259259259259,0.9629629629629629,0.9629629629629629,0.8148148148148148,0.9629629629629629,0.8888888888888888,0.9075396825396826,0.053168844616982916,225
0.00011925697326660156,2.6113093509851587e-06,0.0002901792526245117,9.608268737792968e-06,brute,60,13,uniform,"{'algorithm': 'brute', 'leaf_size': 60, 'n_neighbors': 13, 'weights': 'uniform'}",0.9642857142857143,0.8888888888888888,0.8148148148148148,0.8518518518518519,0.9259259259259259,0.8888888888888888,0.8518518518518519,0.8148148148148148,0.9259259259259259,0.8888888888888888,0.8816137566137566,0.04649334482859554,737
0.00012488365173339843,8.896432019918696e-06,0.00032856464385986326,5.226257616023737e-05,brute,60,13,distance,"{'algorithm': 'brute', 'leaf_size': 60, 'n_neighbors': 13, 'weights': 'distance'}",0.9642857142857143,0.8888888888888888,0.8148148148148148,0.8518518518518519,0.9259259259259259,0.9259259259259259,0.8888888888888888,0.8148148148148148,0.9259259259259259,0.9259259259259259,0.8927248677248677,0.04834271548630229,385
0.00012114048004150391,2.1203174285236882e-06,0.00030405521392822265,6.122345860126281e-06,brute,60,17,uniform,"{'algorithm': 'brute', 'leaf_size': 60, 'n_neighbors': 17, 'weights': 'uniform'}",0.9642857142857143,0.9259259259259259,0.8888888888888888,0.8518518518518519,0.9629629629629629,0.8888888888888888,0.8518518518518519,0.7777777777777778,0.9259259259259259,0.8518518518518519,0.8890211640211639,0.05511430334995131,577
0.00012109279632568359,5.872506601840786e-06,0.0003228902816772461,2.6868208337786094e-05,brute,60,17,distance,"{'algorithm': 'brute', 'leaf_size': 60, 'n_neighbors': 17, 'weights': 'distance'}",0.9642857142857143,0.9259259259259259,0.8888888888888888,0.8518518518518519,0.9629629629629629,0.9259259259259259,0.8518518518518519,0.7777777777777778,0.9259259259259259,0.8888888888888888,0.8964285714285716,0.0545963104766419,321
0.00012052059173583984,8.042343200260132e-06,0.00029449462890625,2.155857732404335e-05,brute,60,19,uniform,"{'algorithm': 'brute', 'leaf_size': 60, 'n_neighbors': 19, 'weights': 'uniform'}",0.9642857142857143,0.9259259259259259,0.8888888888888888,0.8888888888888888,0.9629629629629629,0.8888888888888888,0.8148148148148148,0.8148148148148148,0.9259259259259259,0.8148148148148148,0.8890211640211639,0.055114303349951335,577
0.00012226104736328124,5.80665500365545e-06,0.0003255605697631836,0.00011203005909513427,brute,60,19,distance,"{'algorithm': 'brute', 'leaf_size': 60, 'n_neighbors': 19, 'weights': 'distance'}",0.9642857142857143,0.9259259259259259,0.8888888888888888,0.8888888888888888,0.9629629629629629,0.9259259259259259,0.8148148148148148,0.8148148148148148,0.9259259259259259,0.8148148148148148,0.8927248677248677,0.05621444127694664,385
0.00011839866638183594,1.9492085872621248e-06,0.0002821445465087891,4.936128347247137e-06,brute,60,23,uniform,"{'algorithm': 'brute', 'leaf_size': 60, 'n_neighbors': 23, 'weights': 'uniform'}",0.9285714285714286,0.9629629629629629,0.8518518518518519,0.8888888888888888,0.9629629629629629,0.8888888888888888,0.8148148148148148,0.8148148148148148,0.8888888888888888,0.8148148148148148,0.8817460317460316,0.054654445597923325,705
0.0001368999481201172,3.055644540497317e-05,0.0003239154815673828,3.651451954842204e-05,brute,60,23,distance,"{'algorithm': 'brute', 'leaf_size': 60, 'n_neighbors': 23, 'weights': 'distance'}",0.9642857142857143,0.9629629629629629,0.8888888888888888,0.8888888888888888,0.9629629629629629,0.9259259259259259,0.8148148148148148,0.8148148148148148,0.8888888888888888,0.8148148148148148,0.8927248677248677,0.05860385508288557,385
0.00011999607086181641,3.631561869209455e-06,0.0003040075302124023,1.0988717225037045e-05,brute,60,29,uniform,"{'algorithm': 'brute', 'leaf_size': 60, 'n_neighbors': 29, 'weights': 'uniform'}",0.9285714285714286,0.9629629629629629,0.9259259259259259,0.8888888888888888,0.9629629629629629,0.8518518518518519,0.8148148148148148,0.8148148148148148,0.8888888888888888,0.8148148148148148,0.8854497354497355,0.056244779905782104,641
0.00011799335479736328,3.072641117766864e-06,0.0002998828887939453,1.431853936022833e-05,brute,60,29,distance,"{'algorithm': 'brute', 'leaf_size': 60, 'n_neighbors': 29, 'weights': 'distance'}",0.9285714285714286,0.9629629629629629,0.9259259259259259,0.8888888888888888,0.9629629629629629,0.8888888888888888,0.8148148148148148,0.8148148148148148,0.8888888888888888,0.8148148148148148,0.889153439153439,0.055118588923675764,513
0.00012574195861816406,6.585015842333166e-06,0.0003621339797973633,9.622483175075413e-05,brute,60,31,uniform,"{'algorithm': 'brute', 'leaf_size': 60, 'n_neighbors': 31, 'weights': 'uniform'}",0.9285714285714286,1.0,0.9259259259259259,0.9259259259259259,0.9629629629629629,0.8518518518518519,0.8148148148148148,0.8148148148148148,0.8888888888888888,0.8148148148148148,0.8928571428571429,0.0631078542731494,353
0.00012023448944091797,2.075885253051781e-06,0.00031790733337402346,1.6550852220565207e-05,brute,60,31,distance,"{'algorithm': 'brute', 'leaf_size': 60, 'n_neighbors': 31, 'weights': 'distance'}",0.9285714285714286,1.0,0.9259259259259259,0.9259259259259259,0.9629629629629629,0.8888888888888888,0.8148148148148148,0.8148148148148148,0.8888888888888888,0.8148148148148148,0.8965608465608466,0.0616629156361344,289
0.00011906623840332031,4.487339155585705e-06,0.00032007694244384766,7.63777183515613e-06,brute,60,37,uniform,"{'algorithm': 'brute', 'leaf_size': 60, 'n_neighbors': 37, 'weights': 'uniform'}",0.8928571428571429,1.0,0.8888888888888888,0.8888888888888888,0.9259259259259259,0.8518518518518519,0.8148148148148148,0.7037037037037037,0.8888888888888888,0.8518518518518519,0.8707671957671957,0.072782701265744,801
0.00012154579162597657,3.22491424921244e-06,0.00032505989074707033,1.3570269469624695e-05,brute,60,37,distance,"{'algorithm': 'brute', 'leaf_size': 60, 'n_neighbors': 37, 'weights': 'distance'}",0.9285714285714286,1.0,0.8888888888888888,0.9259259259259259,0.9259259259259259,0.8888888888888888,0.8518518518518519,0.7777777777777778,0.8888888888888888,0.8148148148148148,0.8891534391534393,0.0598895290508307,481
0.0001282215118408203,1.0007220473848726e-05,0.00036921501159667967,0.00010395745595357738,brute,60,41,uniform,"{'algorithm': 'brute', 'leaf_size': 60, 'n_neighbors': 41, 'weights': 'uniform'}",0.8571428571428571,1.0,0.8888888888888888,0.8518518518518519,0.9259259259259259,0.8148148148148148,0.8148148148148148,0.7407407407407407,0.8888888888888888,0.8148148148148148,0.8597883597883598,0.06785082532964794,865
0.0001196146011352539,5.630970384822434e-06,0.0003322601318359375,2.1173717630400836e-05,brute,60,41,distance,"{'algorithm': 'brute', 'leaf_size': 60, 'n_neighbors': 41, 'weights': 'distance'}",0.8928571428571429,1.0,0.8888888888888888,0.8888888888888888,0.9259259259259259,0.8518518518518519,0.8518518518518519,0.7777777777777778,0.8888888888888888,0.8148148148148148,0.8781746031746032,0.057585884266853474,769
0.0001270294189453125,7.5588842365874205e-06,0.00035104751586914065,2.023082445720748e-05,brute,60,43,uniform,"{'algorithm': 'brute', 'leaf_size': 60, 'n_neighbors': 43, 'weights': 'uniform'}",0.9285714285714286,1.0,0.8888888888888888,0.8518518518518519,0.9259259259259259,0.8148148148148148,0.8148148148148148,0.7407407407407407,0.9259259259259259,0.8148148148148148,0.8706349206349205,0.07287819624881071,833
0.00012760162353515626,1.2538550719619409e-05,0.0003625631332397461,6.221437229643498e-05,brute,60,43,distance,"{'algorithm': 'brute', 'leaf_size': 60, 'n_neighbors': 43, 'weights': 'distance'}",0.9285714285714286,1.0,0.8888888888888888,0.8888888888888888,0.9259259259259259,0.8518518518518519,0.8518518518518519,0.7777777777777778,0.9259259259259259,0.8148148148148148,0.8854497354497355,0.060927597290907604,641
0.00011909008026123047,1.82588787064989e-06,0.00021116733551025392,5.81765760628053e-06,brute,70,2,uniform,"{'algorithm': 'brute', 'leaf_size': 70, 'n_neighbors': 2, 'weights': 'uniform'}",0.9285714285714286,1.0,0.9629629629629629,0.8518518518518519,0.9629629629629629,0.9629629629629629,0.9259259259259259,0.8518518518518519,0.8518518518518519,0.8148148148148148,0.9113756613756614,0.06024838242553935,129
0.0001171112060546875,3.1680078967806034e-06,0.00022306442260742188,6.1622785993311105e-06,brute,70,2,distance,"{'algorithm': 'brute', 'leaf_size': 70, 'n_neighbors': 2, 'weights': 'distance'}",0.9642857142857143,0.8888888888888888,0.9629629629629629,0.8518518518518519,0.9259259259259259,0.9629629629629629,1.0,0.8518518518518519,0.8888888888888888,0.9259259259259259,0.9223544973544973,0.04826157492490816,1
0.00012125968933105469,7.112869781099157e-06,0.0002227306365966797,2.1738440712725622e-05,brute,70,3,uniform,"{'algorithm': 'brute', 'leaf_size': 70, 'n_neighbors': 3, 'weights': 'uniform'}",0.9642857142857143,0.9259259259259259,0.9629629629629629,0.8518518518518519,0.9259259259259259,1.0,1.0,0.8148148148148148,0.8148148148148148,0.8888888888888888,0.9149470899470901,0.06645439983022737,33
0.00012426376342773439,1.9606590711674428e-05,0.0002568960189819336,3.470055262648149e-05,brute,70,3,distance,"{'algorithm': 'brute', 'leaf_size': 70, 'n_neighbors': 3, 'weights': 'distance'}",0.9642857142857143,0.9259259259259259,0.9629629629629629,0.8518518518518519,0.9259259259259259,1.0,1.0,0.8148148148148148,0.8148148148148148,0.8888888888888888,0.9149470899470901,0.06645439983022737,33
0.00011920928955078125,4.010821304621869e-06,0.0002147197723388672,8.983794289459753e-06,brute,70,5,uniform,"{'algorithm': 'brute', 'leaf_size': 70, 'n_neighbors': 5, 'weights': 'uniform'}",0.9642857142857143,0.9259259259259259,0.8888888888888888,0.8518518518518519,0.9259259259259259,0.9629629629629629,1.0,0.8888888888888888,0.8148148148148148,0.8888888888888888,0.9112433862433862,0.053030451638520076,161
0.00011985301971435547,6.265511431596197e-06,0.00024056434631347656,1.482112370387976e-05,brute,70,5,distance,"{'algorithm': 'brute', 'leaf_size': 70, 'n_neighbors': 5, 'weights': 'distance'}",0.9642857142857143,0.9259259259259259,0.9259259259259259,0.8518518518518519,0.9259259259259259,0.9629629629629629,1.0,0.8888888888888888,0.8148148148148148,0.8888888888888888,0.9149470899470898,0.05263170833078003,97
0.00011589527130126954,3.2066190976995633e-06,0.00022156238555908202,5.714142825292061e-06,brute,70,7,uniform,"{'algorithm': 'brute', 'leaf_size': 70, 'n_neighbors': 7, 'weights': 'uniform'}",0.9642857142857143,0.9259259259259259,0.9259259259259259,0.8518518518518519,0.9259259259259259,0.9629629629629629,0.9259259259259259,0.8888888888888888,0.8518518518518519,0.8148148148148148,0.9038359788359788,0.04759718045831639,257
0.00011749267578125,4.2766737603719065e-06,0.00023946762084960937,7.801207468663777e-06,brute,70,7,distance,"{'algorithm': 'brute', 'leaf_size': 70, 'n_neighbors': 7, 'weights': 'distance'}",0.9642857142857143,0.9629629629629629,0.9259259259259259,0.8518518518518519,0.9259259259259259,0.9629629629629629,0.9629629629629629,0.8888888888888888,0.8518518518518519,0.8148148148148148,0.9112433862433862,0.053030451638520056,161
0.0001420259475708008,6.385204317437205e-05,0.0002684831619262695,7.203299223486872e-05,brute,70,11,uniform,"{'algorithm': 'brute', 'leaf_size': 70, 'n_neighbors': 11, 'weights': 'uniform'}",0.9642857142857143,0.8518518518518519,0.8518518518518519,0.8518518518518519,0.9259259259259259,0.9259259259259259,0.8888888888888888,0.8148148148148148,0.9259259259259259,0.8888888888888888,0.889021164021164,0.04404761904761906,545
0.00012388229370117188,7.434837875636842e-06,0.00026445388793945314,2.307783471077172e-05,brute,70,11,distance,"{'algorithm': 'brute', 'leaf_size': 70, 'n_neighbors': 11, 'weights': 'distance'}",0.9642857142857143,0.8888888888888888,0.8518518518518519,0.8518518518518519,0.9259259259259259,0.9629629629629629,0.9629629629629629,0.8148148148148148,0.9629629629629629,0.8888888888888888,0.9075396825396826,0.053168844616982916,225
0.00011949539184570312,3.3915828518072664e-06,0.00025153160095214844,1.2490039180146775e-05,brute,70,13,uniform,"{'algorithm': 'brute', 'leaf_size': 70, 'n_neighbors': 13, 'weights': 'uniform'}",0.9642857142857143,0.8888888888888888,0.8148148148148148,0.8518518518518519,0.9259259259259259,0.8888888888888888,0.8518518518518519,0.8148148148148148,0.9259259259259259,0.8888888888888888,0.8816137566137566,0.04649334482859554,737
0.00012066364288330079,4.459702212615559e-06,0.0002833366394042969,1.7142677170248518e-05,brute,70,13,distance,"{'algorithm': 'brute', 'leaf_size': 70, 'n_neighbors': 13, 'weights': 'distance'}",0.9642857142857143,0.8888888888888888,0.8148148148148148,0.8518518518518519,0.9259259259259259,0.9259259259259259,0.8888888888888888,0.8148148148148148,0.9259259259259259,0.9259259259259259,0.8927248677248677,0.04834271548630229,385
0.00012900829315185547,1.5753118589233085e-05,0.00028820037841796874,2.6580367716944784e-05,brute,70,17,uniform,"{'algorithm': 'brute', 'leaf_size': 70, 'n_neighbors': 17, 'weights': 'uniform'}",0.9642857142857143,0.9259259259259259,0.8888888888888888,0.8518518518518519,0.9629629629629629,0.8888888888888888,0.8518518518518519,0.7777777777777778,0.9259259259259259,0.8518518518518519,0.8890211640211639,0.05511430334995131,577
0.00012350082397460938,4.782655303237851e-06,0.0002816915512084961,1.8398825238879435e-05,brute,70,17,distance,"{'algorithm': 'brute', 'leaf_size': 70, 'n_neighbors': 17, 'weights': 'distance'}",0.9642857142857143,0.9259259259259259,0.8888888888888888,0.8518518518518519,0.9629629629629629,0.9259259259259259,0.8518518518518519,0.7777777777777778,0.9259259259259259,0.8888888888888888,0.8964285714285716,0.0545963104766419,321
0.00011947154998779297,1.9673506017566916e-06,0.000271296501159668,4.099759812836883e-06,brute,70,19,uniform,"{'algorithm': 'brute', 'leaf_size': 70, 'n_neighbors': 19, 'weights': 'uniform'}",0.9642857142857143,0.9259259259259259,0.8888888888888888,0.8888888888888888,0.9629629629629629,0.8888888888888888,0.8148148148148148,0.8148148148148148,0.9259259259259259,0.8148148148148148,0.8890211640211639,0.055114303349951335,577
0.00012066364288330079,6.205710905610156e-06,0.0002816915512084961,2.047354910245269e-05,brute,70,19,distance,"{'algorithm': 'brute', 'leaf_size': 70, 'n_neighbors': 19, 'weights': 'distance'}",0.9642857142857143,0.9259259259259259,0.8888888888888888,0.8888888888888888,0.9629629629629629,0.9259259259259259,0.8148148148148148,0.8148148148148148,0.9259259259259259,0.8148148148148148,0.8927248677248677,0.05621444127694664,385
0.0001311063766479492,2.5242087828040186e-05,0.0003116607666015625,5.625292235482547e-05,brute,70,23,uniform,"{'algorithm': 'brute', 'leaf_size': 70, 'n_neighbors': 23, 'weights': 'uniform'}",0.9285714285714286,0.9629629629629629,0.8518518518518519,0.8888888888888888,0.9629629629629629,0.8888888888888888,0.8148148148148148,0.8148148148148148,0.8888888888888888,0.8148148148148148,0.8817460317460316,0.054654445597923325,705
0.00012190341949462891,4.689094032918208e-06,0.00028913021087646485,1.79948544955681e-05,brute,70,23,distance,"{'algorithm': 'brute', 'leaf_size': 70, 'n_neighbors': 23, 'weights': 'distance'}",0.9642857142857143,0.9629629629629629,0.8888888888888888,0.8888888888888888,0.9629629629629629,0.9259259259259259,0.8148148148148148,0.8148148148148148,0.8888888888888888,0.8148148148148148,0.8927248677248677,0.05860385508288557,385
0.00012030601501464844,3.995485671713681e-06,0.0003062248229980469,1.384191826839741e-05,brute,70,29,uniform,"{'algorithm': 'brute', 'leaf_size': 70, 'n_neighbors': 29, 'weights': 'uniform'}",0.9285714285714286,0.9629629629629629,0.9259259259259259,0.8888888888888888,0.9629629629629629,0.8518518518518519,0.8148148148148148,0.8148148148148148,0.8888888888888888,0.8148148148148148,0.8854497354497355,0.056244779905782104,641
0.00012161731719970704,4.782001565611879e-06,0.00031855106353759763,3.729836741386369e-05,brute,70,29,distance,"{'algorithm': 'brute', 'leaf_size': 70, 'n_neighbors': 29, 'weights': 'distance'}",0.9285714285714286,0.9629629629629629,0.9259259259259259,0.8888888888888888,0.9629629629629629,0.8888888888888888,0.8148148148148148,0.8148148148148148,0.8888888888888888,0.8148148148148148,0.889153439153439,0.055118588923675764,513
0.00012731552124023438,1.7252677430553642e-05,0.00032019615173339844,2.3799859248831277e-05,brute,70,31,uniform,"{'algorithm': 'brute', 'leaf_size': 70, 'n_neighbors': 31, 'weights': 'uniform'}",0.9285714285714286,1.0,0.9259259259259259,0.9259259259259259,0.9629629629629629,0.8518518518518519,0.8148148148148148,0.8148148148148148,0.8888888888888888,0.8148148148148148,0.8928571428571429,0.0631078542731494,353
0.0001250743865966797,7.596690895662843e-06,0.00032021999359130857,1.7494287154791067e-05,brute,70,31,distance,"{'algorithm': 'brute', 'leaf_size': 70, 'n_neighbors': 31, 'weights': 'distance'}",0.9285714285714286,1.0,0.9259259259259259,0.9259259259259259,0.9629629629629629,0.8888888888888888,0.8148148148148148,0.8148148148148148,0.8888888888888888,0.8148148148148148,0.8965608465608466,0.0616629156361344,289
0.00012161731719970704,3.616504147057392e-06,0.0003304243087768555,9.330942944574843e-06,brute,70,37,uniform,"{'algorithm': 'brute', 'leaf_size': 70, 'n_neighbors': 37, 'weights': 'uniform'}",0.8928571428571429,1.0,0.8888888888888888,0.8888888888888888,0.9259259259259259,0.8518518518518519,0.8148148148148148,0.7037037037037037,0.8888888888888888,0.8518518518518519,0.8707671957671957,0.072782701265744,801
0.0001279592514038086,9.942397790932214e-06,0.00038471221923828123,0.00012885496158510182,brute,70,37,distance,"{'algorithm': 'brute', 'leaf_size': 70, 'n_neighbors': 37, 'weights': 'distance'}",0.9285714285714286,1.0,0.8888888888888888,0.9259259259259259,0.9259259259259259,0.8888888888888888,0.8518518518518519,0.7777777777777778,0.8888888888888888,0.8148148148148148,0.8891534391534393,0.0598895290508307,481
0.00012099742889404297,3.6908705382324967e-06,0.00034008026123046877,6.319846503544064e-06,brute,70,41,uniform,"{'algorithm': 'brute', 'leaf_size': 70, 'n_neighbors': 41, 'weights': 'uniform'}",0.8571428571428571,1.0,0.8888888888888888,0.8518518518518519,0.9259259259259259,0.8148148148148148,0.8148148148148148,0.7407407407407407,0.8888888888888888,0.8148148148148148,0.8597883597883598,0.06785082532964794,865
0.0001209259033203125,1.8430851068580329e-06,0.00032947063446044924,7.289879550361638e-06,brute,70,41,distance,"{'algorithm': 'brute', 'leaf_size': 70, 'n_neighbors': 41, 'weights': 'distance'}",0.8928571428571429,1.0,0.8888888888888888,0.8888888888888888,0.9259259259259259,0.8518518518518519,0.8518518518518519,0.7777777777777778,0.8888888888888888,0.8148148148148148,0.8781746031746032,0.057585884266853474,769
0.00012943744659423828,2.5885593845904526e-05,0.00037114620208740235,5.2835628188335326e-05,brute,70,43,uniform,"{'algorithm': 'brute', 'leaf_size': 70, 'n_neighbors': 43, 'weights': 'uniform'}",0.9285714285714286,1.0,0.8888888888888888,0.8518518518518519,0.9259259259259259,0.8148148148148148,0.8148148148148148,0.7407407407407407,0.9259259259259259,0.8148148148148148,0.8706349206349205,0.07287819624881071,833
0.0001248598098754883,6.923217403608089e-06,0.0003574132919311523,2.2523288463035157e-05,brute,70,43,distance,"{'algorithm': 'brute', 'leaf_size': 70, 'n_neighbors': 43, 'weights': 'distance'}",0.9285714285714286,1.0,0.8888888888888888,0.8888888888888888,0.9259259259259259,0.8518518518518519,0.8518518518518519,0.7777777777777778,0.9259259259259259,0.8148148148148148,0.8854497354497355,0.060927597290907604,641
0.00011832714080810547,1.777937716245857e-06,0.0002105236053466797,6.6295800367124886e-06,brute,80,2,uniform,"{'algorithm': 'brute', 'leaf_size': 80, 'n_neighbors': 2, 'weights': 'uniform'}",0.9285714285714286,1.0,0.9629629629629629,0.8518518518518519,0.9629629629629629,0.9629629629629629,0.9259259259259259,0.8518518518518519,0.8518518518518519,0.8148148148148148,0.9113756613756614,0.06024838242553935,129
0.00012197494506835938,4.922290001130653e-06,0.00023639202117919922,1.595597526209946e-05,brute,80,2,distance,"{'algorithm': 'brute', 'leaf_size': 80, 'n_neighbors': 2, 'weights': 'distance'}",0.9642857142857143,0.8888888888888888,0.9629629629629629,0.8518518518518519,0.9259259259259259,0.9629629629629629,1.0,0.8518518518518519,0.8888888888888888,0.9259259259259259,0.9223544973544973,0.04826157492490816,1
0.00013127326965332032,2.927139379854478e-05,0.0002464771270751953,6.725253533879779e-05,brute,80,3,uniform,"{'algorithm': 'brute', 'leaf_size': 80, 'n_neighbors': 3, 'weights': 'uniform'}",0.9642857142857143,0.9259259259259259,0.9629629629629629,0.8518518518518519,0.9259259259259259,1.0,1.0,0.8148148148148148,0.8148148148148148,0.8888888888888888,0.9149470899470901,0.06645439983022737,33
0.00011997222900390625,2.8145512701747333e-06,0.0002469778060913086,2.2688493745231363e-05,brute,80,3,distance,"{'algorithm': 'brute', 'leaf_size': 80, 'n_neighbors': 3, 'weights': 'distance'}",0.9642857142857143,0.9259259259259259,0.9629629629629629,0.8518518518518519,0.9259259259259259,1.0,1.0,0.8148148148148148,0.8148148148148148,0.8888888888888888,0.9149470899470901,0.06645439983022737,33
0.00012195110321044922,7.385782755387164e-06,0.000226593017578125,1.5710029590889083e-05,brute,80,5,uniform,"{'algorithm': 'brute', 'leaf_size': 80, 'n_neighbors': 5, 'weights': 'uniform'}",0.9642857142857143,0.9259259259259259,0.8888888888888888,0.8518518518518519,0.9259259259259259,0.9629629629629629,1.0,0.8888888888888888,0.8148148148148148,0.8888888888888888,0.9112433862433862,0.053030451638520076,161
0.00011909008026123047,4.666248128275275e-06,0.0002530813217163086,1.7470811775242093e-05,brute,80,5,distance,"{'algorithm': 'brute', 'leaf_size': 80, 'n_neighbors': 5, 'weights': 'distance'}",0.9642857142857143,0.9259259259259259,0.9259259259259259,0.8518518518518519,0.9259259259259259,0.9629629629629629,1.0,0.8888888888888888,0.8148148148148148,0.8888888888888888,0.9149470899470898,0.05263170833078003,97
0.00012755393981933594,1.2923958448579068e-05,0.00029041767120361326,0.0001315375179771846,brute,80,7,uniform,"{'algorithm': 'brute', 'leaf_size': 80, 'n_neighbors': 7, 'weights': 'uniform'}",0.9642857142857143,0.9259259259259259,0.9259259259259259,0.8518518518518519,0.9259259259259259,0.9629629629629629,0.9259259259259259,0.8888888888888888,0.8518518518518519,0.8148148148148148,0.9038359788359788,0.04759718045831639,257
0.00012073516845703124,7.331671747393939e-06,0.0002602577209472656,5.785984204517608e-05,brute,80,7,distance,"{'algorithm': 'brute', 'leaf_size': 80, 'n_neighbors': 7, 'weights': 'distance'}",0.9642857142857143,0.9629629629629629,0.9259259259259259,0.8518518518518519,0.9259259259259259,0.9629629629629629,0.9629629629629629,0.8888888888888888,0.8518518518518519,0.8148148148148148,0.9112433862433862,0.053030451638520056,161
0.00011768341064453126,3.0274465902996017e-06,0.0002412557601928711,8.464665441697024e-06,brute,80,11,uniform,"{'algorithm': 'brute', 'leaf_size': 80, 'n_neighbors': 11, 'weights': 'uniform'}",0.9642857142857143,0.8518518518518519,0.8518518518518519,0.8518518518518519,0.9259259259259259,0.9259259259259259,0.8888888888888888,0.8148148148148148,0.9259259259259259,0.8888888888888888,0.889021164021164,0.04404761904761906,545
0.0001244783401489258,1.6962087021643036e-05,0.00027403831481933596,2.8514742452313197e-05,brute,80,11,distance,"{'algorithm': 'brute', 'leaf_size': 80, 'n_neighbors': 11, 'weights': 'distance'}",0.9642857142857143,0.8888888888888888,0.8518518518518519,0.8518518518518519,0.9259259259259259,0.9629629629629629,0.9629629629629629,0.8148148148148148,0.9629629629629629,0.8888888888888888,0.9075396825396826,0.053168844616982916,225
0.00012302398681640625,1.1414748561082899e-05,0.0002577543258666992,1.2552891021189393e-05,brute,80,13,uniform,"{'algorithm': 'brute', 'leaf_size': 80, 'n_neighbors': 13, 'weights': 'uniform'}",0.9642857142857143,0.8888888888888888,0.8148148148148148,0.8518518518518519,0.9259259259259259,0.8888888888888888,0.8518518518518519,0.8148148148148148,0.9259259259259259,0.8888888888888888,0.8816137566137566,0.04649334482859554,737
0.00012214183807373046,5.188604013284043e-06,0.00026001930236816404,7.697043904869489e-06,brute,80,13,distance,"{'algorithm': 'brute', 'leaf_size': 80, 'n_neighbors': 13, 'weights': 'distance'}",0.9642857142857143,0.8888888888888888,0.8148148148148148,0.8518518518518519,0.9259259259259259,0.9259259259259259,0.8888888888888888,0.8148148148148148,0.9259259259259259,0.9259259259259259,0.8927248677248677,0.04834271548630229,385
0.00012569427490234376,1.3746976271452857e-05,0.00027370452880859375,2.081026840127133e-05,brute,80,17,uniform,"{'algorithm': 'brute', 'leaf_size': 80, 'n_neighbors': 17, 'weights': 'uniform'}",0.9642857142857143,0.9259259259259259,0.8888888888888888,0.8518518518518519,0.9629629629629629,0.8888888888888888,0.8518518518518519,0.7777777777777778,0.9259259259259259,0.8518518518518519,0.8890211640211639,0.05511430334995131,577
0.00012557506561279298,7.481216388030771e-06,0.00029556751251220704,5.080106916329354e-05,brute,80,17,distance,"{'algorithm': 'brute', 'leaf_size': 80, 'n_neighbors': 17, 'weights': 'distance'}",0.9642857142857143,0.9259259259259259,0.8888888888888888,0.8518518518518519,0.9629629629629629,0.9259259259259259,0.8518518518518519,0.7777777777777778,0.9259259259259259,0.8888888888888888,0.8964285714285716,0.0545963104766419,321
0.00012390613555908204,8.033715591726536e-06,0.000272369384765625,1.369203670531522e-05,brute,80,19,uniform,"{'algorithm': 'brute', 'leaf_size': 80, 'n_neighbors': 19, 'weights': 'uniform'}",0.9642857142857143,0.9259259259259259,0.8888888888888888,0.8888888888888888,0.9629629629629629,0.8888888888888888,0.8148148148148148,0.8148148148148148,0.9259259259259259,0.8148148148148148,0.8890211640211639,0.055114303349951335,577
0.0001264810562133789,1.13369225195919e-05,0.000313258171081543,0.00010800158738763118,brute,80,19,distance,"{'algorithm': 'brute', 'leaf_size': 80, 'n_neighbors': 19, 'weights': 'distance'}",0.9642857142857143,0.9259259259259259,0.8888888888888888,0.8888888888888888,0.9629629629629629,0.9259259259259259,0.8148148148148148,0.8148148148148148,0.9259259259259259,0.8148148148148148,0.8927248677248677,0.05621444127694664,385
0.00012063980102539062,5.870134624812434e-06,0.00028619766235351565,9.93562051058884e-06,brute,80,23,uniform,"{'algorithm': 'brute', 'leaf_size': 80, 'n_neighbors': 23, 'weights': 'uniform'}",0.9285714285714286,0.9629629629629629,0.8518518518518519,0.8888888888888888,0.9629629629629629,0.8888888888888888,0.8148148148148148,0.8148148148148148,0.8888888888888888,0.8148148148148148,0.8817460317460316,0.054654445597923325,705
0.0001603841781616211,5.7231787712483316e-05,0.00032744407653808596,6.120388357417664e-05,brute,80,23,distance,"{'algorithm': 'brute', 'leaf_size': 80, 'n_neighbors': 23, 'weights': 'distance'}",0.9642857142857143,0.9629629629629629,0.8888888888888888,0.8888888888888888,0.9629629629629629,0.9259259259259259,0.8148148148148148,0.8148148148148148,0.8888888888888888,0.8148148148148148,0.8927248677248677,0.05860385508288557,385
0.0001247406005859375,7.407723188096976e-06,0.0003183603286743164,1.913360716815668e-05,brute,80,29,uniform,"{'algorithm': 'brute', 'leaf_size': 80, 'n_neighbors': 29, 'weights': 'uniform'}",0.9285714285714286,0.9629629629629629,0.9259259259259259,0.8888888888888888,0.9629629629629629,0.8518518518518519,0.8148148148148148,0.8148148148148148,0.8888888888888888,0.8148148148148148,0.8854497354497355,0.056244779905782104,641
0.00012483596801757813,1.2564998419449269e-05,0.00032105445861816404,2.4464395167716737e-05,brute,80,29,distance,"{'algorithm': 'brute', 'leaf_size': 80, 'n_neighbors': 29, 'weights': 'distance'}",0.9285714285714286,0.9629629629629629,0.9259259259259259,0.8888888888888888,0.9629629629629629,0.8888888888888888,0.8148148148148148,0.8148148148148148,0.8888888888888888,0.8148148148148148,0.889153439153439,0.055118588923675764,513
0.00012319087982177735,4.7193029086776355e-06,0.0003075122833251953,1.0708577845495623e-05,brute,80,31,uniform,"{'algorithm': 'brute', 'leaf_size': 80, 'n_neighbors': 31, 'weights': 'uniform'}",0.9285714285714286,1.0,0.9259259259259259,0.9259259259259259,0.9629629629629629,0.8518518518518519,0.8148148148148148,0.8148148148148148,0.8888888888888888,0.8148148148148148,0.8928571428571429,0.0631078542731494,353
0.00012688636779785157,1.220544789893641e-05,0.00032637119293212893,2.2394206716588335e-05,brute,80,31,distance,"{'algorithm': 'brute', 'leaf_size': 80, 'n_neighbors': 31, 'weights': 'distance'}",0.9285714285714286,1.0,0.9259259259259259,0.9259259259259259,0.9629629629629629,0.8888888888888888,0.8148148148148148,0.8148148148148148,0.8888888888888888,0.8148148148148148,0.8965608465608466,0.0616629156361344,289
0.0001230955123901367,4.594802955415249e-06,0.000339055061340332,1.935202645839636e-05,brute,80,37,uniform,"{'algorithm': 'brute', 'leaf_size': 80, 'n_neighbors': 37, 'weights': 'uniform'}",0.8928571428571429,1.0,0.8888888888888888,0.8888888888888888,0.9259259259259259,0.8518518518518519,0.8148148148148148,0.7037037037037037,0.8888888888888888,0.8518518518518519,0.8707671957671957,0.072782701265744,801
0.00012936592102050782,1.1051517701252011e-05,0.0003831148147583008,7.563435898983236e-05,brute,80,37,distance,"{'algorithm': 'brute', 'leaf_size': 80, 'n_neighbors': 37, 'weights': 'distance'}",0.9285714285714286,1.0,0.8888888888888888,0.9259259259259259,0.9259259259259259,0.8888888888888888,0.8518518518518519,0.7777777777777778,0.8888888888888888,0.8148148148148148,0.8891534391534393,0.0598895290508307,481
0.0001270771026611328,5.112397088665896e-06,0.00038170814514160156,5.056486538769161e-05,brute,80,41,uniform,"{'algorithm': 'brute', 'leaf_size': 80, 'n_neighbors': 41, 'weights': 'uniform'}",0.8571428571428571,1.0,0.8888888888888888,0.8518518518518519,0.9259259259259259,0.8148148148148148,0.8148148148148148,0.7407407407407407,0.8888888888888888,0.8148148148148148,0.8597883597883598,0.06785082532964794,865
0.00012149810791015626,4.576394786846531e-06,0.00033867359161376953,1.0898754526205619e-05,brute,80,41,distance,"{'algorithm': 'brute', 'leaf_size': 80, 'n_neighbors': 41, 'weights': 'distance'}",0.8928571428571429,1.0,0.8888888888888888,0.8888888888888888,0.9259259259259259,0.8518518518518519,0.8518518518518519,0.7777777777777778,0.8888888888888888,0.8148148148148148,0.8781746031746032,0.057585884266853474,769
0.0001227855682373047,1.1707299071826101e-05,0.00035011768341064453,1.6790576593822096e-05,brute,80,43,uniform,"{'algorithm': 'brute', 'leaf_size': 80, 'n_neighbors': 43, 'weights': 'uniform'}",0.9285714285714286,1.0,0.8888888888888888,0.8518518518518519,0.9259259259259259,0.8148148148148148,0.8148148148148148,0.7407407407407407,0.9259259259259259,0.8148148148148148,0.8706349206349205,0.07287819624881071,833
0.0001228809356689453,9.105717131952266e-06,0.00033459663391113283,2.018046738366402e-05,brute,80,43,distance,"{'algorithm': 'brute', 'leaf_size': 80, 'n_neighbors': 43, 'weights': 'distance'}",0.9285714285714286,1.0,0.8888888888888888,0.8888888888888888,0.9259259259259259,0.8518518518518519,0.8518518518518519,0.7777777777777778,0.9259259259259259,0.8148148148148148,0.8854497354497355,0.060927597290907604,641
