import time: self [us] | cumulative | imported package
import time:       125 |        125 |   _io
import time:        16 |         16 |   marshal
import time:       109 |        109 |   posix
import time:       140 |        388 | _frozen_importlib_external
import time:       436 |        436 |   time
import time:        56 |        491 | zipimport
import time:        59 |         59 |     _codecs
import time:        95 |        153 |   codecs
import time:       222 |        222 |   encodings.aliases
import time:       328 |        703 | encodings
import time:        96 |         96 | encodings.utf_8
import time:        41 |         41 | _signal
import time:        12 |         12 |     _abc
import time:        49 |         60 |   abc
import time:        73 |        132 | io
import time:        18 |         18 |       _stat
import time:        21 |         39 |     stat
import time:       307 |        307 |     _collections_abc
import time:        16 |         16 |       genericpath
import time:        22 |         38 |     posixpath
import time:       120 |        502 |   os
import time:        24 |         24 |   _sitebuiltins
import time:       103 |        103 |   encodings.utf_8_sig
import time:       319 |        319 |   _distutils_hack
import time:        26 |         26 |   sitecustomize
import time:       554 |       1526 | site
import time:       123 |        123 |         types
import time:        32 |         32 |           _operator
import time:       138 |        169 |         operator
import time:        44 |         44 |             itertools
import time:        69 |         69 |             keyword
import time:        88 |         88 |             reprlib
import time:        26 |         26 |             _collections
import time:       389 |        613 |           collections
import time:        19 |         19 |           _functools
import time:       237 |        868 |         functools
import time:       583 |       1742 |       enum
import time:        27 |         27 |         _sre
import time:       154 |        154 |           re._constants
import time:       159 |        312 |         re._parser
import time:        50 |         50 |         re._casefix
import time:       176 |        562 |       re._compiler
import time:        90 |         90 |       copyreg
import time:       223 |       2616 |     re
import time:        81 |         81 |       collections.abc
import time:        83 |         83 |           token
import time:        13 |         13 |           _tokenize
import time:       413 |        508 |         tokenize
import time:        73 |        580 |       linecache
import time:       378 |        378 |       textwrap
import time:       242 |        242 |       contextlib
import time:       285 |       1564 |     traceback
import time:       136 |        136 |     warnings
import time:       104 |        104 |       _weakrefset
import time:       170 |        273 |     weakref
import time:        12 |         12 |       _string
import time:       596 |        607 |     string
import time:       238 |        238 |     threading
import time:        16 |         16 |     atexit
import time:       781 |       6228 |   logging
import time:        34 |         34 |     math
import time:        13 |         13 |       _bisect
import time:        70 |         83 |     bisect
import time:        12 |         12 |     _random
import time:        20 |         20 |     _sha2
import time:       206 |        353 |   random
import time:       144 |        144 |   sklearn._config
import time:       345 |        345 |     sklearn.__check_build._check_build
import time:        72 |        416 |   sklearn.__check_build
import time:        49 |         49 |   sklearn._distributor_init
import time:        87 |         87 |     copy
import time:       437 |        437 |         _ast
import time:       590 |       1027 |       ast
import time:        13 |         13 |           _opcode
import time:       204 |        216 |         opcode
import time:       404 |        620 |       dis
import time:        95 |         95 |         importlib
import time:        40 |        135 |       importlib.machinery
import time:      1014 |       2794 |     inspect
import time:        42 |         42 |       _wmi
import time:       238 |        280 |     platform
import time:        81 |         81 |           numpy._utils._convertions
import time:        67 |        148 |         numpy._utils
import time:       166 |        313 |       numpy._globals
import time:        95 |         95 |       numpy.exceptions
import time:        48 |         48 |       numpy.version
import time:        11 |         11 |         numpy._distributor_init_local
import time:        51 |         61 |       numpy._distributor_init
import time:       114 |        114 |                 numpy._utils._inspect
import time:        51 |         51 |                     _datetime
import time:        82 |        132 |                   datetime
import time:       123 |        123 |                   numpy.core._exceptions
import time:        94 |         94 |                   numpy.dtypes
import time:      2683 |       3031 |                 numpy.core._multiarray_umath
import time:       108 |       3252 |               numpy.core.overrides
import time:       264 |       3516 |             numpy.core.multiarray
import time:        82 |         82 |             numpy.core.umath
import time:       154 |        154 |               numbers
import time:        63 |         63 |               numpy.core._string_helpers
import time:        78 |         78 |                       fnmatch
import time:        30 |         30 |                         _winapi
import time:        27 |         27 |                         nt
import time:        24 |         24 |                         nt
import time:        23 |         23 |                         nt
import time:        23 |         23 |                         nt
import time:        22 |         22 |                         nt
import time:        22 |         22 |                         nt
import time:        39 |        206 |                       ntpath
import time:        22 |         22 |                       errno
import time:        60 |         60 |                         urllib
import time:       474 |        474 |                         ipaddress
import time:       416 |        950 |                       urllib.parse
import time:       337 |       1589 |                     pathlib
import time:        38 |         38 |                     pickle5
import time:       417 |        417 |                         _struct
import time:        64 |        480 |                       struct
import time:       119 |        119 |                       _compat_pickle
import time:        38 |         38 |                       _pickle
import time:       334 |        969 |                     pickle
import time:       104 |       2698 |                   numpy.compat.py3k
import time:        65 |       2763 |                 numpy.compat
import time:        86 |         86 |                 numpy.core._dtype
import time:       144 |       2992 |               numpy.core._type_aliases
import time:       139 |       3347 |             numpy.core.numerictypes
import time:        12 |         12 |                         _contextvars
import time:        87 |         99 |                       contextvars
import time:       106 |        204 |                     numpy.core._ufunc_config
import time:       104 |        308 |                   numpy.core._methods
import time:       304 |        612 |                 numpy.core.fromnumeric
import time:       165 |        776 |               numpy.core.shape_base
import time:       264 |        264 |               numpy.core.arrayprint
import time:        63 |         63 |               numpy.core._asarray
import time:       365 |       1468 |             numpy.core.numeric
import time:       268 |        268 |             numpy.core.defchararray
import time:       168 |        168 |             numpy.core.records
import time:        80 |         80 |             numpy.core.memmap
import time:        88 |         88 |             numpy.core.function_base
import time:        70 |         70 |             numpy.core._machar
import time:       107 |        107 |             numpy.core.getlimits
import time:       116 |        116 |             numpy.core.einsumfunc
import time:       616 |        616 |               numpy.core._multiarray_tests
import time:       394 |       1009 |             numpy.core._add_newdocs
import time:       180 |        180 |             numpy.core._add_newdocs_scalars
import time:        65 |         65 |             numpy.core._dtype_ctypes
import time:        56 |         56 |                 _ctypes
import time:       139 |        139 |                 ctypes._endian
import time:       373 |        567 |               ctypes
import time:       271 |        838 |             numpy.core._internal
import time:        70 |         70 |             numpy._pytesttester
import time:       376 |      11839 |           numpy.core
import time:        21 |      11859 |         numpy.core._multiarray_umath
import time:       153 |      12011 |       numpy.__config__
import time:       133 |        133 |         numpy.lib.mixins
import time:        56 |         56 |             numpy.lib.ufunclike
import time:       120 |        176 |           numpy.lib.type_check
import time:       112 |        287 |         numpy.lib.scimath
import time:        45 |         45 |                     _typing
import time:      2164 |       2208 |                   typing
import time:       261 |        261 |                     numpy.lib.stride_tricks
import time:       348 |        608 |                   numpy.lib.twodim_base
import time:      1166 |       1166 |                   numpy.linalg._umath_linalg
import time:       253 |        253 |                     __future__
import time:       271 |        271 |                     numpy._typing._nested_sequence
import time:       103 |        103 |                     numpy._typing._nbit
import time:       539 |        539 |                     numpy._typing._char_codes
import time:       227 |        227 |                     numpy._typing._scalars
import time:       105 |        105 |                     numpy._typing._shape
import time:      2117 |       2117 |                     numpy._typing._dtype_like
import time:      1309 |       1309 |                     numpy._typing._array_like
import time:       494 |       5414 |                   numpy._typing
import time:      2770 |      12164 |                 numpy.linalg.linalg
import time:       275 |      12439 |               numpy.linalg
import time:       416 |      12854 |             numpy.matrixlib.defmatrix
import time:       298 |      13152 |           numpy.matrixlib
import time:       274 |        274 |             numpy.lib.histograms
import time:      1145 |       1418 |           numpy.lib.function_base
import time:       437 |      15005 |         numpy.lib.index_tricks
import time:       333 |        333 |         numpy.lib.nanfunctions
import time:       293 |        293 |         numpy.lib.shape_base
import time:       467 |        467 |         numpy.lib.polynomial
import time:       439 |        439 |         numpy.lib.utils
import time:       275 |        275 |         numpy.lib.arraysetops
import time:       258 |        258 |           numpy.lib.format
import time:       235 |        235 |           numpy.lib._datasource
import time:       181 |        181 |           numpy.lib._iotools
import time:       508 |       1180 |         numpy.lib.npyio
import time:        74 |         74 |         numpy.lib.arrayterator
import time:        94 |         94 |         numpy.lib.arraypad
import time:        57 |         57 |         numpy.lib._version
import time:       333 |      18964 |       numpy.lib
import time:       332 |        332 |           numpy.fft._pocketfft_internal
import time:       167 |        499 |         numpy.fft._pocketfft
import time:        62 |         62 |         numpy.fft.helper
import time:        70 |        630 |       numpy.fft
import time:        95 |         95 |           numpy.polynomial.polyutils
import time:       136 |        136 |           numpy.polynomial._polybase
import time:       232 |        462 |         numpy.polynomial.polynomial
import time:       152 |        152 |         numpy.polynomial.chebyshev
import time:       100 |        100 |         numpy.polynomial.legendre
import time:        94 |         94 |         numpy.polynomial.hermite
import time:        90 |         90 |         numpy.polynomial.hermite_e
import time:        87 |         87 |         numpy.polynomial.laguerre
import time:        76 |       1058 |       numpy.polynomial
import time:        43 |         43 |                 backports_abc
import time:       477 |        519 |               numpy.random._common
import time:        31 |         31 |                   binascii
import time:       116 |        147 |                 base64
import time:       648 |        648 |                   _hashlib
import time:        17 |         17 |                     _blake2
import time:       102 |        119 |                   hashlib
import time:        97 |        863 |                 hmac
import time:        76 |       1085 |               secrets
import time:       433 |       2037 |             numpy.random.bit_generator
import time:       347 |        347 |             numpy.random._bounded_integers
import time:       515 |        515 |             numpy.random._mt19937
import time:       849 |       3746 |           numpy.random.mtrand
import time:      1965 |       1965 |           numpy.random._philox
import time:       865 |        865 |           numpy.random._pcg64
import time:      8222 |       8222 |           numpy.random._sfc64
import time:      1516 |       1516 |           numpy.random._generator
import time:       223 |      16534 |         numpy.random._pickle
import time:       116 |      16650 |       numpy.random
import time:       422 |        422 |       numpy.ctypeslib
import time:      2087 |       2087 |         numpy.ma.core
import time:       744 |        744 |         numpy.ma.extras
import time:       218 |       3048 |       numpy.ma
import time:      1445 |      54740 |     numpy
import time:       247 |        247 |     sklearn.exceptions
import time:        37 |         37 |                 _multiprocessing
import time:       611 |        611 |                       signal
import time:       310 |        921 |                     multiprocessing.process
import time:       467 |        467 |                         _socket
import time:        75 |         75 |                           select
import time:       754 |        829 |                         selectors
import time:        84 |         84 |                         array
import time:      2503 |       3882 |                       socket
import time:       309 |       4190 |                     multiprocessing.reduction
import time:      1456 |       6566 |                   multiprocessing.context
import time:       226 |       6791 |                 multiprocessing
import time:        55 |         55 |                     zlib
import time:       192 |        192 |                       _compression
import time:        24 |         24 |                       _bz2
import time:       205 |        421 |                     bz2
import time:       170 |        170 |                       _lzma
import time:       245 |        414 |                     lzma
import time:       583 |       1472 |                   shutil
import time:       438 |       1909 |                 tempfile
import time:       239 |       8975 |               joblib._multiprocessing_helpers
import time:       147 |        147 |                 joblib.externals
import time:       121 |        121 |                   concurrent
import time:       443 |        443 |                   concurrent.futures._base
import time:       176 |        738 |                 concurrent.futures
import time:       169 |        169 |                 joblib.externals.loky._base
import time:        31 |         31 |                             _locale
import time:       373 |        404 |                           locale
import time:        16 |         16 |                           fcntl
import time:        35 |         35 |                           msvcrt
import time:         9 |          9 |                           _posixsubprocess
import time:       301 |        762 |                         subprocess
import time:       140 |        902 |                       multiprocessing.util
import time:       250 |       1152 |                     multiprocessing.synchronize
import time:       760 |        760 |                       ctypes.wintypes
import time:        16 |         16 |                             _heapq
import time:        86 |        101 |                           heapq
import time:        18 |         18 |                           _queue
import time:       126 |        245 |                         queue
import time:        31 |         31 |                           _winapi
import time:       203 |        234 |                         multiprocessing.connection
import time:       989 |        989 |                         multiprocessing.queues
import time:      1815 |       3281 |                       concurrent.futures.process
import time:        80 |         80 |                       joblib.externals.loky.backend.process
import time:       161 |       4281 |                     joblib.externals.loky.backend.context
import time:       103 |       5536 |                   joblib.externals.loky.backend
import time:        13 |       5548 |                 joblib.externals.loky.backend.context
import time:        56 |         56 |                   joblib.externals.loky.backend._posix_reduction
import time:       233 |        233 |                       dataclasses
import time:        14 |         14 |                         _uuid
import time:       171 |        184 |                       uuid
import time:       348 |        764 |                     cloudpickle.cloudpickle
import time:        79 |        843 |                   cloudpickle
import time:        93 |        991 |                 joblib.externals.loky.backend.reduction
import time:        16 |         16 |                     faulthandler
import time:        13 |         13 |                     gc
import time:        76 |         76 |                     joblib.externals.loky.backend.queues
import time:        16 |         16 |                         pwd
import time:       328 |        328 |                         psutil._common
import time:       689 |        689 |                         psutil._ntuples
import time:       131 |        131 |                             glob
import time:       591 |        591 |                             psutil._psutil_osx
import time:       209 |        930 |                           psutil._psposix
import time:       333 |       1263 |                         psutil._psosx
import time:       308 |       2602 |                       psutil
import time:        60 |       2661 |                     joblib.externals.loky.backend.utils
import time:        65 |         65 |                     joblib.externals.loky.initializers
import time:       296 |       3125 |                   joblib.externals.loky.process_executor
import time:        84 |       3208 |                 joblib.externals.loky.reusable_executor
import time:        66 |         66 |                 joblib.externals.loky.cloudpickle_wrapper
import time:       231 |      11095 |               joblib.externals.loky
import time:       190 |      20259 |             joblib._cloudpickle_wrapper
import time:       288 |        288 |               joblib._utils
import time:      2413 |       2413 |               multiprocessing.pool
import time:        26 |         26 |                   mmap
import time:       114 |        114 |                   joblib.backports
import time:        53 |         53 |                   joblib.disk
import time:        15 |         15 |                           _json
import time:       121 |        136 |                         json.scanner
import time:       172 |        307 |                       json.decoder
import time:       130 |        130 |                       json.encoder
import time:       176 |        612 |                     json
import time:       189 |        189 |                             importlib._abc
import time:        74 |        263 |                           importlib.util
import time:       832 |       1094 |                         runpy
import time:       204 |       1298 |                       multiprocessing.spawn
import time:        45 |         45 |                       _posixshmem
import time:       274 |        274 |                       multiprocessing.resource_tracker
import time:       401 |       2017 |                     joblib.externals.loky.backend.stdlib_py314_resource_tracker
import time:       189 |        189 |                     joblib.externals.loky.backend.spawn
import time:       181 |       2997 |                   joblib.externals.loky.backend.resource_tracker
import time:        80 |         80 |                       lz4
import time:       286 |        365 |                     joblib.compressor
import time:       131 |        131 |                       joblib.numpy_pickle_utils
import time:       174 |        304 |                     joblib.numpy_pickle_compat
import time:       294 |        963 |                   joblib.numpy_pickle
import time:       176 |       4327 |                 joblib._memmapping_reducer
import time:       115 |       4442 |               joblib.executor
import time:       184 |        184 |               joblib.pool
import time:       328 |       7654 |             joblib._parallel_backends
import time:       260 |        260 |                 pprint
import time:       148 |        408 |               joblib.logger
import time:       342 |        750 |             joblib._store_backends
import time:       354 |        354 |                 _decimal
import time:       146 |        499 |               decimal
import time:       177 |        676 |             joblib.hashing
import time:       400 |        400 |                     _ssl
import time:      1640 |       2039 |                   ssl
import time:       194 |        194 |                   asyncio.constants
import time:       136 |        136 |                   asyncio.coroutines
import time:       106 |        106 |                     asyncio.format_helpers
import time:       122 |        122 |                       asyncio.base_futures
import time:       229 |        229 |                       asyncio.exceptions
import time:       112 |        112 |                       asyncio.base_tasks
import time:       162 |        623 |                     _asyncio
import time:       375 |       1103 |                   asyncio.events
import time:       177 |        177 |                   asyncio.futures
import time:       142 |        142 |                   asyncio.protocols
import time:       159 |        159 |                     asyncio.transports
import time:        64 |         64 |                     asyncio.log
import time:       350 |        573 |                   asyncio.sslproto
import time:        55 |         55 |                       asyncio.mixins
import time:       226 |        281 |                     asyncio.locks
import time:       158 |        158 |                       asyncio.timeouts
import time:       168 |        326 |                     asyncio.tasks
import time:       104 |        710 |                   asyncio.staggered
import time:        67 |         67 |                   asyncio.trsock
import time:       731 |       5866 |                 asyncio.base_events
import time:       109 |        109 |                 asyncio.runners
import time:        94 |         94 |                 asyncio.queues
import time:       136 |        136 |                 asyncio.streams
import time:        87 |         87 |                 asyncio.subprocess
import time:        61 |         61 |                 asyncio.taskgroups
import time:        42 |         42 |                 asyncio.threads
import time:        92 |         92 |                   asyncio.base_subprocess
import time:       195 |        195 |                   asyncio.selector_events
import time:       296 |        581 |                 asyncio.unix_events
import time:       241 |       7213 |               asyncio
import time:       177 |        177 |                 pkgutil
import time:       225 |        225 |                 sysconfig
import time:       247 |        247 |                 _sysconfigdata__darwin_darwin
import time:       110 |        110 |                 _osx_support
import time:       879 |       1637 |               pydoc
import time:       168 |        168 |               joblib.func_inspect
import time:       316 |       9332 |             joblib.memory
import time:       202 |        202 |             joblib.parallel
import time:       256 |      39125 |           joblib
import time:       268 |      39392 |         sklearn.utils._joblib
import time:        60 |         60 |             sklearn.utils._bunch
import time:       556 |        616 |           sklearn.utils._metadata_requests
import time:        77 |        692 |         sklearn.utils.metadata_routing
import time:       174 |        174 |                 scipy.__config__
import time:        49 |         49 |                 scipy.version
import time:        10 |         10 |                   scipy._distributor_init_local
import time:        62 |         71 |                 scipy._distributor_init
import time:        34 |         34 |                     cython
import time:       159 |        192 |                   scipy._lib._testutils
import time:        59 |        251 |                 scipy._lib
import time:       571 |        571 |                 scipy._lib._pep440
import time:      1453 |       1453 |                   scipy._lib._ccallback_c
import time:       262 |       1715 |                 scipy._lib._ccallback
import time:       253 |       3082 |               scipy
import time:       360 |        360 |                         numpy._typing._add_docstring
import time:       137 |        496 |                       numpy.typing
import time:       199 |        199 |                           scipy._lib.array_api_compat.common._helpers
import time:       179 |        378 |                         scipy._lib.array_api_compat.common
import time:       122 |        499 |                       scipy._lib.array_api_compat
import time:       490 |        490 |                           scipy._lib.array_api_compat.common._aliases
import time:       105 |        105 |                           scipy._lib.array_api_compat._internal
import time:       870 |       1464 |                         scipy._lib.array_api_compat.numpy._aliases
import time:       530 |        530 |                           scipy._lib.array_api_compat.common._linalg
import time:       340 |        870 |                         scipy._lib.array_api_compat.numpy.linalg
import time:       127 |        127 |                           scipy._lib.array_api_compat.common._fft
import time:       326 |        452 |                         scipy._lib.array_api_compat.numpy.fft
import time:       335 |       3119 |                       scipy._lib.array_api_compat.numpy
import time:      2237 |       6350 |                     scipy._lib._array_api
import time:       493 |       6843 |                   scipy._lib._util
import time:       257 |       7099 |                 scipy.sparse._sputils
import time:       127 |        127 |                 scipy.sparse._matrix
import time:       573 |       7798 |               scipy.sparse._base
import time:        55 |         55 |                     numpy._core
import time:       124 |        178 |                   numpy._core._multiarray_umath
import time:       578 |        756 |                 scipy.sparse._sparsetools
import time:       142 |        142 |                   scipy.sparse._data
import time:        83 |         83 |                   scipy.sparse._index
import time:       220 |        444 |                 scipy.sparse._compressed
import time:       155 |       1354 |               scipy.sparse._csr
import time:        90 |         90 |               scipy.sparse._csc
import time:       709 |        709 |                 scipy.sparse._csparsetools
import time:       169 |        877 |               scipy.sparse._lil
import time:       146 |        146 |               scipy.sparse._dok
import time:       151 |        151 |               scipy.sparse._coo
import time:       106 |        106 |               scipy.sparse._dia
import time:       150 |        150 |               scipy.sparse._bsr
import time:       383 |        383 |               scipy.sparse._construct
import time:       114 |        114 |               scipy.sparse._extract
import time:       132 |        132 |               scipy.sparse._matrix_io
import time:       336 |        336 |                         scipy.sparse.linalg._interface
import time:       112 |        112 |                         scipy.sparse.linalg._isolve.utils
import time:      1131 |       1131 |                               scipy.linalg._fblas
import time:        25 |         25 |                               scipy.linalg._cblas
import time:        19 |         19 |                               scipy.linalg._fblas_64
import time:       251 |       1426 |                             scipy.linalg.blas
import time:      1349 |       1349 |                               scipy.linalg._flapack
import time:        36 |         36 |                               scipy.linalg._clapack
import time:        11 |         11 |                               scipy.linalg._flapack_64
import time:       441 |       1834 |                             scipy.linalg.lapack
import time:       223 |       3482 |                           scipy.linalg._misc
import time:      2203 |       2203 |                             scipy.linalg.cython_lapack
import time:       710 |       2913 |                           scipy.linalg._cythonized_array_utils
import time:       235 |        235 |                             scipy.linalg._decomp
import time:       125 |        125 |                             scipy.linalg._decomp_svd
import time:       873 |        873 |                             scipy.linalg._solve_toeplitz
import time:       774 |       2006 |                           scipy.linalg._basic
import time:       668 |        668 |                             scipy.linalg._decomp_lu_cython
import time:       138 |        806 |                           scipy.linalg._decomp_lu
import time:        81 |         81 |                           scipy.linalg._decomp_ldl
import time:        63 |         63 |                           scipy.linalg._decomp_cholesky
import time:        68 |         68 |                           scipy.linalg._decomp_qr
import time:        66 |         66 |                           scipy.linalg._decomp_qz
import time:       109 |        109 |                           scipy.linalg._decomp_schur
import time:        50 |         50 |                           scipy.linalg._decomp_polar
import time:        67 |         67 |                             scipy.linalg._expm_frechet
import time:       581 |        581 |                               scipy.linalg._matfuncs_sqrtm_triu
import time:        82 |        662 |                             scipy.linalg._matfuncs_sqrtm
import time:      1033 |       1033 |                               scipy.linalg.cython_blas
import time:       641 |       1674 |                             scipy.linalg._matfuncs_expm
import time:       119 |       2521 |                           scipy.linalg._matfuncs
import time:        95 |         95 |                           scipy.linalg._special_matrices
import time:        87 |         87 |                           scipy.linalg._solvers
import time:        51 |         51 |                           scipy.linalg._procrustes
import time:       610 |        610 |                           scipy.linalg._decomp_update
import time:        52 |         52 |                           scipy.linalg._sketches
import time:        63 |         63 |                           scipy.linalg._decomp_cossin
import time:        79 |         79 |                             scipy._lib.deprecation
import time:        56 |        135 |                           scipy.linalg.decomp
import time:        42 |         42 |                           scipy.linalg.decomp_cholesky
import time:        40 |         40 |                           scipy.linalg.decomp_lu
import time:        39 |         39 |                           scipy.linalg.decomp_qr
import time:        40 |         40 |                           scipy.linalg.decomp_svd
import time:        39 |         39 |                           scipy.linalg.decomp_schur
import time:        41 |         41 |                           scipy.linalg.basic
import time:        41 |         41 |                           scipy.linalg.misc
import time:        39 |         39 |                           scipy.linalg.special_matrices
import time:        41 |         41 |                           scipy.linalg.matfuncs
import time:       457 |      14062 |                         scipy.linalg
import time:       281 |      14790 |                       scipy.sparse.linalg._isolve.iterative
import time:        70 |         70 |                       scipy.sparse.linalg._isolve.minres
import time:        68 |         68 |                         scipy.sparse.linalg._isolve._gcrotmk
import time:        62 |        130 |                       scipy.sparse.linalg._isolve.lgmres
import time:        61 |         61 |                       scipy.sparse.linalg._isolve.lsqr
import time:        56 |         56 |                       scipy.sparse.linalg._isolve.lsmr
import time:        48 |         48 |                       scipy.sparse.linalg._isolve.tfqmr
import time:       235 |      15387 |                     scipy.sparse.linalg._isolve
import time:       641 |        641 |                         scipy.sparse.linalg._dsolve._superlu
import time:        45 |         45 |                           scikits
import time:        13 |         57 |                         scikits.umfpack
import time:       157 |        854 |                       scipy.sparse.linalg._dsolve.linsolve
import time:        57 |         57 |                       scipy.sparse.linalg._dsolve._add_newdocs
import time:        83 |        993 |                     scipy.sparse.linalg._dsolve
import time:       306 |        306 |                             scipy._lib.decorator
import time:        80 |        386 |                           scipy._lib._threadsafety
import time:      1589 |       1589 |                           scipy.sparse.linalg._eigen.arpack._arpack
import time:       247 |       2220 |                         scipy.sparse.linalg._eigen.arpack.arpack
import time:       137 |       2357 |                       scipy.sparse.linalg._eigen.arpack
import time:       134 |        134 |                         scipy.sparse.linalg._eigen.lobpcg.lobpcg
import time:        75 |        208 |                       scipy.sparse.linalg._eigen.lobpcg
import time:      2887 |       2887 |                           scipy.sparse.linalg._propack
import time:      8017 |       8017 |                           scipy.sparse.linalg._propack._spropack
import time:      1403 |       1403 |                           scipy.sparse.linalg._propack._dpropack
import time:      1459 |       1459 |                           scipy.sparse.linalg._propack._cpropack
import time:      1305 |       1305 |                           scipy.sparse.linalg._propack._zpropack
import time:       241 |      15310 |                         scipy.sparse.linalg._svdp
import time:        97 |      15407 |                       scipy.sparse.linalg._eigen._svds
import time:       109 |      18080 |                     scipy.sparse.linalg._eigen
import time:       148 |        148 |                         scipy.sparse.linalg._onenormest
import time:       229 |        376 |                       scipy.sparse.linalg._expm_multiply
import time:       330 |        705 |                     scipy.sparse.linalg._matfuncs
import time:       131 |        131 |                     scipy.sparse.linalg._norm
import time:       239 |        239 |                     scipy.sparse.linalg._special_sparse_arrays
import time:        94 |         94 |                     scipy.sparse.linalg.isolve
import time:        87 |         87 |                     scipy.sparse.linalg.dsolve
import time:        84 |         84 |                     scipy.sparse.linalg.interface
import time:        85 |         85 |                     scipy.sparse.linalg.eigen
import time:        83 |         83 |                     scipy.sparse.linalg.matfuncs
import time:       317 |      36281 |                   scipy.sparse.linalg
import time:       261 |      36542 |                 scipy.sparse.csgraph._laplacian
import time:      1044 |       1044 |                     scipy.sparse.csgraph._tools
import time:       184 |       1228 |                   scipy.sparse.csgraph._validation
import time:      1635 |       2862 |                 scipy.sparse.csgraph._shortest_path
import time:       896 |        896 |                 scipy.sparse.csgraph._traversal
import time:       771 |        771 |                 scipy.sparse.csgraph._min_spanning_tree
import time:       797 |        797 |                 scipy.sparse.csgraph._flow
import time:       767 |        767 |                 scipy.sparse.csgraph._matching
import time:       789 |        789 |                 scipy.sparse.csgraph._reordering
import time:       273 |      43694 |               scipy.sparse.csgraph
import time:        74 |         74 |               scipy.sparse.base
import time:        52 |         52 |               scipy.sparse.bsr
import time:        47 |         47 |               scipy.sparse.compressed
import time:        77 |         77 |               scipy.sparse.construct
import time:        42 |         42 |               scipy.sparse.coo
import time:        40 |         40 |               scipy.sparse.csc
import time:        48 |         48 |               scipy.sparse.csr
import time:        42 |         42 |               scipy.sparse.data
import time:        38 |         38 |               scipy.sparse.dia
import time:        38 |         38 |               scipy.sparse.dok
import time:        38 |         38 |               scipy.sparse.extract
import time:        37 |         37 |               scipy.sparse.lil
import time:        42 |         42 |               scipy.sparse.sparsetools
import time:        40 |         40 |               scipy.sparse.sputils
import time:       751 |      59469 |             scipy.sparse
import time:       128 |        128 |                   scipy.special._sf_error
import time:       893 |        893 |                     scipy.special._ufuncs_cxx
import time:       883 |        883 |                     scipy.special._special_ufuncs
import time:      1209 |       2984 |                   scipy.special._ufuncs
import time:       104 |        104 |                   scipy.special._support_alternative_backends
import time:      1132 |       1132 |                     scipy.special._gufuncs
import time:      1638 |       1638 |                     scipy.special._specfun
import time:      1608 |       1608 |                     scipy.special._comb
import time:       245 |       4622 |                   scipy.special._basic
import time:       175 |        175 |                   scipy.special._logsumexp
import time:       318 |        318 |                   scipy.special._orthogonal
import time:       106 |        106 |                   scipy.special._spfun_stats
import time:      1668 |       1668 |                     scipy.special._ellip_harm_2
import time:       135 |       1803 |                   scipy.special._ellip_harm
import time:       146 |        146 |                   scipy.special._lambertw
import time:       108 |        108 |                   scipy.special._spherical_bessel
import time:        97 |         97 |                   scipy.special.add_newdocs
import time:       142 |        142 |                   scipy.special.basic
import time:       105 |        105 |                   scipy.special.orthogonal
import time:        83 |         83 |                   scipy.special.specfun
import time:        81 |         81 |                   scipy.special.sf_error
import time:        80 |         80 |                   scipy.special.spfun_stats
import time:       369 |      11443 |                 scipy.special
import time:       258 |        258 |                     scipy.stats._warnings_errors
import time:      2276 |       2276 |                           scipy.spatial._ckdtree
import time:       305 |       2580 |                         scipy.spatial._kdtree
import time:       950 |        950 |                           scipy._lib.messagestream
import time:      1901 |       2850 |                         scipy.spatial._qhull
import time:       928 |        928 |                           scipy.spatial._voronoi
import time:       123 |       1051 |                         scipy.spatial._spherical_voronoi
import time:       276 |        276 |                         scipy.spatial._plotutils
import time:        65 |         65 |                         scipy.spatial._procrustes
import time:       917 |        917 |                             scipy.spatial._distance_wrap
import time:       995 |        995 |                             scipy.spatial._hausdorff
import time:      1041 |       1041 |                             scipy.spatial._distance_pybind
import time:      1087 |       4039 |                           scipy.spatial.distance
import time:        77 |       4115 |                         scipy.spatial._geometric_slerp
import time:        60 |         60 |                         scipy.spatial.ckdtree
import time:        48 |         48 |                         scipy.spatial.kdtree
import time:        46 |         46 |                         scipy.spatial.qhull
import time:       147 |        147 |                             backports_abc
import time:      1398 |       1398 |                                 scipy.constants._codata
import time:       111 |        111 |                                 scipy.constants._constants
import time:        57 |         57 |                                 scipy.constants.codata
import time:        62 |         62 |                                 scipy.constants.constants
import time:       454 |       2080 |                               scipy.constants
import time:       175 |       2255 |                             scipy.spatial.transform._rotation_groups
import time:      2748 |       5149 |                           scipy.spatial.transform._rotation
import time:        86 |         86 |                           scipy.spatial.transform._rotation_spline
import time:        45 |         45 |                           scipy.spatial.transform.rotation
import time:        88 |       5366 |                         scipy.spatial.transform
import time:       271 |      16725 |                       scipy.spatial
import time:        68 |         68 |                             scipy.optimize._dcsrch
import time:       106 |        174 |                           scipy.optimize._linesearch
import time:      1003 |       1003 |                             scipy.optimize._group_columns
import time:       101 |       1104 |                           scipy.optimize._numdiff
import time:       113 |        113 |                             scipy.optimize._hessian_update_strategy
import time:       134 |        247 |                           scipy.optimize._differentiable_functions
import time:       417 |       1940 |                         scipy.optimize._optimize
import time:       106 |        106 |                             scipy.optimize._trustregion
import time:        70 |        175 |                           scipy.optimize._trustregion_dogleg
import time:        56 |         56 |                           scipy.optimize._trustregion_ncg
import time:      1113 |       1113 |                               scipy.optimize._trlib._trlib
import time:        58 |       1170 |                             scipy.optimize._trlib
import time:        63 |       1233 |                           scipy.optimize._trustregion_krylov
import time:        80 |         80 |                           scipy.optimize._trustregion_exact
import time:        95 |         95 |                               scipy.optimize._constraints
import time:        48 |         48 |                                     sksparse
import time:        15 |         63 |                                   sksparse.cholmod
import time:        77 |        139 |                                 scipy.optimize._trustregion_constr.projections
import time:        65 |         65 |                                 scipy.optimize._trustregion_constr.qp_subproblem
import time:        81 |        284 |                               scipy.optimize._trustregion_constr.equality_constrained_sqp
import time:        77 |         77 |                               scipy.optimize._trustregion_constr.canonical_constraint
import time:       108 |        108 |                               scipy.optimize._trustregion_constr.tr_interior_point
import time:        65 |         65 |                               scipy.optimize._trustregion_constr.report
import time:       168 |        794 |                             scipy.optimize._trustregion_constr.minimize_trustregion_constr
import time:        54 |        848 |                           scipy.optimize._trustregion_constr
import time:       992 |        992 |                             scipy.optimize._lbfgsb
import time:        91 |       1082 |                           scipy.optimize._lbfgsb_py
import time:       982 |        982 |                             scipy.optimize._moduleTNC
import time:        81 |       1063 |                           scipy.optimize._tnc
import time:      1010 |       1010 |                             scipy.optimize._cobyla
import time:        92 |       1102 |                           scipy.optimize._cobyla_py
import time:        53 |         53 |                           scipy.optimize._cobyqa_py
import time:      1045 |       1045 |                             scipy.optimize._slsqp
import time:        97 |       1142 |                           scipy.optimize._slsqp_py
import time:       214 |       7044 |                         scipy.optimize._minimize
import time:       966 |        966 |                             scipy.optimize._minpack
import time:       142 |        142 |                                   scipy.optimize._lsq.common
import time:        91 |        232 |                                 scipy.optimize._lsq.trf
import time:        66 |         66 |                                 scipy.optimize._lsq.dogbox
import time:       146 |        443 |                               scipy.optimize._lsq.least_squares
import time:      1056 |       1056 |                                   scipy.optimize._lsq.givens_elimination
import time:        72 |       1128 |                                 scipy.optimize._lsq.trf_linear
import time:       317 |        317 |                                 scipy.optimize._lsq.bvls
import time:        89 |       1532 |                               scipy.optimize._lsq.lsq_linear
import time:        76 |       2051 |                             scipy.optimize._lsq
import time:       134 |       3150 |                           scipy.optimize._minpack_py
import time:        95 |         95 |                           scipy.optimize._spectral
import time:       710 |        710 |                           scipy.optimize._nonlin
import time:       101 |       4054 |                         scipy.optimize._root
import time:       957 |        957 |                             scipy.optimize._zeros
import time:       134 |       1090 |                           scipy.optimize._zeros_py
import time:        90 |       1180 |                         scipy.optimize._root_scalar
import time:        53 |         53 |                         scipy.optimize._nnls
import time:       104 |        104 |                         scipy.optimize._basinhopping
import time:        42 |         42 |                               scipy.optimize._highs
import time:      1339 |       1381 |                             scipy.optimize._highs._highs_wrapper
import time:      1023 |       1023 |                             scipy.optimize._highs._highs_constants
import time:        93 |       2496 |                           scipy.optimize._linprog_highs
import time:      1100 |       1100 |                                     scipy.linalg._interpolative
import time:       107 |       1207 |                                   scipy.linalg._interpolative_backend
import time:       129 |       1335 |                                 scipy.linalg.interpolative
import time:        81 |       1415 |                               scipy.optimize._remove_redundancy
import time:       171 |       1586 |                             scipy.optimize._linprog_util
import time:        42 |         42 |                             sksparse
import time:        31 |         31 |                               scikits
import time:        16 |         47 |                             scikits.umfpack
import time:       132 |       1806 |                           scipy.optimize._linprog_ip
import time:        69 |         69 |                           scipy.optimize._linprog_simplex
import time:      1139 |       1139 |                             scipy.optimize._bglu_dense
import time:        82 |       1221 |                           scipy.optimize._linprog_rs
import time:        61 |         61 |                           scipy.optimize._linprog_doc
import time:       116 |       5767 |                         scipy.optimize._linprog
import time:      1022 |       1022 |                         scipy.optimize._lsap
import time:       185 |        185 |                         scipy.optimize._differentialevolution
import time:      2287 |       2287 |                           scipy.optimize._pava_pybind
import time:       104 |       2390 |                         scipy.optimize._isotonic
import time:       119 |        119 |                             scipy.optimize._shgo_lib
import time:       320 |        320 |                             scipy.optimize._shgo_lib._vertex
import time:       360 |        798 |                           scipy.optimize._shgo_lib._complex
import time:       445 |       1242 |                         scipy.optimize._shgo
import time:       313 |        313 |                         scipy.optimize._dual_annealing
import time:       161 |        161 |                         scipy.optimize._qap
import time:      2101 |       2101 |                           scipy.optimize._direct
import time:       149 |       2250 |                         scipy.optimize._direct_py
import time:       162 |        162 |                         scipy.optimize._milp
import time:        97 |         97 |                         scipy.optimize.cobyla
import time:        87 |         87 |                         scipy.optimize.lbfgsb
import time:        86 |         86 |                         scipy.optimize.linesearch
import time:        86 |         86 |                         scipy.optimize.minpack
import time:        81 |         81 |                         scipy.optimize.minpack2
import time:        78 |         78 |                         scipy.optimize.moduleTNC
import time:        81 |         81 |                         scipy.optimize.nonlin
import time:        85 |         85 |                         scipy.optimize.optimize
import time:        79 |         79 |                         scipy.optimize.slsqp
import time:       106 |        106 |                         scipy.optimize.tnc
import time:        58 |         58 |                         scipy.optimize.zeros
import time:       421 |      29203 |                       scipy.optimize
import time:       199 |        199 |                           scipy._lib.doccer
import time:       171 |        171 |                           scipy.stats._distr_params
import time:       499 |        499 |                           scipy.integrate._quadrature
import time:      2920 |       2920 |                             scipy.integrate._odepack
import time:       161 |       3080 |                           scipy.integrate._odepack_py
import time:      4054 |       4054 |                             scipy.integrate._quadpack
import time:       282 |       4336 |                           scipy.integrate._quadpack_py
import time:      1158 |       1158 |                             scipy.integrate._vode
import time:      1124 |       1124 |                             scipy.integrate._dop
import time:      1167 |       1167 |                             scipy.integrate._lsoda
import time:       255 |       3702 |                           scipy.integrate._ode
import time:       133 |        133 |                           scipy.integrate._bvp
import time:       104 |        104 |                                 scipy.integrate._ivp.common
import time:        92 |         92 |                                 scipy.integrate._ivp.base
import time:       153 |        348 |                               scipy.integrate._ivp.bdf
import time:       141 |        141 |                               scipy.integrate._ivp.radau
import time:        68 |         68 |                                 scipy.integrate._ivp.dop853_coefficients
import time:       158 |        226 |                               scipy.integrate._ivp.rk
import time:        91 |         91 |                               scipy.integrate._ivp.lsoda
import time:       495 |       1298 |                             scipy.integrate._ivp.ivp
import time:        74 |       1372 |                           scipy.integrate._ivp
import time:       134 |        134 |                           scipy.integrate._quad_vec
import time:        46 |         46 |                           scipy.integrate.dop
import time:        40 |         40 |                           scipy.integrate.lsoda
import time:        41 |         41 |                           scipy.integrate.vode
import time:        40 |         40 |                           scipy.integrate.odepack
import time:        39 |         39 |                           scipy.integrate.quadpack
import time:        56 |         56 |                           scipy._lib._finite_differences
import time:        57 |         57 |                           scipy.stats._constants
import time:        71 |         71 |                           scipy.stats._censored_data
import time:      1292 |      15298 |                         scipy.stats._distn_infrastructure
import time:      2259 |       2259 |                                   scipy.interpolate._fitpack
import time:      2287 |       2287 |                                   scipy.interpolate._dfitpack
import time:       298 |       4843 |                                 scipy.interpolate._fitpack_impl
import time:       113 |        113 |                                     backports_abc
import time:      2719 |       2832 |                                   scipy.interpolate._bspl
import time:       405 |       3237 |                                 scipy.interpolate._bsplines
import time:       168 |       8246 |                               scipy.interpolate._fitpack_py
import time:       254 |        254 |                               scipy.interpolate._polyint
import time:      2673 |       2673 |                               scipy.interpolate._ppoly
import time:      2637 |       2637 |                               scipy.interpolate.interpnd
import time:       631 |      14439 |                             scipy.interpolate._interpolate
import time:       526 |        526 |                             scipy.interpolate._fitpack2
import time:       170 |        170 |                             scipy.interpolate._rbf
import time:      1800 |       1800 |                               scipy.interpolate._rbfinterp_pythran
import time:       174 |       1973 |                             scipy.interpolate._rbfinterp
import time:       170 |        170 |                             scipy.interpolate._cubic
import time:        67 |         67 |                             scipy.interpolate._ndgriddata
import time:        45 |         45 |                             scipy.interpolate._pade
import time:      1318 |       1318 |                               scipy.interpolate._rgi_cython
import time:        93 |         93 |                               scipy.interpolate._ndbspline
import time:       123 |       1533 |                             scipy.interpolate._rgi
import time:        48 |         48 |                             scipy.interpolate.fitpack
import time:        89 |         89 |                             scipy.interpolate.fitpack2
import time:        42 |         42 |                             scipy.interpolate.interpolate
import time:        39 |         39 |                             scipy.interpolate.ndgriddata
import time:        40 |         40 |                             scipy.interpolate.polyint
import time:        40 |         40 |                             scipy.interpolate.rbf
import time:       435 |      19650 |                           scipy.interpolate
import time:      3155 |       3155 |                             scipy.special.cython_special
import time:      2551 |       5705 |                           scipy.stats._stats
import time:       239 |        239 |                           scipy.stats._tukeylambda_stats
import time:       199 |        199 |                           scipy.stats._ksstats
import time:     21463 |      47254 |                         scipy.stats._continuous_distns
import time:      1453 |       1453 |                           scipy.stats._biasedurn
import time:      3977 |       5429 |                         scipy.stats._discrete_distns
import time:      1499 |       1499 |                           scipy.stats._levy_stable.levyst
import time:       741 |       2239 |                         scipy.stats._levy_stable
import time:       518 |        518 |                             scipy._lib._docscrape
import time:       129 |        647 |                           scipy.stats._axis_nan_policy
import time:       545 |       1191 |                         scipy.stats._entropy
import time:       245 |      71654 |                       scipy.stats.distributions
import time:        63 |         63 |                         scipy._lib._bunch
import time:      1311 |       1311 |                           scipy.stats._stats_pythran
import time:       265 |       1576 |                         scipy.stats._stats_mstats_common
import time:       651 |       2290 |                       scipy.stats._mstats_basic
import time:        64 |         64 |                         scipy.stats._common
import time:        38 |         38 |                               uarray
import time:      1311 |       1311 |                                   scipy._lib._uarray._uarray
import time:       153 |       1464 |                                 scipy._lib._uarray._backend
import time:        50 |       1513 |                               scipy._lib._uarray
import time:        51 |       1602 |                             scipy._lib.uarray
import time:       275 |       1877 |                           scipy.fft._basic
import time:       117 |        117 |                           scipy.fft._realtransforms
import time:        60 |         60 |                             scipy.fft._fftlog_backend
import time:        63 |        123 |                           scipy.fft._fftlog
import time:      1381 |       1381 |                                 scipy.fft._pocketfft.pypocketfft
import time:        76 |         76 |                                 scipy.fft._pocketfft.helper
import time:       100 |       1557 |                               scipy.fft._pocketfft.basic
import time:        53 |         53 |                               scipy.fft._pocketfft.realtransforms
import time:        54 |       1662 |                             scipy.fft._pocketfft
import time:        72 |       1734 |                           scipy.fft._helper
import time:        56 |         56 |                             scipy.fft._basic_backend
import time:        55 |         55 |                             scipy.fft._realtransforms_backend
import time:        74 |        185 |                           scipy.fft._backend
import time:        88 |       4121 |                         scipy.fft
import time:      1096 |       5279 |                       scipy.stats._hypotests
import time:       923 |        923 |                       scipy.stats._resampling
import time:        98 |         98 |                       scipy.stats._binomtest
import time:     12132 |     138300 |                     scipy.stats._stats_py
import time:       294 |        294 |                     scipy.stats._variation
import time:      1596 |       1596 |                       scipy.stats._ansari_swilk_statistics
import time:       131 |        131 |                       scipy.stats._wilcoxon
import time:       243 |        243 |                       scipy.stats._fit
import time:       216 |        216 |                         scipy.stats._relative_risk
import time:       136 |        136 |                         scipy.stats._crosstab
import time:        74 |         74 |                         scipy.stats._odds_ratio
import time:       155 |        579 |                       scipy.stats.contingency
import time:      2991 |       5538 |                     scipy.stats._morestats
import time:       185 |        185 |                               importlib.resources.abc
import time:       337 |        337 |                               importlib.resources._adapters
import time:       298 |        819 |                             importlib.resources._common
import time:       227 |        227 |                             importlib.resources._legacy
import time:        84 |       1129 |                           importlib.resources
import time:      1381 |       2509 |                         scipy.stats._sobol
import time:      1611 |       1611 |                         scipy.stats._qmc_cy
import time:       309 |       4427 |                       scipy.stats._qmc
import time:       371 |       4798 |                     scipy.stats._multicomp
import time:       181 |        181 |                     scipy.stats._binned_statistic
import time:      1384 |       1384 |                       scipy.stats._mvn
import time:       115 |       1498 |                     scipy.stats._kde
import time:        93 |         93 |                       scipy.stats._mstats_extras
import time:        69 |        161 |                     scipy.stats.mstats
import time:        45 |         45 |                     scipy.stats.qmc
import time:       114 |        114 |                       scipy.stats._covariance
import time:      1466 |       1466 |                         scipy.stats._rcont.rcont
import time:        56 |       1521 |                       scipy.stats._rcont
import time:        92 |         92 |                       scipy.stats._qmvnt
import time:      1275 |       3001 |                     scipy.stats._multivariate
import time:        45 |         45 |                             scipy.stats._unuran
import time:      1613 |       1658 |                           scipy.stats._unuran.unuran_wrapper
import time:       194 |       1852 |                         scipy.stats._sampling
import time:        51 |       1902 |                       scipy.stats.sampling
import time:        53 |       1954 |                     scipy.stats._rvs_sampling
import time:       245 |        245 |                     scipy.stats._page_trend_test
import time:       491 |        491 |                     scipy.stats._mannwhitneyu
import time:        65 |         65 |                     scipy.stats._bws_test
import time:       436 |        436 |                     scipy.stats._sensitivity_analysis
import time:       376 |        376 |                     scipy.stats._survival
import time:        52 |         52 |                           scipy.ndimage._ni_support
import time:      1321 |       1321 |                           scipy.ndimage._nd_image
import time:        81 |         81 |                           scipy.ndimage._ni_docstrings
import time:       780 |       2232 |                         scipy.ndimage._filters
import time:        60 |         60 |                         scipy.ndimage._fourier
import time:       315 |        315 |                         scipy.ndimage._interpolation
import time:      1418 |       1418 |                           scipy.ndimage._ni_label
import time:       113 |        113 |                           scipy.ndimage._morphology
import time:       114 |       1645 |                         scipy.ndimage._measurements
import time:        44 |         44 |                         scipy.ndimage.filters
import time:        38 |         38 |                         scipy.ndimage.fourier
import time:        38 |         38 |                         scipy.ndimage.interpolation
import time:        38 |         38 |                         scipy.ndimage.measurements
import time:        40 |         40 |                         scipy.ndimage.morphology
import time:       111 |       4556 |                       scipy.ndimage
import time:       182 |       4737 |                     scipy.stats._mgc
import time:        43 |         43 |                     scipy.stats.biasedurn
import time:        37 |         37 |                     scipy.stats.kde
import time:        75 |         75 |                     scipy.stats.morestats
import time:        43 |         43 |                     scipy.stats.mstats_basic
import time:        37 |         37 |                     scipy.stats.mstats_extras
import time:        35 |         35 |                     scipy.stats.mvn
import time:        41 |         41 |                     scipy.stats.stats
import time:       320 |     162999 |                   scipy.stats
import time:       107 |        107 |                       pytz.exceptions
import time:       230 |        230 |                       pytz.lazy
import time:       127 |        127 |                       pytz.tzinfo
import time:        61 |         61 |                       pytz.tzfile
import time:       687 |       1211 |                     pytz
import time:        86 |         86 |                       dateutil._version
import time:        89 |        175 |                     dateutil
import time:        76 |         76 |                       pandas.compat._constants
import time:        69 |         69 |                       pandas.compat.compressors
import time:        46 |         46 |                           pandas.util
import time:       309 |        354 |                         pandas.util.version
import time:        88 |        442 |                       pandas.compat.numpy
import time:        35 |         35 |                         pyarrow
import time:        57 |         91 |                       pandas.compat.pyarrow
import time:       127 |        803 |                     pandas.compat
import time:       908 |        908 |                         pandas._typing
import time:        70 |         70 |                         pandas.util._exceptions
import time:       321 |       1298 |                       pandas._config.config
import time:       106 |        106 |                       pandas._config.dates
import time:        60 |         60 |                       pandas._config.display
import time:        73 |       1537 |                     pandas._config
import time:        47 |         47 |                       pandas.core
import time:       351 |        398 |                     pandas.core.config_init
import time:      1475 |       1475 |                         pandas._libs.pandas_parser
import time:      1318 |       1318 |                         pandas._libs.pandas_datetime
import time:      1420 |       1420 |                                     pandas._libs.tslibs.ccalendar
import time:      1522 |       1522 |                                     pandas._libs.tslibs.np_datetime
import time:      1700 |       4641 |                                   pandas._libs.tslibs.dtypes
import time:      1545 |       1545 |                                     pandas._libs.tslibs.base
import time:      1550 |       1550 |                                         pandas._libs.tslibs.nattype
import time:        96 |         96 |                                             pandas.compat._optional
import time:       121 |        121 |                                               zoneinfo._tzpath
import time:        70 |         70 |                                               zoneinfo._common
import time:        29 |         29 |                                               _zoneinfo
import time:       100 |        319 |                                             zoneinfo
import time:       371 |        371 |                                                 six
import time:        15 |         15 |                                                 six.moves
import time:        96 |         96 |                                                 dateutil.tz._common
import time:        78 |         78 |                                                 dateutil.tz._factories
import time:         8 |          8 |                                                   six.moves.winreg
import time:        84 |         92 |                                                 dateutil.tz.win
import time:       307 |        956 |                                               dateutil.tz.tz
import time:        65 |       1021 |                                             dateutil.tz
import time:      1634 |       3068 |                                           pandas._libs.tslibs.timezones
import time:       342 |        342 |                                               calendar
import time:      4006 |       4348 |                                             _strptime
import time:        99 |         99 |                                             pandas._config.localization
import time:      1793 |       6238 |                                           pandas._libs.tslibs.fields
import time:      1846 |      11152 |                                         pandas._libs.tslibs.timedeltas
import time:      1734 |       1734 |                                         pandas._libs.tslibs.tzconversion
import time:        43 |         43 |                                         backports_abc
import time:      1862 |      16338 |                                       pandas._libs.tslibs.timestamps
import time:        34 |         34 |                                       backports_abc
import time:      1550 |       1550 |                                       pandas._libs.properties
import time:      1994 |      19915 |                                     pandas._libs.tslibs.offsets
import time:        51 |         51 |                                       backports_abc
import time:        54 |         54 |                                           dateutil._common
import time:       474 |        527 |                                         dateutil.parser._parser
import time:       114 |        114 |                                         dateutil.parser.isoparser
import time:       442 |       1083 |                                       dateutil.parser
import time:      5162 |       5162 |                                       pandas._libs.tslibs.strptime
import time:      1813 |       8107 |                                     pandas._libs.tslibs.parsing
import time:      1904 |      31470 |                                   pandas._libs.tslibs.conversion
import time:      1713 |       1713 |                                   pandas._libs.tslibs.period
import time:      1825 |       1825 |                                   pandas._libs.tslibs.vectorized
import time:       130 |      39778 |                                 pandas._libs.tslibs
import time:        13 |      39791 |                               pandas._libs.tslibs.nattype
import time:      1647 |       1647 |                               pandas._libs.ops_dispatch
import time:      1505 |      42941 |                             pandas._libs.missing
import time:      1707 |      44648 |                           pandas._libs.hashtable
import time:      1776 |       1776 |                           pandas._libs.algos
import time:      1537 |      47960 |                         pandas._libs.interval
import time:        69 |      50820 |                       pandas._libs
import time:        80 |         80 |                         pandas.core.dtypes
import time:        55 |         55 |                           pyarrow
import time:      1847 |       1901 |                         pandas._libs.lib
import time:       263 |        263 |                         pandas.errors
import time:       166 |        166 |                           pandas.core.dtypes.generic
import time:       114 |        280 |                         pandas.core.dtypes.base
import time:        66 |         66 |                         pandas.core.dtypes.inference
import time:       559 |       3147 |                       pandas.core.dtypes.dtypes
import time:       149 |        149 |                         pandas.core.dtypes.common
import time:       120 |        269 |                       pandas.core.dtypes.missing
import time:        89 |         89 |                         pandas.util._decorators
import time:        50 |         50 |                             pandas.io
import time:        90 |        140 |                           pandas.io._util
import time:       175 |        315 |                         pandas.core.dtypes.cast
import time:       106 |        106 |                           pandas.core.dtypes.astype
import time:        67 |        173 |                         pandas.core.dtypes.concat
import time:        46 |         46 |                           pandas.core.array_algos
import time:        93 |         93 |                             pandas.core.common
import time:        88 |        181 |                           pandas.core.construction
import time:       131 |        357 |                         pandas.core.array_algos.take
import time:        85 |         85 |                           pandas.core.indexers.utils
import time:        54 |        139 |                         pandas.core.indexers
import time:       236 |       1307 |                       pandas.core.algorithms
import time:       144 |        144 |                           pandas.core.arrays.arrow.accessors
import time:        25 |         25 |                             unicodedata
import time:        69 |         69 |                             pandas.util._validators
import time:       157 |        157 |                             pandas.core.missing
import time:      1734 |       1734 |                                 pandas._libs.ops
import time:        60 |         60 |                                 pandas.core.roperator
import time:        48 |         48 |                                 pandas.core.computation
import time:       120 |        120 |                                   pandas.core.computation.check
import time:       156 |        275 |                                 pandas.core.computation.expressions
import time:        54 |         54 |                                 pandas.core.ops.missing
import time:        42 |         42 |                                 pandas.core.ops.dispatch
import time:        42 |         42 |                                 pandas.core.ops.invalid
import time:       165 |       2417 |                               pandas.core.ops.array_ops
import time:        50 |         50 |                               pandas.core.ops.common
import time:        67 |         67 |                               pandas.core.ops.docstrings
import time:        47 |         47 |                               pandas.core.ops.mask_ops
import time:        93 |       2673 |                             pandas.core.ops
import time:       120 |        120 |                             pandas.core.arraylike
import time:        65 |         65 |                             pandas.core.arrays._arrow_string_mixins
import time:        45 |         45 |                             pandas.core.arrays._utils
import time:       127 |        127 |                               pandas.compat.numpy.function
import time:        53 |         53 |                               pandas.core.array_algos.quantile
import time:        89 |         89 |                               pandas.core.sorting
import time:       260 |        527 |                             pandas.core.arrays.base
import time:       278 |        278 |                               pandas.core.nanops
import time:        55 |         55 |                               pandas.core.array_algos.masked_accumulations
import time:        52 |         52 |                               pandas.core.array_algos.masked_reductions
import time:        45 |         45 |                                 pandas.core.util
import time:      1926 |       1926 |                                 pandas._libs.hashing
import time:       101 |       2071 |                               pandas.core.util.hashing
import time:       388 |       2842 |                             pandas.core.arrays.masked
import time:      1691 |       1691 |                               pandas._libs.arrays
import time:       106 |        106 |                                 pandas.core.arrays.numeric
import time:       106 |        212 |                               pandas.core.arrays.floating
import time:       102 |        102 |                               pandas.core.arrays.integer
import time:        59 |         59 |                                   pandas.core.array_algos.transforms
import time:       216 |        274 |                                 pandas.core.arrays._mixins
import time:        55 |         55 |                                   pandas.core.strings
import time:       119 |        119 |                                   pandas.core.strings.base
import time:       188 |        362 |                                 pandas.core.strings.object_array
import time:       158 |        793 |                               pandas.core.arrays.numpy_
import time:       305 |       3101 |                             pandas.core.arrays.string_
import time:        50 |         50 |                               pandas.tseries
import time:       172 |        222 |                             pandas.tseries.frequencies
import time:       497 |      10337 |                           pandas.core.arrays.arrow.array
import time:        82 |      10562 |                         pandas.core.arrays.arrow
import time:       143 |        143 |                         pandas.core.arrays.boolean
import time:        27 |         27 |                             _csv
import time:       159 |        186 |                           csv
import time:       130 |        130 |                           pandas.core.accessor
import time:       282 |        282 |                           pandas.core.base
import time:        55 |         55 |                           pandas.io.formats
import time:        83 |         83 |                           pandas.io.formats.console
import time:       322 |       1055 |                         pandas.core.arrays.categorical
import time:      1867 |       1867 |                           pandas._libs.tslib
import time:        57 |         57 |                             pandas.core.array_algos.datetimelike_accumulations
import time:       543 |        600 |                           pandas.core.arrays.datetimelike
import time:        80 |         80 |                           pandas.core.arrays._ranges
import time:        61 |         61 |                           pandas.tseries.offsets
import time:      1543 |       4149 |                         pandas.core.arrays.datetimes
import time:       211 |        211 |                           pandas.core.arrays.timedeltas
import time:       513 |        723 |                         pandas.core.arrays.interval
import time:       208 |        208 |                         pandas.core.arrays.period
import time:      1698 |       1698 |                               pandas._libs.sparse
import time:       165 |        165 |                               pandas.io.formats.printing
import time:       252 |       2115 |                             pandas.core.arrays.sparse.array
import time:       128 |       2243 |                           pandas.core.arrays.sparse.accessor
import time:        62 |       2304 |                         pandas.core.arrays.sparse
import time:       173 |        173 |                         pandas.core.arrays.string_arrow
import time:       305 |      19619 |                       pandas.core.arrays
import time:        62 |         62 |                       pandas.core.flags
import time:        43 |         43 |                               backports_abc
import time:      1758 |       1801 |                             pandas._libs.internals
import time:        50 |         50 |                               pandas.core._numba
import time:       106 |        156 |                             pandas.core._numba.executor
import time:       276 |       2232 |                           pandas.core.apply
import time:      1814 |       1814 |                                 pandas._libs.indexing
import time:        77 |         77 |                                   pandas.core.indexes
import time:        52 |         52 |                                       backports_abc
import time:      1971 |       2022 |                                     pandas._libs.index
import time:      1700 |       1700 |                                     pandas._libs.writers
import time:      1698 |       1698 |                                     pandas._libs.join
import time:        74 |         74 |                                     pandas.core.array_algos.putmask
import time:        74 |         74 |                                     pandas.core.indexes.frozen
import time:       967 |        967 |                                     pandas.core.strings.accessor
import time:      1156 |       7690 |                                   pandas.core.indexes.base
import time:       113 |        113 |                                     pandas.core.indexes.extension
import time:       212 |        325 |                                   pandas.core.indexes.category
import time:       223 |        223 |                                       pandas.core.indexes.range
import time:        57 |         57 |                                         pandas.core.tools
import time:       119 |        175 |                                       pandas.core.tools.timedeltas
import time:       348 |        746 |                                     pandas.core.indexes.datetimelike
import time:        68 |         68 |                                     pandas.core.tools.times
import time:       541 |       1354 |                                   pandas.core.indexes.datetimes
import time:       555 |        555 |                                     pandas.core.indexes.multi
import time:       109 |        109 |                                     pandas.core.indexes.timedeltas
import time:       423 |       1086 |                                   pandas.core.indexes.interval
import time:       305 |        305 |                                   pandas.core.indexes.period
import time:       165 |      10999 |                                 pandas.core.indexes.api
import time:       665 |      13477 |                               pandas.core.indexing
import time:        60 |         60 |                               pandas.core.sample
import time:        58 |         58 |                               pandas.core.array_algos.replace
import time:       366 |        366 |                                   pandas.core.internals.blocks
import time:        87 |        452 |                                 pandas.core.internals.api
import time:       130 |        130 |                                   pandas.core.internals.base
import time:       184 |        184 |                                     pandas.core.internals.ops
import time:       530 |        713 |                                   pandas.core.internals.managers
import time:       216 |       1059 |                                 pandas.core.internals.array_manager
import time:       103 |        103 |                                 pandas.core.internals.concat
import time:        61 |       1674 |                               pandas.core.internals
import time:       118 |        118 |                               pandas.core.internals.construction
import time:        49 |         49 |                                 pandas.core.methods
import time:        42 |         42 |                                   pandas.core.reshape
import time:       131 |        173 |                                 pandas.core.reshape.concat
import time:       225 |        225 |                                     gzip
import time:        21 |         21 |                                       grp
import time:       679 |        700 |                                     tarfile
import time:        70 |         70 |                                         zipfile._path.glob
import time:       173 |        242 |                                       zipfile._path
import time:       451 |        693 |                                     zipfile
import time:        88 |         88 |                                     pandas.core.shared_docs
import time:       682 |       2386 |                                   pandas.io.common
import time:       368 |       2754 |                                 pandas.io.formats.format
import time:       134 |       3108 |                               pandas.core.methods.describe
import time:        66 |         66 |                                     pandas._libs.window
import time:      2109 |       2174 |                                   pandas._libs.window.aggregations
import time:      1918 |       1918 |                                     pandas._libs.window.indexers
import time:       184 |       2102 |                                   pandas.core.indexers.objects
import time:        70 |         70 |                                   pandas.core.util.numba_
import time:        67 |         67 |                                   pandas.core.window.common
import time:        91 |         91 |                                   pandas.core.window.doc
import time:        71 |         71 |                                   pandas.core.window.numba_
import time:       101 |        101 |                                   pandas.core.window.online
import time:       792 |        792 |                                   pandas.core.window.rolling
import time:       297 |       5763 |                                 pandas.core.window.ewm
import time:       436 |        436 |                                 pandas.core.window.expanding
import time:        75 |       6273 |                               pandas.core.window
import time:      2499 |      27263 |                             pandas.core.generic
import time:        98 |         98 |                             pandas.core.methods.selectn
import time:        48 |         48 |                               pandas.core.reshape.util
import time:        63 |         63 |                               pandas.core.tools.numeric
import time:       123 |        233 |                             pandas.core.reshape.melt
import time:      1935 |       1935 |                               pandas._libs.reshape
import time:       256 |        256 |                               pandas.core.indexes.accessors
import time:        58 |         58 |                                 pandas.arrays
import time:       271 |        328 |                               pandas.core.tools.datetimes
import time:       404 |        404 |                               pandas.io.formats.info
import time:       481 |        481 |                                 pandas.plotting._core
import time:        78 |         78 |                                 pandas.plotting._misc
import time:        64 |        622 |                               pandas.plotting
import time:      1407 |       4950 |                             pandas.core.series
import time:      3265 |      35807 |                           pandas.core.frame
import time:       875 |        875 |                           pandas.core.groupby.base
import time:        50 |         50 |                               backports_abc
import time:      2030 |       2079 |                             pandas._libs.groupby
import time:       419 |        419 |                               pandas.core.groupby.categorical
import time:       211 |        630 |                             pandas.core.groupby.grouper
import time:       267 |       2974 |                           pandas.core.groupby.ops
import time:        66 |         66 |                             pandas.core.groupby.numba_
import time:       135 |        135 |                             pandas.core.groupby.indexing
import time:       823 |       1024 |                           pandas.core.groupby.groupby
import time:       798 |      43707 |                         pandas.core.groupby.generic
import time:        53 |      43760 |                       pandas.core.groupby
import time:        93 |     119074 |                     pandas.core.api
import time:        66 |         66 |                     pandas.tseries.api
import time:        43 |         43 |                             pandas.core.computation.common
import time:        78 |        121 |                           pandas.core.computation.align
import time:        98 |         98 |                             pandas.core.computation.scope
import time:       183 |        280 |                           pandas.core.computation.ops
import time:        88 |        487 |                         pandas.core.computation.engines
import time:        53 |         53 |                           pandas.core.computation.parsing
import time:       401 |        453 |                         pandas.core.computation.expr
import time:        78 |       1018 |                       pandas.core.computation.eval
import time:        54 |       1071 |                     pandas.core.computation.api
import time:        71 |         71 |                       pandas.core.reshape.encoding
import time:       335 |        335 |                       pandas.core.reshape.merge
import time:       302 |        302 |                       pandas.core.reshape.pivot
import time:        81 |         81 |                       pandas.core.reshape.tile
import time:        65 |        852 |                     pandas.core.reshape.api
import time:        92 |         92 |                       pandas.api.extensions
import time:        50 |         50 |                       pandas.api.indexers
import time:        50 |         50 |                           pandas.core.interchange
import time:       314 |        363 |                         pandas.core.interchange.dataframe_protocol
import time:       113 |        113 |                           pandas.core.interchange.utils
import time:        99 |        211 |                         pandas.core.interchange.from_dataframe
import time:        48 |        621 |                       pandas.api.interchange
import time:        47 |         47 |                         pandas.core.dtypes.api
import time:        52 |         99 |                       pandas.api.types
import time:       562 |        562 |                         pandas.core.resample
import time:      1808 |       1808 |                               pandas._libs.json
import time:        80 |         80 |                               pandas.io.json._normalize
import time:        66 |         66 |                               pandas.io.json._table_schema
import time:        50 |         50 |                                       backports_abc
import time:      1988 |       2037 |                                     pandas._libs.parsers
import time:       251 |        251 |                                       pandas.io.parsers.base_parser
import time:       107 |        358 |                                     pandas.io.parsers.arrow_parser_wrapper
import time:        94 |         94 |                                     pandas.io.parsers.c_parser_wrapper
import time:       168 |        168 |                                     pandas.io.parsers.python_parser
import time:       860 |       3515 |                                   pandas.io.parsers.readers
import time:        50 |       3564 |                                 pandas.io.parsers
import time:         8 |       3572 |                               pandas.io.parsers.readers
import time:       441 |       5965 |                             pandas.io.json._json
import time:        56 |       6021 |                           pandas.io.json
import time:         9 |       6029 |                         pandas.io.json._json
import time:       584 |        584 |                         pandas.io.stata
import time:        59 |       7232 |                       pandas.api.typing
import time:        81 |       8171 |                     pandas.api
import time:        89 |         89 |                           pandas._testing.contexts
import time:       114 |        202 |                         pandas._testing._io
import time:        64 |         64 |                         pandas._testing._warnings
import time:        28 |         28 |                             cmath
import time:      2102 |       2129 |                           pandas._libs.testing
import time:       158 |       2287 |                         pandas._testing.asserters
import time:        91 |         91 |                         pandas._testing.compat
import time:       265 |       2907 |                       pandas._testing
import time:        68 |       2975 |                     pandas.testing
import time:        73 |         73 |                     pandas.util._print_versions
import time:        67 |         67 |                       pandas.io.clipboards
import time:        67 |         67 |                           pandas.io.excel._util
import time:       119 |        119 |                           pandas.io.excel._calamine
import time:        93 |         93 |                           pandas.io.excel._odfreader
import time:       185 |        185 |                           pandas.io.excel._openpyxl
import time:        71 |         71 |                           pandas.io.excel._pyxlsb
import time:        77 |         77 |                           pandas.io.excel._xlrd
import time:       639 |       1248 |                         pandas.io.excel._base
import time:        87 |         87 |                         pandas.io.excel._odswriter
import time:        95 |         95 |                         pandas.io.excel._xlsxwriter
import time:        62 |       1491 |                       pandas.io.excel
import time:        86 |         86 |                       pandas.io.feather_format
import time:        59 |         59 |                       pandas.io.gbq
import time:       680 |        680 |                       pandas.io.html
import time:        71 |         71 |                       pandas.io.orc
import time:       222 |        222 |                       pandas.io.parquet
import time:        90 |         90 |                         pandas.compat.pickle_compat
import time:       121 |        210 |                       pandas.io.pickle
import time:       200 |        200 |                         pandas.core.computation.pytables
import time:       727 |        926 |                       pandas.io.pytables
import time:       122 |        122 |                         pandas.io.sas.sasreader
import time:        57 |        178 |                       pandas.io.sas
import time:        49 |         49 |                       pandas.io.spss
import time:       317 |        317 |                       pandas.io.sql
import time:       308 |        308 |                       pandas.io.xml
import time:       100 |       4759 |                     pandas.io.api
import time:        50 |         50 |                     pandas.util._tester
import time:        40 |         40 |                     pandas._version_meson
import time:       166 |     141414 |                   pandas
import time:        48 |         48 |                       sklearn.externals
import time:        75 |        122 |                     sklearn.externals._packaging
import time:        55 |         55 |                     sklearn.externals._packaging._structures
import time:       335 |        511 |                   sklearn.externals._packaging.version
import time:       362 |        362 |                     threadpoolctl
import time:        81 |        442 |                   sklearn.utils.parallel
import time:       275 |     305639 |                 sklearn.utils.fixes
import time:       152 |     317233 |               sklearn.utils._array_api
import time:      1998 |       1998 |               sklearn.utils._isfinite
import time:       225 |     319456 |             sklearn.utils.validation
import time:       324 |     379247 |           sklearn.utils._param_validation
import time:        81 |     379328 |         sklearn.utils._chunking
import time:       473 |        473 |             html.entities
import time:       163 |        635 |           html
import time:       194 |        829 |         sklearn.utils._estimator_html_repr
import time:        59 |         59 |             sklearn.utils.deprecation
import time:      1969 |       1969 |             sklearn.utils.sparsefuncs_fast
import time:       140 |       2167 |           sklearn.utils.extmath
import time:       113 |       2280 |         sklearn.utils._indexing
import time:        49 |         49 |           sklearn.utils._missing
import time:        80 |        129 |         sklearn.utils._mask
import time:        64 |         64 |         sklearn.utils.class_weight
import time:        61 |         61 |         sklearn.utils.discovery
import time:      2098 |       2098 |         sklearn.utils.murmurhash
import time:       388 |     425257 |       sklearn.utils
import time:        17 |     425274 |     sklearn.utils._estimator_html_repr
import time:       161 |        161 |       sklearn.utils._available_if
import time:       394 |        554 |     sklearn.utils._set_output
import time:        62 |         62 |     sklearn.utils._tags
import time:       291 |     484325 |   sklearn.base
import time:      2414 |       2414 |     sklearn.utils._openmp_helpers
import time:        72 |       2486 |   sklearn.utils._show_versions
import time:        58 |         58 |   sklearn._built_with_meson
import time:       167 |     494222 | sklearn
