dataset,seed,partition,No
author_cleaned,2001,train,298
author_cleaned,2001,train,133
author_cleaned,2001,train,46
author_cleaned,2001,train,200
author_cleaned,2001,train,154
author_cleaned,2001,train,39
author_cleaned,2001,train,67
author_cleaned,2001,train,315
author_cleaned,2001,train,90
author_cleaned,2001,train,14
author_cleaned,2001,train,129
author_cleaned,2001,train,280
author_cleaned,2001,train,410
author_cleaned,2001,train,262
author_cleaned,2001,train,66
author_cleaned,2001,train,9
author_cleaned,2001,train,367
author_cleaned,2001,train,120
author_cleaned,2001,train,206
author_cleaned,2001,train,292
author_cleaned,2001,train,23
author_cleaned,2001,train,343
author_cleaned,2001,train,264
author_cleaned,2001,train,252
author_cleaned,2001,train,18
author_cleaned,2001,train,177
author_cleaned,2001,train,361
author_cleaned,2001,train,319
author_cleaned,2001,train,215
author_cleaned,2001,train,366
author_cleaned,2001,train,333
author_cleaned,2001,train,117
author_cleaned,2001,train,190
author_cleaned,2001,train,417
author_cleaned,2001,train,99
author_cleaned,2001,train,297
author_cleaned,2001,train,311
author_cleaned,2001,train,153
author_cleaned,2001,train,77
author_cleaned,2001,train,54
author_cleaned,2001,train,405
author_cleaned,2001,train,336
author_cleaned,2001,train,135
author_cleaned,2001,train,390
author_cleaned,2001,train,204
author_cleaned,2001,train,24
author_cleaned,2001,train,363
author_cleaned,2001,train,158
author_cleaned,2001,train,162
author_cleaned,2001,train,253
author_cleaned,2001,train,249
author_cleaned,2001,train,74
author_cleaned,2001,train,173
author_cleaned,2001,train,309
author_cleaned,2001,train,1
author_cleaned,2001,train,155
author_cleaned,2001,train,386
author_cleaned,2001,train,418
author_cleaned,2001,train,296
author_cleaned,2001,train,406
author_cleaned,2001,train,48
author_cleaned,2001,train,126
author_cleaned,2001,train,37
author_cleaned,2001,train,289
author_cleaned,2001,train,265
author_cleaned,2001,train,21
author_cleaned,2001,train,287
author_cleaned,2001,train,303
author_cleaned,2001,train,282
author_cleaned,2001,train,259
author_cleaned,2001,train,379
author_cleaned,2001,train,102
author_cleaned,2001,train,220
author_cleaned,2001,train,107
author_cleaned,2001,train,148
author_cleaned,2001,train,45
author_cleaned,2001,train,240
author_cleaned,2001,train,5
author_cleaned,2001,train,273
author_cleaned,2001,train,394
author_cleaned,2001,train,217
author_cleaned,2001,train,243
author_cleaned,2001,train,60
author_cleaned,2001,train,71
author_cleaned,2001,train,235
author_cleaned,2001,train,337
author_cleaned,2001,train,376
author_cleaned,2001,train,257
author_cleaned,2001,train,354
author_cleaned,2001,train,359
author_cleaned,2001,train,276
author_cleaned,2001,train,142
author_cleaned,2001,train,352
author_cleaned,2001,train,383
author_cleaned,2001,train,202
author_cleaned,2001,train,307
author_cleaned,2001,train,16
author_cleaned,2001,train,105
author_cleaned,2001,train,395
author_cleaned,2001,train,365
author_cleaned,2001,train,112
author_cleaned,2001,train,301
author_cleaned,2001,train,281
author_cleaned,2001,train,382
author_cleaned,2001,train,10
author_cleaned,2001,train,96
author_cleaned,2001,train,353
author_cleaned,2001,train,125
author_cleaned,2001,train,329
author_cleaned,2001,train,141
author_cleaned,2001,train,76
author_cleaned,2001,train,323
author_cleaned,2001,train,17
author_cleaned,2001,train,334
author_cleaned,2001,train,341
author_cleaned,2001,train,221
author_cleaned,2001,train,15
author_cleaned,2001,train,108
author_cleaned,2001,train,13
author_cleaned,2001,train,152
author_cleaned,2001,train,371
author_cleaned,2001,train,327
author_cleaned,2001,train,245
author_cleaned,2001,train,187
author_cleaned,2001,train,176
author_cleaned,2001,train,344
author_cleaned,2001,train,260
author_cleaned,2001,train,150
author_cleaned,2001,train,411
author_cleaned,2001,train,263
author_cleaned,2001,train,320
author_cleaned,2001,train,291
author_cleaned,2001,train,384
author_cleaned,2001,train,230
author_cleaned,2001,train,285
author_cleaned,2001,train,407
author_cleaned,2001,train,57
author_cleaned,2001,train,232
author_cleaned,2001,train,399
author_cleaned,2001,train,364
author_cleaned,2001,train,219
author_cleaned,2001,train,345
author_cleaned,2001,train,213
author_cleaned,2001,train,225
author_cleaned,2001,train,331
author_cleaned,2001,train,239
author_cleaned,2001,train,139
author_cleaned,2001,train,397
author_cleaned,2001,train,325
author_cleaned,2001,train,44
author_cleaned,2001,train,409
author_cleaned,2001,train,218
author_cleaned,2001,train,134
author_cleaned,2001,train,89
author_cleaned,2001,train,416
author_cleaned,2001,train,20
author_cleaned,2001,train,310
author_cleaned,2001,train,355
author_cleaned,2001,train,388
author_cleaned,2001,train,180
author_cleaned,2001,train,82
author_cleaned,2001,train,47
author_cleaned,2001,train,26
author_cleaned,2001,train,350
author_cleaned,2001,train,209
author_cleaned,2001,train,224
author_cleaned,2001,train,356
author_cleaned,2001,train,184
author_cleaned,2001,train,199
author_cleaned,2001,train,251
author_cleaned,2001,train,0
author_cleaned,2001,train,283
author_cleaned,2001,train,100
author_cleaned,2001,train,197
author_cleaned,2001,train,195
author_cleaned,2001,train,169
author_cleaned,2001,train,381
author_cleaned,2001,train,214
author_cleaned,2001,train,258
author_cleaned,2001,train,70
author_cleaned,2001,train,92
author_cleaned,2001,train,373
author_cleaned,2001,train,223
author_cleaned,2001,train,211
author_cleaned,2001,train,85
author_cleaned,2001,train,288
author_cleaned,2001,train,210
author_cleaned,2001,train,58
author_cleaned,2001,train,103
author_cleaned,2001,train,389
author_cleaned,2001,train,128
author_cleaned,2001,train,159
author_cleaned,2001,train,78
author_cleaned,2001,train,93
author_cleaned,2001,train,113
author_cleaned,2001,train,302
author_cleaned,2001,train,380
author_cleaned,2001,train,8
author_cleaned,2001,train,244
author_cleaned,2001,train,138
author_cleaned,2001,train,233
author_cleaned,2001,train,227
author_cleaned,2001,train,216
author_cleaned,2001,train,29
author_cleaned,2001,train,415
author_cleaned,2001,train,181
author_cleaned,2001,train,378
author_cleaned,2001,train,104
author_cleaned,2001,train,385
author_cleaned,2001,train,131
author_cleaned,2001,train,270
author_cleaned,2001,train,295
author_cleaned,2001,train,145
author_cleaned,2001,train,3
author_cleaned,2001,train,137
author_cleaned,2001,train,161
author_cleaned,2001,train,28
author_cleaned,2001,train,398
author_cleaned,2001,train,114
author_cleaned,2001,train,360
author_cleaned,2001,train,175
author_cleaned,2001,train,304
author_cleaned,2001,train,179
author_cleaned,2001,train,293
author_cleaned,2001,train,164
author_cleaned,2001,train,400
author_cleaned,2001,train,299
author_cleaned,2001,train,269
author_cleaned,2001,train,174
author_cleaned,2001,train,147
author_cleaned,2001,train,203
author_cleaned,2001,train,101
author_cleaned,2001,train,165
author_cleaned,2001,train,349
author_cleaned,2001,train,401
author_cleaned,2001,train,332
author_cleaned,2001,train,188
author_cleaned,2001,train,313
author_cleaned,2001,train,61
author_cleaned,2001,train,318
author_cleaned,2001,train,156
author_cleaned,2001,train,368
author_cleaned,2001,train,228
author_cleaned,2001,train,286
author_cleaned,2001,train,414
author_cleaned,2001,train,191
author_cleaned,2001,train,83
author_cleaned,2001,train,255
author_cleaned,2001,train,167
author_cleaned,2001,train,226
author_cleaned,2001,train,185
author_cleaned,2001,train,116
author_cleaned,2001,train,140
author_cleaned,2001,train,314
author_cleaned,2001,train,192
author_cleaned,2001,train,49
author_cleaned,2001,train,326
author_cleaned,2001,train,157
author_cleaned,2001,train,33
author_cleaned,2001,train,375
author_cleaned,2001,train,81
author_cleaned,2001,train,402
author_cleaned,2001,train,52
author_cleaned,2001,train,166
author_cleaned,2001,train,322
author_cleaned,2001,train,266
author_cleaned,2001,train,136
author_cleaned,2001,train,241
author_cleaned,2001,train,19
author_cleaned,2001,train,6
author_cleaned,2001,train,321
author_cleaned,2001,test,144
author_cleaned,2001,test,267
author_cleaned,2001,test,261
author_cleaned,2001,test,50
author_cleaned,2001,test,284
author_cleaned,2001,test,413
author_cleaned,2001,test,146
author_cleaned,2001,test,237
author_cleaned,2001,test,43
author_cleaned,2001,test,231
author_cleaned,2001,test,193
author_cleaned,2001,test,110
author_cleaned,2001,test,151
author_cleaned,2001,test,404
author_cleaned,2001,test,42
author_cleaned,2001,test,374
author_cleaned,2001,test,65
author_cleaned,2001,test,22
author_cleaned,2001,test,172
author_cleaned,2001,test,12
author_cleaned,2001,test,357
author_cleaned,2001,test,207
author_cleaned,2001,test,73
author_cleaned,2001,test,362
author_cleaned,2001,test,75
author_cleaned,2001,test,51
author_cleaned,2001,test,305
author_cleaned,2001,test,41
author_cleaned,2001,test,306
author_cleaned,2001,test,316
author_cleaned,2001,test,346
author_cleaned,2001,test,250
author_cleaned,2001,test,189
author_cleaned,2001,test,312
author_cleaned,2001,test,34
author_cleaned,2001,test,36
author_cleaned,2001,test,242
author_cleaned,2001,test,391
author_cleaned,2001,test,308
author_cleaned,2001,test,387
author_cleaned,2001,test,246
author_cleaned,2001,test,27
author_cleaned,2001,test,335
author_cleaned,2001,test,205
author_cleaned,2001,test,130
author_cleaned,2001,test,115
author_cleaned,2001,test,330
author_cleaned,2001,test,127
author_cleaned,2001,test,351
author_cleaned,2001,test,86
author_cleaned,2001,test,403
author_cleaned,2001,test,149
author_cleaned,2001,test,300
author_cleaned,2001,test,348
author_cleaned,2001,test,278
author_cleaned,2001,test,275
author_cleaned,2001,test,123
author_cleaned,2001,test,11
author_cleaned,2001,test,106
author_cleaned,2001,test,196
author_cleaned,2001,test,132
author_cleaned,2001,test,109
author_cleaned,2001,test,392
author_cleaned,2001,test,370
author_cleaned,2001,test,59
author_cleaned,2001,test,268
author_cleaned,2001,test,256
author_cleaned,2001,test,271
author_cleaned,0,train,15
author_cleaned,0,train,384
author_cleaned,0,train,20
author_cleaned,0,train,394
author_cleaned,0,train,233
author_cleaned,0,train,287
author_cleaned,0,train,273
author_cleaned,0,train,285
author_cleaned,0,train,158
author_cleaned,0,train,331
author_cleaned,0,train,314
author_cleaned,0,train,190
author_cleaned,0,train,283
author_cleaned,0,train,216
author_cleaned,0,train,110
author_cleaned,0,train,1
author_cleaned,0,train,137
author_cleaned,0,train,11
author_cleaned,0,train,291
author_cleaned,0,train,309
author_cleaned,0,train,161
author_cleaned,0,train,327
author_cleaned,0,train,135
author_cleaned,0,train,326
author_cleaned,0,train,303
author_cleaned,0,train,271
author_cleaned,0,train,8
author_cleaned,0,train,43
author_cleaned,0,train,395
author_cleaned,0,train,292
author_cleaned,0,train,44
author_cleaned,0,train,187
author_cleaned,0,train,132
author_cleaned,0,train,115
author_cleaned,0,train,385
author_cleaned,0,train,156
author_cleaned,0,train,200
author_cleaned,0,train,58
author_cleaned,0,train,189
author_cleaned,0,train,270
author_cleaned,0,train,352
author_cleaned,0,train,280
author_cleaned,0,train,354
author_cleaned,0,train,144
author_cleaned,0,train,281
author_cleaned,0,train,125
author_cleaned,0,train,164
author_cleaned,0,train,302
author_cleaned,0,train,297
author_cleaned,0,train,196
author_cleaned,0,train,102
author_cleaned,0,train,410
author_cleaned,0,train,399
author_cleaned,0,train,179
author_cleaned,0,train,224
author_cleaned,0,train,37
author_cleaned,0,train,373
author_cleaned,0,train,23
author_cleaned,0,train,59
author_cleaned,0,train,264
author_cleaned,0,train,346
author_cleaned,0,train,34
author_cleaned,0,train,245
author_cleaned,0,train,191
author_cleaned,0,train,185
author_cleaned,0,train,206
author_cleaned,0,train,381
author_cleaned,0,train,262
author_cleaned,0,train,268
author_cleaned,0,train,45
author_cleaned,0,train,244
author_cleaned,0,train,318
author_cleaned,0,train,415
author_cleaned,0,train,246
author_cleaned,0,train,57
author_cleaned,0,train,210
author_cleaned,0,train,167
author_cleaned,0,train,313
author_cleaned,0,train,147
author_cleaned,0,train,266
author_cleaned,0,train,253
author_cleaned,0,train,21
author_cleaned,0,train,276
author_cleaned,0,train,108
author_cleaned,0,train,217
author_cleaned,0,train,100
author_cleaned,0,train,299
author_cleaned,0,train,355
author_cleaned,0,train,403
author_cleaned,0,train,413
author_cleaned,0,train,282
author_cleaned,0,train,113
author_cleaned,0,train,416
author_cleaned,0,train,154
author_cleaned,0,train,221
author_cleaned,0,train,392
author_cleaned,0,train,146
author_cleaned,0,train,406
author_cleaned,0,train,205
author_cleaned,0,train,199
author_cleaned,0,train,19
author_cleaned,0,train,104
author_cleaned,0,train,145
author_cleaned,0,train,293
author_cleaned,0,train,409
author_cleaned,0,train,181
author_cleaned,0,train,6
author_cleaned,0,train,131
author_cleaned,0,train,278
author_cleaned,0,train,82
author_cleaned,0,train,92
author_cleaned,0,train,202
author_cleaned,0,train,367
author_cleaned,0,train,323
author_cleaned,0,train,258
author_cleaned,0,train,391
author_cleaned,0,train,50
author_cleaned,0,train,360
author_cleaned,0,train,16
author_cleaned,0,train,142
author_cleaned,0,train,321
author_cleaned,0,train,5
author_cleaned,0,train,330
author_cleaned,0,train,162
author_cleaned,0,train,28
author_cleaned,0,train,39
author_cleaned,0,train,106
author_cleaned,0,train,243
author_cleaned,0,train,239
author_cleaned,0,train,389
author_cleaned,0,train,310
author_cleaned,0,train,288
author_cleaned,0,train,22
author_cleaned,0,train,380
author_cleaned,0,train,405
author_cleaned,0,train,235
author_cleaned,0,train,375
author_cleaned,0,train,109
author_cleaned,0,train,67
author_cleaned,0,train,3
author_cleaned,0,train,14
author_cleaned,0,train,139
author_cleaned,0,train,300
author_cleaned,0,train,116
author_cleaned,0,train,13
author_cleaned,0,train,316
author_cleaned,0,train,400
author_cleaned,0,train,77
author_cleaned,0,train,51
author_cleaned,0,train,17
author_cleaned,0,train,203
author_cleaned,0,train,66
author_cleaned,0,train,267
author_cleaned,0,train,379
author_cleaned,0,train,397
author_cleaned,0,train,350
author_cleaned,0,train,411
author_cleaned,0,train,159
author_cleaned,0,train,284
author_cleaned,0,train,325
author_cleaned,0,train,83
author_cleaned,0,train,311
author_cleaned,0,train,345
author_cleaned,0,train,169
author_cleaned,0,train,242
author_cleaned,0,train,27
author_cleaned,0,train,304
author_cleaned,0,train,241
author_cleaned,0,train,54
author_cleaned,0,train,150
author_cleaned,0,train,180
author_cleaned,0,train,320
author_cleaned,0,train,336
author_cleaned,0,train,259
author_cleaned,0,train,195
author_cleaned,0,train,295
author_cleaned,0,train,148
author_cleaned,0,train,263
author_cleaned,0,train,356
author_cleaned,0,train,133
author_cleaned,0,train,335
author_cleaned,0,train,128
author_cleaned,0,train,341
author_cleaned,0,train,211
author_cleaned,0,train,46
author_cleaned,0,train,230
author_cleaned,0,train,149
author_cleaned,0,train,0
author_cleaned,0,train,129
author_cleaned,0,train,387
author_cleaned,0,train,130
author_cleaned,0,train,368
author_cleaned,0,train,219
author_cleaned,0,train,96
author_cleaned,0,train,61
author_cleaned,0,train,265
author_cleaned,0,train,289
author_cleaned,0,train,193
author_cleaned,0,train,188
author_cleaned,0,train,232
author_cleaned,0,train,172
author_cleaned,0,train,376
author_cleaned,0,train,417
author_cleaned,0,train,329
author_cleaned,0,train,261
author_cleaned,0,train,114
author_cleaned,0,train,157
author_cleaned,0,train,362
author_cleaned,0,train,386
author_cleaned,0,train,126
author_cleaned,0,train,112
author_cleaned,0,train,334
author_cleaned,0,train,155
author_cleaned,0,train,76
author_cleaned,0,train,322
author_cleaned,0,train,374
author_cleaned,0,train,52
author_cleaned,0,train,140
author_cleaned,0,train,344
author_cleaned,0,train,371
author_cleaned,0,train,48
author_cleaned,0,train,71
author_cleaned,0,train,364
author_cleaned,0,train,166
author_cleaned,0,train,363
author_cleaned,0,train,36
author_cleaned,0,train,237
author_cleaned,0,train,213
author_cleaned,0,train,197
author_cleaned,0,train,308
author_cleaned,0,train,260
author_cleaned,0,train,41
author_cleaned,0,train,42
author_cleaned,0,train,165
author_cleaned,0,train,240
author_cleaned,0,train,414
author_cleaned,0,train,361
author_cleaned,0,train,382
author_cleaned,0,train,192
author_cleaned,0,train,357
author_cleaned,0,train,388
author_cleaned,0,train,228
author_cleaned,0,train,134
author_cleaned,0,train,255
author_cleaned,0,train,307
author_cleaned,0,train,151
author_cleaned,0,train,332
author_cleaned,0,train,101
author_cleaned,0,train,29
author_cleaned,0,train,215
author_cleaned,0,train,402
author_cleaned,0,train,225
author_cleaned,0,train,404
author_cleaned,0,train,49
author_cleaned,0,train,250
author_cleaned,0,train,390
author_cleaned,0,train,120
author_cleaned,0,train,99
author_cleaned,0,train,117
author_cleaned,0,train,365
author_cleaned,0,train,306
author_cleaned,0,train,349
author_cleaned,0,train,269
author_cleaned,0,train,12
author_cleaned,0,train,252
author_cleaned,0,train,315
author_cleaned,0,train,401
author_cleaned,0,train,249
author_cleaned,0,train,153
author_cleaned,0,train,60
author_cleaned,0,train,223
author_cleaned,0,test,105
author_cleaned,0,test,337
author_cleaned,0,test,286
author_cleaned,0,test,207
author_cleaned,0,test,305
author_cleaned,0,test,407
author_cleaned,0,test,18
author_cleaned,0,test,319
author_cleaned,0,test,86
author_cleaned,0,test,353
author_cleaned,0,test,123
author_cleaned,0,test,226
author_cleaned,0,test,93
author_cleaned,0,test,78
author_cleaned,0,test,220
author_cleaned,0,test,296
author_cleaned,0,test,33
author_cleaned,0,test,257
author_cleaned,0,test,85
author_cleaned,0,test,47
author_cleaned,0,test,173
author_cleaned,0,test,256
author_cleaned,0,test,231
author_cleaned,0,test,74
author_cleaned,0,test,275
author_cleaned,0,test,351
author_cleaned,0,test,73
author_cleaned,0,test,398
author_cleaned,0,test,152
author_cleaned,0,test,227
author_cleaned,0,test,378
author_cleaned,0,test,298
author_cleaned,0,test,383
author_cleaned,0,test,136
author_cleaned,0,test,214
author_cleaned,0,test,184
author_cleaned,0,test,359
author_cleaned,0,test,370
author_cleaned,0,test,218
author_cleaned,0,test,418
author_cleaned,0,test,127
author_cleaned,0,test,70
author_cleaned,0,test,81
author_cleaned,0,test,75
author_cleaned,0,test,107
author_cleaned,0,test,141
author_cleaned,0,test,176
author_cleaned,0,test,251
author_cleaned,0,test,312
author_cleaned,0,test,24
author_cleaned,0,test,301
author_cleaned,0,test,333
author_cleaned,0,test,209
author_cleaned,0,test,65
author_cleaned,0,test,343
author_cleaned,0,test,177
author_cleaned,0,test,366
author_cleaned,0,test,174
author_cleaned,0,test,10
author_cleaned,0,test,9
author_cleaned,0,test,204
author_cleaned,0,test,103
author_cleaned,0,test,26
author_cleaned,0,test,175
author_cleaned,0,test,89
author_cleaned,0,test,138
author_cleaned,0,test,90
author_cleaned,0,test,348
author_cleaned,1,train,387
author_cleaned,1,train,115
author_cleaned,1,train,102
author_cleaned,1,train,359
author_cleaned,1,train,379
author_cleaned,1,train,215
author_cleaned,1,train,405
author_cleaned,1,train,217
author_cleaned,1,train,17
author_cleaned,1,train,308
author_cleaned,1,train,140
author_cleaned,1,train,257
author_cleaned,1,train,67
author_cleaned,1,train,12
author_cleaned,1,train,165
author_cleaned,1,train,19
author_cleaned,1,train,0
author_cleaned,1,train,355
author_cleaned,1,train,343
author_cleaned,1,train,83
author_cleaned,1,train,240
author_cleaned,1,train,219
author_cleaned,1,train,249
author_cleaned,1,train,99
author_cleaned,1,train,264
author_cleaned,1,train,147
author_cleaned,1,train,51
author_cleaned,1,train,313
author_cleaned,1,train,263
author_cleaned,1,train,341
author_cleaned,1,train,306
author_cleaned,1,train,417
author_cleaned,1,train,49
author_cleaned,1,train,141
author_cleaned,1,train,107
author_cleaned,1,train,295
author_cleaned,1,train,344
author_cleaned,1,train,399
author_cleaned,1,train,20
author_cleaned,1,train,321
author_cleaned,1,train,285
author_cleaned,1,train,120
author_cleaned,1,train,406
author_cleaned,1,train,196
author_cleaned,1,train,52
author_cleaned,1,train,232
author_cleaned,1,train,221
author_cleaned,1,train,180
author_cleaned,1,train,211
author_cleaned,1,train,246
author_cleaned,1,train,8
author_cleaned,1,train,286
author_cleaned,1,train,225
author_cleaned,1,train,48
author_cleaned,1,train,296
author_cleaned,1,train,231
author_cleaned,1,train,213
author_cleaned,1,train,181
author_cleaned,1,train,92
author_cleaned,1,train,242
author_cleaned,1,train,191
author_cleaned,1,train,135
author_cleaned,1,train,44
author_cleaned,1,train,146
author_cleaned,1,train,283
author_cleaned,1,train,395
author_cleaned,1,train,22
author_cleaned,1,train,270
author_cleaned,1,train,57
author_cleaned,1,train,266
author_cleaned,1,train,226
author_cleaned,1,train,241
author_cleaned,1,train,144
author_cleaned,1,train,368
author_cleaned,1,train,108
author_cleaned,1,train,400
author_cleaned,1,train,326
author_cleaned,1,train,11
author_cleaned,1,train,202
author_cleaned,1,train,134
author_cleaned,1,train,373
author_cleaned,1,train,378
author_cleaned,1,train,345
author_cleaned,1,train,36
author_cleaned,1,train,41
author_cleaned,1,train,74
author_cleaned,1,train,42
author_cleaned,1,train,271
author_cleaned,1,train,61
author_cleaned,1,train,364
author_cleaned,1,train,365
author_cleaned,1,train,43
author_cleaned,1,train,45
author_cleaned,1,train,336
author_cleaned,1,train,85
author_cleaned,1,train,205
author_cleaned,1,train,166
author_cleaned,1,train,59
author_cleaned,1,train,90
author_cleaned,1,train,244
author_cleaned,1,train,223
author_cleaned,1,train,401
author_cleaned,1,train,411
author_cleaned,1,train,404
author_cleaned,1,train,402
author_cleaned,1,train,218
author_cleaned,1,train,60
author_cleaned,1,train,149
author_cleaned,1,train,327
author_cleaned,1,train,50
author_cleaned,1,train,24
author_cleaned,1,train,136
author_cleaned,1,train,214
author_cleaned,1,train,96
author_cleaned,1,train,71
author_cleaned,1,train,179
author_cleaned,1,train,28
author_cleaned,1,train,350
author_cleaned,1,train,239
author_cleaned,1,train,175
author_cleaned,1,train,323
author_cleaned,1,train,152
author_cleaned,1,train,262
author_cleaned,1,train,187
author_cleaned,1,train,366
author_cleaned,1,train,278
author_cleaned,1,train,330
author_cleaned,1,train,75
author_cleaned,1,train,82
author_cleaned,1,train,337
author_cleaned,1,train,287
author_cleaned,1,train,284
author_cleaned,1,train,114
author_cleaned,1,train,233
author_cleaned,1,train,289
author_cleaned,1,train,150
author_cleaned,1,train,385
author_cleaned,1,train,361
author_cleaned,1,train,280
author_cleaned,1,train,154
author_cleaned,1,train,322
author_cleaned,1,train,220
author_cleaned,1,train,190
author_cleaned,1,train,413
author_cleaned,1,train,370
author_cleaned,1,train,73
author_cleaned,1,train,227
author_cleaned,1,train,381
author_cleaned,1,train,251
author_cleaned,1,train,256
author_cleaned,1,train,273
author_cleaned,1,train,292
author_cleaned,1,train,311
author_cleaned,1,train,235
author_cleaned,1,train,309
author_cleaned,1,train,133
author_cleaned,1,train,403
author_cleaned,1,train,407
author_cleaned,1,train,169
author_cleaned,1,train,132
author_cleaned,1,train,384
author_cleaned,1,train,112
author_cleaned,1,train,349
author_cleaned,1,train,81
author_cleaned,1,train,129
author_cleaned,1,train,250
author_cleaned,1,train,184
author_cleaned,1,train,209
author_cleaned,1,train,193
author_cleaned,1,train,282
author_cleaned,1,train,260
author_cleaned,1,train,199
author_cleaned,1,train,383
author_cleaned,1,train,176
author_cleaned,1,train,110
author_cleaned,1,train,161
author_cleaned,1,train,27
author_cleaned,1,train,13
author_cleaned,1,train,16
author_cleaned,1,train,131
author_cleaned,1,train,268
author_cleaned,1,train,304
author_cleaned,1,train,76
author_cleaned,1,train,367
author_cleaned,1,train,58
author_cleaned,1,train,392
author_cleaned,1,train,138
author_cleaned,1,train,46
author_cleaned,1,train,382
author_cleaned,1,train,23
author_cleaned,1,train,376
author_cleaned,1,train,104
author_cleaned,1,train,258
author_cleaned,1,train,106
author_cleaned,1,train,414
author_cleaned,1,train,195
author_cleaned,1,train,375
author_cleaned,1,train,3
author_cleaned,1,train,70
author_cleaned,1,train,329
author_cleaned,1,train,318
author_cleaned,1,train,325
author_cleaned,1,train,237
author_cleaned,1,train,197
author_cleaned,1,train,386
author_cleaned,1,train,245
author_cleaned,1,train,103
author_cleaned,1,train,307
author_cleaned,1,train,117
author_cleaned,1,train,303
author_cleaned,1,train,188
author_cleaned,1,train,333
author_cleaned,1,train,177
author_cleaned,1,train,216
author_cleaned,1,train,113
author_cleaned,1,train,203
author_cleaned,1,train,351
author_cleaned,1,train,164
author_cleaned,1,train,252
author_cleaned,1,train,332
author_cleaned,1,train,391
author_cleaned,1,train,139
author_cleaned,1,train,200
author_cleaned,1,train,354
author_cleaned,1,train,288
author_cleaned,1,train,29
author_cleaned,1,train,253
author_cleaned,1,train,86
author_cleaned,1,train,18
author_cleaned,1,train,371
author_cleaned,1,train,145
author_cleaned,1,train,33
author_cleaned,1,train,105
author_cleaned,1,train,54
author_cleaned,1,train,352
author_cleaned,1,train,5
author_cleaned,1,train,65
author_cleaned,1,train,409
author_cleaned,1,train,39
author_cleaned,1,train,157
author_cleaned,1,train,151
author_cleaned,1,train,394
author_cleaned,1,train,276
author_cleaned,1,train,331
author_cleaned,1,train,267
author_cleaned,1,train,1
author_cleaned,1,train,389
author_cleaned,1,train,26
author_cleaned,1,train,10
author_cleaned,1,train,185
author_cleaned,1,train,116
author_cleaned,1,train,305
author_cleaned,1,train,275
author_cleaned,1,train,93
author_cleaned,1,train,66
author_cleaned,1,train,204
author_cleaned,1,train,316
author_cleaned,1,train,319
author_cleaned,1,train,348
author_cleaned,1,train,230
author_cleaned,1,train,353
author_cleaned,1,train,301
author_cleaned,1,train,100
author_cleaned,1,train,167
author_cleaned,1,train,189
author_cleaned,1,train,174
author_cleaned,1,train,261
author_cleaned,1,train,320
author_cleaned,1,train,101
author_cleaned,1,train,299
author_cleaned,1,train,47
author_cleaned,1,test,137
author_cleaned,1,test,162
author_cleaned,1,test,14
author_cleaned,1,test,312
author_cleaned,1,test,302
author_cleaned,1,test,415
author_cleaned,1,test,148
author_cleaned,1,test,192
author_cleaned,1,test,123
author_cleaned,1,test,224
author_cleaned,1,test,153
author_cleaned,1,test,293
author_cleaned,1,test,159
author_cleaned,1,test,210
author_cleaned,1,test,6
author_cleaned,1,test,310
author_cleaned,1,test,362
author_cleaned,1,test,346
author_cleaned,1,test,357
author_cleaned,1,test,281
author_cleaned,1,test,380
author_cleaned,1,test,155
author_cleaned,1,test,315
author_cleaned,1,test,9
author_cleaned,1,test,416
author_cleaned,1,test,158
author_cleaned,1,test,360
author_cleaned,1,test,314
author_cleaned,1,test,388
author_cleaned,1,test,334
author_cleaned,1,test,255
author_cleaned,1,test,228
author_cleaned,1,test,291
author_cleaned,1,test,142
author_cleaned,1,test,21
author_cleaned,1,test,390
author_cleaned,1,test,78
author_cleaned,1,test,172
author_cleaned,1,test,298
author_cleaned,1,test,156
author_cleaned,1,test,356
author_cleaned,1,test,207
author_cleaned,1,test,206
author_cleaned,1,test,265
author_cleaned,1,test,398
author_cleaned,1,test,130
author_cleaned,1,test,109
author_cleaned,1,test,243
author_cleaned,1,test,410
author_cleaned,1,test,127
author_cleaned,1,test,335
author_cleaned,1,test,89
author_cleaned,1,test,374
author_cleaned,1,test,363
author_cleaned,1,test,15
author_cleaned,1,test,259
author_cleaned,1,test,34
author_cleaned,1,test,297
author_cleaned,1,test,418
author_cleaned,1,test,269
author_cleaned,1,test,37
author_cleaned,1,test,126
author_cleaned,1,test,300
author_cleaned,1,test,128
author_cleaned,1,test,77
author_cleaned,1,test,173
author_cleaned,1,test,125
author_cleaned,1,test,397
author_cleaned,2,train,199
author_cleaned,2,train,336
author_cleaned,2,train,81
author_cleaned,2,train,262
author_cleaned,2,train,313
author_cleaned,2,train,165
author_cleaned,2,train,275
author_cleaned,2,train,51
author_cleaned,2,train,14
author_cleaned,2,train,367
author_cleaned,2,train,71
author_cleaned,2,train,224
author_cleaned,2,train,172
author_cleaned,2,train,123
author_cleaned,2,train,210
author_cleaned,2,train,256
author_cleaned,2,train,3
author_cleaned,2,train,376
author_cleaned,2,train,134
author_cleaned,2,train,323
author_cleaned,2,train,103
author_cleaned,2,train,296
author_cleaned,2,train,166
author_cleaned,2,train,345
author_cleaned,2,train,285
author_cleaned,2,train,27
author_cleaned,2,train,245
author_cleaned,2,train,231
author_cleaned,2,train,410
author_cleaned,2,train,379
author_cleaned,2,train,148
author_cleaned,2,train,192
author_cleaned,2,train,49
author_cleaned,2,train,164
author_cleaned,2,train,356
author_cleaned,2,train,288
author_cleaned,2,train,73
author_cleaned,2,train,6
author_cleaned,2,train,394
author_cleaned,2,train,139
author_cleaned,2,train,257
author_cleaned,2,train,261
author_cleaned,2,train,329
author_cleaned,2,train,251
author_cleaned,2,train,115
author_cleaned,2,train,355
author_cleaned,2,train,273
author_cleaned,2,train,244
author_cleaned,2,train,331
author_cleaned,2,train,232
author_cleaned,2,train,28
author_cleaned,2,train,391
author_cleaned,2,train,9
author_cleaned,2,train,404
author_cleaned,2,train,258
author_cleaned,2,train,23
author_cleaned,2,train,36
author_cleaned,2,train,145
author_cleaned,2,train,243
author_cleaned,2,train,216
author_cleaned,2,train,299
author_cleaned,2,train,403
author_cleaned,2,train,100
author_cleaned,2,train,351
author_cleaned,2,train,390
author_cleaned,2,train,117
author_cleaned,2,train,86
author_cleaned,2,train,17
author_cleaned,2,train,200
author_cleaned,2,train,205
author_cleaned,2,train,21
author_cleaned,2,train,220
author_cleaned,2,train,343
author_cleaned,2,train,202
author_cleaned,2,train,138
author_cleaned,2,train,223
author_cleaned,2,train,399
author_cleaned,2,train,156
author_cleaned,2,train,380
author_cleaned,2,train,189
author_cleaned,2,train,204
author_cleaned,2,train,57
author_cleaned,2,train,149
author_cleaned,2,train,175
author_cleaned,2,train,184
author_cleaned,2,train,128
author_cleaned,2,train,136
author_cleaned,2,train,174
author_cleaned,2,train,8
author_cleaned,2,train,237
author_cleaned,2,train,169
author_cleaned,2,train,108
author_cleaned,2,train,203
author_cleaned,2,train,151
author_cleaned,2,train,267
author_cleaned,2,train,293
author_cleaned,2,train,153
author_cleaned,2,train,401
author_cleaned,2,train,370
author_cleaned,2,train,235
author_cleaned,2,train,395
author_cleaned,2,train,337
author_cleaned,2,train,239
author_cleaned,2,train,125
author_cleaned,2,train,361
author_cleaned,2,train,398
author_cleaned,2,train,214
author_cleaned,2,train,278
author_cleaned,2,train,12
author_cleaned,2,train,47
author_cleaned,2,train,416
author_cleaned,2,train,58
author_cleaned,2,train,270
author_cleaned,2,train,283
author_cleaned,2,train,349
author_cleaned,2,train,415
author_cleaned,2,train,388
author_cleaned,2,train,61
author_cleaned,2,train,52
author_cleaned,2,train,353
author_cleaned,2,train,207
author_cleaned,2,train,76
author_cleaned,2,train,215
author_cleaned,2,train,190
author_cleaned,2,train,158
author_cleaned,2,train,268
author_cleaned,2,train,140
author_cleaned,2,train,381
author_cleaned,2,train,301
author_cleaned,2,train,306
author_cleaned,2,train,327
author_cleaned,2,train,255
author_cleaned,2,train,276
author_cleaned,2,train,1
author_cleaned,2,train,181
author_cleaned,2,train,147
author_cleaned,2,train,387
author_cleaned,2,train,350
author_cleaned,2,train,142
author_cleaned,2,train,11
author_cleaned,2,train,371
author_cleaned,2,train,392
author_cleaned,2,train,308
author_cleaned,2,train,384
author_cleaned,2,train,246
author_cleaned,2,train,300
author_cleaned,2,train,24
author_cleaned,2,train,389
author_cleaned,2,train,221
author_cleaned,2,train,332
author_cleaned,2,train,334
author_cleaned,2,train,155
author_cleaned,2,train,42
author_cleaned,2,train,409
author_cleaned,2,train,304
author_cleaned,2,train,284
author_cleaned,2,train,107
author_cleaned,2,train,364
author_cleaned,2,train,318
author_cleaned,2,train,59
author_cleaned,2,train,144
author_cleaned,2,train,50
author_cleaned,2,train,373
author_cleaned,2,train,335
author_cleaned,2,train,281
author_cleaned,2,train,414
author_cleaned,2,train,167
author_cleaned,2,train,112
author_cleaned,2,train,362
author_cleaned,2,train,176
author_cleaned,2,train,259
author_cleaned,2,train,385
author_cleaned,2,train,146
author_cleaned,2,train,407
author_cleaned,2,train,85
author_cleaned,2,train,46
author_cleaned,2,train,127
author_cleaned,2,train,241
author_cleaned,2,train,346
author_cleaned,2,train,83
author_cleaned,2,train,0
author_cleaned,2,train,34
author_cleaned,2,train,314
author_cleaned,2,train,135
author_cleaned,2,train,228
author_cleaned,2,train,242
author_cleaned,2,train,196
author_cleaned,2,train,307
author_cleaned,2,train,193
author_cleaned,2,train,303
author_cleaned,2,train,357
author_cleaned,2,train,206
author_cleaned,2,train,188
author_cleaned,2,train,78
author_cleaned,2,train,260
author_cleaned,2,train,266
author_cleaned,2,train,359
author_cleaned,2,train,195
author_cleaned,2,train,159
author_cleaned,2,train,19
author_cleaned,2,train,286
author_cleaned,2,train,375
author_cleaned,2,train,292
author_cleaned,2,train,132
author_cleaned,2,train,162
author_cleaned,2,train,82
author_cleaned,2,train,110
author_cleaned,2,train,418
author_cleaned,2,train,75
author_cleaned,2,train,22
author_cleaned,2,train,116
author_cleaned,2,train,310
author_cleaned,2,train,179
author_cleaned,2,train,44
author_cleaned,2,train,180
author_cleaned,2,train,319
author_cleaned,2,train,105
author_cleaned,2,train,33
author_cleaned,2,train,54
author_cleaned,2,train,131
author_cleaned,2,train,113
author_cleaned,2,train,316
author_cleaned,2,train,240
author_cleaned,2,train,102
author_cleaned,2,train,312
author_cleaned,2,train,311
author_cleaned,2,train,297
author_cleaned,2,train,341
author_cleaned,2,train,177
author_cleaned,2,train,368
author_cleaned,2,train,65
author_cleaned,2,train,265
author_cleaned,2,train,402
author_cleaned,2,train,173
author_cleaned,2,train,66
author_cleaned,2,train,302
author_cleaned,2,train,70
author_cleaned,2,train,109
author_cleaned,2,train,41
author_cleaned,2,train,157
author_cleaned,2,train,269
author_cleaned,2,train,378
author_cleaned,2,train,253
author_cleaned,2,train,120
author_cleaned,2,train,320
author_cleaned,2,train,77
author_cleaned,2,train,43
author_cleaned,2,train,48
author_cleaned,2,train,67
author_cleaned,2,train,326
author_cleaned,2,train,137
author_cleaned,2,train,252
author_cleaned,2,train,217
author_cleaned,2,train,366
author_cleaned,2,train,152
author_cleaned,2,train,161
author_cleaned,2,train,280
author_cleaned,2,train,360
author_cleaned,2,train,397
author_cleaned,2,train,60
author_cleaned,2,train,271
author_cleaned,2,train,413
author_cleaned,2,train,130
author_cleaned,2,train,211
author_cleaned,2,train,330
author_cleaned,2,train,104
author_cleaned,2,train,374
author_cleaned,2,train,26
author_cleaned,2,train,101
author_cleaned,2,train,18
author_cleaned,2,train,218
author_cleaned,2,test,264
author_cleaned,2,test,352
author_cleaned,2,test,295
author_cleaned,2,test,10
author_cleaned,2,test,141
author_cleaned,2,test,96
author_cleaned,2,test,93
author_cleaned,2,test,126
author_cleaned,2,test,154
author_cleaned,2,test,333
author_cleaned,2,test,233
author_cleaned,2,test,99
author_cleaned,2,test,89
author_cleaned,2,test,354
author_cleaned,2,test,92
author_cleaned,2,test,348
author_cleaned,2,test,298
author_cleaned,2,test,411
author_cleaned,2,test,90
author_cleaned,2,test,150
author_cleaned,2,test,129
author_cleaned,2,test,282
author_cleaned,2,test,321
author_cleaned,2,test,250
author_cleaned,2,test,325
author_cleaned,2,test,39
author_cleaned,2,test,305
author_cleaned,2,test,5
author_cleaned,2,test,383
author_cleaned,2,test,315
author_cleaned,2,test,230
author_cleaned,2,test,74
author_cleaned,2,test,209
author_cleaned,2,test,309
author_cleaned,2,test,114
author_cleaned,2,test,197
author_cleaned,2,test,15
author_cleaned,2,test,16
author_cleaned,2,test,213
author_cleaned,2,test,322
author_cleaned,2,test,400
author_cleaned,2,test,37
author_cleaned,2,test,263
author_cleaned,2,test,187
author_cleaned,2,test,291
author_cleaned,2,test,225
author_cleaned,2,test,226
author_cleaned,2,test,417
author_cleaned,2,test,386
author_cleaned,2,test,191
author_cleaned,2,test,289
author_cleaned,2,test,219
author_cleaned,2,test,45
author_cleaned,2,test,406
author_cleaned,2,test,249
author_cleaned,2,test,13
author_cleaned,2,test,363
author_cleaned,2,test,106
author_cleaned,2,test,365
author_cleaned,2,test,227
author_cleaned,2,test,29
author_cleaned,2,test,20
author_cleaned,2,test,382
author_cleaned,2,test,133
author_cleaned,2,test,185
author_cleaned,2,test,287
author_cleaned,2,test,344
author_cleaned,2,test,405
author_cleaned,3,train,48
author_cleaned,3,train,304
author_cleaned,3,train,367
author_cleaned,3,train,278
author_cleaned,3,train,8
author_cleaned,3,train,17
author_cleaned,3,train,60
author_cleaned,3,train,59
author_cleaned,3,train,375
author_cleaned,3,train,165
author_cleaned,3,train,39
author_cleaned,3,train,344
author_cleaned,3,train,309
author_cleaned,3,train,187
author_cleaned,3,train,169
author_cleaned,3,train,166
author_cleaned,3,train,29
author_cleaned,3,train,92
author_cleaned,3,train,232
author_cleaned,3,train,89
author_cleaned,3,train,374
author_cleaned,3,train,271
author_cleaned,3,train,150
author_cleaned,3,train,257
author_cleaned,3,train,177
author_cleaned,3,train,93
author_cleaned,3,train,133
author_cleaned,3,train,218
author_cleaned,3,train,259
author_cleaned,3,train,410
author_cleaned,3,train,333
author_cleaned,3,train,191
author_cleaned,3,train,77
author_cleaned,3,train,305
author_cleaned,3,train,52
author_cleaned,3,train,6
author_cleaned,3,train,50
author_cleaned,3,train,265
author_cleaned,3,train,148
author_cleaned,3,train,416
author_cleaned,3,train,251
author_cleaned,3,train,330
author_cleaned,3,train,138
author_cleaned,3,train,106
author_cleaned,3,train,401
author_cleaned,3,train,329
author_cleaned,3,train,99
author_cleaned,3,train,9
author_cleaned,3,train,376
author_cleaned,3,train,300
author_cleaned,3,train,291
author_cleaned,3,train,403
author_cleaned,3,train,145
author_cleaned,3,train,27
author_cleaned,3,train,399
author_cleaned,3,train,256
author_cleaned,3,train,327
author_cleaned,3,train,413
author_cleaned,3,train,47
author_cleaned,3,train,5
author_cleaned,3,train,307
author_cleaned,3,train,158
author_cleaned,3,train,107
author_cleaned,3,train,86
author_cleaned,3,train,319
author_cleaned,3,train,407
author_cleaned,3,train,54
author_cleaned,3,train,263
author_cleaned,3,train,398
author_cleaned,3,train,315
author_cleaned,3,train,415
author_cleaned,3,train,322
author_cleaned,3,train,311
author_cleaned,3,train,58
author_cleaned,3,train,310
author_cleaned,3,train,188
author_cleaned,3,train,244
author_cleaned,3,train,343
author_cleaned,3,train,203
author_cleaned,3,train,24
author_cleaned,3,train,144
author_cleaned,3,train,76
author_cleaned,3,train,314
author_cleaned,3,train,391
author_cleaned,3,train,37
author_cleaned,3,train,195
author_cleaned,3,train,395
author_cleaned,3,train,129
author_cleaned,3,train,381
author_cleaned,3,train,242
author_cleaned,3,train,173
author_cleaned,3,train,123
author_cleaned,3,train,361
author_cleaned,3,train,44
author_cleaned,3,train,101
author_cleaned,3,train,385
author_cleaned,3,train,325
author_cleaned,3,train,181
author_cleaned,3,train,409
author_cleaned,3,train,397
author_cleaned,3,train,147
author_cleaned,3,train,354
author_cleaned,3,train,15
author_cleaned,3,train,117
author_cleaned,3,train,214
author_cleaned,3,train,250
author_cleaned,3,train,131
author_cleaned,3,train,253
author_cleaned,3,train,51
author_cleaned,3,train,85
author_cleaned,3,train,380
author_cleaned,3,train,16
author_cleaned,3,train,269
author_cleaned,3,train,231
author_cleaned,3,train,20
author_cleaned,3,train,14
author_cleaned,3,train,268
author_cleaned,3,train,125
author_cleaned,3,train,67
author_cleaned,3,train,115
author_cleaned,3,train,161
author_cleaned,3,train,210
author_cleaned,3,train,120
author_cleaned,3,train,255
author_cleaned,3,train,280
author_cleaned,3,train,283
author_cleaned,3,train,49
author_cleaned,3,train,116
author_cleaned,3,train,233
author_cleaned,3,train,273
author_cleaned,3,train,152
author_cleaned,3,train,190
author_cleaned,3,train,206
author_cleaned,3,train,351
author_cleaned,3,train,312
author_cleaned,3,train,417
author_cleaned,3,train,292
author_cleaned,3,train,360
author_cleaned,3,train,258
author_cleaned,3,train,220
author_cleaned,3,train,162
author_cleaned,3,train,353
author_cleaned,3,train,302
author_cleaned,3,train,100
author_cleaned,3,train,331
author_cleaned,3,train,359
author_cleaned,3,train,303
author_cleaned,3,train,341
author_cleaned,3,train,110
author_cleaned,3,train,394
author_cleaned,3,train,130
author_cleaned,3,train,335
author_cleaned,3,train,174
author_cleaned,3,train,301
author_cleaned,3,train,326
author_cleaned,3,train,404
author_cleaned,3,train,179
author_cleaned,3,train,135
author_cleaned,3,train,22
author_cleaned,3,train,332
author_cleaned,3,train,384
author_cleaned,3,train,402
author_cleaned,3,train,352
author_cleaned,3,train,386
author_cleaned,3,train,11
author_cleaned,3,train,142
author_cleaned,3,train,71
author_cleaned,3,train,34
author_cleaned,3,train,189
author_cleaned,3,train,81
author_cleaned,3,train,127
author_cleaned,3,train,42
author_cleaned,3,train,390
author_cleaned,3,train,287
author_cleaned,3,train,240
author_cleaned,3,train,176
author_cleaned,3,train,387
author_cleaned,3,train,282
author_cleaned,3,train,26
author_cleaned,3,train,267
author_cleaned,3,train,83
author_cleaned,3,train,406
author_cleaned,3,train,289
author_cleaned,3,train,275
author_cleaned,3,train,355
author_cleaned,3,train,246
author_cleaned,3,train,21
author_cleaned,3,train,368
author_cleaned,3,train,70
author_cleaned,3,train,356
author_cleaned,3,train,224
author_cleaned,3,train,45
author_cleaned,3,train,230
author_cleaned,3,train,217
author_cleaned,3,train,288
author_cleaned,3,train,156
author_cleaned,3,train,57
author_cleaned,3,train,105
author_cleaned,3,train,266
author_cleaned,3,train,270
author_cleaned,3,train,334
author_cleaned,3,train,276
author_cleaned,3,train,371
author_cleaned,3,train,12
author_cleaned,3,train,350
author_cleaned,3,train,363
author_cleaned,3,train,139
author_cleaned,3,train,370
author_cleaned,3,train,126
author_cleaned,3,train,235
author_cleaned,3,train,388
author_cleaned,3,train,223
author_cleaned,3,train,296
author_cleaned,3,train,46
author_cleaned,3,train,204
author_cleaned,3,train,3
author_cleaned,3,train,306
author_cleaned,3,train,61
author_cleaned,3,train,185
author_cleaned,3,train,285
author_cleaned,3,train,237
author_cleaned,3,train,379
author_cleaned,3,train,209
author_cleaned,3,train,281
author_cleaned,3,train,134
author_cleaned,3,train,299
author_cleaned,3,train,153
author_cleaned,3,train,1
author_cleaned,3,train,149
author_cleaned,3,train,389
author_cleaned,3,train,225
author_cleaned,3,train,318
author_cleaned,3,train,378
author_cleaned,3,train,239
author_cleaned,3,train,215
author_cleaned,3,train,345
author_cleaned,3,train,249
author_cleaned,3,train,0
author_cleaned,3,train,73
author_cleaned,3,train,36
author_cleaned,3,train,264
author_cleaned,3,train,65
author_cleaned,3,train,23
author_cleaned,3,train,366
author_cleaned,3,train,227
author_cleaned,3,train,43
author_cleaned,3,train,221
author_cleaned,3,train,10
author_cleaned,3,train,418
author_cleaned,3,train,141
author_cleaned,3,train,132
author_cleaned,3,train,146
author_cleaned,3,train,96
author_cleaned,3,train,167
author_cleaned,3,train,392
author_cleaned,3,train,323
author_cleaned,3,train,400
author_cleaned,3,train,196
author_cleaned,3,train,33
author_cleaned,3,train,128
author_cleaned,3,train,193
author_cleaned,3,train,155
author_cleaned,3,train,180
author_cleaned,3,train,219
author_cleaned,3,train,260
author_cleaned,3,train,192
author_cleaned,3,train,349
author_cleaned,3,train,321
author_cleaned,3,train,172
author_cleaned,3,train,313
author_cleaned,3,train,199
author_cleaned,3,test,405
author_cleaned,3,test,103
author_cleaned,3,test,200
author_cleaned,3,test,18
author_cleaned,3,test,337
author_cleaned,3,test,245
author_cleaned,3,test,226
author_cleaned,3,test,90
author_cleaned,3,test,336
author_cleaned,3,test,216
author_cleaned,3,test,28
author_cleaned,3,test,286
author_cleaned,3,test,136
author_cleaned,3,test,297
author_cleaned,3,test,82
author_cleaned,3,test,348
author_cleaned,3,test,102
author_cleaned,3,test,362
author_cleaned,3,test,202
author_cleaned,3,test,75
author_cleaned,3,test,383
author_cleaned,3,test,151
author_cleaned,3,test,364
author_cleaned,3,test,316
author_cleaned,3,test,74
author_cleaned,3,test,19
author_cleaned,3,test,261
author_cleaned,3,test,164
author_cleaned,3,test,298
author_cleaned,3,test,205
author_cleaned,3,test,137
author_cleaned,3,test,41
author_cleaned,3,test,108
author_cleaned,3,test,308
author_cleaned,3,test,211
author_cleaned,3,test,207
author_cleaned,3,test,357
author_cleaned,3,test,346
author_cleaned,3,test,293
author_cleaned,3,test,411
author_cleaned,3,test,175
author_cleaned,3,test,241
author_cleaned,3,test,284
author_cleaned,3,test,243
author_cleaned,3,test,252
author_cleaned,3,test,159
author_cleaned,3,test,104
author_cleaned,3,test,295
author_cleaned,3,test,320
author_cleaned,3,test,109
author_cleaned,3,test,382
author_cleaned,3,test,213
author_cleaned,3,test,373
author_cleaned,3,test,114
author_cleaned,3,test,13
author_cleaned,3,test,197
author_cleaned,3,test,184
author_cleaned,3,test,112
author_cleaned,3,test,414
author_cleaned,3,test,157
author_cleaned,3,test,140
author_cleaned,3,test,113
author_cleaned,3,test,365
author_cleaned,3,test,228
author_cleaned,3,test,262
author_cleaned,3,test,154
author_cleaned,3,test,78
author_cleaned,3,test,66
author_cleaned,4,train,243
author_cleaned,4,train,399
author_cleaned,4,train,134
author_cleaned,4,train,321
author_cleaned,4,train,59
author_cleaned,4,train,205
author_cleaned,4,train,329
author_cleaned,4,train,289
author_cleaned,4,train,135
author_cleaned,4,train,413
author_cleaned,4,train,167
author_cleaned,4,train,350
author_cleaned,4,train,223
author_cleaned,4,train,276
author_cleaned,4,train,410
author_cleaned,4,train,333
author_cleaned,4,train,141
author_cleaned,4,train,120
author_cleaned,4,train,260
author_cleaned,4,train,288
author_cleaned,4,train,397
author_cleaned,4,train,330
author_cleaned,4,train,335
author_cleaned,4,train,181
author_cleaned,4,train,166
author_cleaned,4,train,357
author_cleaned,4,train,416
author_cleaned,4,train,136
author_cleaned,4,train,138
author_cleaned,4,train,378
author_cleaned,4,train,313
author_cleaned,4,train,337
author_cleaned,4,train,148
author_cleaned,4,train,49
author_cleaned,4,train,23
author_cleaned,4,train,179
author_cleaned,4,train,258
author_cleaned,4,train,169
author_cleaned,4,train,19
author_cleaned,4,train,213
author_cleaned,4,train,264
author_cleaned,4,train,305
author_cleaned,4,train,52
author_cleaned,4,train,375
author_cleaned,4,train,100
author_cleaned,4,train,362
author_cleaned,4,train,407
author_cleaned,4,train,96
author_cleaned,4,train,303
author_cleaned,4,train,131
author_cleaned,4,train,281
author_cleaned,4,train,200
author_cleaned,4,train,161
author_cleaned,4,train,373
author_cleaned,4,train,109
author_cleaned,4,train,385
author_cleaned,4,train,159
author_cleaned,4,train,149
author_cleaned,4,train,368
author_cleaned,4,train,216
author_cleaned,4,train,390
author_cleaned,4,train,315
author_cleaned,4,train,224
author_cleaned,4,train,239
author_cleaned,4,train,309
author_cleaned,4,train,334
author_cleaned,4,train,230
author_cleaned,4,train,22
author_cleaned,4,train,153
author_cleaned,4,train,61
author_cleaned,4,train,379
author_cleaned,4,train,280
author_cleaned,4,train,325
author_cleaned,4,train,152
author_cleaned,4,train,202
author_cleaned,4,train,327
author_cleaned,4,train,404
author_cleaned,4,train,11
author_cleaned,4,train,147
author_cleaned,4,train,345
author_cleaned,4,train,146
author_cleaned,4,train,154
author_cleaned,4,train,398
author_cleaned,4,train,226
author_cleaned,4,train,27
author_cleaned,4,train,240
author_cleaned,4,train,336
author_cleaned,4,train,125
author_cleaned,4,train,105
author_cleaned,4,train,144
author_cleaned,4,train,235
author_cleaned,4,train,405
author_cleaned,4,train,282
author_cleaned,4,train,381
author_cleaned,4,train,110
author_cleaned,4,train,76
author_cleaned,4,train,157
author_cleaned,4,train,33
author_cleaned,4,train,184
author_cleaned,4,train,263
author_cleaned,4,train,302
author_cleaned,4,train,6
author_cleaned,4,train,365
author_cleaned,4,train,106
author_cleaned,4,train,312
author_cleaned,4,train,319
author_cleaned,4,train,83
author_cleaned,4,train,296
author_cleaned,4,train,386
author_cleaned,4,train,48
author_cleaned,4,train,323
author_cleaned,4,train,203
author_cleaned,4,train,268
author_cleaned,4,train,189
author_cleaned,4,train,36
author_cleaned,4,train,364
author_cleaned,4,train,192
author_cleaned,4,train,3
author_cleaned,4,train,46
author_cleaned,4,train,37
author_cleaned,4,train,199
author_cleaned,4,train,262
author_cleaned,4,train,8
author_cleaned,4,train,47
author_cleaned,4,train,29
author_cleaned,4,train,42
author_cleaned,4,train,346
author_cleaned,4,train,291
author_cleaned,4,train,151
author_cleaned,4,train,204
author_cleaned,4,train,292
author_cleaned,4,train,140
author_cleaned,4,train,269
author_cleaned,4,train,137
author_cleaned,4,train,403
author_cleaned,4,train,380
author_cleaned,4,train,273
author_cleaned,4,train,414
author_cleaned,4,train,270
author_cleaned,4,train,188
author_cleaned,4,train,51
author_cleaned,4,train,13
author_cleaned,4,train,231
author_cleaned,4,train,10
author_cleaned,4,train,266
author_cleaned,4,train,193
author_cleaned,4,train,103
author_cleaned,4,train,356
author_cleaned,4,train,308
author_cleaned,4,train,326
author_cleaned,4,train,89
author_cleaned,4,train,343
author_cleaned,4,train,45
author_cleaned,4,train,207
author_cleaned,4,train,388
author_cleaned,4,train,156
author_cleaned,4,train,220
author_cleaned,4,train,391
author_cleaned,4,train,311
author_cleaned,4,train,275
author_cleaned,4,train,249
author_cleaned,4,train,297
author_cleaned,4,train,401
author_cleaned,4,train,384
author_cleaned,4,train,108
author_cleaned,4,train,293
author_cleaned,4,train,246
author_cleaned,4,train,176
author_cleaned,4,train,383
author_cleaned,4,train,155
author_cleaned,4,train,139
author_cleaned,4,train,180
author_cleaned,4,train,400
author_cleaned,4,train,185
author_cleaned,4,train,18
author_cleaned,4,train,165
author_cleaned,4,train,116
author_cleaned,4,train,221
author_cleaned,4,train,81
author_cleaned,4,train,132
author_cleaned,4,train,34
author_cleaned,4,train,20
author_cleaned,4,train,298
author_cleaned,4,train,300
author_cleaned,4,train,196
author_cleaned,4,train,354
author_cleaned,4,train,299
author_cleaned,4,train,92
author_cleaned,4,train,286
author_cleaned,4,train,411
author_cleaned,4,train,50
author_cleaned,4,train,341
author_cleaned,4,train,172
author_cleaned,4,train,370
author_cleaned,4,train,366
author_cleaned,4,train,253
author_cleaned,4,train,71
author_cleaned,4,train,162
author_cleaned,4,train,12
author_cleaned,4,train,107
author_cleaned,4,train,41
author_cleaned,4,train,348
author_cleaned,4,train,104
author_cleaned,4,train,344
author_cleaned,4,train,206
author_cleaned,4,train,73
author_cleaned,4,train,314
author_cleaned,4,train,215
author_cleaned,4,train,331
author_cleaned,4,train,67
author_cleaned,4,train,142
author_cleaned,4,train,78
author_cleaned,4,train,115
author_cleaned,4,train,374
author_cleaned,4,train,233
author_cleaned,4,train,257
author_cleaned,4,train,301
author_cleaned,4,train,295
author_cleaned,4,train,256
author_cleaned,4,train,394
author_cleaned,4,train,351
author_cleaned,4,train,363
author_cleaned,4,train,245
author_cleaned,4,train,26
author_cleaned,4,train,284
author_cleaned,4,train,150
author_cleaned,4,train,197
author_cleaned,4,train,227
author_cleaned,4,train,242
author_cleaned,4,train,102
author_cleaned,4,train,278
author_cleaned,4,train,304
author_cleaned,4,train,190
author_cleaned,4,train,66
author_cleaned,4,train,320
author_cleaned,4,train,130
author_cleaned,4,train,133
author_cleaned,4,train,265
author_cleaned,4,train,5
author_cleaned,4,train,402
author_cleaned,4,train,361
author_cleaned,4,train,210
author_cleaned,4,train,307
author_cleaned,4,train,218
author_cleaned,4,train,65
author_cleaned,4,train,177
author_cleaned,4,train,39
author_cleaned,4,train,417
author_cleaned,4,train,251
author_cleaned,4,train,75
author_cleaned,4,train,259
author_cleaned,4,train,195
author_cleaned,4,train,24
author_cleaned,4,train,237
author_cleaned,4,train,0
author_cleaned,4,train,70
author_cleaned,4,train,164
author_cleaned,4,train,367
author_cleaned,4,train,57
author_cleaned,4,train,214
author_cleaned,4,train,389
author_cleaned,4,train,387
author_cleaned,4,train,129
author_cleaned,4,train,145
author_cleaned,4,train,316
author_cleaned,4,train,77
author_cleaned,4,train,382
author_cleaned,4,train,117
author_cleaned,4,train,255
author_cleaned,4,train,225
author_cleaned,4,train,158
author_cleaned,4,test,285
author_cleaned,4,test,101
author_cleaned,4,test,173
author_cleaned,4,test,376
author_cleaned,4,test,241
author_cleaned,4,test,112
author_cleaned,4,test,261
author_cleaned,4,test,244
author_cleaned,4,test,28
author_cleaned,4,test,191
author_cleaned,4,test,99
author_cleaned,4,test,123
author_cleaned,4,test,219
author_cleaned,4,test,17
author_cleaned,4,test,287
author_cleaned,4,test,9
author_cleaned,4,test,395
author_cleaned,4,test,392
author_cleaned,4,test,211
author_cleaned,4,test,14
author_cleaned,4,test,126
author_cleaned,4,test,127
author_cleaned,4,test,310
author_cleaned,4,test,93
author_cleaned,4,test,271
author_cleaned,4,test,82
author_cleaned,4,test,16
author_cleaned,4,test,209
author_cleaned,4,test,360
author_cleaned,4,test,54
author_cleaned,4,test,318
author_cleaned,4,test,44
author_cleaned,4,test,283
author_cleaned,4,test,86
author_cleaned,4,test,128
author_cleaned,4,test,406
author_cleaned,4,test,306
author_cleaned,4,test,21
author_cleaned,4,test,418
author_cleaned,4,test,250
author_cleaned,4,test,60
author_cleaned,4,test,409
author_cleaned,4,test,359
author_cleaned,4,test,415
author_cleaned,4,test,349
author_cleaned,4,test,113
author_cleaned,4,test,90
author_cleaned,4,test,1
author_cleaned,4,test,15
author_cleaned,4,test,371
author_cleaned,4,test,232
author_cleaned,4,test,267
author_cleaned,4,test,352
author_cleaned,4,test,74
author_cleaned,4,test,355
author_cleaned,4,test,85
author_cleaned,4,test,332
author_cleaned,4,test,252
author_cleaned,4,test,353
author_cleaned,4,test,58
author_cleaned,4,test,228
author_cleaned,4,test,174
author_cleaned,4,test,187
author_cleaned,4,test,322
author_cleaned,4,test,114
author_cleaned,4,test,217
author_cleaned,4,test,43
author_cleaned,4,test,175
author_cleaned,5,train,368
author_cleaned,5,train,181
author_cleaned,5,train,354
author_cleaned,5,train,337
author_cleaned,5,train,298
author_cleaned,5,train,58
author_cleaned,5,train,239
author_cleaned,5,train,59
author_cleaned,5,train,356
author_cleaned,5,train,416
author_cleaned,5,train,285
author_cleaned,5,train,365
author_cleaned,5,train,302
author_cleaned,5,train,403
author_cleaned,5,train,283
author_cleaned,5,train,405
author_cleaned,5,train,49
author_cleaned,5,train,252
author_cleaned,5,train,153
author_cleaned,5,train,29
author_cleaned,5,train,375
author_cleaned,5,train,305
author_cleaned,5,train,114
author_cleaned,5,train,82
author_cleaned,5,train,67
author_cleaned,5,train,310
author_cleaned,5,train,33
author_cleaned,5,train,185
author_cleaned,5,train,14
author_cleaned,5,train,218
author_cleaned,5,train,20
author_cleaned,5,train,196
author_cleaned,5,train,92
author_cleaned,5,train,136
author_cleaned,5,train,304
author_cleaned,5,train,131
author_cleaned,5,train,93
author_cleaned,5,train,373
author_cleaned,5,train,400
author_cleaned,5,train,141
author_cleaned,5,train,411
author_cleaned,5,train,378
author_cleaned,5,train,137
author_cleaned,5,train,159
author_cleaned,5,train,175
author_cleaned,5,train,387
author_cleaned,5,train,125
author_cleaned,5,train,123
author_cleaned,5,train,322
author_cleaned,5,train,241
author_cleaned,5,train,362
author_cleaned,5,train,281
author_cleaned,5,train,406
author_cleaned,5,train,9
author_cleaned,5,train,128
author_cleaned,5,train,184
author_cleaned,5,train,346
author_cleaned,5,train,213
author_cleaned,5,train,205
author_cleaned,5,train,47
author_cleaned,5,train,155
author_cleaned,5,train,284
author_cleaned,5,train,315
author_cleaned,5,train,364
author_cleaned,5,train,3
author_cleaned,5,train,130
author_cleaned,5,train,172
author_cleaned,5,train,27
author_cleaned,5,train,5
author_cleaned,5,train,207
author_cleaned,5,train,36
author_cleaned,5,train,174
author_cleaned,5,train,286
author_cleaned,5,train,394
author_cleaned,5,train,267
author_cleaned,5,train,200
author_cleaned,5,train,361
author_cleaned,5,train,190
author_cleaned,5,train,271
author_cleaned,5,train,115
author_cleaned,5,train,270
author_cleaned,5,train,300
author_cleaned,5,train,108
author_cleaned,5,train,103
author_cleaned,5,train,50
author_cleaned,5,train,404
author_cleaned,5,train,166
author_cleaned,5,train,289
author_cleaned,5,train,293
author_cleaned,5,train,326
author_cleaned,5,train,325
author_cleaned,5,train,253
author_cleaned,5,train,220
author_cleaned,5,train,413
author_cleaned,5,train,233
author_cleaned,5,train,397
author_cleaned,5,train,44
author_cleaned,5,train,306
author_cleaned,5,train,382
author_cleaned,5,train,96
author_cleaned,5,train,117
author_cleaned,5,train,132
author_cleaned,5,train,150
author_cleaned,5,train,292
author_cleaned,5,train,363
author_cleaned,5,train,407
author_cleaned,5,train,217
author_cleaned,5,train,352
author_cleaned,5,train,139
author_cleaned,5,train,336
author_cleaned,5,train,12
author_cleaned,5,train,167
author_cleaned,5,train,415
author_cleaned,5,train,106
author_cleaned,5,train,199
author_cleaned,5,train,73
author_cleaned,5,train,22
author_cleaned,5,train,395
author_cleaned,5,train,230
author_cleaned,5,train,197
author_cleaned,5,train,1
author_cleaned,5,train,353
author_cleaned,5,train,246
author_cleaned,5,train,169
author_cleaned,5,train,0
author_cleaned,5,train,135
author_cleaned,5,train,221
author_cleaned,5,train,366
author_cleaned,5,train,316
author_cleaned,5,train,255
author_cleaned,5,train,383
author_cleaned,5,train,188
author_cleaned,5,train,288
author_cleaned,5,train,399
author_cleaned,5,train,260
author_cleaned,5,train,258
author_cleaned,5,train,78
author_cleaned,5,train,193
author_cleaned,5,train,15
author_cleaned,5,train,257
author_cleaned,5,train,157
author_cleaned,5,train,177
author_cleaned,5,train,414
author_cleaned,5,train,249
author_cleaned,5,train,374
author_cleaned,5,train,76
author_cleaned,5,train,158
author_cleaned,5,train,251
author_cleaned,5,train,357
author_cleaned,5,train,335
author_cleaned,5,train,85
author_cleaned,5,train,390
author_cleaned,5,train,318
author_cleaned,5,train,307
author_cleaned,5,train,161
author_cleaned,5,train,18
author_cleaned,5,train,349
author_cleaned,5,train,13
author_cleaned,5,train,311
author_cleaned,5,train,314
author_cleaned,5,train,219
author_cleaned,5,train,46
author_cleaned,5,train,112
author_cleaned,5,train,6
author_cleaned,5,train,313
author_cleaned,5,train,301
author_cleaned,5,train,127
author_cleaned,5,train,351
author_cleaned,5,train,152
author_cleaned,5,train,269
author_cleaned,5,train,77
author_cleaned,5,train,26
author_cleaned,5,train,110
author_cleaned,5,train,70
author_cleaned,5,train,392
author_cleaned,5,train,303
author_cleaned,5,train,320
author_cleaned,5,train,16
author_cleaned,5,train,327
author_cleaned,5,train,209
author_cleaned,5,train,101
author_cleaned,5,train,228
author_cleaned,5,train,23
author_cleaned,5,train,147
author_cleaned,5,train,45
author_cleaned,5,train,99
author_cleaned,5,train,265
author_cleaned,5,train,282
author_cleaned,5,train,287
author_cleaned,5,train,156
author_cleaned,5,train,276
author_cleaned,5,train,37
author_cleaned,5,train,243
author_cleaned,5,train,388
author_cleaned,5,train,232
author_cleaned,5,train,297
author_cleaned,5,train,344
author_cleaned,5,train,215
author_cleaned,5,train,164
author_cleaned,5,train,401
author_cleaned,5,train,331
author_cleaned,5,train,86
author_cleaned,5,train,379
author_cleaned,5,train,273
author_cleaned,5,train,370
author_cleaned,5,train,359
author_cleaned,5,train,226
author_cleaned,5,train,223
author_cleaned,5,train,42
author_cleaned,5,train,41
author_cleaned,5,train,296
author_cleaned,5,train,299
author_cleaned,5,train,242
author_cleaned,5,train,224
author_cleaned,5,train,386
author_cleaned,5,train,48
author_cleaned,5,train,332
author_cleaned,5,train,17
author_cleaned,5,train,129
author_cleaned,5,train,19
author_cleaned,5,train,278
author_cleaned,5,train,107
author_cleaned,5,train,126
author_cleaned,5,train,237
author_cleaned,5,train,334
author_cleaned,5,train,245
author_cleaned,5,train,409
author_cleaned,5,train,145
author_cleaned,5,train,176
author_cleaned,5,train,309
author_cleaned,5,train,345
author_cleaned,5,train,192
author_cleaned,5,train,140
author_cleaned,5,train,367
author_cleaned,5,train,323
author_cleaned,5,train,360
author_cleaned,5,train,402
author_cleaned,5,train,231
author_cleaned,5,train,214
author_cleaned,5,train,146
author_cleaned,5,train,321
author_cleaned,5,train,8
author_cleaned,5,train,189
author_cleaned,5,train,138
author_cleaned,5,train,268
author_cleaned,5,train,51
author_cleaned,5,train,179
author_cleaned,5,train,319
author_cleaned,5,train,191
author_cleaned,5,train,162
author_cleaned,5,train,116
author_cleaned,5,train,39
author_cleaned,5,train,89
author_cleaned,5,train,261
author_cleaned,5,train,263
author_cleaned,5,train,57
author_cleaned,5,train,34
author_cleaned,5,train,109
author_cleaned,5,train,149
author_cleaned,5,train,262
author_cleaned,5,train,10
author_cleaned,5,train,266
author_cleaned,5,train,206
author_cleaned,5,train,148
author_cleaned,5,train,295
author_cleaned,5,train,291
author_cleaned,5,train,11
author_cleaned,5,train,102
author_cleaned,5,train,154
author_cleaned,5,train,244
author_cleaned,5,train,264
author_cleaned,5,test,71
author_cleaned,5,test,134
author_cleaned,5,test,259
author_cleaned,5,test,381
author_cleaned,5,test,24
author_cleaned,5,test,81
author_cleaned,5,test,312
author_cleaned,5,test,195
author_cleaned,5,test,173
author_cleaned,5,test,75
author_cleaned,5,test,227
author_cleaned,5,test,348
author_cleaned,5,test,216
author_cleaned,5,test,398
author_cleaned,5,test,100
author_cleaned,5,test,225
author_cleaned,5,test,66
author_cleaned,5,test,380
author_cleaned,5,test,151
author_cleaned,5,test,389
author_cleaned,5,test,52
author_cleaned,5,test,350
author_cleaned,5,test,165
author_cleaned,5,test,204
author_cleaned,5,test,180
author_cleaned,5,test,142
author_cleaned,5,test,371
author_cleaned,5,test,330
author_cleaned,5,test,275
author_cleaned,5,test,202
author_cleaned,5,test,144
author_cleaned,5,test,54
author_cleaned,5,test,187
author_cleaned,5,test,83
author_cleaned,5,test,250
author_cleaned,5,test,343
author_cleaned,5,test,308
author_cleaned,5,test,120
author_cleaned,5,test,60
author_cleaned,5,test,391
author_cleaned,5,test,133
author_cleaned,5,test,65
author_cleaned,5,test,333
author_cleaned,5,test,61
author_cleaned,5,test,355
author_cleaned,5,test,90
author_cleaned,5,test,211
author_cleaned,5,test,329
author_cleaned,5,test,418
author_cleaned,5,test,385
author_cleaned,5,test,210
author_cleaned,5,test,104
author_cleaned,5,test,203
author_cleaned,5,test,21
author_cleaned,5,test,28
author_cleaned,5,test,43
author_cleaned,5,test,376
author_cleaned,5,test,410
author_cleaned,5,test,240
author_cleaned,5,test,74
author_cleaned,5,test,280
author_cleaned,5,test,417
author_cleaned,5,test,384
author_cleaned,5,test,256
author_cleaned,5,test,113
author_cleaned,5,test,235
author_cleaned,5,test,105
author_cleaned,5,test,341
author_cleaned,6,train,172
author_cleaned,6,train,346
author_cleaned,6,train,138
author_cleaned,6,train,110
author_cleaned,6,train,175
author_cleaned,6,train,409
author_cleaned,6,train,364
author_cleaned,6,train,128
author_cleaned,6,train,329
author_cleaned,6,train,57
author_cleaned,6,train,313
author_cleaned,6,train,351
author_cleaned,6,train,154
author_cleaned,6,train,418
author_cleaned,6,train,384
author_cleaned,6,train,389
author_cleaned,6,train,151
author_cleaned,6,train,350
author_cleaned,6,train,352
author_cleaned,6,train,266
author_cleaned,6,train,107
author_cleaned,6,train,221
author_cleaned,6,train,0
author_cleaned,6,train,309
author_cleaned,6,train,206
author_cleaned,6,train,310
author_cleaned,6,train,181
author_cleaned,6,train,304
author_cleaned,6,train,145
author_cleaned,6,train,335
author_cleaned,6,train,360
author_cleaned,6,train,78
author_cleaned,6,train,253
author_cleaned,6,train,326
author_cleaned,6,train,71
author_cleaned,6,train,11
author_cleaned,6,train,9
author_cleaned,6,train,323
author_cleaned,6,train,334
author_cleaned,6,train,235
author_cleaned,6,train,399
author_cleaned,6,train,70
author_cleaned,6,train,92
author_cleaned,6,train,24
author_cleaned,6,train,278
author_cleaned,6,train,193
author_cleaned,6,train,224
author_cleaned,6,train,237
author_cleaned,6,train,416
author_cleaned,6,train,114
author_cleaned,6,train,387
author_cleaned,6,train,371
author_cleaned,6,train,305
author_cleaned,6,train,336
author_cleaned,6,train,16
author_cleaned,6,train,321
author_cleaned,6,train,179
author_cleaned,6,train,96
author_cleaned,6,train,286
author_cleaned,6,train,185
author_cleaned,6,train,77
author_cleaned,6,train,312
author_cleaned,6,train,306
author_cleaned,6,train,231
author_cleaned,6,train,381
author_cleaned,6,train,388
author_cleaned,6,train,318
author_cleaned,6,train,374
author_cleaned,6,train,391
author_cleaned,6,train,379
author_cleaned,6,train,233
author_cleaned,6,train,44
author_cleaned,6,train,327
author_cleaned,6,train,367
author_cleaned,6,train,239
author_cleaned,6,train,354
author_cleaned,6,train,226
author_cleaned,6,train,48
author_cleaned,6,train,116
author_cleaned,6,train,14
author_cleaned,6,train,288
author_cleaned,6,train,345
author_cleaned,6,train,244
author_cleaned,6,train,401
author_cleaned,6,train,311
author_cleaned,6,train,86
author_cleaned,6,train,202
author_cleaned,6,train,129
author_cleaned,6,train,265
author_cleaned,6,train,242
author_cleaned,6,train,60
author_cleaned,6,train,65
author_cleaned,6,train,15
author_cleaned,6,train,361
author_cleaned,6,train,19
author_cleaned,6,train,214
author_cleaned,6,train,29
author_cleaned,6,train,414
author_cleaned,6,train,316
author_cleaned,6,train,355
author_cleaned,6,train,403
author_cleaned,6,train,215
author_cleaned,6,train,123
author_cleaned,6,train,59
author_cleaned,6,train,282
author_cleaned,6,train,139
author_cleaned,6,train,149
author_cleaned,6,train,246
author_cleaned,6,train,308
author_cleaned,6,train,417
author_cleaned,6,train,120
author_cleaned,6,train,132
author_cleaned,6,train,21
author_cleaned,6,train,243
author_cleaned,6,train,137
author_cleaned,6,train,166
author_cleaned,6,train,37
author_cleaned,6,train,359
author_cleaned,6,train,23
author_cleaned,6,train,17
author_cleaned,6,train,267
author_cleaned,6,train,3
author_cleaned,6,train,45
author_cleaned,6,train,189
author_cleaned,6,train,207
author_cleaned,6,train,332
author_cleaned,6,train,117
author_cleaned,6,train,413
author_cleaned,6,train,27
author_cleaned,6,train,131
author_cleaned,6,train,295
author_cleaned,6,train,261
author_cleaned,6,train,292
author_cleaned,6,train,8
author_cleaned,6,train,220
author_cleaned,6,train,134
author_cleaned,6,train,283
author_cleaned,6,train,293
author_cleaned,6,train,101
author_cleaned,6,train,252
author_cleaned,6,train,174
author_cleaned,6,train,257
author_cleaned,6,train,100
author_cleaned,6,train,130
author_cleaned,6,train,67
author_cleaned,6,train,26
author_cleaned,6,train,203
author_cleaned,6,train,219
author_cleaned,6,train,363
author_cleaned,6,train,164
author_cleaned,6,train,142
author_cleaned,6,train,47
author_cleaned,6,train,281
author_cleaned,6,train,302
author_cleaned,6,train,227
author_cleaned,6,train,196
author_cleaned,6,train,197
author_cleaned,6,train,225
author_cleaned,6,train,400
author_cleaned,6,train,209
author_cleaned,6,train,268
author_cleaned,6,train,382
author_cleaned,6,train,108
author_cleaned,6,train,301
author_cleaned,6,train,357
author_cleaned,6,train,58
author_cleaned,6,train,105
author_cleaned,6,train,343
author_cleaned,6,train,390
author_cleaned,6,train,156
author_cleaned,6,train,49
author_cleaned,6,train,349
author_cleaned,6,train,218
author_cleaned,6,train,285
author_cleaned,6,train,276
author_cleaned,6,train,230
author_cleaned,6,train,291
author_cleaned,6,train,319
author_cleaned,6,train,10
author_cleaned,6,train,126
author_cleaned,6,train,190
author_cleaned,6,train,405
author_cleaned,6,train,411
author_cleaned,6,train,223
author_cleaned,6,train,144
author_cleaned,6,train,375
author_cleaned,6,train,271
author_cleaned,6,train,330
author_cleaned,6,train,127
author_cleaned,6,train,74
author_cleaned,6,train,147
author_cleaned,6,train,256
author_cleaned,6,train,157
author_cleaned,6,train,241
author_cleaned,6,train,314
author_cleaned,6,train,264
author_cleaned,6,train,81
author_cleaned,6,train,297
author_cleaned,6,train,365
author_cleaned,6,train,406
author_cleaned,6,train,5
author_cleaned,6,train,187
author_cleaned,6,train,205
author_cleaned,6,train,362
author_cleaned,6,train,378
author_cleaned,6,train,195
author_cleaned,6,train,200
author_cleaned,6,train,250
author_cleaned,6,train,102
author_cleaned,6,train,106
author_cleaned,6,train,50
author_cleaned,6,train,366
author_cleaned,6,train,136
author_cleaned,6,train,385
author_cleaned,6,train,12
author_cleaned,6,train,373
author_cleaned,6,train,99
author_cleaned,6,train,315
author_cleaned,6,train,398
author_cleaned,6,train,394
author_cleaned,6,train,341
author_cleaned,6,train,93
author_cleaned,6,train,43
author_cleaned,6,train,410
author_cleaned,6,train,46
author_cleaned,6,train,52
author_cleaned,6,train,28
author_cleaned,6,train,159
author_cleaned,6,train,51
author_cleaned,6,train,112
author_cleaned,6,train,167
author_cleaned,6,train,333
author_cleaned,6,train,85
author_cleaned,6,train,280
author_cleaned,6,train,298
author_cleaned,6,train,370
author_cleaned,6,train,155
author_cleaned,6,train,407
author_cleaned,6,train,76
author_cleaned,6,train,54
author_cleaned,6,train,356
author_cleaned,6,train,161
author_cleaned,6,train,115
author_cleaned,6,train,192
author_cleaned,6,train,165
author_cleaned,6,train,251
author_cleaned,6,train,109
author_cleaned,6,train,83
author_cleaned,6,train,173
author_cleaned,6,train,255
author_cleaned,6,train,150
author_cleaned,6,train,18
author_cleaned,6,train,162
author_cleaned,6,train,41
author_cleaned,6,train,262
author_cleaned,6,train,169
author_cleaned,6,train,331
author_cleaned,6,train,402
author_cleaned,6,train,146
author_cleaned,6,train,300
author_cleaned,6,train,210
author_cleaned,6,train,33
author_cleaned,6,train,240
author_cleaned,6,train,104
author_cleaned,6,train,1
author_cleaned,6,train,353
author_cleaned,6,train,395
author_cleaned,6,train,415
author_cleaned,6,train,141
author_cleaned,6,train,289
author_cleaned,6,train,259
author_cleaned,6,test,36
author_cleaned,6,test,216
author_cleaned,6,test,75
author_cleaned,6,test,258
author_cleaned,6,test,113
author_cleaned,6,test,217
author_cleaned,6,test,39
author_cleaned,6,test,337
author_cleaned,6,test,307
author_cleaned,6,test,392
author_cleaned,6,test,6
author_cleaned,6,test,153
author_cleaned,6,test,125
author_cleaned,6,test,249
author_cleaned,6,test,13
author_cleaned,6,test,188
author_cleaned,6,test,270
author_cleaned,6,test,191
author_cleaned,6,test,260
author_cleaned,6,test,148
author_cleaned,6,test,103
author_cleaned,6,test,228
author_cleaned,6,test,376
author_cleaned,6,test,152
author_cleaned,6,test,273
author_cleaned,6,test,344
author_cleaned,6,test,140
author_cleaned,6,test,320
author_cleaned,6,test,386
author_cleaned,6,test,204
author_cleaned,6,test,213
author_cleaned,6,test,322
author_cleaned,6,test,325
author_cleaned,6,test,133
author_cleaned,6,test,135
author_cleaned,6,test,90
author_cleaned,6,test,383
author_cleaned,6,test,275
author_cleaned,6,test,296
author_cleaned,6,test,397
author_cleaned,6,test,89
author_cleaned,6,test,348
author_cleaned,6,test,73
author_cleaned,6,test,34
author_cleaned,6,test,269
author_cleaned,6,test,61
author_cleaned,6,test,180
author_cleaned,6,test,380
author_cleaned,6,test,177
author_cleaned,6,test,211
author_cleaned,6,test,184
author_cleaned,6,test,245
author_cleaned,6,test,303
author_cleaned,6,test,404
author_cleaned,6,test,284
author_cleaned,6,test,42
author_cleaned,6,test,299
author_cleaned,6,test,368
author_cleaned,6,test,158
author_cleaned,6,test,232
author_cleaned,6,test,82
author_cleaned,6,test,22
author_cleaned,6,test,66
author_cleaned,6,test,20
author_cleaned,6,test,199
author_cleaned,6,test,263
author_cleaned,6,test,287
author_cleaned,6,test,176
author_cleaned,7,train,213
author_cleaned,7,train,173
author_cleaned,7,train,90
author_cleaned,7,train,149
author_cleaned,7,train,190
author_cleaned,7,train,392
author_cleaned,7,train,335
author_cleaned,7,train,307
author_cleaned,7,train,99
author_cleaned,7,train,144
author_cleaned,7,train,329
author_cleaned,7,train,180
author_cleaned,7,train,233
author_cleaned,7,train,413
author_cleaned,7,train,66
author_cleaned,7,train,374
author_cleaned,7,train,147
author_cleaned,7,train,21
author_cleaned,7,train,350
author_cleaned,7,train,383
author_cleaned,7,train,23
author_cleaned,7,train,74
author_cleaned,7,train,192
author_cleaned,7,train,313
author_cleaned,7,train,301
author_cleaned,7,train,225
author_cleaned,7,train,71
author_cleaned,7,train,264
author_cleaned,7,train,26
author_cleaned,7,train,302
author_cleaned,7,train,223
author_cleaned,7,train,258
author_cleaned,7,train,70
author_cleaned,7,train,203
author_cleaned,7,train,132
author_cleaned,7,train,318
author_cleaned,7,train,306
author_cleaned,7,train,19
author_cleaned,7,train,278
author_cleaned,7,train,251
author_cleaned,7,train,353
author_cleaned,7,train,129
author_cleaned,7,train,300
author_cleaned,7,train,224
author_cleaned,7,train,137
author_cleaned,7,train,404
author_cleaned,7,train,126
author_cleaned,7,train,270
author_cleaned,7,train,357
author_cleaned,7,train,355
author_cleaned,7,train,185
author_cleaned,7,train,376
author_cleaned,7,train,196
author_cleaned,7,train,349
author_cleaned,7,train,28
author_cleaned,7,train,193
author_cleaned,7,train,228
author_cleaned,7,train,352
author_cleaned,7,train,312
author_cleaned,7,train,83
author_cleaned,7,train,164
author_cleaned,7,train,359
author_cleaned,7,train,107
author_cleaned,7,train,207
author_cleaned,7,train,368
author_cleaned,7,train,295
author_cleaned,7,train,82
author_cleaned,7,train,287
author_cleaned,7,train,354
author_cleaned,7,train,265
author_cleaned,7,train,96
author_cleaned,7,train,46
author_cleaned,7,train,50
author_cleaned,7,train,299
author_cleaned,7,train,14
author_cleaned,7,train,289
author_cleaned,7,train,165
author_cleaned,7,train,59
author_cleaned,7,train,220
author_cleaned,7,train,319
author_cleaned,7,train,166
author_cleaned,7,train,382
author_cleaned,7,train,10
author_cleaned,7,train,367
author_cleaned,7,train,227
author_cleaned,7,train,323
author_cleaned,7,train,366
author_cleaned,7,train,11
author_cleaned,7,train,304
author_cleaned,7,train,34
author_cleaned,7,train,373
author_cleaned,7,train,77
author_cleaned,7,train,305
author_cleaned,7,train,379
author_cleaned,7,train,262
author_cleaned,7,train,200
author_cleaned,7,train,61
author_cleaned,7,train,231
author_cleaned,7,train,41
author_cleaned,7,train,1
author_cleaned,7,train,321
author_cleaned,7,train,16
author_cleaned,7,train,12
author_cleaned,7,train,191
author_cleaned,7,train,390
author_cleaned,7,train,130
author_cleaned,7,train,44
author_cleaned,7,train,131
author_cleaned,7,train,407
author_cleaned,7,train,284
author_cleaned,7,train,283
author_cleaned,7,train,336
author_cleaned,7,train,293
author_cleaned,7,train,218
author_cleaned,7,train,58
author_cleaned,7,train,210
author_cleaned,7,train,153
author_cleaned,7,train,42
author_cleaned,7,train,106
author_cleaned,7,train,334
author_cleaned,7,train,174
author_cleaned,7,train,189
author_cleaned,7,train,204
author_cleaned,7,train,85
author_cleaned,7,train,112
author_cleaned,7,train,78
author_cleaned,7,train,330
author_cleaned,7,train,188
author_cleaned,7,train,51
author_cleaned,7,train,241
author_cleaned,7,train,389
author_cleaned,7,train,214
author_cleaned,7,train,145
author_cleaned,7,train,271
author_cleaned,7,train,184
author_cleaned,7,train,157
author_cleaned,7,train,391
author_cleaned,7,train,67
author_cleaned,7,train,75
author_cleaned,7,train,345
author_cleaned,7,train,206
author_cleaned,7,train,115
author_cleaned,7,train,156
author_cleaned,7,train,399
author_cleaned,7,train,402
author_cleaned,7,train,285
author_cleaned,7,train,360
author_cleaned,7,train,320
author_cleaned,7,train,117
author_cleaned,7,train,386
author_cleaned,7,train,215
author_cleaned,7,train,418
author_cleaned,7,train,365
author_cleaned,7,train,282
author_cleaned,7,train,140
author_cleaned,7,train,105
author_cleaned,7,train,235
author_cleaned,7,train,65
author_cleaned,7,train,108
author_cleaned,7,train,8
author_cleaned,7,train,20
author_cleaned,7,train,128
author_cleaned,7,train,152
author_cleaned,7,train,337
author_cleaned,7,train,141
author_cleaned,7,train,242
author_cleaned,7,train,211
author_cleaned,7,train,296
author_cleaned,7,train,175
author_cleaned,7,train,344
author_cleaned,7,train,288
author_cleaned,7,train,273
author_cleaned,7,train,245
author_cleaned,7,train,86
author_cleaned,7,train,33
author_cleaned,7,train,37
author_cleaned,7,train,219
author_cleaned,7,train,341
author_cleaned,7,train,232
author_cleaned,7,train,135
author_cleaned,7,train,255
author_cleaned,7,train,303
author_cleaned,7,train,298
author_cleaned,7,train,267
author_cleaned,7,train,176
author_cleaned,7,train,362
author_cleaned,7,train,397
author_cleaned,7,train,370
author_cleaned,7,train,256
author_cleaned,7,train,216
author_cleaned,7,train,331
author_cleaned,7,train,177
author_cleaned,7,train,172
author_cleaned,7,train,49
author_cleaned,7,train,275
author_cleaned,7,train,54
author_cleaned,7,train,73
author_cleaned,7,train,400
author_cleaned,7,train,384
author_cleaned,7,train,45
author_cleaned,7,train,161
author_cleaned,7,train,187
author_cleaned,7,train,146
author_cleaned,7,train,371
author_cleaned,7,train,142
author_cleaned,7,train,15
author_cleaned,7,train,343
author_cleaned,7,train,60
author_cleaned,7,train,261
author_cleaned,7,train,401
author_cleaned,7,train,155
author_cleaned,7,train,24
author_cleaned,7,train,113
author_cleaned,7,train,169
author_cleaned,7,train,292
author_cleaned,7,train,411
author_cleaned,7,train,159
author_cleaned,7,train,43
author_cleaned,7,train,398
author_cleaned,7,train,6
author_cleaned,7,train,22
author_cleaned,7,train,281
author_cleaned,7,train,415
author_cleaned,7,train,195
author_cleaned,7,train,286
author_cleaned,7,train,311
author_cleaned,7,train,378
author_cleaned,7,train,197
author_cleaned,7,train,364
author_cleaned,7,train,297
author_cleaned,7,train,13
author_cleaned,7,train,351
author_cleaned,7,train,100
author_cleaned,7,train,316
author_cleaned,7,train,127
author_cleaned,7,train,249
author_cleaned,7,train,322
author_cleaned,7,train,409
author_cleaned,7,train,252
author_cleaned,7,train,179
author_cleaned,7,train,326
author_cleaned,7,train,48
author_cleaned,7,train,259
author_cleaned,7,train,363
author_cleaned,7,train,244
author_cleaned,7,train,315
author_cleaned,7,train,148
author_cleaned,7,train,237
author_cleaned,7,train,199
author_cleaned,7,train,388
author_cleaned,7,train,246
author_cleaned,7,train,57
author_cleaned,7,train,346
author_cleaned,7,train,9
author_cleaned,7,train,314
author_cleaned,7,train,387
author_cleaned,7,train,104
author_cleaned,7,train,0
author_cleaned,7,train,93
author_cleaned,7,train,217
author_cleaned,7,train,280
author_cleaned,7,train,52
author_cleaned,7,train,101
author_cleaned,7,train,27
author_cleaned,7,train,240
author_cleaned,7,train,138
author_cleaned,7,train,269
author_cleaned,7,train,92
author_cleaned,7,train,29
author_cleaned,7,train,253
author_cleaned,7,train,226
author_cleaned,7,test,150
author_cleaned,7,test,167
author_cleaned,7,test,243
author_cleaned,7,test,325
author_cleaned,7,test,332
author_cleaned,7,test,394
author_cleaned,7,test,416
author_cleaned,7,test,89
author_cleaned,7,test,375
author_cleaned,7,test,158
author_cleaned,7,test,410
author_cleaned,7,test,276
author_cleaned,7,test,154
author_cleaned,7,test,151
author_cleaned,7,test,417
author_cleaned,7,test,205
author_cleaned,7,test,133
author_cleaned,7,test,380
author_cleaned,7,test,139
author_cleaned,7,test,230
author_cleaned,7,test,114
author_cleaned,7,test,36
author_cleaned,7,test,39
author_cleaned,7,test,266
author_cleaned,7,test,202
author_cleaned,7,test,209
author_cleaned,7,test,333
author_cleaned,7,test,405
author_cleaned,7,test,291
author_cleaned,7,test,5
author_cleaned,7,test,109
author_cleaned,7,test,308
author_cleaned,7,test,76
author_cleaned,7,test,361
author_cleaned,7,test,102
author_cleaned,7,test,385
author_cleaned,7,test,268
author_cleaned,7,test,136
author_cleaned,7,test,181
author_cleaned,7,test,260
author_cleaned,7,test,406
author_cleaned,7,test,250
author_cleaned,7,test,257
author_cleaned,7,test,310
author_cleaned,7,test,395
author_cleaned,7,test,403
author_cleaned,7,test,263
author_cleaned,7,test,81
author_cleaned,7,test,162
author_cleaned,7,test,134
author_cleaned,7,test,239
author_cleaned,7,test,120
author_cleaned,7,test,18
author_cleaned,7,test,309
author_cleaned,7,test,221
author_cleaned,7,test,381
author_cleaned,7,test,116
author_cleaned,7,test,110
author_cleaned,7,test,47
author_cleaned,7,test,3
author_cleaned,7,test,414
author_cleaned,7,test,17
author_cleaned,7,test,327
author_cleaned,7,test,348
author_cleaned,7,test,125
author_cleaned,7,test,356
author_cleaned,7,test,103
author_cleaned,7,test,123
author_cleaned,8,train,127
author_cleaned,8,train,5
author_cleaned,8,train,250
author_cleaned,8,train,16
author_cleaned,8,train,318
author_cleaned,8,train,295
author_cleaned,8,train,26
author_cleaned,8,train,86
author_cleaned,8,train,299
author_cleaned,8,train,147
author_cleaned,8,train,43
author_cleaned,8,train,353
author_cleaned,8,train,322
author_cleaned,8,train,185
author_cleaned,8,train,287
author_cleaned,8,train,176
author_cleaned,8,train,303
author_cleaned,8,train,214
author_cleaned,8,train,394
author_cleaned,8,train,309
author_cleaned,8,train,291
author_cleaned,8,train,323
author_cleaned,8,train,70
author_cleaned,8,train,120
author_cleaned,8,train,289
author_cleaned,8,train,266
author_cleaned,8,train,44
author_cleaned,8,train,306
author_cleaned,8,train,58
author_cleaned,8,train,307
author_cleaned,8,train,409
author_cleaned,8,train,102
author_cleaned,8,train,129
author_cleaned,8,train,276
author_cleaned,8,train,78
author_cleaned,8,train,233
author_cleaned,8,train,6
author_cleaned,8,train,200
author_cleaned,8,train,387
author_cleaned,8,train,191
author_cleaned,8,train,128
author_cleaned,8,train,242
author_cleaned,8,train,66
author_cleaned,8,train,130
author_cleaned,8,train,326
author_cleaned,8,train,173
author_cleaned,8,train,150
author_cleaned,8,train,100
author_cleaned,8,train,114
author_cleaned,8,train,373
author_cleaned,8,train,149
author_cleaned,8,train,407
author_cleaned,8,train,125
author_cleaned,8,train,15
author_cleaned,8,train,162
author_cleaned,8,train,181
author_cleaned,8,train,352
author_cleaned,8,train,215
author_cleaned,8,train,145
author_cleaned,8,train,83
author_cleaned,8,train,33
author_cleaned,8,train,106
author_cleaned,8,train,167
author_cleaned,8,train,284
author_cleaned,8,train,356
author_cleaned,8,train,304
author_cleaned,8,train,27
author_cleaned,8,train,261
author_cleaned,8,train,357
author_cleaned,8,train,117
author_cleaned,8,train,109
author_cleaned,8,train,52
author_cleaned,8,train,296
author_cleaned,8,train,155
author_cleaned,8,train,255
author_cleaned,8,train,244
author_cleaned,8,train,329
author_cleaned,8,train,187
author_cleaned,8,train,297
author_cleaned,8,train,405
author_cleaned,8,train,368
author_cleaned,8,train,355
author_cleaned,8,train,112
author_cleaned,8,train,152
author_cleaned,8,train,381
author_cleaned,8,train,1
author_cleaned,8,train,138
author_cleaned,8,train,8
author_cleaned,8,train,193
author_cleaned,8,train,365
author_cleaned,8,train,166
author_cleaned,8,train,388
author_cleaned,8,train,190
author_cleaned,8,train,384
author_cleaned,8,train,364
author_cleaned,8,train,76
author_cleaned,8,train,89
author_cleaned,8,train,343
author_cleaned,8,train,305
author_cleaned,8,train,105
author_cleaned,8,train,49
author_cleaned,8,train,315
author_cleaned,8,train,413
author_cleaned,8,train,380
author_cleaned,8,train,361
author_cleaned,8,train,383
author_cleaned,8,train,34
author_cleaned,8,train,351
author_cleaned,8,train,204
author_cleaned,8,train,321
author_cleaned,8,train,344
author_cleaned,8,train,335
author_cleaned,8,train,325
author_cleaned,8,train,374
author_cleaned,8,train,367
author_cleaned,8,train,268
author_cleaned,8,train,141
author_cleaned,8,train,92
author_cleaned,8,train,283
author_cleaned,8,train,298
author_cleaned,8,train,223
author_cleaned,8,train,375
author_cleaned,8,train,153
author_cleaned,8,train,157
author_cleaned,8,train,416
author_cleaned,8,train,50
author_cleaned,8,train,93
author_cleaned,8,train,227
author_cleaned,8,train,331
author_cleaned,8,train,399
author_cleaned,8,train,99
author_cleaned,8,train,136
author_cleaned,8,train,397
author_cleaned,8,train,232
author_cleaned,8,train,327
author_cleaned,8,train,230
author_cleaned,8,train,45
author_cleaned,8,train,161
author_cleaned,8,train,359
author_cleaned,8,train,13
author_cleaned,8,train,406
author_cleaned,8,train,73
author_cleaned,8,train,270
author_cleaned,8,train,314
author_cleaned,8,train,378
author_cleaned,8,train,349
author_cleaned,8,train,165
author_cleaned,8,train,184
author_cleaned,8,train,379
author_cleaned,8,train,319
author_cleaned,8,train,169
author_cleaned,8,train,180
author_cleaned,8,train,81
author_cleaned,8,train,271
author_cleaned,8,train,263
author_cleaned,8,train,17
author_cleaned,8,train,310
author_cleaned,8,train,265
author_cleaned,8,train,345
author_cleaned,8,train,42
author_cleaned,8,train,132
author_cleaned,8,train,28
author_cleaned,8,train,400
author_cleaned,8,train,316
author_cleaned,8,train,239
author_cleaned,8,train,243
author_cleaned,8,train,415
author_cleaned,8,train,249
author_cleaned,8,train,300
author_cleaned,8,train,37
author_cleaned,8,train,205
author_cleaned,8,train,213
author_cleaned,8,train,65
author_cleaned,8,train,414
author_cleaned,8,train,333
author_cleaned,8,train,262
author_cleaned,8,train,196
author_cleaned,8,train,398
author_cleaned,8,train,51
author_cleaned,8,train,211
author_cleaned,8,train,11
author_cleaned,8,train,113
author_cleaned,8,train,363
author_cleaned,8,train,245
author_cleaned,8,train,256
author_cleaned,8,train,251
author_cleaned,8,train,301
author_cleaned,8,train,210
author_cleaned,8,train,103
author_cleaned,8,train,189
author_cleaned,8,train,219
author_cleaned,8,train,134
author_cleaned,8,train,382
author_cleaned,8,train,18
author_cleaned,8,train,54
author_cleaned,8,train,77
author_cleaned,8,train,402
author_cleaned,8,train,217
author_cleaned,8,train,282
author_cleaned,8,train,225
author_cleaned,8,train,334
author_cleaned,8,train,104
author_cleaned,8,train,192
author_cleaned,8,train,418
author_cleaned,8,train,320
author_cleaned,8,train,9
author_cleaned,8,train,199
author_cleaned,8,train,288
author_cleaned,8,train,275
author_cleaned,8,train,133
author_cleaned,8,train,312
author_cleaned,8,train,348
author_cleaned,8,train,140
author_cleaned,8,train,237
author_cleaned,8,train,308
author_cleaned,8,train,313
author_cleaned,8,train,154
author_cleaned,8,train,264
author_cleaned,8,train,148
author_cleaned,8,train,19
author_cleaned,8,train,22
author_cleaned,8,train,293
author_cleaned,8,train,10
author_cleaned,8,train,209
author_cleaned,8,train,175
author_cleaned,8,train,59
author_cleaned,8,train,158
author_cleaned,8,train,48
author_cleaned,8,train,366
author_cleaned,8,train,126
author_cleaned,8,train,401
author_cleaned,8,train,278
author_cleaned,8,train,159
author_cleaned,8,train,46
author_cleaned,8,train,257
author_cleaned,8,train,3
author_cleaned,8,train,60
author_cleaned,8,train,285
author_cleaned,8,train,36
author_cleaned,8,train,258
author_cleaned,8,train,24
author_cleaned,8,train,224
author_cleaned,8,train,23
author_cleaned,8,train,41
author_cleaned,8,train,116
author_cleaned,8,train,85
author_cleaned,8,train,341
author_cleaned,8,train,110
author_cleaned,8,train,292
author_cleaned,8,train,12
author_cleaned,8,train,220
author_cleaned,8,train,404
author_cleaned,8,train,385
author_cleaned,8,train,67
author_cleaned,8,train,332
author_cleaned,8,train,137
author_cleaned,8,train,337
author_cleaned,8,train,21
author_cleaned,8,train,391
author_cleaned,8,train,188
author_cleaned,8,train,82
author_cleaned,8,train,336
author_cleaned,8,train,144
author_cleaned,8,train,203
author_cleaned,8,train,151
author_cleaned,8,train,392
author_cleaned,8,train,115
author_cleaned,8,train,61
author_cleaned,8,train,246
author_cleaned,8,train,177
author_cleaned,8,train,174
author_cleaned,8,test,0
author_cleaned,8,test,29
author_cleaned,8,test,362
author_cleaned,8,test,57
author_cleaned,8,test,370
author_cleaned,8,test,235
author_cleaned,8,test,20
author_cleaned,8,test,350
author_cleaned,8,test,47
author_cleaned,8,test,179
author_cleaned,8,test,202
author_cleaned,8,test,386
author_cleaned,8,test,360
author_cleaned,8,test,311
author_cleaned,8,test,273
author_cleaned,8,test,101
author_cleaned,8,test,195
author_cleaned,8,test,107
author_cleaned,8,test,226
author_cleaned,8,test,75
author_cleaned,8,test,146
author_cleaned,8,test,197
author_cleaned,8,test,139
author_cleaned,8,test,302
author_cleaned,8,test,260
author_cleaned,8,test,395
author_cleaned,8,test,280
author_cleaned,8,test,403
author_cleaned,8,test,164
author_cleaned,8,test,14
author_cleaned,8,test,371
author_cleaned,8,test,281
author_cleaned,8,test,39
author_cleaned,8,test,206
author_cleaned,8,test,240
author_cleaned,8,test,216
author_cleaned,8,test,330
author_cleaned,8,test,253
author_cleaned,8,test,228
author_cleaned,8,test,218
author_cleaned,8,test,71
author_cleaned,8,test,90
author_cleaned,8,test,252
author_cleaned,8,test,135
author_cleaned,8,test,221
author_cleaned,8,test,123
author_cleaned,8,test,142
author_cleaned,8,test,131
author_cleaned,8,test,74
author_cleaned,8,test,354
author_cleaned,8,test,156
author_cleaned,8,test,411
author_cleaned,8,test,417
author_cleaned,8,test,390
author_cleaned,8,test,172
author_cleaned,8,test,269
author_cleaned,8,test,346
author_cleaned,8,test,376
author_cleaned,8,test,207
author_cleaned,8,test,389
author_cleaned,8,test,267
author_cleaned,8,test,410
author_cleaned,8,test,96
author_cleaned,8,test,259
author_cleaned,8,test,286
author_cleaned,8,test,231
author_cleaned,8,test,241
author_cleaned,8,test,108
author_cleaned,9,train,47
author_cleaned,9,train,48
author_cleaned,9,train,285
author_cleaned,9,train,319
author_cleaned,9,train,18
author_cleaned,9,train,306
author_cleaned,9,train,140
author_cleaned,9,train,331
author_cleaned,9,train,159
author_cleaned,9,train,341
author_cleaned,9,train,120
author_cleaned,9,train,193
author_cleaned,9,train,133
author_cleaned,9,train,382
author_cleaned,9,train,225
author_cleaned,9,train,20
author_cleaned,9,train,301
author_cleaned,9,train,146
author_cleaned,9,train,316
author_cleaned,9,train,3
author_cleaned,9,train,67
author_cleaned,9,train,381
author_cleaned,9,train,403
author_cleaned,9,train,418
author_cleaned,9,train,107
author_cleaned,9,train,237
author_cleaned,9,train,125
author_cleaned,9,train,292
author_cleaned,9,train,190
author_cleaned,9,train,336
author_cleaned,9,train,295
author_cleaned,9,train,209
author_cleaned,9,train,131
author_cleaned,9,train,218
author_cleaned,9,train,380
author_cleaned,9,train,367
author_cleaned,9,train,96
author_cleaned,9,train,280
author_cleaned,9,train,360
author_cleaned,9,train,407
author_cleaned,9,train,139
author_cleaned,9,train,417
author_cleaned,9,train,337
author_cleaned,9,train,398
author_cleaned,9,train,100
author_cleaned,9,train,135
author_cleaned,9,train,361
author_cleaned,9,train,392
author_cleaned,9,train,73
author_cleaned,9,train,371
author_cleaned,9,train,416
author_cleaned,9,train,357
author_cleaned,9,train,355
author_cleaned,9,train,217
author_cleaned,9,train,141
author_cleaned,9,train,240
author_cleaned,9,train,129
author_cleaned,9,train,188
author_cleaned,9,train,27
author_cleaned,9,train,213
author_cleaned,9,train,8
author_cleaned,9,train,310
author_cleaned,9,train,33
author_cleaned,9,train,199
author_cleaned,9,train,126
author_cleaned,9,train,151
author_cleaned,9,train,104
author_cleaned,9,train,368
author_cleaned,9,train,154
author_cleaned,9,train,106
author_cleaned,9,train,258
author_cleaned,9,train,11
author_cleaned,9,train,58
author_cleaned,9,train,9
author_cleaned,9,train,34
author_cleaned,9,train,5
author_cleaned,9,train,251
author_cleaned,9,train,352
author_cleaned,9,train,51
author_cleaned,9,train,19
author_cleaned,9,train,321
author_cleaned,9,train,249
author_cleaned,9,train,191
author_cleaned,9,train,197
author_cleaned,9,train,411
author_cleaned,9,train,215
author_cleaned,9,train,388
author_cleaned,9,train,105
author_cleaned,9,train,334
author_cleaned,9,train,66
author_cleaned,9,train,128
author_cleaned,9,train,253
author_cleaned,9,train,127
author_cleaned,9,train,206
author_cleaned,9,train,387
author_cleaned,9,train,200
author_cleaned,9,train,202
author_cleaned,9,train,264
author_cleaned,9,train,195
author_cleaned,9,train,385
author_cleaned,9,train,152
author_cleaned,9,train,269
author_cleaned,9,train,226
author_cleaned,9,train,256
author_cleaned,9,train,116
author_cleaned,9,train,308
author_cleaned,9,train,332
author_cleaned,9,train,233
author_cleaned,9,train,36
author_cleaned,9,train,74
author_cleaned,9,train,60
author_cleaned,9,train,313
author_cleaned,9,train,142
author_cleaned,9,train,415
author_cleaned,9,train,29
author_cleaned,9,train,232
author_cleaned,9,train,132
author_cleaned,9,train,250
author_cleaned,9,train,108
author_cleaned,9,train,231
author_cleaned,9,train,14
author_cleaned,9,train,187
author_cleaned,9,train,180
author_cleaned,9,train,44
author_cleaned,9,train,291
author_cleaned,9,train,375
author_cleaned,9,train,92
author_cleaned,9,train,406
author_cleaned,9,train,112
author_cleaned,9,train,93
author_cleaned,9,train,252
author_cleaned,9,train,389
author_cleaned,9,train,102
author_cleaned,9,train,52
author_cleaned,9,train,384
author_cleaned,9,train,265
author_cleaned,9,train,10
author_cleaned,9,train,228
author_cleaned,9,train,169
author_cleaned,9,train,386
author_cleaned,9,train,115
author_cleaned,9,train,22
author_cleaned,9,train,288
author_cleaned,9,train,157
author_cleaned,9,train,354
author_cleaned,9,train,177
author_cleaned,9,train,282
author_cleaned,9,train,260
author_cleaned,9,train,114
author_cleaned,9,train,409
author_cleaned,9,train,149
author_cleaned,9,train,394
author_cleaned,9,train,54
author_cleaned,9,train,300
author_cleaned,9,train,214
author_cleaned,9,train,353
author_cleaned,9,train,333
author_cleaned,9,train,330
author_cleaned,9,train,401
author_cleaned,9,train,45
author_cleaned,9,train,373
author_cleaned,9,train,147
author_cleaned,9,train,43
author_cleaned,9,train,224
author_cleaned,9,train,0
author_cleaned,9,train,344
author_cleaned,9,train,176
author_cleaned,9,train,348
author_cleaned,9,train,365
author_cleaned,9,train,322
author_cleaned,9,train,366
author_cleaned,9,train,276
author_cleaned,9,train,287
author_cleaned,9,train,99
author_cleaned,9,train,364
author_cleaned,9,train,245
author_cleaned,9,train,391
author_cleaned,9,train,37
author_cleaned,9,train,325
author_cleaned,9,train,307
author_cleaned,9,train,13
author_cleaned,9,train,405
author_cleaned,9,train,21
author_cleaned,9,train,320
author_cleaned,9,train,349
author_cleaned,9,train,297
author_cleaned,9,train,61
author_cleaned,9,train,271
author_cleaned,9,train,262
author_cleaned,9,train,137
author_cleaned,9,train,90
author_cleaned,9,train,413
author_cleaned,9,train,356
author_cleaned,9,train,318
author_cleaned,9,train,275
author_cleaned,9,train,397
author_cleaned,9,train,335
author_cleaned,9,train,210
author_cleaned,9,train,117
author_cleaned,9,train,86
author_cleaned,9,train,268
author_cleaned,9,train,205
author_cleaned,9,train,261
author_cleaned,9,train,17
author_cleaned,9,train,148
author_cleaned,9,train,379
author_cleaned,9,train,378
author_cleaned,9,train,286
author_cleaned,9,train,267
author_cleaned,9,train,227
author_cleaned,9,train,220
author_cleaned,9,train,219
author_cleaned,9,train,192
author_cleaned,9,train,82
author_cleaned,9,train,293
author_cleaned,9,train,59
author_cleaned,9,train,304
author_cleaned,9,train,150
author_cleaned,9,train,311
author_cleaned,9,train,383
author_cleaned,9,train,144
author_cleaned,9,train,281
author_cleaned,9,train,363
author_cleaned,9,train,1
author_cleaned,9,train,50
author_cleaned,9,train,28
author_cleaned,9,train,327
author_cleaned,9,train,303
author_cleaned,9,train,189
author_cleaned,9,train,166
author_cleaned,9,train,241
author_cleaned,9,train,70
author_cleaned,9,train,309
author_cleaned,9,train,326
author_cleaned,9,train,410
author_cleaned,9,train,350
author_cleaned,9,train,85
author_cleaned,9,train,235
author_cleaned,9,train,404
author_cleaned,9,train,263
author_cleaned,9,train,77
author_cleaned,9,train,185
author_cleaned,9,train,65
author_cleaned,9,train,266
author_cleaned,9,train,179
author_cleaned,9,train,155
author_cleaned,9,train,346
author_cleaned,9,train,289
author_cleaned,9,train,167
author_cleaned,9,train,239
author_cleaned,9,train,273
author_cleaned,9,train,345
author_cleaned,9,train,15
author_cleaned,9,train,156
author_cleaned,9,train,298
author_cleaned,9,train,395
author_cleaned,9,train,242
author_cleaned,9,train,302
author_cleaned,9,train,283
author_cleaned,9,train,153
author_cleaned,9,train,312
author_cleaned,9,train,305
author_cleaned,9,train,314
author_cleaned,9,train,370
author_cleaned,9,train,78
author_cleaned,9,train,26
author_cleaned,9,train,89
author_cleaned,9,train,162
author_cleaned,9,train,315
author_cleaned,9,train,75
author_cleaned,9,train,164
author_cleaned,9,test,203
author_cleaned,9,test,136
author_cleaned,9,test,359
author_cleaned,9,test,296
author_cleaned,9,test,71
author_cleaned,9,test,223
author_cleaned,9,test,41
author_cleaned,9,test,172
author_cleaned,9,test,211
author_cleaned,9,test,399
author_cleaned,9,test,196
author_cleaned,9,test,376
author_cleaned,9,test,83
author_cleaned,9,test,257
author_cleaned,9,test,173
author_cleaned,9,test,123
author_cleaned,9,test,390
author_cleaned,9,test,230
author_cleaned,9,test,134
author_cleaned,9,test,402
author_cleaned,9,test,244
author_cleaned,9,test,343
author_cleaned,9,test,76
author_cleaned,9,test,207
author_cleaned,9,test,113
author_cleaned,9,test,351
author_cleaned,9,test,46
author_cleaned,9,test,138
author_cleaned,9,test,16
author_cleaned,9,test,270
author_cleaned,9,test,57
author_cleaned,9,test,101
author_cleaned,9,test,221
author_cleaned,9,test,81
author_cleaned,9,test,204
author_cleaned,9,test,12
author_cleaned,9,test,174
author_cleaned,9,test,414
author_cleaned,9,test,6
author_cleaned,9,test,145
author_cleaned,9,test,246
author_cleaned,9,test,103
author_cleaned,9,test,161
author_cleaned,9,test,299
author_cleaned,9,test,329
author_cleaned,9,test,255
author_cleaned,9,test,158
author_cleaned,9,test,49
author_cleaned,9,test,362
author_cleaned,9,test,259
author_cleaned,9,test,284
author_cleaned,9,test,184
author_cleaned,9,test,110
author_cleaned,9,test,24
author_cleaned,9,test,323
author_cleaned,9,test,42
author_cleaned,9,test,130
author_cleaned,9,test,400
author_cleaned,9,test,175
author_cleaned,9,test,278
author_cleaned,9,test,23
author_cleaned,9,test,374
author_cleaned,9,test,109
author_cleaned,9,test,216
author_cleaned,9,test,243
author_cleaned,9,test,39
author_cleaned,9,test,181
author_cleaned,9,test,165
independent_cleaned,2001,train,205
independent_cleaned,2001,train,196
independent_cleaned,2001,train,116
independent_cleaned,2001,train,241
independent_cleaned,2001,train,354
independent_cleaned,2001,train,207
independent_cleaned,2001,train,139
independent_cleaned,2001,train,338
independent_cleaned,2001,train,58
independent_cleaned,2001,train,197
independent_cleaned,2001,train,265
independent_cleaned,2001,train,250
independent_cleaned,2001,train,373
independent_cleaned,2001,train,381
independent_cleaned,2001,train,315
independent_cleaned,2001,train,267
independent_cleaned,2001,train,45
independent_cleaned,2001,train,249
independent_cleaned,2001,train,346
independent_cleaned,2001,train,37
independent_cleaned,2001,train,63
independent_cleaned,2001,train,238
independent_cleaned,2001,train,82
independent_cleaned,2001,train,14
independent_cleaned,2001,train,179
independent_cleaned,2001,train,145
independent_cleaned,2001,train,291
independent_cleaned,2001,train,178
independent_cleaned,2001,train,273
independent_cleaned,2001,train,62
independent_cleaned,2001,train,9
independent_cleaned,2001,train,193
independent_cleaned,2001,train,137
independent_cleaned,2001,train,169
independent_cleaned,2001,train,304
independent_cleaned,2001,train,262
independent_cleaned,2001,train,244
independent_cleaned,2001,train,23
independent_cleaned,2001,train,252
independent_cleaned,2001,train,257
independent_cleaned,2001,train,190
independent_cleaned,2001,train,18
independent_cleaned,2001,train,403
independent_cleaned,2001,train,147
independent_cleaned,2001,train,410
independent_cleaned,2001,train,392
independent_cleaned,2001,train,311
independent_cleaned,2001,train,225
independent_cleaned,2001,train,402
independent_cleaned,2001,train,412
independent_cleaned,2001,train,110
independent_cleaned,2001,train,202
independent_cleaned,2001,train,417
independent_cleaned,2001,train,90
independent_cleaned,2001,train,237
independent_cleaned,2001,train,318
independent_cleaned,2001,train,282
independent_cleaned,2001,train,71
independent_cleaned,2001,train,52
independent_cleaned,2001,train,349
independent_cleaned,2001,train,129
independent_cleaned,2001,train,388
independent_cleaned,2001,train,24
independent_cleaned,2001,train,390
independent_cleaned,2001,train,188
independent_cleaned,2001,train,67
independent_cleaned,2001,train,184
independent_cleaned,2001,train,336
independent_cleaned,2001,train,1
independent_cleaned,2001,train,149
independent_cleaned,2001,train,242
independent_cleaned,2001,train,323
independent_cleaned,2001,train,406
independent_cleaned,2001,train,47
independent_cleaned,2001,train,115
independent_cleaned,2001,train,36
independent_cleaned,2001,train,221
independent_cleaned,2001,train,278
independent_cleaned,2001,train,21
independent_cleaned,2001,train,300
independent_cleaned,2001,train,362
independent_cleaned,2001,train,295
independent_cleaned,2001,train,398
independent_cleaned,2001,train,333
independent_cleaned,2001,train,96
independent_cleaned,2001,train,341
independent_cleaned,2001,train,101
independent_cleaned,2001,train,141
independent_cleaned,2001,train,263
independent_cleaned,2001,train,44
independent_cleaned,2001,train,251
independent_cleaned,2001,train,5
independent_cleaned,2001,train,286
independent_cleaned,2001,train,418
independent_cleaned,2001,train,228
independent_cleaned,2001,train,255
independent_cleaned,2001,train,59
independent_cleaned,2001,train,65
independent_cleaned,2001,train,248
independent_cleaned,2001,train,285
independent_cleaned,2001,train,360
independent_cleaned,2001,train,266
independent_cleaned,2001,train,352
independent_cleaned,2001,train,359
independent_cleaned,2001,train,367
independent_cleaned,2001,train,136
independent_cleaned,2001,train,350
independent_cleaned,2001,train,301
independent_cleaned,2001,train,191
independent_cleaned,2001,train,161
independent_cleaned,2001,train,16
independent_cleaned,2001,train,99
independent_cleaned,2001,train,269
independent_cleaned,2001,train,394
independent_cleaned,2001,train,365
independent_cleaned,2001,train,105
independent_cleaned,2001,train,261
independent_cleaned,2001,train,331
independent_cleaned,2001,train,380
independent_cleaned,2001,train,10
independent_cleaned,2001,train,89
independent_cleaned,2001,train,337
independent_cleaned,2001,train,351
independent_cleaned,2001,train,114
independent_cleaned,2001,train,330
independent_cleaned,2001,train,135
independent_cleaned,2001,train,70
independent_cleaned,2001,train,325
independent_cleaned,2001,train,17
independent_cleaned,2001,train,375
independent_cleaned,2001,train,339
independent_cleaned,2001,train,213
independent_cleaned,2001,train,15
independent_cleaned,2001,train,102
independent_cleaned,2001,train,13
independent_cleaned,2001,train,146
independent_cleaned,2001,train,370
independent_cleaned,2001,train,329
independent_cleaned,2001,train,235
independent_cleaned,2001,train,176
independent_cleaned,2001,train,167
independent_cleaned,2001,train,343
independent_cleaned,2001,train,270
independent_cleaned,2001,train,144
independent_cleaned,2001,train,324
independent_cleaned,2001,train,407
independent_cleaned,2001,train,57
independent_cleaned,2001,train,303
independent_cleaned,2001,train,382
independent_cleaned,2001,train,220
independent_cleaned,2001,train,298
independent_cleaned,2001,train,327
independent_cleaned,2001,train,54
independent_cleaned,2001,train,223
independent_cleaned,2001,train,321
independent_cleaned,2001,train,379
independent_cleaned,2001,train,209
independent_cleaned,2001,train,383
independent_cleaned,2001,train,203
independent_cleaned,2001,train,216
independent_cleaned,2001,train,332
independent_cleaned,2001,train,227
independent_cleaned,2001,train,133
independent_cleaned,2001,train,395
independent_cleaned,2001,train,326
independent_cleaned,2001,train,43
independent_cleaned,2001,train,409
independent_cleaned,2001,train,208
independent_cleaned,2001,train,128
independent_cleaned,2001,train,81
independent_cleaned,2001,train,416
independent_cleaned,2001,train,20
independent_cleaned,2001,train,246
independent_cleaned,2001,train,353
independent_cleaned,2001,train,386
independent_cleaned,2001,train,172
independent_cleaned,2001,train,75
independent_cleaned,2001,train,46
independent_cleaned,2001,train,26
independent_cleaned,2001,train,348
independent_cleaned,2001,train,199
independent_cleaned,2001,train,215
independent_cleaned,2001,train,356
independent_cleaned,2001,train,174
independent_cleaned,2001,train,189
independent_cleaned,2001,train,240
independent_cleaned,2001,train,0
independent_cleaned,2001,train,185
independent_cleaned,2001,train,320
independent_cleaned,2001,train,204
independent_cleaned,2001,train,64
independent_cleaned,2001,train,85
independent_cleaned,2001,train,372
independent_cleaned,2001,train,214
independent_cleaned,2001,train,200
independent_cleaned,2001,train,97
independent_cleaned,2001,train,387
independent_cleaned,2001,train,117
independent_cleaned,2001,train,153
independent_cleaned,2001,train,73
independent_cleaned,2001,train,86
independent_cleaned,2001,train,106
independent_cleaned,2001,train,292
independent_cleaned,2001,train,378
independent_cleaned,2001,train,8
independent_cleaned,2001,train,233
independent_cleaned,2001,train,132
independent_cleaned,2001,train,224
independent_cleaned,2001,train,218
independent_cleaned,2001,train,206
independent_cleaned,2001,train,29
independent_cleaned,2001,train,414
independent_cleaned,2001,train,173
independent_cleaned,2001,train,376
independent_cleaned,2001,train,98
independent_cleaned,2001,train,368
independent_cleaned,2001,train,125
independent_cleaned,2001,train,260
independent_cleaned,2001,train,284
independent_cleaned,2001,train,138
independent_cleaned,2001,train,3
independent_cleaned,2001,train,131
independent_cleaned,2001,train,154
independent_cleaned,2001,train,345
independent_cleaned,2001,train,344
independent_cleaned,2001,train,28
independent_cleaned,2001,train,397
independent_cleaned,2001,train,107
independent_cleaned,2001,train,347
independent_cleaned,2001,train,166
independent_cleaned,2001,train,296
independent_cleaned,2001,train,171
independent_cleaned,2001,train,283
independent_cleaned,2001,train,156
independent_cleaned,2001,train,400
independent_cleaned,2001,train,288
independent_cleaned,2001,train,259
independent_cleaned,2001,train,165
independent_cleaned,2001,train,140
independent_cleaned,2001,train,363
independent_cleaned,2001,train,192
independent_cleaned,2001,train,93
independent_cleaned,2001,train,157
independent_cleaned,2001,train,335
independent_cleaned,2001,train,401
independent_cleaned,2001,train,322
independent_cleaned,2001,train,177
independent_cleaned,2001,train,305
independent_cleaned,2001,train,60
independent_cleaned,2001,train,309
independent_cleaned,2001,train,150
independent_cleaned,2001,train,355
independent_cleaned,2001,train,219
independent_cleaned,2001,train,275
independent_cleaned,2001,train,413
independent_cleaned,2001,train,180
independent_cleaned,2001,train,76
independent_cleaned,2001,train,243
independent_cleaned,2001,train,159
independent_cleaned,2001,train,217
independent_cleaned,2001,train,175
independent_cleaned,2001,train,109
independent_cleaned,2001,train,134
independent_cleaned,2001,train,389
independent_cleaned,2001,train,306
independent_cleaned,2001,train,181
independent_cleaned,2001,train,48
independent_cleaned,2001,train,316
independent_cleaned,2001,train,151
independent_cleaned,2001,train,30
independent_cleaned,2001,train,361
independent_cleaned,2001,train,74
independent_cleaned,2001,train,385
independent_cleaned,2001,train,51
independent_cleaned,2001,train,158
independent_cleaned,2001,train,313
independent_cleaned,2001,train,256
independent_cleaned,2001,train,130
independent_cleaned,2001,train,230
independent_cleaned,2001,train,19
independent_cleaned,2001,train,6
independent_cleaned,2001,train,312
independent_cleaned,2001,test,61
independent_cleaned,2001,test,104
independent_cleaned,2001,test,108
independent_cleaned,2001,test,11
independent_cleaned,2001,test,42
independent_cleaned,2001,test,226
independent_cleaned,2001,test,187
independent_cleaned,2001,test,39
independent_cleaned,2001,test,411
independent_cleaned,2001,test,155
independent_cleaned,2001,test,307
independent_cleaned,2001,test,314
independent_cleaned,2001,test,281
independent_cleaned,2001,test,164
independent_cleaned,2001,test,103
independent_cleaned,2001,test,377
independent_cleaned,2001,test,112
independent_cleaned,2001,test,123
independent_cleaned,2001,test,22
independent_cleaned,2001,test,366
independent_cleaned,2001,test,264
independent_cleaned,2001,test,404
independent_cleaned,2001,test,66
independent_cleaned,2001,test,231
independent_cleaned,2001,test,280
independent_cleaned,2001,test,211
independent_cleaned,2001,test,232
independent_cleaned,2001,test,148
independent_cleaned,2001,test,374
independent_cleaned,2001,test,297
independent_cleaned,2001,test,142
independent_cleaned,2001,test,399
independent_cleaned,2001,test,113
independent_cleaned,2001,test,258
independent_cleaned,2001,test,371
independent_cleaned,2001,test,152
independent_cleaned,2001,test,100
independent_cleaned,2001,test,253
independent_cleaned,2001,test,289
independent_cleaned,2001,test,384
independent_cleaned,2001,test,41
independent_cleaned,2001,test,334
independent_cleaned,2001,test,357
independent_cleaned,2001,test,12
independent_cleaned,2001,test,120
independent_cleaned,2001,test,310
independent_cleaned,2001,test,299
independent_cleaned,2001,test,195
independent_cleaned,2001,test,405
independent_cleaned,2001,test,271
independent_cleaned,2001,test,126
independent_cleaned,2001,test,27
independent_cleaned,2001,test,239
independent_cleaned,2001,test,68
independent_cleaned,2001,test,49
independent_cleaned,2001,test,162
independent_cleaned,2001,test,92
independent_cleaned,2001,test,319
independent_cleaned,2001,test,308
independent_cleaned,2001,test,33
independent_cleaned,2001,test,34
independent_cleaned,2001,test,369
independent_cleaned,2001,test,50
independent_cleaned,2001,test,245
independent_cleaned,2001,test,276
independent_cleaned,2001,test,127
independent_cleaned,2001,test,77
independent_cleaned,2001,test,364
independent_cleaned,2001,test,302
independent_cleaned,2001,test,287
independent_cleaned,2001,test,78
independent_cleaned,0,train,311
independent_cleaned,0,train,362
independent_cleaned,0,train,368
independent_cleaned,0,train,398
independent_cleaned,0,train,176
independent_cleaned,0,train,24
independent_cleaned,0,train,245
independent_cleaned,0,train,175
independent_cleaned,0,train,61
independent_cleaned,0,train,196
independent_cleaned,0,train,349
independent_cleaned,0,train,218
independent_cleaned,0,train,221
independent_cleaned,0,train,314
independent_cleaned,0,train,131
independent_cleaned,0,train,26
independent_cleaned,0,train,152
independent_cleaned,0,train,113
independent_cleaned,0,train,178
independent_cleaned,0,train,164
independent_cleaned,0,train,82
independent_cleaned,0,train,315
independent_cleaned,0,train,15
independent_cleaned,0,train,150
independent_cleaned,0,train,371
independent_cleaned,0,train,346
independent_cleaned,0,train,207
independent_cleaned,0,train,20
independent_cleaned,0,train,418
independent_cleaned,0,train,341
independent_cleaned,0,train,380
independent_cleaned,0,train,325
independent_cleaned,0,train,217
independent_cleaned,0,train,132
independent_cleaned,0,train,180
independent_cleaned,0,train,275
independent_cleaned,0,train,333
independent_cleaned,0,train,154
independent_cleaned,0,train,213
independent_cleaned,0,train,367
independent_cleaned,0,train,179
independent_cleaned,0,train,262
independent_cleaned,0,train,104
independent_cleaned,0,train,1
independent_cleaned,0,train,165
independent_cleaned,0,train,11
independent_cleaned,0,train,356
independent_cleaned,0,train,287
independent_cleaned,0,train,235
independent_cleaned,0,train,332
independent_cleaned,0,train,361
independent_cleaned,0,train,246
independent_cleaned,0,train,320
independent_cleaned,0,train,406
independent_cleaned,0,train,303
independent_cleaned,0,train,8
independent_cleaned,0,train,42
independent_cleaned,0,train,395
independent_cleaned,0,train,43
independent_cleaned,0,train,204
independent_cleaned,0,train,126
independent_cleaned,0,train,108
independent_cleaned,0,train,251
independent_cleaned,0,train,187
independent_cleaned,0,train,410
independent_cleaned,0,train,405
independent_cleaned,0,train,224
independent_cleaned,0,train,137
independent_cleaned,0,train,58
independent_cleaned,0,train,339
independent_cleaned,0,train,215
independent_cleaned,0,train,96
independent_cleaned,0,train,171
independent_cleaned,0,train,399
independent_cleaned,0,train,197
independent_cleaned,0,train,369
independent_cleaned,0,train,36
independent_cleaned,0,train,288
independent_cleaned,0,train,379
independent_cleaned,0,train,33
independent_cleaned,0,train,267
independent_cleaned,0,train,208
independent_cleaned,0,train,330
independent_cleaned,0,train,172
independent_cleaned,0,train,285
independent_cleaned,0,train,211
independent_cleaned,0,train,286
independent_cleaned,0,train,295
independent_cleaned,0,train,44
independent_cleaned,0,train,266
independent_cleaned,0,train,252
independent_cleaned,0,train,270
independent_cleaned,0,train,269
independent_cleaned,0,train,54
independent_cleaned,0,train,230
independent_cleaned,0,train,159
independent_cleaned,0,train,117
independent_cleaned,0,train,140
independent_cleaned,0,train,206
independent_cleaned,0,train,291
independent_cleaned,0,train,261
independent_cleaned,0,train,21
independent_cleaned,0,train,301
independent_cleaned,0,train,102
independent_cleaned,0,train,414
independent_cleaned,0,train,92
independent_cleaned,0,train,263
independent_cleaned,0,train,357
independent_cleaned,0,train,403
independent_cleaned,0,train,316
independent_cleaned,0,train,199
independent_cleaned,0,train,292
independent_cleaned,0,train,200
independent_cleaned,0,train,106
independent_cleaned,0,train,416
independent_cleaned,0,train,148
independent_cleaned,0,train,327
independent_cleaned,0,train,392
independent_cleaned,0,train,139
independent_cleaned,0,train,185
independent_cleaned,0,train,195
independent_cleaned,0,train,189
independent_cleaned,0,train,19
independent_cleaned,0,train,276
independent_cleaned,0,train,98
independent_cleaned,0,train,138
independent_cleaned,0,train,347
independent_cleaned,0,train,296
independent_cleaned,0,train,173
independent_cleaned,0,train,310
independent_cleaned,0,train,6
independent_cleaned,0,train,125
independent_cleaned,0,train,302
independent_cleaned,0,train,75
independent_cleaned,0,train,85
independent_cleaned,0,train,338
independent_cleaned,0,train,240
independent_cleaned,0,train,191
independent_cleaned,0,train,260
independent_cleaned,0,train,329
independent_cleaned,0,train,282
independent_cleaned,0,train,390
independent_cleaned,0,train,49
independent_cleaned,0,train,141
independent_cleaned,0,train,16
independent_cleaned,0,train,136
independent_cleaned,0,train,326
independent_cleaned,0,train,5
independent_cleaned,0,train,289
independent_cleaned,0,train,155
independent_cleaned,0,train,28
independent_cleaned,0,train,37
independent_cleaned,0,train,100
independent_cleaned,0,train,232
independent_cleaned,0,train,227
independent_cleaned,0,train,388
independent_cleaned,0,train,378
independent_cleaned,0,train,308
independent_cleaned,0,train,22
independent_cleaned,0,train,363
independent_cleaned,0,train,365
independent_cleaned,0,train,225
independent_cleaned,0,train,401
independent_cleaned,0,train,103
independent_cleaned,0,train,63
independent_cleaned,0,train,3
independent_cleaned,0,train,14
independent_cleaned,0,train,133
independent_cleaned,0,train,344
independent_cleaned,0,train,109
independent_cleaned,0,train,13
independent_cleaned,0,train,45
independent_cleaned,0,train,400
independent_cleaned,0,train,71
independent_cleaned,0,train,50
independent_cleaned,0,train,17
independent_cleaned,0,train,192
independent_cleaned,0,train,62
independent_cleaned,0,train,257
independent_cleaned,0,train,336
independent_cleaned,0,train,407
independent_cleaned,0,train,397
independent_cleaned,0,train,354
independent_cleaned,0,train,411
independent_cleaned,0,train,153
independent_cleaned,0,train,271
independent_cleaned,0,train,76
independent_cleaned,0,train,323
independent_cleaned,0,train,161
independent_cleaned,0,train,231
independent_cleaned,0,train,27
independent_cleaned,0,train,52
independent_cleaned,0,train,0
independent_cleaned,0,train,248
independent_cleaned,0,train,359
independent_cleaned,0,train,127
independent_cleaned,0,train,220
independent_cleaned,0,train,312
independent_cleaned,0,train,120
independent_cleaned,0,train,386
independent_cleaned,0,train,123
independent_cleaned,0,train,370
independent_cleaned,0,train,209
independent_cleaned,0,train,89
independent_cleaned,0,train,60
independent_cleaned,0,train,255
independent_cleaned,0,train,280
independent_cleaned,0,train,184
independent_cleaned,0,train,177
independent_cleaned,0,train,223
independent_cleaned,0,train,162
independent_cleaned,0,train,376
independent_cleaned,0,train,417
independent_cleaned,0,train,319
independent_cleaned,0,train,250
independent_cleaned,0,train,107
independent_cleaned,0,train,151
independent_cleaned,0,train,364
independent_cleaned,0,train,385
independent_cleaned,0,train,115
independent_cleaned,0,train,105
independent_cleaned,0,train,324
independent_cleaned,0,train,149
independent_cleaned,0,train,351
independent_cleaned,0,train,70
independent_cleaned,0,train,313
independent_cleaned,0,train,374
independent_cleaned,0,train,51
independent_cleaned,0,train,134
independent_cleaned,0,train,331
independent_cleaned,0,train,372
independent_cleaned,0,train,47
independent_cleaned,0,train,65
independent_cleaned,0,train,366
independent_cleaned,0,train,158
independent_cleaned,0,train,350
independent_cleaned,0,train,34
independent_cleaned,0,train,226
independent_cleaned,0,train,203
independent_cleaned,0,train,188
independent_cleaned,0,train,300
independent_cleaned,0,train,249
independent_cleaned,0,train,39
independent_cleaned,0,train,41
independent_cleaned,0,train,157
independent_cleaned,0,train,228
independent_cleaned,0,train,389
independent_cleaned,0,train,348
independent_cleaned,0,train,381
independent_cleaned,0,train,181
independent_cleaned,0,train,345
independent_cleaned,0,train,387
independent_cleaned,0,train,219
independent_cleaned,0,train,128
independent_cleaned,0,train,243
independent_cleaned,0,train,299
independent_cleaned,0,train,145
independent_cleaned,0,train,322
independent_cleaned,0,train,93
independent_cleaned,0,train,29
independent_cleaned,0,train,205
independent_cleaned,0,train,402
independent_cleaned,0,train,216
independent_cleaned,0,train,404
independent_cleaned,0,train,48
independent_cleaned,0,train,239
independent_cleaned,0,train,375
independent_cleaned,0,train,112
independent_cleaned,0,train,90
independent_cleaned,0,train,110
independent_cleaned,0,train,352
independent_cleaned,0,train,298
independent_cleaned,0,train,335
independent_cleaned,0,train,259
independent_cleaned,0,train,12
independent_cleaned,0,train,241
independent_cleaned,0,train,307
independent_cleaned,0,train,384
independent_cleaned,0,train,238
independent_cleaned,0,train,147
independent_cleaned,0,train,59
independent_cleaned,0,train,214
independent_cleaned,0,test,9
independent_cleaned,0,test,174
independent_cleaned,0,test,360
independent_cleaned,0,test,265
independent_cleaned,0,test,114
independent_cleaned,0,test,278
independent_cleaned,0,test,144
independent_cleaned,0,test,74
independent_cleaned,0,test,46
independent_cleaned,0,test,353
independent_cleaned,0,test,30
independent_cleaned,0,test,343
independent_cleaned,0,test,284
independent_cleaned,0,test,377
independent_cleaned,0,test,169
independent_cleaned,0,test,258
independent_cleaned,0,test,167
independent_cleaned,0,test,337
independent_cleaned,0,test,81
independent_cleaned,0,test,394
independent_cleaned,0,test,242
independent_cleaned,0,test,297
independent_cleaned,0,test,57
independent_cleaned,0,test,253
independent_cleaned,0,test,283
independent_cleaned,0,test,281
independent_cleaned,0,test,99
independent_cleaned,0,test,101
independent_cleaned,0,test,18
independent_cleaned,0,test,129
independent_cleaned,0,test,304
independent_cleaned,0,test,156
independent_cleaned,0,test,64
independent_cleaned,0,test,67
independent_cleaned,0,test,66
independent_cleaned,0,test,233
independent_cleaned,0,test,190
independent_cleaned,0,test,116
independent_cleaned,0,test,321
independent_cleaned,0,test,142
independent_cleaned,0,test,23
independent_cleaned,0,test,264
independent_cleaned,0,test,244
independent_cleaned,0,test,382
independent_cleaned,0,test,412
independent_cleaned,0,test,355
independent_cleaned,0,test,135
independent_cleaned,0,test,86
independent_cleaned,0,test,97
independent_cleaned,0,test,193
independent_cleaned,0,test,309
independent_cleaned,0,test,373
independent_cleaned,0,test,413
independent_cleaned,0,test,305
independent_cleaned,0,test,10
independent_cleaned,0,test,78
independent_cleaned,0,test,409
independent_cleaned,0,test,237
independent_cleaned,0,test,318
independent_cleaned,0,test,273
independent_cleaned,0,test,73
independent_cleaned,0,test,130
independent_cleaned,0,test,166
independent_cleaned,0,test,68
independent_cleaned,0,test,146
independent_cleaned,0,test,306
independent_cleaned,0,test,334
independent_cleaned,0,test,202
independent_cleaned,0,test,256
independent_cleaned,0,test,383
independent_cleaned,0,test,77
independent_cleaned,1,train,150
independent_cleaned,1,train,36
independent_cleaned,1,train,71
independent_cleaned,1,train,191
independent_cleaned,1,train,131
independent_cleaned,1,train,361
independent_cleaned,1,train,354
independent_cleaned,1,train,273
independent_cleaned,1,train,313
independent_cleaned,1,train,303
independent_cleaned,1,train,103
independent_cleaned,1,train,325
independent_cleaned,1,train,373
independent_cleaned,1,train,213
independent_cleaned,1,train,228
independent_cleaned,1,train,265
independent_cleaned,1,train,17
independent_cleaned,1,train,332
independent_cleaned,1,train,147
independent_cleaned,1,train,255
independent_cleaned,1,train,63
independent_cleaned,1,train,12
independent_cleaned,1,train,173
independent_cleaned,1,train,19
independent_cleaned,1,train,172
independent_cleaned,1,train,0
independent_cleaned,1,train,200
independent_cleaned,1,train,276
independent_cleaned,1,train,76
independent_cleaned,1,train,301
independent_cleaned,1,train,202
independent_cleaned,1,train,356
independent_cleaned,1,train,90
independent_cleaned,1,train,252
independent_cleaned,1,train,153
independent_cleaned,1,train,50
independent_cleaned,1,train,47
independent_cleaned,1,train,261
independent_cleaned,1,train,197
independent_cleaned,1,train,307
independent_cleaned,1,train,350
independent_cleaned,1,train,48
independent_cleaned,1,train,397
independent_cleaned,1,train,101
independent_cleaned,1,train,314
independent_cleaned,1,train,180
independent_cleaned,1,train,398
independent_cleaned,1,train,20
independent_cleaned,1,train,318
independent_cleaned,1,train,284
independent_cleaned,1,train,112
independent_cleaned,1,train,214
independent_cleaned,1,train,352
independent_cleaned,1,train,51
independent_cleaned,1,train,164
independent_cleaned,1,train,282
independent_cleaned,1,train,238
independent_cleaned,1,train,221
independent_cleaned,1,train,181
independent_cleaned,1,train,395
independent_cleaned,1,train,362
independent_cleaned,1,train,335
independent_cleaned,1,train,129
independent_cleaned,1,train,43
independent_cleaned,1,train,139
independent_cleaned,1,train,233
independent_cleaned,1,train,306
independent_cleaned,1,train,394
independent_cleaned,1,train,22
independent_cleaned,1,train,344
independent_cleaned,1,train,54
independent_cleaned,1,train,336
independent_cleaned,1,train,383
independent_cleaned,1,train,237
independent_cleaned,1,train,137
independent_cleaned,1,train,365
independent_cleaned,1,train,102
independent_cleaned,1,train,411
independent_cleaned,1,train,256
independent_cleaned,1,train,11
independent_cleaned,1,train,300
independent_cleaned,1,train,128
independent_cleaned,1,train,368
independent_cleaned,1,train,349
independent_cleaned,1,train,372
independent_cleaned,1,train,34
independent_cleaned,1,train,39
independent_cleaned,1,train,67
independent_cleaned,1,train,217
independent_cleaned,1,train,41
independent_cleaned,1,train,270
independent_cleaned,1,train,60
independent_cleaned,1,train,351
independent_cleaned,1,train,287
independent_cleaned,1,train,42
independent_cleaned,1,train,44
independent_cleaned,1,train,382
independent_cleaned,1,train,77
independent_cleaned,1,train,195
independent_cleaned,1,train,158
independent_cleaned,1,train,58
independent_cleaned,1,train,82
independent_cleaned,1,train,243
independent_cleaned,1,train,404
independent_cleaned,1,train,400
independent_cleaned,1,train,410
independent_cleaned,1,train,343
independent_cleaned,1,train,57
independent_cleaned,1,train,208
independent_cleaned,1,train,59
independent_cleaned,1,train,142
independent_cleaned,1,train,219
independent_cleaned,1,train,347
independent_cleaned,1,train,49
independent_cleaned,1,train,24
independent_cleaned,1,train,130
independent_cleaned,1,train,204
independent_cleaned,1,train,89
independent_cleaned,1,train,65
independent_cleaned,1,train,171
independent_cleaned,1,train,28
independent_cleaned,1,train,345
independent_cleaned,1,train,231
independent_cleaned,1,train,227
independent_cleaned,1,train,166
independent_cleaned,1,train,324
independent_cleaned,1,train,146
independent_cleaned,1,train,260
independent_cleaned,1,train,176
independent_cleaned,1,train,363
independent_cleaned,1,train,253
independent_cleaned,1,train,326
independent_cleaned,1,train,68
independent_cleaned,1,train,75
independent_cleaned,1,train,403
independent_cleaned,1,train,281
independent_cleaned,1,train,283
independent_cleaned,1,train,107
independent_cleaned,1,train,224
independent_cleaned,1,train,417
independent_cleaned,1,train,144
independent_cleaned,1,train,389
independent_cleaned,1,train,367
independent_cleaned,1,train,271
independent_cleaned,1,train,148
independent_cleaned,1,train,331
independent_cleaned,1,train,211
independent_cleaned,1,train,179
independent_cleaned,1,train,412
independent_cleaned,1,train,366
independent_cleaned,1,train,66
independent_cleaned,1,train,218
independent_cleaned,1,train,376
independent_cleaned,1,train,240
independent_cleaned,1,train,244
independent_cleaned,1,train,262
independent_cleaned,1,train,406
independent_cleaned,1,train,312
independent_cleaned,1,train,225
independent_cleaned,1,train,402
independent_cleaned,1,train,127
independent_cleaned,1,train,132
independent_cleaned,1,train,302
independent_cleaned,1,train,161
independent_cleaned,1,train,126
independent_cleaned,1,train,379
independent_cleaned,1,train,105
independent_cleaned,1,train,304
independent_cleaned,1,train,286
independent_cleaned,1,train,74
independent_cleaned,1,train,120
independent_cleaned,1,train,239
independent_cleaned,1,train,174
independent_cleaned,1,train,199
independent_cleaned,1,train,184
independent_cleaned,1,train,269
independent_cleaned,1,train,249
independent_cleaned,1,train,189
independent_cleaned,1,train,388
independent_cleaned,1,train,167
independent_cleaned,1,train,104
independent_cleaned,1,train,154
independent_cleaned,1,train,27
independent_cleaned,1,train,13
independent_cleaned,1,train,16
independent_cleaned,1,train,125
independent_cleaned,1,train,258
independent_cleaned,1,train,296
independent_cleaned,1,train,70
independent_cleaned,1,train,45
independent_cleaned,1,train,384
independent_cleaned,1,train,23
independent_cleaned,1,train,371
independent_cleaned,1,train,98
independent_cleaned,1,train,246
independent_cleaned,1,train,100
independent_cleaned,1,train,320
independent_cleaned,1,train,413
independent_cleaned,1,train,185
independent_cleaned,1,train,370
independent_cleaned,1,train,3
independent_cleaned,1,train,64
independent_cleaned,1,train,319
independent_cleaned,1,train,309
independent_cleaned,1,train,315
independent_cleaned,1,train,226
independent_cleaned,1,train,188
independent_cleaned,1,train,381
independent_cleaned,1,train,235
independent_cleaned,1,train,97
independent_cleaned,1,train,299
independent_cleaned,1,train,405
independent_cleaned,1,train,110
independent_cleaned,1,train,295
independent_cleaned,1,train,177
independent_cleaned,1,train,353
independent_cleaned,1,train,323
independent_cleaned,1,train,348
independent_cleaned,1,train,169
independent_cleaned,1,train,206
independent_cleaned,1,train,106
independent_cleaned,1,train,192
independent_cleaned,1,train,337
independent_cleaned,1,train,156
independent_cleaned,1,train,241
independent_cleaned,1,train,322
independent_cleaned,1,train,387
independent_cleaned,1,train,133
independent_cleaned,1,train,190
independent_cleaned,1,train,341
independent_cleaned,1,train,278
independent_cleaned,1,train,29
independent_cleaned,1,train,242
independent_cleaned,1,train,78
independent_cleaned,1,train,18
independent_cleaned,1,train,357
independent_cleaned,1,train,138
independent_cleaned,1,train,30
independent_cleaned,1,train,99
independent_cleaned,1,train,52
independent_cleaned,1,train,338
independent_cleaned,1,train,5
independent_cleaned,1,train,386
independent_cleaned,1,train,61
independent_cleaned,1,train,407
independent_cleaned,1,train,37
independent_cleaned,1,train,151
independent_cleaned,1,train,145
independent_cleaned,1,train,392
independent_cleaned,1,train,264
independent_cleaned,1,train,321
independent_cleaned,1,train,257
independent_cleaned,1,train,377
independent_cleaned,1,train,1
independent_cleaned,1,train,374
independent_cleaned,1,train,26
independent_cleaned,1,train,378
independent_cleaned,1,train,380
independent_cleaned,1,train,10
independent_cleaned,1,train,175
independent_cleaned,1,train,109
independent_cleaned,1,train,297
independent_cleaned,1,train,263
independent_cleaned,1,train,86
independent_cleaned,1,train,62
independent_cleaned,1,train,193
independent_cleaned,1,train,308
independent_cleaned,1,train,310
independent_cleaned,1,train,334
independent_cleaned,1,train,220
independent_cleaned,1,train,339
independent_cleaned,1,train,291
independent_cleaned,1,train,92
independent_cleaned,1,train,159
independent_cleaned,1,train,178
independent_cleaned,1,train,399
independent_cleaned,1,train,165
independent_cleaned,1,train,250
independent_cleaned,1,train,311
independent_cleaned,1,train,93
independent_cleaned,1,train,288
independent_cleaned,1,train,46
independent_cleaned,1,test,187
independent_cleaned,1,test,209
independent_cleaned,1,test,115
independent_cleaned,1,test,360
independent_cleaned,1,test,359
independent_cleaned,1,test,375
independent_cleaned,1,test,390
independent_cleaned,1,test,346
independent_cleaned,1,test,275
independent_cleaned,1,test,216
independent_cleaned,1,test,140
independent_cleaned,1,test,157
independent_cleaned,1,test,152
independent_cleaned,1,test,401
independent_cleaned,1,test,223
independent_cleaned,1,test,14
independent_cleaned,1,test,162
independent_cleaned,1,test,113
independent_cleaned,1,test,333
independent_cleaned,1,test,135
independent_cleaned,1,test,289
independent_cleaned,1,test,108
independent_cleaned,1,test,114
independent_cleaned,1,test,329
independent_cleaned,1,test,285
independent_cleaned,1,test,305
independent_cleaned,1,test,6
independent_cleaned,1,test,414
independent_cleaned,1,test,316
independent_cleaned,1,test,416
independent_cleaned,1,test,298
independent_cleaned,1,test,327
independent_cleaned,1,test,117
independent_cleaned,1,test,123
independent_cleaned,1,test,9
independent_cleaned,1,test,203
independent_cleaned,1,test,196
independent_cleaned,1,test,232
independent_cleaned,1,test,248
independent_cleaned,1,test,215
independent_cleaned,1,test,259
independent_cleaned,1,test,245
independent_cleaned,1,test,330
independent_cleaned,1,test,155
independent_cleaned,1,test,149
independent_cleaned,1,test,21
independent_cleaned,1,test,385
independent_cleaned,1,test,134
independent_cleaned,1,test,96
independent_cleaned,1,test,207
independent_cleaned,1,test,116
independent_cleaned,1,test,280
independent_cleaned,1,test,81
independent_cleaned,1,test,292
independent_cleaned,1,test,205
independent_cleaned,1,test,355
independent_cleaned,1,test,8
independent_cleaned,1,test,230
independent_cleaned,1,test,33
independent_cleaned,1,test,136
independent_cleaned,1,test,267
independent_cleaned,1,test,85
independent_cleaned,1,test,364
independent_cleaned,1,test,251
independent_cleaned,1,test,141
independent_cleaned,1,test,369
independent_cleaned,1,test,73
independent_cleaned,1,test,15
independent_cleaned,1,test,409
independent_cleaned,1,test,266
independent_cleaned,1,test,418
independent_cleaned,2,train,366
independent_cleaned,2,train,319
independent_cleaned,2,train,128
independent_cleaned,2,train,351
independent_cleaned,2,train,404
independent_cleaned,2,train,273
independent_cleaned,2,train,264
independent_cleaned,2,train,345
independent_cleaned,2,train,120
independent_cleaned,2,train,405
independent_cleaned,2,train,307
independent_cleaned,2,train,283
independent_cleaned,2,train,74
independent_cleaned,2,train,176
independent_cleaned,2,train,411
independent_cleaned,2,train,141
independent_cleaned,2,train,280
independent_cleaned,2,train,50
independent_cleaned,2,train,14
independent_cleaned,2,train,339
independent_cleaned,2,train,138
independent_cleaned,2,train,65
independent_cleaned,2,train,220
independent_cleaned,2,train,157
independent_cleaned,2,train,217
independent_cleaned,2,train,354
independent_cleaned,2,train,375
independent_cleaned,2,train,246
independent_cleaned,2,train,257
independent_cleaned,2,train,3
independent_cleaned,2,train,175
independent_cleaned,2,train,148
independent_cleaned,2,train,327
independent_cleaned,2,train,97
independent_cleaned,2,train,390
independent_cleaned,2,train,135
independent_cleaned,2,train,115
independent_cleaned,2,train,251
independent_cleaned,2,train,352
independent_cleaned,2,train,346
independent_cleaned,2,train,230
independent_cleaned,2,train,27
independent_cleaned,2,train,34
independent_cleaned,2,train,235
independent_cleaned,2,train,215
independent_cleaned,2,train,260
independent_cleaned,2,train,206
independent_cleaned,2,train,291
independent_cleaned,2,train,48
independent_cleaned,2,train,400
independent_cleaned,2,train,262
independent_cleaned,2,train,394
independent_cleaned,2,train,336
independent_cleaned,2,train,356
independent_cleaned,2,train,250
independent_cleaned,2,train,244
independent_cleaned,2,train,218
independent_cleaned,2,train,66
independent_cleaned,2,train,6
independent_cleaned,2,train,133
independent_cleaned,2,train,333
independent_cleaned,2,train,252
independent_cleaned,2,train,108
independent_cleaned,2,train,9
independent_cleaned,2,train,225
independent_cleaned,2,train,211
independent_cleaned,2,train,322
independent_cleaned,2,train,361
independent_cleaned,2,train,92
independent_cleaned,2,train,221
independent_cleaned,2,train,389
independent_cleaned,2,train,110
independent_cleaned,2,train,78
independent_cleaned,2,train,17
independent_cleaned,2,train,364
independent_cleaned,2,train,403
independent_cleaned,2,train,21
independent_cleaned,2,train,330
independent_cleaned,2,train,224
independent_cleaned,2,train,344
independent_cleaned,2,train,371
independent_cleaned,2,train,132
independent_cleaned,2,train,226
independent_cleaned,2,train,191
independent_cleaned,2,train,318
independent_cleaned,2,train,150
independent_cleaned,2,train,378
independent_cleaned,2,train,178
independent_cleaned,2,train,227
independent_cleaned,2,train,54
independent_cleaned,2,train,142
independent_cleaned,2,train,166
independent_cleaned,2,train,174
independent_cleaned,2,train,117
independent_cleaned,2,train,130
independent_cleaned,2,train,165
independent_cleaned,2,train,8
independent_cleaned,2,train,240
independent_cleaned,2,train,161
independent_cleaned,2,train,102
independent_cleaned,2,train,192
independent_cleaned,2,train,145
independent_cleaned,2,train,269
independent_cleaned,2,train,299
independent_cleaned,2,train,147
independent_cleaned,2,train,401
independent_cleaned,2,train,370
independent_cleaned,2,train,239
independent_cleaned,2,train,395
independent_cleaned,2,train,298
independent_cleaned,2,train,397
independent_cleaned,2,train,114
independent_cleaned,2,train,362
independent_cleaned,2,train,398
independent_cleaned,2,train,204
independent_cleaned,2,train,341
independent_cleaned,2,train,12
independent_cleaned,2,train,46
independent_cleaned,2,train,416
independent_cleaned,2,train,57
independent_cleaned,2,train,332
independent_cleaned,2,train,368
independent_cleaned,2,train,349
independent_cleaned,2,train,414
independent_cleaned,2,train,45
independent_cleaned,2,train,60
independent_cleaned,2,train,51
independent_cleaned,2,train,399
independent_cleaned,2,train,197
independent_cleaned,2,train,70
independent_cleaned,2,train,205
independent_cleaned,2,train,179
independent_cleaned,2,train,152
independent_cleaned,2,train,270
independent_cleaned,2,train,134
independent_cleaned,2,train,379
independent_cleaned,2,train,309
independent_cleaned,2,train,314
independent_cleaned,2,train,331
independent_cleaned,2,train,243
independent_cleaned,2,train,281
independent_cleaned,2,train,1
independent_cleaned,2,train,173
independent_cleaned,2,train,140
independent_cleaned,2,train,385
independent_cleaned,2,train,350
independent_cleaned,2,train,136
independent_cleaned,2,train,11
independent_cleaned,2,train,343
independent_cleaned,2,train,392
independent_cleaned,2,train,315
independent_cleaned,2,train,382
independent_cleaned,2,train,237
independent_cleaned,2,train,383
independent_cleaned,2,train,24
independent_cleaned,2,train,278
independent_cleaned,2,train,388
independent_cleaned,2,train,213
independent_cleaned,2,train,335
independent_cleaned,2,train,337
independent_cleaned,2,train,149
independent_cleaned,2,train,41
independent_cleaned,2,train,409
independent_cleaned,2,train,312
independent_cleaned,2,train,271
independent_cleaned,2,train,101
independent_cleaned,2,train,288
independent_cleaned,2,train,365
independent_cleaned,2,train,324
independent_cleaned,2,train,58
independent_cleaned,2,train,137
independent_cleaned,2,train,49
independent_cleaned,2,train,372
independent_cleaned,2,train,284
independent_cleaned,2,train,338
independent_cleaned,2,train,377
independent_cleaned,2,train,267
independent_cleaned,2,train,373
independent_cleaned,2,train,159
independent_cleaned,2,train,105
independent_cleaned,2,train,305
independent_cleaned,2,train,323
independent_cleaned,2,train,167
independent_cleaned,2,train,248
independent_cleaned,2,train,376
independent_cleaned,2,train,139
independent_cleaned,2,train,407
independent_cleaned,2,train,77
independent_cleaned,2,train,116
independent_cleaned,2,train,301
independent_cleaned,2,train,76
independent_cleaned,2,train,0
independent_cleaned,2,train,33
independent_cleaned,2,train,387
independent_cleaned,2,train,306
independent_cleaned,2,train,219
independent_cleaned,2,train,231
independent_cleaned,2,train,184
independent_cleaned,2,train,295
independent_cleaned,2,train,357
independent_cleaned,2,train,196
independent_cleaned,2,train,177
independent_cleaned,2,train,73
independent_cleaned,2,train,249
independent_cleaned,2,train,256
independent_cleaned,2,train,413
independent_cleaned,2,train,185
independent_cleaned,2,train,153
independent_cleaned,2,train,19
independent_cleaned,2,train,275
independent_cleaned,2,train,374
independent_cleaned,2,train,282
independent_cleaned,2,train,126
independent_cleaned,2,train,155
independent_cleaned,2,train,75
independent_cleaned,2,train,104
independent_cleaned,2,train,418
independent_cleaned,2,train,68
independent_cleaned,2,train,22
independent_cleaned,2,train,109
independent_cleaned,2,train,302
independent_cleaned,2,train,171
independent_cleaned,2,train,43
independent_cleaned,2,train,172
independent_cleaned,2,train,310
independent_cleaned,2,train,99
independent_cleaned,2,train,30
independent_cleaned,2,train,348
independent_cleaned,2,train,52
independent_cleaned,2,train,125
independent_cleaned,2,train,106
independent_cleaned,2,train,308
independent_cleaned,2,train,228
independent_cleaned,2,train,96
independent_cleaned,2,train,304
independent_cleaned,2,train,303
independent_cleaned,2,train,286
independent_cleaned,2,train,329
independent_cleaned,2,train,169
independent_cleaned,2,train,355
independent_cleaned,2,train,61
independent_cleaned,2,train,255
independent_cleaned,2,train,402
independent_cleaned,2,train,164
independent_cleaned,2,train,62
independent_cleaned,2,train,292
independent_cleaned,2,train,64
independent_cleaned,2,train,103
independent_cleaned,2,train,39
independent_cleaned,2,train,151
independent_cleaned,2,train,259
independent_cleaned,2,train,363
independent_cleaned,2,train,242
independent_cleaned,2,train,112
independent_cleaned,2,train,384
independent_cleaned,2,train,311
independent_cleaned,2,train,71
independent_cleaned,2,train,42
independent_cleaned,2,train,47
independent_cleaned,2,train,63
independent_cleaned,2,train,316
independent_cleaned,2,train,131
independent_cleaned,2,train,241
independent_cleaned,2,train,207
independent_cleaned,2,train,353
independent_cleaned,2,train,146
independent_cleaned,2,train,154
independent_cleaned,2,train,266
independent_cleaned,2,train,347
independent_cleaned,2,train,380
independent_cleaned,2,train,59
independent_cleaned,2,train,261
independent_cleaned,2,train,412
independent_cleaned,2,train,123
independent_cleaned,2,train,202
independent_cleaned,2,train,320
independent_cleaned,2,train,98
independent_cleaned,2,train,360
independent_cleaned,2,train,26
independent_cleaned,2,train,93
independent_cleaned,2,train,18
independent_cleaned,2,train,208
independent_cleaned,2,test,29
independent_cleaned,2,test,276
independent_cleaned,2,test,297
independent_cleaned,2,test,325
independent_cleaned,2,test,285
independent_cleaned,2,test,381
independent_cleaned,2,test,386
independent_cleaned,2,test,107
independent_cleaned,2,test,89
independent_cleaned,2,test,86
independent_cleaned,2,test,23
independent_cleaned,2,test,28
independent_cleaned,2,test,265
independent_cleaned,2,test,100
independent_cleaned,2,test,232
independent_cleaned,2,test,10
independent_cleaned,2,test,263
independent_cleaned,2,test,300
independent_cleaned,2,test,287
independent_cleaned,2,test,367
independent_cleaned,2,test,326
independent_cleaned,2,test,321
independent_cleaned,2,test,417
independent_cleaned,2,test,258
independent_cleaned,2,test,223
independent_cleaned,2,test,195
independent_cleaned,2,test,67
independent_cleaned,2,test,200
independent_cleaned,2,test,369
independent_cleaned,2,test,214
independent_cleaned,2,test,180
independent_cleaned,2,test,193
independent_cleaned,2,test,181
independent_cleaned,2,test,20
independent_cleaned,2,test,37
independent_cleaned,2,test,113
independent_cleaned,2,test,334
independent_cleaned,2,test,245
independent_cleaned,2,test,233
independent_cleaned,2,test,209
independent_cleaned,2,test,5
independent_cleaned,2,test,190
independent_cleaned,2,test,238
independent_cleaned,2,test,90
independent_cleaned,2,test,189
independent_cleaned,2,test,359
independent_cleaned,2,test,289
independent_cleaned,2,test,129
independent_cleaned,2,test,199
independent_cleaned,2,test,144
independent_cleaned,2,test,187
independent_cleaned,2,test,253
independent_cleaned,2,test,15
independent_cleaned,2,test,16
independent_cleaned,2,test,85
independent_cleaned,2,test,162
independent_cleaned,2,test,127
independent_cleaned,2,test,82
independent_cleaned,2,test,203
independent_cleaned,2,test,36
independent_cleaned,2,test,81
independent_cleaned,2,test,313
independent_cleaned,2,test,156
independent_cleaned,2,test,188
independent_cleaned,2,test,410
independent_cleaned,2,test,216
independent_cleaned,2,test,158
independent_cleaned,2,test,44
independent_cleaned,2,test,296
independent_cleaned,2,test,406
independent_cleaned,2,test,13
independent_cleaned,3,train,266
independent_cleaned,3,train,73
independent_cleaned,3,train,62
independent_cleaned,3,train,47
independent_cleaned,3,train,208
independent_cleaned,3,train,416
independent_cleaned,3,train,151
independent_cleaned,3,train,8
independent_cleaned,3,train,98
independent_cleaned,3,train,17
independent_cleaned,3,train,59
independent_cleaned,3,train,58
independent_cleaned,3,train,130
independent_cleaned,3,train,336
independent_cleaned,3,train,102
independent_cleaned,3,train,37
independent_cleaned,3,train,371
independent_cleaned,3,train,292
independent_cleaned,3,train,191
independent_cleaned,3,train,180
independent_cleaned,3,train,223
independent_cleaned,3,train,29
independent_cleaned,3,train,228
independent_cleaned,3,train,85
independent_cleaned,3,train,243
independent_cleaned,3,train,241
independent_cleaned,3,train,81
independent_cleaned,3,train,334
independent_cleaned,3,train,190
independent_cleaned,3,train,347
independent_cleaned,3,train,90
independent_cleaned,3,train,195
independent_cleaned,3,train,276
independent_cleaned,3,train,269
independent_cleaned,3,train,405
independent_cleaned,3,train,127
independent_cleaned,3,train,86
independent_cleaned,3,train,345
independent_cleaned,3,train,157
independent_cleaned,3,train,296
independent_cleaned,3,train,275
independent_cleaned,3,train,343
independent_cleaned,3,train,169
independent_cleaned,3,train,203
independent_cleaned,3,train,71
independent_cleaned,3,train,299
independent_cleaned,3,train,51
independent_cleaned,3,train,6
independent_cleaned,3,train,49
independent_cleaned,3,train,230
independent_cleaned,3,train,158
independent_cleaned,3,train,283
independent_cleaned,3,train,259
independent_cleaned,3,train,138
independent_cleaned,3,train,132
independent_cleaned,3,train,148
independent_cleaned,3,train,100
independent_cleaned,3,train,235
independent_cleaned,3,train,9
independent_cleaned,3,train,248
independent_cleaned,3,train,231
independent_cleaned,3,train,176
independent_cleaned,3,train,206
independent_cleaned,3,train,244
independent_cleaned,3,train,261
independent_cleaned,3,train,197
independent_cleaned,3,train,5
independent_cleaned,3,train,337
independent_cleaned,3,train,152
independent_cleaned,3,train,101
independent_cleaned,3,train,78
independent_cleaned,3,train,21
independent_cleaned,3,train,407
independent_cleaned,3,train,52
independent_cleaned,3,train,271
independent_cleaned,3,train,174
independent_cleaned,3,train,397
independent_cleaned,3,train,412
independent_cleaned,3,train,351
independent_cleaned,3,train,323
independent_cleaned,3,train,411
independent_cleaned,3,train,330
independent_cleaned,3,train,57
independent_cleaned,3,train,316
independent_cleaned,3,train,177
independent_cleaned,3,train,233
independent_cleaned,3,train,239
independent_cleaned,3,train,410
independent_cleaned,3,train,24
independent_cleaned,3,train,137
independent_cleaned,3,train,70
independent_cleaned,3,train,301
independent_cleaned,3,train,265
independent_cleaned,3,train,388
independent_cleaned,3,train,36
independent_cleaned,3,train,202
independent_cleaned,3,train,185
independent_cleaned,3,train,394
independent_cleaned,3,train,120
independent_cleaned,3,train,378
independent_cleaned,3,train,251
independent_cleaned,3,train,164
independent_cleaned,3,train,113
independent_cleaned,3,train,360
independent_cleaned,3,train,43
independent_cleaned,3,train,93
independent_cleaned,3,train,382
independent_cleaned,3,train,326
independent_cleaned,3,train,173
independent_cleaned,3,train,409
independent_cleaned,3,train,395
independent_cleaned,3,train,140
independent_cleaned,3,train,384
independent_cleaned,3,train,15
independent_cleaned,3,train,110
independent_cleaned,3,train,374
independent_cleaned,3,train,361
independent_cleaned,3,train,204
independent_cleaned,3,train,217
independent_cleaned,3,train,258
independent_cleaned,3,train,125
independent_cleaned,3,train,242
independent_cleaned,3,train,50
independent_cleaned,3,train,77
independent_cleaned,3,train,257
independent_cleaned,3,train,16
independent_cleaned,3,train,281
independent_cleaned,3,train,221
independent_cleaned,3,train,20
independent_cleaned,3,train,14
independent_cleaned,3,train,280
independent_cleaned,3,train,114
independent_cleaned,3,train,63
independent_cleaned,3,train,108
independent_cleaned,3,train,154
independent_cleaned,3,train,200
independent_cleaned,3,train,112
independent_cleaned,3,train,262
independent_cleaned,3,train,289
independent_cleaned,3,train,295
independent_cleaned,3,train,48
independent_cleaned,3,train,109
independent_cleaned,3,train,224
independent_cleaned,3,train,284
independent_cleaned,3,train,146
independent_cleaned,3,train,179
independent_cleaned,3,train,196
independent_cleaned,3,train,350
independent_cleaned,3,train,318
independent_cleaned,3,train,319
independent_cleaned,3,train,303
independent_cleaned,3,train,297
independent_cleaned,3,train,246
independent_cleaned,3,train,211
independent_cleaned,3,train,155
independent_cleaned,3,train,352
independent_cleaned,3,train,414
independent_cleaned,3,train,92
independent_cleaned,3,train,362
independent_cleaned,3,train,359
independent_cleaned,3,train,400
independent_cleaned,3,train,339
independent_cleaned,3,train,104
independent_cleaned,3,train,392
independent_cleaned,3,train,286
independent_cleaned,3,train,123
independent_cleaned,3,train,346
independent_cleaned,3,train,165
independent_cleaned,3,train,311
independent_cleaned,3,train,327
independent_cleaned,3,train,404
independent_cleaned,3,train,171
independent_cleaned,3,train,129
independent_cleaned,3,train,22
independent_cleaned,3,train,333
independent_cleaned,3,train,381
independent_cleaned,3,train,390
independent_cleaned,3,train,306
independent_cleaned,3,train,403
independent_cleaned,3,train,11
independent_cleaned,3,train,136
independent_cleaned,3,train,65
independent_cleaned,3,train,33
independent_cleaned,3,train,178
independent_cleaned,3,train,74
independent_cleaned,3,train,116
independent_cleaned,3,train,308
independent_cleaned,3,train,41
independent_cleaned,3,train,167
independent_cleaned,3,train,26
independent_cleaned,3,train,76
independent_cleaned,3,train,406
independent_cleaned,3,train,263
independent_cleaned,3,train,354
independent_cleaned,3,train,313
independent_cleaned,3,train,64
independent_cleaned,3,train,355
independent_cleaned,3,train,215
independent_cleaned,3,train,44
independent_cleaned,3,train,220
independent_cleaned,3,train,207
independent_cleaned,3,train,278
independent_cleaned,3,train,150
independent_cleaned,3,train,54
independent_cleaned,3,train,99
independent_cleaned,3,train,256
independent_cleaned,3,train,260
independent_cleaned,3,train,324
independent_cleaned,3,train,264
independent_cleaned,3,train,370
independent_cleaned,3,train,12
independent_cleaned,3,train,356
independent_cleaned,3,train,363
independent_cleaned,3,train,133
independent_cleaned,3,train,369
independent_cleaned,3,train,413
independent_cleaned,3,train,115
independent_cleaned,3,train,225
independent_cleaned,3,train,385
independent_cleaned,3,train,214
independent_cleaned,3,train,285
independent_cleaned,3,train,45
independent_cleaned,3,train,193
independent_cleaned,3,train,3
independent_cleaned,3,train,298
independent_cleaned,3,train,349
independent_cleaned,3,train,60
independent_cleaned,3,train,175
independent_cleaned,3,train,273
independent_cleaned,3,train,226
independent_cleaned,3,train,376
independent_cleaned,3,train,199
independent_cleaned,3,train,267
independent_cleaned,3,train,128
independent_cleaned,3,train,288
independent_cleaned,3,train,147
independent_cleaned,3,train,1
independent_cleaned,3,train,142
independent_cleaned,3,train,386
independent_cleaned,3,train,216
independent_cleaned,3,train,309
independent_cleaned,3,train,375
independent_cleaned,3,train,227
independent_cleaned,3,train,205
independent_cleaned,3,train,332
independent_cleaned,3,train,238
independent_cleaned,3,train,0
independent_cleaned,3,train,66
independent_cleaned,3,train,34
independent_cleaned,3,train,253
independent_cleaned,3,train,61
independent_cleaned,3,train,23
independent_cleaned,3,train,353
independent_cleaned,3,train,218
independent_cleaned,3,train,42
independent_cleaned,3,train,213
independent_cleaned,3,train,10
independent_cleaned,3,train,379
independent_cleaned,3,train,418
independent_cleaned,3,train,135
independent_cleaned,3,train,126
independent_cleaned,3,train,139
independent_cleaned,3,train,89
independent_cleaned,3,train,159
independent_cleaned,3,train,377
independent_cleaned,3,train,314
independent_cleaned,3,train,383
independent_cleaned,3,train,187
independent_cleaned,3,train,401
independent_cleaned,3,train,30
independent_cleaned,3,train,117
independent_cleaned,3,train,184
independent_cleaned,3,train,149
independent_cleaned,3,train,172
independent_cleaned,3,train,209
independent_cleaned,3,train,249
independent_cleaned,3,train,181
independent_cleaned,3,train,335
independent_cleaned,3,train,312
independent_cleaned,3,train,162
independent_cleaned,3,train,305
independent_cleaned,3,train,189
independent_cleaned,3,test,325
independent_cleaned,3,test,399
independent_cleaned,3,test,365
independent_cleaned,3,test,46
independent_cleaned,3,test,166
independent_cleaned,3,test,39
independent_cleaned,3,test,387
independent_cleaned,3,test,338
independent_cleaned,3,test,344
independent_cleaned,3,test,192
independent_cleaned,3,test,144
independent_cleaned,3,test,18
independent_cleaned,3,test,106
independent_cleaned,3,test,145
independent_cleaned,3,test,329
independent_cleaned,3,test,402
independent_cleaned,3,test,287
independent_cleaned,3,test,28
independent_cleaned,3,test,364
independent_cleaned,3,test,103
independent_cleaned,3,test,310
independent_cleaned,3,test,348
independent_cleaned,3,test,97
independent_cleaned,3,test,380
independent_cleaned,3,test,398
independent_cleaned,3,test,357
independent_cleaned,3,test,321
independent_cleaned,3,test,75
independent_cleaned,3,test,19
independent_cleaned,3,test,131
independent_cleaned,3,test,153
independent_cleaned,3,test,341
independent_cleaned,3,test,68
independent_cleaned,3,test,96
independent_cleaned,3,test,134
independent_cleaned,3,test,372
independent_cleaned,3,test,188
independent_cleaned,3,test,302
independent_cleaned,3,test,322
independent_cleaned,3,test,300
independent_cleaned,3,test,304
independent_cleaned,3,test,307
independent_cleaned,3,test,366
independent_cleaned,3,test,367
independent_cleaned,3,test,282
independent_cleaned,3,test,67
independent_cleaned,3,test,107
independent_cleaned,3,test,156
independent_cleaned,3,test,82
independent_cleaned,3,test,237
independent_cleaned,3,test,389
independent_cleaned,3,test,105
independent_cleaned,3,test,417
independent_cleaned,3,test,368
independent_cleaned,3,test,250
independent_cleaned,3,test,255
independent_cleaned,3,test,252
independent_cleaned,3,test,219
independent_cleaned,3,test,315
independent_cleaned,3,test,161
independent_cleaned,3,test,13
independent_cleaned,3,test,232
independent_cleaned,3,test,270
independent_cleaned,3,test,291
independent_cleaned,3,test,245
independent_cleaned,3,test,27
independent_cleaned,3,test,331
independent_cleaned,3,test,320
independent_cleaned,3,test,141
independent_cleaned,3,test,240
independent_cleaned,3,test,373
independent_cleaned,4,train,239
independent_cleaned,4,train,173
independent_cleaned,4,train,227
independent_cleaned,4,train,58
independent_cleaned,4,train,392
independent_cleaned,4,train,135
independent_cleaned,4,train,141
independent_cleaned,4,train,303
independent_cleaned,4,train,350
independent_cleaned,4,train,412
independent_cleaned,4,train,180
independent_cleaned,4,train,379
independent_cleaned,4,train,322
independent_cleaned,4,train,409
independent_cleaned,4,train,261
independent_cleaned,4,train,282
independent_cleaned,4,train,414
independent_cleaned,4,train,336
independent_cleaned,4,train,332
independent_cleaned,4,train,176
independent_cleaned,4,train,307
independent_cleaned,4,train,418
independent_cleaned,4,train,113
independent_cleaned,4,train,115
independent_cleaned,4,train,166
independent_cleaned,4,train,153
independent_cleaned,4,train,338
independent_cleaned,4,train,406
independent_cleaned,4,train,165
independent_cleaned,4,train,300
independent_cleaned,4,train,329
independent_cleaned,4,train,405
independent_cleaned,4,train,333
independent_cleaned,4,train,323
independent_cleaned,4,train,20
independent_cleaned,4,train,341
independent_cleaned,4,train,320
independent_cleaned,4,train,48
independent_cleaned,4,train,23
independent_cleaned,4,train,209
independent_cleaned,4,train,190
independent_cleaned,4,train,260
independent_cleaned,4,train,225
independent_cleaned,4,train,19
independent_cleaned,4,train,214
independent_cleaned,4,train,266
independent_cleaned,4,train,154
independent_cleaned,4,train,51
independent_cleaned,4,train,356
independent_cleaned,4,train,92
independent_cleaned,4,train,395
independent_cleaned,4,train,219
independent_cleaned,4,train,89
independent_cleaned,4,train,304
independent_cleaned,4,train,125
independent_cleaned,4,train,252
independent_cleaned,4,train,199
independent_cleaned,4,train,161
independent_cleaned,4,train,171
independent_cleaned,4,train,339
independent_cleaned,4,train,230
independent_cleaned,4,train,142
independent_cleaned,4,train,389
independent_cleaned,4,train,346
independent_cleaned,4,train,312
independent_cleaned,4,train,164
independent_cleaned,4,train,191
independent_cleaned,4,train,223
independent_cleaned,4,train,362
independent_cleaned,4,train,232
independent_cleaned,4,train,22
independent_cleaned,4,train,147
independent_cleaned,4,train,60
independent_cleaned,4,train,377
independent_cleaned,4,train,359
independent_cleaned,4,train,327
independent_cleaned,4,train,146
independent_cleaned,4,train,278
independent_cleaned,4,train,386
independent_cleaned,4,train,360
independent_cleaned,4,train,404
independent_cleaned,4,train,11
independent_cleaned,4,train,140
independent_cleaned,4,train,249
independent_cleaned,4,train,139
independent_cleaned,4,train,148
independent_cleaned,4,train,398
independent_cleaned,4,train,228
independent_cleaned,4,train,27
independent_cleaned,4,train,241
independent_cleaned,4,train,334
independent_cleaned,4,train,114
independent_cleaned,4,train,99
independent_cleaned,4,train,137
independent_cleaned,4,train,253
independent_cleaned,4,train,215
independent_cleaned,4,train,202
independent_cleaned,4,train,286
independent_cleaned,4,train,267
independent_cleaned,4,train,104
independent_cleaned,4,train,203
independent_cleaned,4,train,70
independent_cleaned,4,train,151
independent_cleaned,4,train,30
independent_cleaned,4,train,174
independent_cleaned,4,train,407
independent_cleaned,4,train,309
independent_cleaned,4,train,6
independent_cleaned,4,train,288
independent_cleaned,4,train,100
independent_cleaned,4,train,318
independent_cleaned,4,train,305
independent_cleaned,4,train,76
independent_cleaned,4,train,363
independent_cleaned,4,train,302
independent_cleaned,4,train,314
independent_cleaned,4,train,47
independent_cleaned,4,train,326
independent_cleaned,4,train,192
independent_cleaned,4,train,273
independent_cleaned,4,train,178
independent_cleaned,4,train,34
independent_cleaned,4,train,365
independent_cleaned,4,train,181
independent_cleaned,4,train,3
independent_cleaned,4,train,233
independent_cleaned,4,train,45
independent_cleaned,4,train,36
independent_cleaned,4,train,189
independent_cleaned,4,train,264
independent_cleaned,4,train,8
independent_cleaned,4,train,46
independent_cleaned,4,train,29
independent_cleaned,4,train,41
independent_cleaned,4,train,347
independent_cleaned,4,train,297
independent_cleaned,4,train,145
independent_cleaned,4,train,250
independent_cleaned,4,train,193
independent_cleaned,4,train,298
independent_cleaned,4,train,134
independent_cleaned,4,train,324
independent_cleaned,4,train,131
independent_cleaned,4,train,368
independent_cleaned,4,train,378
independent_cleaned,4,train,280
independent_cleaned,4,train,380
independent_cleaned,4,train,270
independent_cleaned,4,train,177
independent_cleaned,4,train,262
independent_cleaned,4,train,50
independent_cleaned,4,train,13
independent_cleaned,4,train,221
independent_cleaned,4,train,10
independent_cleaned,4,train,256
independent_cleaned,4,train,184
independent_cleaned,4,train,97
independent_cleaned,4,train,325
independent_cleaned,4,train,315
independent_cleaned,4,train,330
independent_cleaned,4,train,81
independent_cleaned,4,train,344
independent_cleaned,4,train,44
independent_cleaned,4,train,197
independent_cleaned,4,train,387
independent_cleaned,4,train,150
independent_cleaned,4,train,211
independent_cleaned,4,train,390
independent_cleaned,4,train,126
independent_cleaned,4,train,263
independent_cleaned,4,train,238
independent_cleaned,4,train,384
independent_cleaned,4,train,401
independent_cleaned,4,train,351
independent_cleaned,4,train,285
independent_cleaned,4,train,102
independent_cleaned,4,train,283
independent_cleaned,4,train,237
independent_cleaned,4,train,167
independent_cleaned,4,train,381
independent_cleaned,4,train,301
independent_cleaned,4,train,149
independent_cleaned,4,train,133
independent_cleaned,4,train,172
independent_cleaned,4,train,400
independent_cleaned,4,train,175
independent_cleaned,4,train,18
independent_cleaned,4,train,157
independent_cleaned,4,train,109
independent_cleaned,4,train,213
independent_cleaned,4,train,33
independent_cleaned,4,train,287
independent_cleaned,4,train,289
independent_cleaned,4,train,187
independent_cleaned,4,train,355
independent_cleaned,4,train,85
independent_cleaned,4,train,275
independent_cleaned,4,train,411
independent_cleaned,4,train,49
independent_cleaned,4,train,343
independent_cleaned,4,train,316
independent_cleaned,4,train,162
independent_cleaned,4,train,370
independent_cleaned,4,train,413
independent_cleaned,4,train,242
independent_cleaned,4,train,65
independent_cleaned,4,train,155
independent_cleaned,4,train,12
independent_cleaned,4,train,101
independent_cleaned,4,train,39
independent_cleaned,4,train,382
independent_cleaned,4,train,98
independent_cleaned,4,train,345
independent_cleaned,4,train,196
independent_cleaned,4,train,66
independent_cleaned,4,train,306
independent_cleaned,4,train,205
independent_cleaned,4,train,321
independent_cleaned,4,train,63
independent_cleaned,4,train,136
independent_cleaned,4,train,73
independent_cleaned,4,train,352
independent_cleaned,4,train,108
independent_cleaned,4,train,373
independent_cleaned,4,train,224
independent_cleaned,4,train,245
independent_cleaned,4,train,291
independent_cleaned,4,train,284
independent_cleaned,4,train,244
independent_cleaned,4,train,394
independent_cleaned,4,train,337
independent_cleaned,4,train,364
independent_cleaned,4,train,235
independent_cleaned,4,train,26
independent_cleaned,4,train,271
independent_cleaned,4,train,144
independent_cleaned,4,train,188
independent_cleaned,4,train,218
independent_cleaned,4,train,231
independent_cleaned,4,train,96
independent_cleaned,4,train,265
independent_cleaned,4,train,296
independent_cleaned,4,train,179
independent_cleaned,4,train,62
independent_cleaned,4,train,311
independent_cleaned,4,train,123
independent_cleaned,4,train,127
independent_cleaned,4,train,255
independent_cleaned,4,train,5
independent_cleaned,4,train,402
independent_cleaned,4,train,348
independent_cleaned,4,train,200
independent_cleaned,4,train,299
independent_cleaned,4,train,208
independent_cleaned,4,train,383
independent_cleaned,4,train,61
independent_cleaned,4,train,169
independent_cleaned,4,train,37
independent_cleaned,4,train,417
independent_cleaned,4,train,240
independent_cleaned,4,train,68
independent_cleaned,4,train,248
independent_cleaned,4,train,185
independent_cleaned,4,train,24
independent_cleaned,4,train,226
independent_cleaned,4,train,0
independent_cleaned,4,train,64
independent_cleaned,4,train,156
independent_cleaned,4,train,354
independent_cleaned,4,train,54
independent_cleaned,4,train,204
independent_cleaned,4,train,374
independent_cleaned,4,train,372
independent_cleaned,4,train,120
independent_cleaned,4,train,138
independent_cleaned,4,train,308
independent_cleaned,4,train,71
independent_cleaned,4,train,367
independent_cleaned,4,train,110
independent_cleaned,4,train,243
independent_cleaned,4,train,216
independent_cleaned,4,train,152
independent_cleaned,4,test,77
independent_cleaned,4,test,43
independent_cleaned,4,test,397
independent_cleaned,4,test,269
independent_cleaned,4,test,159
independent_cleaned,4,test,399
independent_cleaned,4,test,410
independent_cleaned,4,test,17
independent_cleaned,4,test,385
independent_cleaned,4,test,310
independent_cleaned,4,test,158
independent_cleaned,4,test,416
independent_cleaned,4,test,281
independent_cleaned,4,test,93
independent_cleaned,4,test,353
independent_cleaned,4,test,220
independent_cleaned,4,test,259
independent_cleaned,4,test,292
independent_cleaned,4,test,9
independent_cleaned,4,test,74
independent_cleaned,4,test,257
independent_cleaned,4,test,28
independent_cleaned,4,test,361
independent_cleaned,4,test,107
independent_cleaned,4,test,14
independent_cleaned,4,test,82
independent_cleaned,4,test,59
independent_cleaned,4,test,371
independent_cleaned,4,test,90
independent_cleaned,4,test,129
independent_cleaned,4,test,128
independent_cleaned,4,test,105
independent_cleaned,4,test,16
independent_cleaned,4,test,78
independent_cleaned,4,test,52
independent_cleaned,4,test,246
independent_cleaned,4,test,403
independent_cleaned,4,test,132
independent_cleaned,4,test,349
independent_cleaned,4,test,313
independent_cleaned,4,test,21
independent_cleaned,4,test,106
independent_cleaned,4,test,251
independent_cleaned,4,test,375
independent_cleaned,4,test,258
independent_cleaned,4,test,67
independent_cleaned,4,test,86
independent_cleaned,4,test,357
independent_cleaned,4,test,112
independent_cleaned,4,test,116
independent_cleaned,4,test,1
independent_cleaned,4,test,15
independent_cleaned,4,test,130
independent_cleaned,4,test,295
independent_cleaned,4,test,366
independent_cleaned,4,test,207
independent_cleaned,4,test,103
independent_cleaned,4,test,388
independent_cleaned,4,test,195
independent_cleaned,4,test,206
independent_cleaned,4,test,276
independent_cleaned,4,test,376
independent_cleaned,4,test,75
independent_cleaned,4,test,57
independent_cleaned,4,test,331
independent_cleaned,4,test,117
independent_cleaned,4,test,369
independent_cleaned,4,test,42
independent_cleaned,4,test,217
independent_cleaned,4,test,335
independent_cleaned,4,test,319
independent_cleaned,5,train,386
independent_cleaned,5,train,9
independent_cleaned,5,train,297
independent_cleaned,5,train,187
independent_cleaned,5,train,127
independent_cleaned,5,train,203
independent_cleaned,5,train,113
independent_cleaned,5,train,137
independent_cleaned,5,train,329
independent_cleaned,5,train,400
independent_cleaned,5,train,261
independent_cleaned,5,train,369
independent_cleaned,5,train,339
independent_cleaned,5,train,136
independent_cleaned,5,train,106
independent_cleaned,5,train,57
independent_cleaned,5,train,244
independent_cleaned,5,train,58
independent_cleaned,5,train,193
independent_cleaned,5,train,147
independent_cleaned,5,train,345
independent_cleaned,5,train,270
independent_cleaned,5,train,376
independent_cleaned,5,train,336
independent_cleaned,5,train,311
independent_cleaned,5,train,403
independent_cleaned,5,train,291
independent_cleaned,5,train,315
independent_cleaned,5,train,48
independent_cleaned,5,train,157
independent_cleaned,5,train,237
independent_cleaned,5,train,29
independent_cleaned,5,train,230
independent_cleaned,5,train,64
independent_cleaned,5,train,107
independent_cleaned,5,train,75
independent_cleaned,5,train,63
independent_cleaned,5,train,278
independent_cleaned,5,train,30
independent_cleaned,5,train,218
independent_cleaned,5,train,14
independent_cleaned,5,train,224
independent_cleaned,5,train,20
independent_cleaned,5,train,200
independent_cleaned,5,train,85
independent_cleaned,5,train,130
independent_cleaned,5,train,104
independent_cleaned,5,train,410
independent_cleaned,5,train,125
independent_cleaned,5,train,86
independent_cleaned,5,train,334
independent_cleaned,5,train,195
independent_cleaned,5,train,135
independent_cleaned,5,train,304
independent_cleaned,5,train,362
independent_cleaned,5,train,131
independent_cleaned,5,train,185
independent_cleaned,5,train,174
independent_cleaned,5,train,164
independent_cleaned,5,train,363
independent_cleaned,5,train,326
independent_cleaned,5,train,406
independent_cleaned,5,train,117
independent_cleaned,5,train,228
independent_cleaned,5,train,211
independent_cleaned,5,train,46
independent_cleaned,5,train,149
independent_cleaned,5,train,292
independent_cleaned,5,train,140
independent_cleaned,5,train,260
independent_cleaned,5,train,3
independent_cleaned,5,train,123
independent_cleaned,5,train,162
independent_cleaned,5,train,27
independent_cleaned,5,train,5
independent_cleaned,5,train,346
independent_cleaned,5,train,34
independent_cleaned,5,train,165
independent_cleaned,5,train,296
independent_cleaned,5,train,176
independent_cleaned,5,train,394
independent_cleaned,5,train,366
independent_cleaned,5,train,206
independent_cleaned,5,train,372
independent_cleaned,5,train,179
independent_cleaned,5,train,282
independent_cleaned,5,train,108
independent_cleaned,5,train,191
independent_cleaned,5,train,412
independent_cleaned,5,train,309
independent_cleaned,5,train,102
independent_cleaned,5,train,97
independent_cleaned,5,train,49
independent_cleaned,5,train,368
independent_cleaned,5,train,202
independent_cleaned,5,train,404
independent_cleaned,5,train,158
independent_cleaned,5,train,302
independent_cleaned,5,train,303
independent_cleaned,5,train,266
independent_cleaned,5,train,327
independent_cleaned,5,train,306
independent_cleaned,5,train,365
independent_cleaned,5,train,225
independent_cleaned,5,train,411
independent_cleaned,5,train,397
independent_cleaned,5,train,43
independent_cleaned,5,train,313
independent_cleaned,5,train,380
independent_cleaned,5,train,89
independent_cleaned,5,train,110
independent_cleaned,5,train,126
independent_cleaned,5,train,144
independent_cleaned,5,train,371
independent_cleaned,5,train,364
independent_cleaned,5,train,275
independent_cleaned,5,train,207
independent_cleaned,5,train,248
independent_cleaned,5,train,133
independent_cleaned,5,train,338
independent_cleaned,5,train,12
independent_cleaned,5,train,159
independent_cleaned,5,train,414
independent_cleaned,5,train,100
independent_cleaned,5,train,280
independent_cleaned,5,train,189
independent_cleaned,5,train,66
independent_cleaned,5,train,22
independent_cleaned,5,train,395
independent_cleaned,5,train,220
independent_cleaned,5,train,188
independent_cleaned,5,train,1
independent_cleaned,5,train,352
independent_cleaned,5,train,239
independent_cleaned,5,train,418
independent_cleaned,5,train,161
independent_cleaned,5,train,0
independent_cleaned,5,train,129
independent_cleaned,5,train,213
independent_cleaned,5,train,367
independent_cleaned,5,train,355
independent_cleaned,5,train,243
independent_cleaned,5,train,381
independent_cleaned,5,train,177
independent_cleaned,5,train,298
independent_cleaned,5,train,267
independent_cleaned,5,train,341
independent_cleaned,5,train,249
independent_cleaned,5,train,246
independent_cleaned,5,train,73
independent_cleaned,5,train,184
independent_cleaned,5,train,15
independent_cleaned,5,train,245
independent_cleaned,5,train,151
independent_cleaned,5,train,169
independent_cleaned,5,train,413
independent_cleaned,5,train,238
independent_cleaned,5,train,373
independent_cleaned,5,train,70
independent_cleaned,5,train,152
independent_cleaned,5,train,240
independent_cleaned,5,train,357
independent_cleaned,5,train,333
independent_cleaned,5,train,77
independent_cleaned,5,train,389
independent_cleaned,5,train,90
independent_cleaned,5,train,382
independent_cleaned,5,train,154
independent_cleaned,5,train,18
independent_cleaned,5,train,348
independent_cleaned,5,train,13
independent_cleaned,5,train,319
independent_cleaned,5,train,23
independent_cleaned,5,train,209
independent_cleaned,5,train,45
independent_cleaned,5,train,299
independent_cleaned,5,train,105
independent_cleaned,5,train,6
independent_cleaned,5,train,337
independent_cleaned,5,train,390
independent_cleaned,5,train,116
independent_cleaned,5,train,350
independent_cleaned,5,train,146
independent_cleaned,5,train,259
independent_cleaned,5,train,71
independent_cleaned,5,train,26
independent_cleaned,5,train,392
independent_cleaned,5,train,295
independent_cleaned,5,train,269
independent_cleaned,5,train,16
independent_cleaned,5,train,330
independent_cleaned,5,train,199
independent_cleaned,5,train,93
independent_cleaned,5,train,219
independent_cleaned,5,train,44
independent_cleaned,5,train,255
independent_cleaned,5,train,276
independent_cleaned,5,train,150
independent_cleaned,5,train,264
independent_cleaned,5,train,36
independent_cleaned,5,train,232
independent_cleaned,5,train,387
independent_cleaned,5,train,223
independent_cleaned,5,train,286
independent_cleaned,5,train,344
independent_cleaned,5,train,205
independent_cleaned,5,train,156
independent_cleaned,5,train,401
independent_cleaned,5,train,321
independent_cleaned,5,train,78
independent_cleaned,5,train,360
independent_cleaned,5,train,262
independent_cleaned,5,train,370
independent_cleaned,5,train,359
independent_cleaned,5,train,217
independent_cleaned,5,train,214
independent_cleaned,5,train,41
independent_cleaned,5,train,39
independent_cleaned,5,train,285
independent_cleaned,5,train,288
independent_cleaned,5,train,231
independent_cleaned,5,train,215
independent_cleaned,5,train,385
independent_cleaned,5,train,47
independent_cleaned,5,train,322
independent_cleaned,5,train,377
independent_cleaned,5,train,17
independent_cleaned,5,train,120
independent_cleaned,5,train,19
independent_cleaned,5,train,265
independent_cleaned,5,train,349
independent_cleaned,5,train,101
independent_cleaned,5,train,115
independent_cleaned,5,train,226
independent_cleaned,5,train,324
independent_cleaned,5,train,235
independent_cleaned,5,train,409
independent_cleaned,5,train,138
independent_cleaned,5,train,167
independent_cleaned,5,train,301
independent_cleaned,5,train,332
independent_cleaned,5,train,181
independent_cleaned,5,train,134
independent_cleaned,5,train,354
independent_cleaned,5,train,314
independent_cleaned,5,train,347
independent_cleaned,5,train,402
independent_cleaned,5,train,221
independent_cleaned,5,train,204
independent_cleaned,5,train,139
independent_cleaned,5,train,312
independent_cleaned,5,train,375
independent_cleaned,5,train,8
independent_cleaned,5,train,178
independent_cleaned,5,train,132
independent_cleaned,5,train,258
independent_cleaned,5,train,50
independent_cleaned,5,train,171
independent_cleaned,5,train,310
independent_cleaned,5,train,180
independent_cleaned,5,train,155
independent_cleaned,5,train,109
independent_cleaned,5,train,37
independent_cleaned,5,train,81
independent_cleaned,5,train,250
independent_cleaned,5,train,252
independent_cleaned,5,train,54
independent_cleaned,5,train,33
independent_cleaned,5,train,103
independent_cleaned,5,train,142
independent_cleaned,5,train,251
independent_cleaned,5,train,10
independent_cleaned,5,train,256
independent_cleaned,5,train,196
independent_cleaned,5,train,141
independent_cleaned,5,train,284
independent_cleaned,5,train,281
independent_cleaned,5,train,11
independent_cleaned,5,train,96
independent_cleaned,5,train,148
independent_cleaned,5,train,233
independent_cleaned,5,train,253
independent_cleaned,5,test,374
independent_cleaned,5,test,388
independent_cleaned,5,test,98
independent_cleaned,5,test,263
independent_cleaned,5,test,398
independent_cleaned,5,test,216
independent_cleaned,5,test,24
independent_cleaned,5,test,197
independent_cleaned,5,test,399
independent_cleaned,5,test,417
independent_cleaned,5,test,241
independent_cleaned,5,test,283
independent_cleaned,5,test,175
independent_cleaned,5,test,242
independent_cleaned,5,test,82
independent_cleaned,5,test,65
independent_cleaned,5,test,320
independent_cleaned,5,test,305
independent_cleaned,5,test,335
independent_cleaned,5,test,145
independent_cleaned,5,test,257
independent_cleaned,5,test,227
independent_cleaned,5,test,379
independent_cleaned,5,test,378
independent_cleaned,5,test,99
independent_cleaned,5,test,331
independent_cleaned,5,test,361
independent_cleaned,5,test,323
independent_cleaned,5,test,76
independent_cleaned,5,test,289
independent_cleaned,5,test,67
independent_cleaned,5,test,62
independent_cleaned,5,test,153
independent_cleaned,5,test,68
independent_cleaned,5,test,316
independent_cleaned,5,test,356
independent_cleaned,5,test,60
independent_cleaned,5,test,407
independent_cleaned,5,test,59
independent_cleaned,5,test,114
independent_cleaned,5,test,172
independent_cleaned,5,test,192
independent_cleaned,5,test,128
independent_cleaned,5,test,405
independent_cleaned,5,test,308
independent_cleaned,5,test,52
independent_cleaned,5,test,353
independent_cleaned,5,test,51
independent_cleaned,5,test,300
independent_cleaned,5,test,416
independent_cleaned,5,test,74
independent_cleaned,5,test,92
independent_cleaned,5,test,173
independent_cleaned,5,test,190
independent_cleaned,5,test,318
independent_cleaned,5,test,343
independent_cleaned,5,test,287
independent_cleaned,5,test,383
independent_cleaned,5,test,325
independent_cleaned,5,test,307
independent_cleaned,5,test,273
independent_cleaned,5,test,61
independent_cleaned,5,test,166
independent_cleaned,5,test,271
independent_cleaned,5,test,384
independent_cleaned,5,test,112
independent_cleaned,5,test,208
independent_cleaned,5,test,21
independent_cleaned,5,test,28
independent_cleaned,5,test,42
independent_cleaned,5,test,351
independent_cleaned,6,train,252
independent_cleaned,6,train,82
independent_cleaned,6,train,152
independent_cleaned,6,train,174
independent_cleaned,6,train,402
independent_cleaned,6,train,97
independent_cleaned,6,train,296
independent_cleaned,6,train,141
independent_cleaned,6,train,220
independent_cleaned,6,train,173
independent_cleaned,6,train,89
independent_cleaned,6,train,106
independent_cleaned,6,train,349
independent_cleaned,6,train,410
independent_cleaned,6,train,54
independent_cleaned,6,train,327
independent_cleaned,6,train,348
independent_cleaned,6,train,172
independent_cleaned,6,train,260
independent_cleaned,6,train,353
independent_cleaned,6,train,271
independent_cleaned,6,train,334
independent_cleaned,6,train,347
independent_cleaned,6,train,138
independent_cleaned,6,train,162
independent_cleaned,6,train,101
independent_cleaned,6,train,221
independent_cleaned,6,train,0
independent_cleaned,6,train,275
independent_cleaned,6,train,203
independent_cleaned,6,train,314
independent_cleaned,6,train,341
independent_cleaned,6,train,295
independent_cleaned,6,train,148
independent_cleaned,6,train,335
independent_cleaned,6,train,256
independent_cleaned,6,train,73
independent_cleaned,6,train,255
independent_cleaned,6,train,193
independent_cleaned,6,train,134
independent_cleaned,6,train,65
independent_cleaned,6,train,11
independent_cleaned,6,train,9
independent_cleaned,6,train,257
independent_cleaned,6,train,206
independent_cleaned,6,train,237
independent_cleaned,6,train,407
independent_cleaned,6,train,64
independent_cleaned,6,train,85
independent_cleaned,6,train,24
independent_cleaned,6,train,166
independent_cleaned,6,train,343
independent_cleaned,6,train,224
independent_cleaned,6,train,389
independent_cleaned,6,train,416
independent_cleaned,6,train,107
independent_cleaned,6,train,189
independent_cleaned,6,train,376
independent_cleaned,6,train,278
independent_cleaned,6,train,382
independent_cleaned,6,train,180
independent_cleaned,6,train,71
independent_cleaned,6,train,403
independent_cleaned,6,train,282
independent_cleaned,6,train,231
independent_cleaned,6,train,375
independent_cleaned,6,train,332
independent_cleaned,6,train,401
independent_cleaned,6,train,320
independent_cleaned,6,train,333
independent_cleaned,6,train,388
independent_cleaned,6,train,366
independent_cleaned,6,train,233
independent_cleaned,6,train,43
independent_cleaned,6,train,242
independent_cleaned,6,train,364
independent_cleaned,6,train,386
independent_cleaned,6,train,351
independent_cleaned,6,train,226
independent_cleaned,6,train,47
independent_cleaned,6,train,109
independent_cleaned,6,train,14
independent_cleaned,6,train,263
independent_cleaned,6,train,196
independent_cleaned,6,train,269
independent_cleaned,6,train,414
independent_cleaned,6,train,315
independent_cleaned,6,train,78
independent_cleaned,6,train,191
independent_cleaned,6,train,120
independent_cleaned,6,train,330
independent_cleaned,6,train,418
independent_cleaned,6,train,59
independent_cleaned,6,train,61
independent_cleaned,6,train,15
independent_cleaned,6,train,338
independent_cleaned,6,train,19
independent_cleaned,6,train,217
independent_cleaned,6,train,413
independent_cleaned,6,train,29
independent_cleaned,6,train,392
independent_cleaned,6,train,137
independent_cleaned,6,train,352
independent_cleaned,6,train,331
independent_cleaned,6,train,205
independent_cleaned,6,train,215
independent_cleaned,6,train,302
independent_cleaned,6,train,113
independent_cleaned,6,train,58
independent_cleaned,6,train,285
independent_cleaned,6,train,133
independent_cleaned,6,train,142
independent_cleaned,6,train,249
independent_cleaned,6,train,270
independent_cleaned,6,train,297
independent_cleaned,6,train,112
independent_cleaned,6,train,126
independent_cleaned,6,train,21
independent_cleaned,6,train,325
independent_cleaned,6,train,235
independent_cleaned,6,train,131
independent_cleaned,6,train,158
independent_cleaned,6,train,406
independent_cleaned,6,train,36
independent_cleaned,6,train,355
independent_cleaned,6,train,23
independent_cleaned,6,train,17
independent_cleaned,6,train,298
independent_cleaned,6,train,3
independent_cleaned,6,train,44
independent_cleaned,6,train,373
independent_cleaned,6,train,178
independent_cleaned,6,train,197
independent_cleaned,6,train,303
independent_cleaned,6,train,110
independent_cleaned,6,train,350
independent_cleaned,6,train,27
independent_cleaned,6,train,125
independent_cleaned,6,train,301
independent_cleaned,6,train,262
independent_cleaned,6,train,299
independent_cleaned,6,train,8
independent_cleaned,6,train,211
independent_cleaned,6,train,128
independent_cleaned,6,train,305
independent_cleaned,6,train,300
independent_cleaned,6,train,93
independent_cleaned,6,train,241
independent_cleaned,6,train,165
independent_cleaned,6,train,245
independent_cleaned,6,train,92
independent_cleaned,6,train,123
independent_cleaned,6,train,63
independent_cleaned,6,train,26
independent_cleaned,6,train,371
independent_cleaned,6,train,192
independent_cleaned,6,train,209
independent_cleaned,6,train,312
independent_cleaned,6,train,360
independent_cleaned,6,train,156
independent_cleaned,6,train,136
independent_cleaned,6,train,46
independent_cleaned,6,train,267
independent_cleaned,6,train,308
independent_cleaned,6,train,218
independent_cleaned,6,train,187
independent_cleaned,6,train,188
independent_cleaned,6,train,216
independent_cleaned,6,train,292
independent_cleaned,6,train,398
independent_cleaned,6,train,199
independent_cleaned,6,train,258
independent_cleaned,6,train,377
independent_cleaned,6,train,102
independent_cleaned,6,train,354
independent_cleaned,6,train,319
independent_cleaned,6,train,57
independent_cleaned,6,train,99
independent_cleaned,6,train,411
independent_cleaned,6,train,387
independent_cleaned,6,train,150
independent_cleaned,6,train,48
independent_cleaned,6,train,346
independent_cleaned,6,train,208
independent_cleaned,6,train,273
independent_cleaned,6,train,264
independent_cleaned,6,train,281
independent_cleaned,6,train,10
independent_cleaned,6,train,115
independent_cleaned,6,train,179
independent_cleaned,6,train,313
independent_cleaned,6,train,214
independent_cleaned,6,train,370
independent_cleaned,6,train,261
independent_cleaned,6,train,116
independent_cleaned,6,train,67
independent_cleaned,6,train,140
independent_cleaned,6,train,244
independent_cleaned,6,train,151
independent_cleaned,6,train,230
independent_cleaned,6,train,306
independent_cleaned,6,train,253
independent_cleaned,6,train,74
independent_cleaned,6,train,286
independent_cleaned,6,train,362
independent_cleaned,6,train,404
independent_cleaned,6,train,5
independent_cleaned,6,train,176
independent_cleaned,6,train,195
independent_cleaned,6,train,359
independent_cleaned,6,train,372
independent_cleaned,6,train,185
independent_cleaned,6,train,190
independent_cleaned,6,train,239
independent_cleaned,6,train,96
independent_cleaned,6,train,100
independent_cleaned,6,train,49
independent_cleaned,6,train,363
independent_cleaned,6,train,130
independent_cleaned,6,train,384
independent_cleaned,6,train,12
independent_cleaned,6,train,368
independent_cleaned,6,train,90
independent_cleaned,6,train,307
independent_cleaned,6,train,395
independent_cleaned,6,train,390
independent_cleaned,6,train,329
independent_cleaned,6,train,86
independent_cleaned,6,train,42
independent_cleaned,6,train,409
independent_cleaned,6,train,45
independent_cleaned,6,train,51
independent_cleaned,6,train,28
independent_cleaned,6,train,153
independent_cleaned,6,train,50
independent_cleaned,6,train,105
independent_cleaned,6,train,159
independent_cleaned,6,train,323
independent_cleaned,6,train,77
independent_cleaned,6,train,266
independent_cleaned,6,train,287
independent_cleaned,6,train,356
independent_cleaned,6,train,149
independent_cleaned,6,train,405
independent_cleaned,6,train,367
independent_cleaned,6,train,70
independent_cleaned,6,train,52
independent_cleaned,6,train,344
independent_cleaned,6,train,154
independent_cleaned,6,train,108
independent_cleaned,6,train,181
independent_cleaned,6,train,380
independent_cleaned,6,train,383
independent_cleaned,6,train,157
independent_cleaned,6,train,240
independent_cleaned,6,train,103
independent_cleaned,6,train,76
independent_cleaned,6,train,164
independent_cleaned,6,train,243
independent_cleaned,6,train,144
independent_cleaned,6,train,18
independent_cleaned,6,train,155
independent_cleaned,6,train,39
independent_cleaned,6,train,251
independent_cleaned,6,train,161
independent_cleaned,6,train,321
independent_cleaned,6,train,385
independent_cleaned,6,train,139
independent_cleaned,6,train,289
independent_cleaned,6,train,200
independent_cleaned,6,train,30
independent_cleaned,6,train,228
independent_cleaned,6,train,397
independent_cleaned,6,train,98
independent_cleaned,6,train,1
independent_cleaned,6,train,339
independent_cleaned,6,train,379
independent_cleaned,6,train,400
independent_cleaned,6,train,399
independent_cleaned,6,train,135
independent_cleaned,6,train,280
independent_cleaned,6,train,248
independent_cleaned,6,test,361
independent_cleaned,6,test,304
independent_cleaned,6,test,37
independent_cleaned,6,test,16
independent_cleaned,6,test,284
independent_cleaned,6,test,283
independent_cleaned,6,test,167
independent_cleaned,6,test,345
independent_cleaned,6,test,202
independent_cleaned,6,test,365
independent_cleaned,6,test,171
independent_cleaned,6,test,336
independent_cleaned,6,test,132
independent_cleaned,6,test,117
independent_cleaned,6,test,213
independent_cleaned,6,test,114
independent_cleaned,6,test,291
independent_cleaned,6,test,412
independent_cleaned,6,test,337
independent_cleaned,6,test,310
independent_cleaned,6,test,147
independent_cleaned,6,test,34
independent_cleaned,6,test,13
independent_cleaned,6,test,127
independent_cleaned,6,test,6
independent_cleaned,6,test,41
independent_cleaned,6,test,357
independent_cleaned,6,test,417
independent_cleaned,6,test,326
independent_cleaned,6,test,184
independent_cleaned,6,test,374
independent_cleaned,6,test,324
independent_cleaned,6,test,60
independent_cleaned,6,test,169
independent_cleaned,6,test,238
independent_cleaned,6,test,322
independent_cleaned,6,test,265
independent_cleaned,6,test,378
independent_cleaned,6,test,309
independent_cleaned,6,test,20
independent_cleaned,6,test,104
independent_cleaned,6,test,146
independent_cleaned,6,test,288
independent_cleaned,6,test,246
independent_cleaned,6,test,68
independent_cleaned,6,test,219
independent_cleaned,6,test,227
independent_cleaned,6,test,311
independent_cleaned,6,test,369
independent_cleaned,6,test,225
independent_cleaned,6,test,223
independent_cleaned,6,test,394
independent_cleaned,6,test,75
independent_cleaned,6,test,259
independent_cleaned,6,test,318
independent_cleaned,6,test,33
independent_cleaned,6,test,22
independent_cleaned,6,test,175
independent_cleaned,6,test,145
independent_cleaned,6,test,276
independent_cleaned,6,test,204
independent_cleaned,6,test,66
independent_cleaned,6,test,250
independent_cleaned,6,test,207
independent_cleaned,6,test,316
independent_cleaned,6,test,381
independent_cleaned,6,test,81
independent_cleaned,6,test,129
independent_cleaned,6,test,232
independent_cleaned,6,test,62
independent_cleaned,6,test,177
independent_cleaned,7,train,175
independent_cleaned,7,train,199
independent_cleaned,7,train,376
independent_cleaned,7,train,82
independent_cleaned,7,train,341
independent_cleaned,7,train,390
independent_cleaned,7,train,197
independent_cleaned,7,train,172
independent_cleaned,7,train,377
independent_cleaned,7,train,90
independent_cleaned,7,train,394
independent_cleaned,7,train,187
independent_cleaned,7,train,203
independent_cleaned,7,train,113
independent_cleaned,7,train,314
independent_cleaned,7,train,62
independent_cleaned,7,train,385
independent_cleaned,7,train,128
independent_cleaned,7,train,21
independent_cleaned,7,train,164
independent_cleaned,7,train,315
independent_cleaned,7,train,23
independent_cleaned,7,train,67
independent_cleaned,7,train,191
independent_cleaned,7,train,276
independent_cleaned,7,train,312
independent_cleaned,7,train,284
independent_cleaned,7,train,65
independent_cleaned,7,train,345
independent_cleaned,7,train,26
independent_cleaned,7,train,292
independent_cleaned,7,train,155
independent_cleaned,7,train,145
independent_cleaned,7,train,64
independent_cleaned,7,train,305
independent_cleaned,7,train,126
independent_cleaned,7,train,214
independent_cleaned,7,train,365
independent_cleaned,7,train,30
independent_cleaned,7,train,19
independent_cleaned,7,train,258
independent_cleaned,7,train,249
independent_cleaned,7,train,137
independent_cleaned,7,train,387
independent_cleaned,7,train,120
independent_cleaned,7,train,173
independent_cleaned,7,train,142
independent_cleaned,7,train,224
independent_cleaned,7,train,131
independent_cleaned,7,train,404
independent_cleaned,7,train,115
independent_cleaned,7,train,271
independent_cleaned,7,train,357
independent_cleaned,7,train,239
independent_cleaned,7,train,221
independent_cleaned,7,train,413
independent_cleaned,7,train,195
independent_cleaned,7,train,348
independent_cleaned,7,train,28
independent_cleaned,7,train,240
independent_cleaned,7,train,354
independent_cleaned,7,train,156
independent_cleaned,7,train,355
independent_cleaned,7,train,101
independent_cleaned,7,train,324
independent_cleaned,7,train,265
independent_cleaned,7,train,320
independent_cleaned,7,train,302
independent_cleaned,7,train,75
independent_cleaned,7,train,291
independent_cleaned,7,train,299
independent_cleaned,7,train,264
independent_cleaned,7,train,89
independent_cleaned,7,train,45
independent_cleaned,7,train,49
independent_cleaned,7,train,366
independent_cleaned,7,train,14
independent_cleaned,7,train,318
independent_cleaned,7,train,309
independent_cleaned,7,train,295
independent_cleaned,7,train,157
independent_cleaned,7,train,58
independent_cleaned,7,train,220
independent_cleaned,7,train,321
independent_cleaned,7,train,158
independent_cleaned,7,train,347
independent_cleaned,7,train,10
independent_cleaned,7,train,367
independent_cleaned,7,train,227
independent_cleaned,7,train,325
independent_cleaned,7,train,336
independent_cleaned,7,train,11
independent_cleaned,7,train,323
independent_cleaned,7,train,33
independent_cleaned,7,train,371
independent_cleaned,7,train,71
independent_cleaned,7,train,78
independent_cleaned,7,train,246
independent_cleaned,7,train,395
independent_cleaned,7,train,190
independent_cleaned,7,train,60
independent_cleaned,7,train,304
independent_cleaned,7,train,39
independent_cleaned,7,train,1
independent_cleaned,7,train,213
independent_cleaned,7,train,253
independent_cleaned,7,train,16
independent_cleaned,7,train,12
independent_cleaned,7,train,180
independent_cleaned,7,train,388
independent_cleaned,7,train,123
independent_cleaned,7,train,43
independent_cleaned,7,train,125
independent_cleaned,7,train,407
independent_cleaned,7,train,300
independent_cleaned,7,train,311
independent_cleaned,7,train,338
independent_cleaned,7,train,301
independent_cleaned,7,train,208
independent_cleaned,7,train,57
independent_cleaned,7,train,200
independent_cleaned,7,train,147
independent_cleaned,7,train,41
independent_cleaned,7,train,100
independent_cleaned,7,train,335
independent_cleaned,7,train,165
independent_cleaned,7,train,178
independent_cleaned,7,train,193
independent_cleaned,7,train,77
independent_cleaned,7,train,105
independent_cleaned,7,train,73
independent_cleaned,7,train,331
independent_cleaned,7,train,177
independent_cleaned,7,train,50
independent_cleaned,7,train,230
independent_cleaned,7,train,406
independent_cleaned,7,train,245
independent_cleaned,7,train,204
independent_cleaned,7,train,138
independent_cleaned,7,train,273
independent_cleaned,7,train,174
independent_cleaned,7,train,151
independent_cleaned,7,train,389
independent_cleaned,7,train,63
independent_cleaned,7,train,68
independent_cleaned,7,train,343
independent_cleaned,7,train,196
independent_cleaned,7,train,108
independent_cleaned,7,train,261
independent_cleaned,7,train,150
independent_cleaned,7,train,399
independent_cleaned,7,train,402
independent_cleaned,7,train,288
independent_cleaned,7,train,362
independent_cleaned,7,train,360
independent_cleaned,7,train,322
independent_cleaned,7,train,110
independent_cleaned,7,train,383
independent_cleaned,7,train,205
independent_cleaned,7,train,418
independent_cleaned,7,train,289
independent_cleaned,7,train,269
independent_cleaned,7,train,359
independent_cleaned,7,train,134
independent_cleaned,7,train,99
independent_cleaned,7,train,225
independent_cleaned,7,train,61
independent_cleaned,7,train,102
independent_cleaned,7,train,8
independent_cleaned,7,train,20
independent_cleaned,7,train,287
independent_cleaned,7,train,283
independent_cleaned,7,train,117
independent_cleaned,7,train,297
independent_cleaned,7,train,146
independent_cleaned,7,train,339
independent_cleaned,7,train,135
independent_cleaned,7,train,231
independent_cleaned,7,train,202
independent_cleaned,7,train,285
independent_cleaned,7,train,166
independent_cleaned,7,train,344
independent_cleaned,7,train,278
independent_cleaned,7,train,262
independent_cleaned,7,train,235
independent_cleaned,7,train,374
independent_cleaned,7,train,36
independent_cleaned,7,train,209
independent_cleaned,7,train,223
independent_cleaned,7,train,129
independent_cleaned,7,train,243
independent_cleaned,7,train,257
independent_cleaned,7,train,167
independent_cleaned,7,train,397
independent_cleaned,7,train,364
independent_cleaned,7,train,244
independent_cleaned,7,train,206
independent_cleaned,7,train,332
independent_cleaned,7,train,169
independent_cleaned,7,train,162
independent_cleaned,7,train,48
independent_cleaned,7,train,263
independent_cleaned,7,train,52
independent_cleaned,7,train,66
independent_cleaned,7,train,400
independent_cleaned,7,train,381
independent_cleaned,7,train,44
independent_cleaned,7,train,334
independent_cleaned,7,train,154
independent_cleaned,7,train,176
independent_cleaned,7,train,139
independent_cleaned,7,train,370
independent_cleaned,7,train,136
independent_cleaned,7,train,15
independent_cleaned,7,train,330
independent_cleaned,7,train,59
independent_cleaned,7,train,250
independent_cleaned,7,train,363
independent_cleaned,7,train,149
independent_cleaned,7,train,24
independent_cleaned,7,train,106
independent_cleaned,7,train,161
independent_cleaned,7,train,282
independent_cleaned,7,train,411
independent_cleaned,7,train,346
independent_cleaned,7,train,153
independent_cleaned,7,train,42
independent_cleaned,7,train,398
independent_cleaned,7,train,6
independent_cleaned,7,train,22
independent_cleaned,7,train,267
independent_cleaned,7,train,414
independent_cleaned,7,train,185
independent_cleaned,7,train,275
independent_cleaned,7,train,303
independent_cleaned,7,train,375
independent_cleaned,7,train,188
independent_cleaned,7,train,351
independent_cleaned,7,train,286
independent_cleaned,7,train,13
independent_cleaned,7,train,337
independent_cleaned,7,train,92
independent_cleaned,7,train,308
independent_cleaned,7,train,116
independent_cleaned,7,train,238
independent_cleaned,7,train,313
independent_cleaned,7,train,409
independent_cleaned,7,train,241
independent_cleaned,7,train,171
independent_cleaned,7,train,316
independent_cleaned,7,train,47
independent_cleaned,7,train,248
independent_cleaned,7,train,392
independent_cleaned,7,train,350
independent_cleaned,7,train,233
independent_cleaned,7,train,307
independent_cleaned,7,train,141
independent_cleaned,7,train,226
independent_cleaned,7,train,189
independent_cleaned,7,train,373
independent_cleaned,7,train,386
independent_cleaned,7,train,237
independent_cleaned,7,train,54
independent_cleaned,7,train,333
independent_cleaned,7,train,9
independent_cleaned,7,train,306
independent_cleaned,7,train,372
independent_cleaned,7,train,98
independent_cleaned,7,train,0
independent_cleaned,7,train,86
independent_cleaned,7,train,207
independent_cleaned,7,train,266
independent_cleaned,7,train,51
independent_cleaned,7,train,93
independent_cleaned,7,train,27
independent_cleaned,7,train,228
independent_cleaned,7,train,132
independent_cleaned,7,train,259
independent_cleaned,7,train,85
independent_cleaned,7,train,29
independent_cleaned,7,train,242
independent_cleaned,7,train,217
independent_cleaned,7,test,215
independent_cleaned,7,test,192
independent_cleaned,7,test,255
independent_cleaned,7,test,416
independent_cleaned,7,test,97
independent_cleaned,7,test,103
independent_cleaned,7,test,410
independent_cleaned,7,test,148
independent_cleaned,7,test,382
independent_cleaned,7,test,37
independent_cleaned,7,test,281
independent_cleaned,7,test,232
independent_cleaned,7,test,133
independent_cleaned,7,test,17
independent_cleaned,7,test,369
independent_cleaned,7,test,216
independent_cleaned,7,test,152
independent_cleaned,7,test,159
independent_cleaned,7,test,5
independent_cleaned,7,test,74
independent_cleaned,7,test,34
independent_cleaned,7,test,96
independent_cleaned,7,test,219
independent_cleaned,7,test,349
independent_cleaned,7,test,109
independent_cleaned,7,test,179
independent_cleaned,7,test,319
independent_cleaned,7,test,260
independent_cleaned,7,test,130
independent_cleaned,7,test,256
independent_cleaned,7,test,107
independent_cleaned,7,test,353
independent_cleaned,7,test,70
independent_cleaned,7,test,352
independent_cleaned,7,test,298
independent_cleaned,7,test,296
independent_cleaned,7,test,378
independent_cleaned,7,test,81
independent_cleaned,7,test,361
independent_cleaned,7,test,417
independent_cleaned,7,test,251
independent_cleaned,7,test,368
independent_cleaned,7,test,327
independent_cleaned,7,test,184
independent_cleaned,7,test,252
independent_cleaned,7,test,181
independent_cleaned,7,test,405
independent_cleaned,7,test,127
independent_cleaned,7,test,356
independent_cleaned,7,test,310
independent_cleaned,7,test,403
independent_cleaned,7,test,112
independent_cleaned,7,test,270
independent_cleaned,7,test,280
independent_cleaned,7,test,380
independent_cleaned,7,test,401
independent_cleaned,7,test,326
independent_cleaned,7,test,18
independent_cleaned,7,test,379
independent_cleaned,7,test,211
independent_cleaned,7,test,140
independent_cleaned,7,test,114
independent_cleaned,7,test,218
independent_cleaned,7,test,46
independent_cleaned,7,test,3
independent_cleaned,7,test,76
independent_cleaned,7,test,329
independent_cleaned,7,test,384
independent_cleaned,7,test,412
independent_cleaned,7,test,104
independent_cleaned,7,test,144
independent_cleaned,8,train,156
independent_cleaned,8,train,296
independent_cleaned,8,train,285
independent_cleaned,8,train,288
independent_cleaned,8,train,102
independent_cleaned,8,train,360
independent_cleaned,8,train,107
independent_cleaned,8,train,188
independent_cleaned,8,train,139
independent_cleaned,8,train,302
independent_cleaned,8,train,313
independent_cleaned,8,train,150
independent_cleaned,8,train,369
independent_cleaned,8,train,89
independent_cleaned,8,train,203
independent_cleaned,8,train,407
independent_cleaned,8,train,5
independent_cleaned,8,train,262
independent_cleaned,8,train,16
independent_cleaned,8,train,346
independent_cleaned,8,train,225
independent_cleaned,8,train,267
independent_cleaned,8,train,264
independent_cleaned,8,train,26
independent_cleaned,8,train,78
independent_cleaned,8,train,167
independent_cleaned,8,train,319
independent_cleaned,8,train,315
independent_cleaned,8,train,355
independent_cleaned,8,train,42
independent_cleaned,8,train,114
independent_cleaned,8,train,291
independent_cleaned,8,train,196
independent_cleaned,8,train,337
independent_cleaned,8,train,281
independent_cleaned,8,train,185
independent_cleaned,8,train,250
independent_cleaned,8,train,228
independent_cleaned,8,train,292
independent_cleaned,8,train,217
independent_cleaned,8,train,394
independent_cleaned,8,train,299
independent_cleaned,8,train,155
independent_cleaned,8,train,259
independent_cleaned,8,train,73
independent_cleaned,8,train,64
independent_cleaned,8,train,191
independent_cleaned,8,train,112
independent_cleaned,8,train,367
independent_cleaned,8,train,387
independent_cleaned,8,train,129
independent_cleaned,8,train,43
independent_cleaned,8,train,298
independent_cleaned,8,train,57
independent_cleaned,8,train,276
independent_cleaned,8,train,162
independent_cleaned,8,train,96
independent_cleaned,8,train,120
independent_cleaned,8,train,248
independent_cleaned,8,train,208
independent_cleaned,8,train,117
independent_cleaned,8,train,303
independent_cleaned,8,train,142
independent_cleaned,8,train,92
independent_cleaned,8,train,15
independent_cleaned,8,train,190
independent_cleaned,8,train,219
independent_cleaned,8,train,76
independent_cleaned,8,train,30
independent_cleaned,8,train,164
independent_cleaned,8,train,100
independent_cleaned,8,train,173
independent_cleaned,8,train,159
independent_cleaned,8,train,345
independent_cleaned,8,train,354
independent_cleaned,8,train,316
independent_cleaned,8,train,416
independent_cleaned,8,train,27
independent_cleaned,8,train,309
independent_cleaned,8,train,280
independent_cleaned,8,train,110
independent_cleaned,8,train,103
independent_cleaned,8,train,51
independent_cleaned,8,train,318
independent_cleaned,8,train,149
independent_cleaned,8,train,266
independent_cleaned,8,train,257
independent_cleaned,8,train,330
independent_cleaned,8,train,176
independent_cleaned,8,train,321
independent_cleaned,8,train,414
independent_cleaned,8,train,366
independent_cleaned,8,train,106
independent_cleaned,8,train,105
independent_cleaned,8,train,224
independent_cleaned,8,train,146
independent_cleaned,8,train,301
independent_cleaned,8,train,1
independent_cleaned,8,train,132
independent_cleaned,8,train,8
independent_cleaned,8,train,184
independent_cleaned,8,train,363
independent_cleaned,8,train,158
independent_cleaned,8,train,389
independent_cleaned,8,train,179
independent_cleaned,8,train,204
independent_cleaned,8,train,379
independent_cleaned,8,train,362
independent_cleaned,8,train,70
independent_cleaned,8,train,81
independent_cleaned,8,train,398
independent_cleaned,8,train,411
independent_cleaned,8,train,99
independent_cleaned,8,train,48
independent_cleaned,8,train,221
independent_cleaned,8,train,256
independent_cleaned,8,train,258
independent_cleaned,8,train,307
independent_cleaned,8,train,375
independent_cleaned,8,train,359
independent_cleaned,8,train,270
independent_cleaned,8,train,33
independent_cleaned,8,train,314
independent_cleaned,8,train,275
independent_cleaned,8,train,193
independent_cleaned,8,train,230
independent_cleaned,8,train,323
independent_cleaned,8,train,343
independent_cleaned,8,train,335
independent_cleaned,8,train,405
independent_cleaned,8,train,295
independent_cleaned,8,train,365
independent_cleaned,8,train,349
independent_cleaned,8,train,135
independent_cleaned,8,train,85
independent_cleaned,8,train,287
independent_cleaned,8,train,312
independent_cleaned,8,train,214
independent_cleaned,8,train,371
independent_cleaned,8,train,147
independent_cleaned,8,train,151
independent_cleaned,8,train,242
independent_cleaned,8,train,413
independent_cleaned,8,train,49
independent_cleaned,8,train,86
independent_cleaned,8,train,218
independent_cleaned,8,train,332
independent_cleaned,8,train,397
independent_cleaned,8,train,90
independent_cleaned,8,train,130
independent_cleaned,8,train,386
independent_cleaned,8,train,223
independent_cleaned,8,train,385
independent_cleaned,8,train,220
independent_cleaned,8,train,44
independent_cleaned,8,train,154
independent_cleaned,8,train,356
independent_cleaned,8,train,13
independent_cleaned,8,train,418
independent_cleaned,8,train,66
independent_cleaned,8,train,286
independent_cleaned,8,train,320
independent_cleaned,8,train,373
independent_cleaned,8,train,347
independent_cleaned,8,train,157
independent_cleaned,8,train,174
independent_cleaned,8,train,374
independent_cleaned,8,train,271
independent_cleaned,8,train,36
independent_cleaned,8,train,161
independent_cleaned,8,train,172
independent_cleaned,8,train,74
independent_cleaned,8,train,261
independent_cleaned,8,train,252
independent_cleaned,8,train,17
independent_cleaned,8,train,50
independent_cleaned,8,train,255
independent_cleaned,8,train,344
independent_cleaned,8,train,41
independent_cleaned,8,train,126
independent_cleaned,8,train,28
independent_cleaned,8,train,333
independent_cleaned,8,train,244
independent_cleaned,8,train,227
independent_cleaned,8,train,232
independent_cleaned,8,train,412
independent_cleaned,8,train,238
independent_cleaned,8,train,289
independent_cleaned,8,train,195
independent_cleaned,8,train,61
independent_cleaned,8,train,251
independent_cleaned,8,train,187
independent_cleaned,8,train,361
independent_cleaned,8,train,235
independent_cleaned,8,train,200
independent_cleaned,8,train,97
independent_cleaned,8,train,178
independent_cleaned,8,train,209
independent_cleaned,8,train,128
independent_cleaned,8,train,410
independent_cleaned,8,train,18
independent_cleaned,8,train,52
independent_cleaned,8,train,71
independent_cleaned,8,train,338
independent_cleaned,8,train,207
independent_cleaned,8,train,269
independent_cleaned,8,train,216
independent_cleaned,8,train,324
independent_cleaned,8,train,98
independent_cleaned,8,train,181
independent_cleaned,8,train,417
independent_cleaned,8,train,311
independent_cleaned,8,train,9
independent_cleaned,8,train,189
independent_cleaned,8,train,278
independent_cleaned,8,train,263
independent_cleaned,8,train,127
independent_cleaned,8,train,304
independent_cleaned,8,train,334
independent_cleaned,8,train,134
independent_cleaned,8,train,226
independent_cleaned,8,train,300
independent_cleaned,8,train,305
independent_cleaned,8,train,148
independent_cleaned,8,train,253
independent_cleaned,8,train,141
independent_cleaned,8,train,19
independent_cleaned,8,train,22
independent_cleaned,8,train,283
independent_cleaned,8,train,10
independent_cleaned,8,train,199
independent_cleaned,8,train,166
independent_cleaned,8,train,58
independent_cleaned,8,train,152
independent_cleaned,8,train,47
independent_cleaned,8,train,353
independent_cleaned,8,train,115
independent_cleaned,8,train,399
independent_cleaned,8,train,265
independent_cleaned,8,train,153
independent_cleaned,8,train,45
independent_cleaned,8,train,245
independent_cleaned,8,train,3
independent_cleaned,8,train,59
independent_cleaned,8,train,273
independent_cleaned,8,train,34
independent_cleaned,8,train,246
independent_cleaned,8,train,24
independent_cleaned,8,train,215
independent_cleaned,8,train,23
independent_cleaned,8,train,39
independent_cleaned,8,train,109
independent_cleaned,8,train,77
independent_cleaned,8,train,329
independent_cleaned,8,train,104
independent_cleaned,8,train,282
independent_cleaned,8,train,12
independent_cleaned,8,train,383
independent_cleaned,8,train,211
independent_cleaned,8,train,402
independent_cleaned,8,train,388
independent_cleaned,8,train,370
independent_cleaned,8,train,63
independent_cleaned,8,train,322
independent_cleaned,8,train,131
independent_cleaned,8,train,327
independent_cleaned,8,train,21
independent_cleaned,8,train,376
independent_cleaned,8,train,177
independent_cleaned,8,train,75
independent_cleaned,8,train,326
independent_cleaned,8,train,137
independent_cleaned,8,train,192
independent_cleaned,8,train,145
independent_cleaned,8,train,377
independent_cleaned,8,train,108
independent_cleaned,8,train,60
independent_cleaned,8,train,237
independent_cleaned,8,train,403
independent_cleaned,8,train,169
independent_cleaned,8,train,165
independent_cleaned,8,train,404
independent_cleaned,8,test,62
independent_cleaned,8,test,260
independent_cleaned,8,test,308
independent_cleaned,8,test,116
independent_cleaned,8,test,331
independent_cleaned,8,test,0
independent_cleaned,8,test,125
independent_cleaned,8,test,54
independent_cleaned,8,test,401
independent_cleaned,8,test,11
independent_cleaned,8,test,352
independent_cleaned,8,test,348
independent_cleaned,8,test,29
independent_cleaned,8,test,395
independent_cleaned,8,test,233
independent_cleaned,8,test,136
independent_cleaned,8,test,284
independent_cleaned,8,test,357
independent_cleaned,8,test,406
independent_cleaned,8,test,206
independent_cleaned,8,test,138
independent_cleaned,8,test,101
independent_cleaned,8,test,171
independent_cleaned,8,test,382
independent_cleaned,8,test,20
independent_cleaned,8,test,381
independent_cleaned,8,test,6
independent_cleaned,8,test,409
independent_cleaned,8,test,325
independent_cleaned,8,test,46
independent_cleaned,8,test,339
independent_cleaned,8,test,113
independent_cleaned,8,test,205
independent_cleaned,8,test,231
independent_cleaned,8,test,144
independent_cleaned,8,test,297
independent_cleaned,8,test,65
independent_cleaned,8,test,68
independent_cleaned,8,test,372
independent_cleaned,8,test,213
independent_cleaned,8,test,392
independent_cleaned,8,test,341
independent_cleaned,8,test,93
independent_cleaned,8,test,175
independent_cleaned,8,test,14
independent_cleaned,8,test,239
independent_cleaned,8,test,37
independent_cleaned,8,test,197
independent_cleaned,8,test,368
independent_cleaned,8,test,180
independent_cleaned,8,test,123
independent_cleaned,8,test,82
independent_cleaned,8,test,306
independent_cleaned,8,test,140
independent_cleaned,8,test,67
independent_cleaned,8,test,380
independent_cleaned,8,test,310
independent_cleaned,8,test,351
independent_cleaned,8,test,350
independent_cleaned,8,test,390
independent_cleaned,8,test,378
independent_cleaned,8,test,202
independent_cleaned,8,test,249
independent_cleaned,8,test,364
independent_cleaned,8,test,133
independent_cleaned,8,test,240
independent_cleaned,8,test,241
independent_cleaned,8,test,336
independent_cleaned,8,test,384
independent_cleaned,8,test,243
independent_cleaned,8,test,400
independent_cleaned,9,train,334
independent_cleaned,9,train,217
independent_cleaned,9,train,385
independent_cleaned,9,train,37
independent_cleaned,9,train,224
independent_cleaned,9,train,199
independent_cleaned,9,train,46
independent_cleaned,9,train,128
independent_cleaned,9,train,138
independent_cleaned,9,train,47
independent_cleaned,9,train,359
independent_cleaned,9,train,189
independent_cleaned,9,train,324
independent_cleaned,9,train,206
independent_cleaned,9,train,18
independent_cleaned,9,train,367
independent_cleaned,9,train,406
independent_cleaned,9,train,284
independent_cleaned,9,train,104
independent_cleaned,9,train,298
independent_cleaned,9,train,343
independent_cleaned,9,train,134
independent_cleaned,9,train,203
independent_cleaned,9,train,179
independent_cleaned,9,train,305
independent_cleaned,9,train,106
independent_cleaned,9,train,402
independent_cleaned,9,train,300
independent_cleaned,9,train,139
independent_cleaned,9,train,20
independent_cleaned,9,train,362
independent_cleaned,9,train,157
independent_cleaned,9,train,240
independent_cleaned,9,train,3
independent_cleaned,9,train,63
independent_cleaned,9,train,248
independent_cleaned,9,train,315
independent_cleaned,9,train,27
independent_cleaned,9,train,101
independent_cleaned,9,train,154
independent_cleaned,9,train,114
independent_cleaned,9,train,370
independent_cleaned,9,train,197
independent_cleaned,9,train,216
independent_cleaned,9,train,237
independent_cleaned,9,train,220
independent_cleaned,9,train,125
independent_cleaned,9,train,66
independent_cleaned,9,train,377
independent_cleaned,9,train,339
independent_cleaned,9,train,89
independent_cleaned,9,train,390
independent_cleaned,9,train,266
independent_cleaned,9,train,90
independent_cleaned,9,train,133
independent_cleaned,9,train,416
independent_cleaned,9,train,273
independent_cleaned,9,train,397
independent_cleaned,9,train,129
independent_cleaned,9,train,361
independent_cleaned,9,train,243
independent_cleaned,9,train,228
independent_cleaned,9,train,187
independent_cleaned,9,train,357
independent_cleaned,9,train,355
independent_cleaned,9,train,166
independent_cleaned,9,train,325
independent_cleaned,9,train,120
independent_cleaned,9,train,162
independent_cleaned,9,train,8
independent_cleaned,9,train,321
independent_cleaned,9,train,30
independent_cleaned,9,train,312
independent_cleaned,9,train,115
independent_cleaned,9,train,145
independent_cleaned,9,train,98
independent_cleaned,9,train,368
independent_cleaned,9,train,348
independent_cleaned,9,train,345
independent_cleaned,9,train,148
independent_cleaned,9,train,100
independent_cleaned,9,train,269
independent_cleaned,9,train,11
independent_cleaned,9,train,57
independent_cleaned,9,train,9
independent_cleaned,9,train,33
independent_cleaned,9,train,5
independent_cleaned,9,train,399
independent_cleaned,9,train,202
independent_cleaned,9,train,184
independent_cleaned,9,train,50
independent_cleaned,9,train,19
independent_cleaned,9,train,347
independent_cleaned,9,train,360
independent_cleaned,9,train,180
independent_cleaned,9,train,302
independent_cleaned,9,train,188
independent_cleaned,9,train,410
independent_cleaned,9,train,226
independent_cleaned,9,train,386
independent_cleaned,9,train,99
independent_cleaned,9,train,337
independent_cleaned,9,train,349
independent_cleaned,9,train,62
independent_cleaned,9,train,117
independent_cleaned,9,train,208
independent_cleaned,9,train,264
independent_cleaned,9,train,116
independent_cleaned,9,train,196
independent_cleaned,9,train,282
independent_cleaned,9,train,190
independent_cleaned,9,train,191
independent_cleaned,9,train,384
independent_cleaned,9,train,185
independent_cleaned,9,train,382
independent_cleaned,9,train,146
independent_cleaned,9,train,285
independent_cleaned,9,train,239
independent_cleaned,9,train,395
independent_cleaned,9,train,109
independent_cleaned,9,train,308
independent_cleaned,9,train,335
independent_cleaned,9,train,246
independent_cleaned,9,train,34
independent_cleaned,9,train,67
independent_cleaned,9,train,59
independent_cleaned,9,train,404
independent_cleaned,9,train,136
independent_cleaned,9,train,255
independent_cleaned,9,train,418
independent_cleaned,9,train,29
independent_cleaned,9,train,223
independent_cleaned,9,train,126
independent_cleaned,9,train,261
independent_cleaned,9,train,102
independent_cleaned,9,train,221
independent_cleaned,9,train,244
independent_cleaned,9,train,14
independent_cleaned,9,train,176
independent_cleaned,9,train,172
independent_cleaned,9,train,43
independent_cleaned,9,train,331
independent_cleaned,9,train,36
independent_cleaned,9,train,85
independent_cleaned,9,train,13
independent_cleaned,9,train,105
independent_cleaned,9,train,86
independent_cleaned,9,train,241
independent_cleaned,9,train,387
independent_cleaned,9,train,96
independent_cleaned,9,train,51
independent_cleaned,9,train,381
independent_cleaned,9,train,286
independent_cleaned,9,train,10
independent_cleaned,9,train,219
independent_cleaned,9,train,161
independent_cleaned,9,train,265
independent_cleaned,9,train,383
independent_cleaned,9,train,108
independent_cleaned,9,train,22
independent_cleaned,9,train,291
independent_cleaned,9,train,151
independent_cleaned,9,train,281
independent_cleaned,9,train,414
independent_cleaned,9,train,311
independent_cleaned,9,train,169
independent_cleaned,9,train,322
independent_cleaned,9,train,249
independent_cleaned,9,train,107
independent_cleaned,9,train,21
independent_cleaned,9,train,142
independent_cleaned,9,train,392
independent_cleaned,9,train,52
independent_cleaned,9,train,365
independent_cleaned,9,train,407
independent_cleaned,9,train,204
independent_cleaned,9,train,353
independent_cleaned,9,train,376
independent_cleaned,9,train,388
independent_cleaned,9,train,278
independent_cleaned,9,train,394
independent_cleaned,9,train,44
independent_cleaned,9,train,371
independent_cleaned,9,train,140
independent_cleaned,9,train,42
independent_cleaned,9,train,215
independent_cleaned,9,train,0
independent_cleaned,9,train,167
independent_cleaned,9,train,366
independent_cleaned,9,train,276
independent_cleaned,9,train,364
independent_cleaned,9,train,235
independent_cleaned,9,train,389
independent_cleaned,9,train,329
independent_cleaned,9,train,299
independent_cleaned,9,train,323
independent_cleaned,9,train,60
independent_cleaned,9,train,251
independent_cleaned,9,train,131
independent_cleaned,9,train,82
independent_cleaned,9,train,411
independent_cleaned,9,train,375
independent_cleaned,9,train,309
independent_cleaned,9,train,263
independent_cleaned,9,train,346
independent_cleaned,9,train,338
independent_cleaned,9,train,200
independent_cleaned,9,train,110
independent_cleaned,9,train,78
independent_cleaned,9,train,258
independent_cleaned,9,train,195
independent_cleaned,9,train,250
independent_cleaned,9,train,17
independent_cleaned,9,train,141
independent_cleaned,9,train,363
independent_cleaned,9,train,369
independent_cleaned,9,train,275
independent_cleaned,9,train,257
independent_cleaned,9,train,218
independent_cleaned,9,train,211
independent_cleaned,9,train,209
independent_cleaned,9,train,181
independent_cleaned,9,train,75
independent_cleaned,9,train,283
independent_cleaned,9,train,58
independent_cleaned,9,train,296
independent_cleaned,9,train,144
independent_cleaned,9,train,303
independent_cleaned,9,train,380
independent_cleaned,9,train,137
independent_cleaned,9,train,267
independent_cleaned,9,train,350
independent_cleaned,9,train,1
independent_cleaned,9,train,49
independent_cleaned,9,train,28
independent_cleaned,9,train,318
independent_cleaned,9,train,295
independent_cleaned,9,train,178
independent_cleaned,9,train,158
independent_cleaned,9,train,230
independent_cleaned,9,train,64
independent_cleaned,9,train,301
independent_cleaned,9,train,316
independent_cleaned,9,train,409
independent_cleaned,9,train,336
independent_cleaned,9,train,77
independent_cleaned,9,train,225
independent_cleaned,9,train,403
independent_cleaned,9,train,252
independent_cleaned,9,train,71
independent_cleaned,9,train,175
independent_cleaned,9,train,61
independent_cleaned,9,train,373
independent_cleaned,9,train,256
independent_cleaned,9,train,171
independent_cleaned,9,train,149
independent_cleaned,9,train,333
independent_cleaned,9,train,280
independent_cleaned,9,train,159
independent_cleaned,9,train,227
independent_cleaned,9,train,262
independent_cleaned,9,train,332
independent_cleaned,9,train,15
independent_cleaned,9,train,150
independent_cleaned,9,train,287
independent_cleaned,9,train,379
independent_cleaned,9,train,231
independent_cleaned,9,train,292
independent_cleaned,9,train,270
independent_cleaned,9,train,147
independent_cleaned,9,train,304
independent_cleaned,9,train,297
independent_cleaned,9,train,306
independent_cleaned,9,train,356
independent_cleaned,9,train,73
independent_cleaned,9,train,26
independent_cleaned,9,train,81
independent_cleaned,9,train,155
independent_cleaned,9,train,307
independent_cleaned,9,train,68
independent_cleaned,9,train,156
independent_cleaned,9,train,413
independent_cleaned,9,test,271
independent_cleaned,9,test,310
independent_cleaned,9,test,313
independent_cleaned,9,test,152
independent_cleaned,9,test,39
independent_cleaned,9,test,16
independent_cleaned,9,test,76
independent_cleaned,9,test,327
independent_cleaned,9,test,319
independent_cleaned,9,test,177
independent_cleaned,9,test,193
independent_cleaned,9,test,417
independent_cleaned,9,test,45
independent_cleaned,9,test,412
independent_cleaned,9,test,103
independent_cleaned,9,test,351
independent_cleaned,9,test,70
independent_cleaned,9,test,330
independent_cleaned,9,test,288
independent_cleaned,9,test,165
independent_cleaned,9,test,314
independent_cleaned,9,test,173
independent_cleaned,9,test,54
independent_cleaned,9,test,232
independent_cleaned,9,test,65
independent_cleaned,9,test,242
independent_cleaned,9,test,132
independent_cleaned,9,test,24
independent_cleaned,9,test,174
independent_cleaned,9,test,398
independent_cleaned,9,test,113
independent_cleaned,9,test,213
independent_cleaned,9,test,401
independent_cleaned,9,test,135
independent_cleaned,9,test,238
independent_cleaned,9,test,192
independent_cleaned,9,test,92
independent_cleaned,9,test,214
independent_cleaned,9,test,341
independent_cleaned,9,test,233
independent_cleaned,9,test,23
independent_cleaned,9,test,374
independent_cleaned,9,test,127
independent_cleaned,9,test,12
independent_cleaned,9,test,164
independent_cleaned,9,test,97
independent_cleaned,9,test,6
independent_cleaned,9,test,320
independent_cleaned,9,test,259
independent_cleaned,9,test,74
independent_cleaned,9,test,405
independent_cleaned,9,test,245
independent_cleaned,9,test,354
independent_cleaned,9,test,260
independent_cleaned,9,test,352
independent_cleaned,9,test,207
independent_cleaned,9,test,153
independent_cleaned,9,test,253
independent_cleaned,9,test,130
independent_cleaned,9,test,48
independent_cleaned,9,test,326
independent_cleaned,9,test,123
independent_cleaned,9,test,289
independent_cleaned,9,test,372
independent_cleaned,9,test,400
independent_cleaned,9,test,378
independent_cleaned,9,test,205
independent_cleaned,9,test,41
independent_cleaned,9,test,344
independent_cleaned,9,test,93
independent_cleaned,9,test,112
