experiment,model,seed,train_size_run1,test_size_run1,training_seconds_run1,inference_seconds_run1,preprocessing_run1,parameters_run1,accuracy_run1,balanced_accuracy_run1,precision_run1,recall_run1,specificity_run1,f1_run1,mcc_run1,roc_auc_run1,pr_auc_run1,tn_run1,fp_run1,fn_run1,tp_run1,author_printed_recall_run1,author_printed_precision_run1,author_printed_balanced_accuracy_run1,author_printed_f1_run1,train_size_run2,test_size_run2,training_seconds_run2,inference_seconds_run2,preprocessing_run2,parameters_run2,accuracy_run2,balanced_accuracy_run2,precision_run2,recall_run2,specificity_run2,f1_run2,mcc_run2,roc_auc_run2,pr_auc_run2,tn_run2,fp_run2,fn_run2,tp_run2,author_printed_recall_run2,author_printed_precision_run2,author_printed_balanced_accuracy_run2,author_printed_f1_run2,accuracy_delta,balanced_accuracy_delta,precision_delta,recall_delta,specificity_delta,f1_delta,mcc_delta,roc_auc_delta,pr_auc_delta
A_author_cleaned_code_grid,KNN,0,271,68,0.0001596250003785,0.0004418750004333,none,"{""algorithm"": ""auto"", ""leaf_size"": 10, ""metric"": ""minkowski"", ""metric_params"": null, ""n_jobs"": -1, ""n_neighbors"": 2, ""p"": 2, ""weights"": ""distance""}",0.8970588235294118,0.8975588491717523,0.9166666666666666,0.8918918918918919,0.9032258064516128,0.9041095890410958,0.7933903061263571,0.931996512641674,0.9158284802247652,28,3,4,33,0.875,0.9032258064516128,0.8958333333333333,0.8888888888888888,271,68,0.0001911670042318,0.0005029579988331,none,"{""algorithm"": ""auto"", ""leaf_size"": 10, ""metric"": ""minkowski"", ""metric_params"": null, ""n_jobs"": -1, ""n_neighbors"": 2, ""p"": 2, ""weights"": ""distance""}",0.8970588235294118,0.8975588491717523,0.9166666666666666,0.8918918918918919,0.9032258064516128,0.9041095890410958,0.7933903061263571,0.931996512641674,0.9158284802247652,28,3,4,33,0.875,0.9032258064516128,0.8958333333333333,0.8888888888888888,0.0,0.0,0.0,0.0,0.0,0.0,0.0,0.0,0.0
A_author_cleaned_code_grid,KNN,1,271,68,0.0001625419999982,0.0006086659996071,none,"{""algorithm"": ""auto"", ""leaf_size"": 10, ""metric"": ""minkowski"", ""metric_params"": null, ""n_jobs"": -1, ""n_neighbors"": 2, ""p"": 2, ""weights"": ""distance""}",0.9558823529411764,0.9568439407149084,0.9375,0.967741935483871,0.945945945945946,0.9523809523809524,0.911702895636428,0.9973844812554492,0.9970043830605746,35,2,1,30,0.9722222222222222,0.945945945945946,0.9548611111111112,0.958904109589041,271,68,0.0003764169960049,0.0005214999982854,none,"{""algorithm"": ""auto"", ""leaf_size"": 10, ""metric"": ""minkowski"", ""metric_params"": null, ""n_jobs"": -1, ""n_neighbors"": 2, ""p"": 2, ""weights"": ""distance""}",0.9558823529411764,0.9568439407149084,0.9375,0.967741935483871,0.945945945945946,0.9523809523809524,0.911702895636428,0.9973844812554492,0.9970043830605746,35,2,1,30,0.9722222222222222,0.945945945945946,0.9548611111111112,0.958904109589041,0.0,0.0,0.0,0.0,0.0,0.0,0.0,0.0,0.0
A_author_cleaned_code_grid,KNN,2,271,68,0.000170084000274,0.0004625000001396,none,"{""algorithm"": ""auto"", ""leaf_size"": 10, ""metric"": ""minkowski"", ""metric_params"": null, ""n_jobs"": -1, ""n_neighbors"": 2, ""p"": 2, ""weights"": ""distance""}",0.8970588235294118,0.8903508771929824,0.925925925925926,0.8333333333333334,0.9473684210526316,0.8771929824561403,0.7922527777036448,0.9263157894736842,0.923109243697479,36,2,5,25,0.8780487804878049,0.9473684210526316,0.9019873532068654,0.9113924050632912,271,68,0.0001659999979892,0.0004535829939413,none,"{""algorithm"": ""auto"", ""leaf_size"": 10, ""metric"": ""minkowski"", ""metric_params"": null, ""n_jobs"": -1, ""n_neighbors"": 2, ""p"": 2, ""weights"": ""distance""}",0.8970588235294118,0.8903508771929824,0.925925925925926,0.8333333333333334,0.9473684210526316,0.8771929824561403,0.7922527777036448,0.9263157894736842,0.923109243697479,36,2,5,25,0.8780487804878049,0.9473684210526316,0.9019873532068654,0.9113924050632912,0.0,0.0,0.0,0.0,0.0,0.0,0.0,0.0,0.0
A_author_cleaned_code_grid,KNN,3,271,68,0.0001526249998278,0.0004467090002435,none,"{""algorithm"": ""auto"", ""leaf_size"": 10, ""metric"": ""minkowski"", ""metric_params"": null, ""n_jobs"": -1, ""n_neighbors"": 2, ""p"": 2, ""weights"": ""distance""}",0.9411764705882352,0.9411764705882352,0.9166666666666666,0.9705882352941176,0.9117647058823528,0.9428571428571428,0.8838834764831844,0.9511245674740484,0.9249537515540976,31,3,1,33,0.96875,0.9117647058823528,0.9427083333333331,0.9393939393939394,271,68,0.0001577080038259,0.0004348340007709,none,"{""algorithm"": ""auto"", ""leaf_size"": 10, ""metric"": ""minkowski"", ""metric_params"": null, ""n_jobs"": -1, ""n_neighbors"": 2, ""p"": 2, ""weights"": ""distance""}",0.9411764705882352,0.9411764705882352,0.9166666666666666,0.9705882352941176,0.9117647058823528,0.9428571428571428,0.8838834764831844,0.9511245674740484,0.9249537515540976,31,3,1,33,0.96875,0.9117647058823528,0.9427083333333331,0.9393939393939394,0.0,0.0,0.0,0.0,0.0,0.0,0.0,0.0,0.0
A_author_cleaned_code_grid,KNN,4,271,68,0.0001698339992799,0.0004535419993771,none,"{""algorithm"": ""auto"", ""leaf_size"": 10, ""metric"": ""minkowski"", ""metric_params"": null, ""n_jobs"": -1, ""n_neighbors"": 2, ""p"": 2, ""weights"": ""distance""}",0.9264705882352942,0.9264705882352942,0.9393939393939394,0.9117647058823528,0.9411764705882352,0.9253731343283582,0.8533103351879247,0.9467993079584776,0.9173476407163348,32,2,3,31,0.9142857142857144,0.9411764705882352,0.9268398268398268,0.927536231884058,271,68,0.0001511660011601,0.0009871670044958,none,"{""algorithm"": ""auto"", ""leaf_size"": 10, ""metric"": ""minkowski"", ""metric_params"": null, ""n_jobs"": -1, ""n_neighbors"": 2, ""p"": 2, ""weights"": ""distance""}",0.9264705882352942,0.9264705882352942,0.9393939393939394,0.9117647058823528,0.9411764705882352,0.9253731343283582,0.8533103351879247,0.9467993079584776,0.9173476407163348,32,2,3,31,0.9142857142857144,0.9411764705882352,0.9268398268398268,0.927536231884058,0.0,0.0,0.0,0.0,0.0,0.0,0.0,0.0,0.0
A_author_cleaned_code_grid,KNN,5,271,68,0.0001610840008652,0.0005269169996608,none,"{""algorithm"": ""auto"", ""leaf_size"": 10, ""metric"": ""minkowski"", ""metric_params"": null, ""n_jobs"": -1, ""n_neighbors"": 2, ""p"": 2, ""weights"": ""distance""}",0.8823529411764706,0.8823529411764706,0.8611111111111112,0.9117647058823528,0.8529411764705882,0.8857142857142857,0.7660323462854265,0.9506920415224912,0.9182756293646916,29,5,3,31,0.90625,0.8529411764705882,0.8836805555555556,0.8787878787878788,271,68,0.0001810829999158,0.0006183750010677,none,"{""algorithm"": ""auto"", ""leaf_size"": 10, ""metric"": ""minkowski"", ""metric_params"": null, ""n_jobs"": -1, ""n_neighbors"": 2, ""p"": 2, ""weights"": ""distance""}",0.8823529411764706,0.8823529411764706,0.8611111111111112,0.9117647058823528,0.8529411764705882,0.8857142857142857,0.7660323462854265,0.9506920415224912,0.9182756293646916,29,5,3,31,0.90625,0.8529411764705882,0.8836805555555556,0.8787878787878788,0.0,0.0,0.0,0.0,0.0,0.0,0.0,0.0,0.0
A_author_cleaned_code_grid,KNN,6,271,68,0.0001615409992155,0.0005601660004685,none,"{""algorithm"": ""auto"", ""leaf_size"": 10, ""metric"": ""minkowski"", ""metric_params"": null, ""n_jobs"": -1, ""n_neighbors"": 2, ""p"": 2, ""weights"": ""distance""}",0.9264705882352942,0.9268398268398268,0.9117647058823528,0.9393939393939394,0.9142857142857144,0.9253731343283582,0.8533103351879247,0.948917748917749,0.9366130180625862,32,3,2,31,0.9411764705882352,0.9142857142857144,0.9264705882352942,0.927536231884058,271,68,0.000160165996931,0.0008265829965239,none,"{""algorithm"": ""auto"", ""leaf_size"": 10, ""metric"": ""minkowski"", ""metric_params"": null, ""n_jobs"": -1, ""n_neighbors"": 2, ""p"": 2, ""weights"": ""distance""}",0.9264705882352942,0.9268398268398268,0.9117647058823528,0.9393939393939394,0.9142857142857144,0.9253731343283582,0.8533103351879247,0.948917748917749,0.9366130180625862,32,3,2,31,0.9411764705882352,0.9142857142857144,0.9264705882352942,0.927536231884058,0.0,0.0,0.0,0.0,0.0,0.0,0.0,0.0,0.0
A_author_cleaned_code_grid,KNN,7,271,68,0.0001558750000185,0.0005654169999615,none,"{""algorithm"": ""auto"", ""leaf_size"": 10, ""metric"": ""minkowski"", ""metric_params"": null, ""n_jobs"": -1, ""n_neighbors"": 2, ""p"": 2, ""weights"": ""distance""}",0.8088235294117647,0.8090909090909091,0.7941176470588235,0.8181818181818182,0.8,0.8059701492537313,0.6179143806533247,0.8948051948051948,0.875295426058744,28,7,6,27,0.8235294117647058,0.8,0.8088235294117647,0.8115942028985508,271,68,0.0002895829966291,0.0007102079980541,none,"{""algorithm"": ""auto"", ""leaf_size"": 10, ""metric"": ""minkowski"", ""metric_params"": null, ""n_jobs"": -1, ""n_neighbors"": 2, ""p"": 2, ""weights"": ""distance""}",0.8088235294117647,0.8090909090909091,0.7941176470588235,0.8181818181818182,0.8,0.8059701492537313,0.6179143806533247,0.8948051948051948,0.875295426058744,28,7,6,27,0.8235294117647058,0.8,0.8088235294117647,0.8115942028985508,0.0,0.0,0.0,0.0,0.0,0.0,0.0,0.0,0.0
A_author_cleaned_code_grid,KNN,8,271,68,0.0002243750004708,0.0005576659996222,none,"{""algorithm"": ""auto"", ""leaf_size"": 10, ""metric"": ""minkowski"", ""metric_params"": null, ""n_jobs"": -1, ""n_neighbors"": 2, ""p"": 2, ""weights"": ""distance""}",0.8970588235294118,0.8973684210526316,0.8709677419354839,0.9,0.8947368421052632,0.8852459016393442,0.7923080401387449,0.930701754385965,0.8760202088498235,34,4,3,27,0.918918918918919,0.8947368421052632,0.8949433304272014,0.9066666666666666,271,68,0.0001603749988134,0.0004832920021726,none,"{""algorithm"": ""auto"", ""leaf_size"": 10, ""metric"": ""minkowski"", ""metric_params"": null, ""n_jobs"": -1, ""n_neighbors"": 2, ""p"": 2, ""weights"": ""distance""}",0.8970588235294118,0.8973684210526316,0.8709677419354839,0.9,0.8947368421052632,0.8852459016393442,0.7923080401387449,0.930701754385965,0.8760202088498235,34,4,3,27,0.918918918918919,0.8947368421052632,0.8949433304272014,0.9066666666666666,0.0,0.0,0.0,0.0,0.0,0.0,0.0,0.0,0.0
A_author_cleaned_code_grid,KNN,9,271,68,0.0001635409998925,0.0008797079999567,none,"{""algorithm"": ""auto"", ""leaf_size"": 10, ""metric"": ""minkowski"", ""metric_params"": null, ""n_jobs"": -1, ""n_neighbors"": 2, ""p"": 2, ""weights"": ""distance""}",0.9117647058823528,0.9098143236074272,0.9230769230769232,0.9230769230769232,0.896551724137931,0.9230769230769232,0.8196286472148541,0.9310344827586208,0.9217374579754704,26,3,3,36,0.896551724137931,0.896551724137931,0.9098143236074272,0.896551724137931,271,68,0.0001555839990032,0.0009457919950364,none,"{""algorithm"": ""auto"", ""leaf_size"": 10, ""metric"": ""minkowski"", ""metric_params"": null, ""n_jobs"": -1, ""n_neighbors"": 2, ""p"": 2, ""weights"": ""distance""}",0.9117647058823528,0.9098143236074272,0.9230769230769232,0.9230769230769232,0.896551724137931,0.9230769230769232,0.8196286472148541,0.9310344827586208,0.9217374579754704,26,3,3,36,0.896551724137931,0.896551724137931,0.9098143236074272,0.896551724137931,0.0,0.0,0.0,0.0,0.0,0.0,0.0,0.0,0.0
A_author_cleaned_code_grid,LR,0,271,68,0.0044690000004266,0.0001029999993988,none,"{""C"": 6, ""class_weight"": null, ""dual"": false, ""fit_intercept"": true, ""intercept_scaling"": 1, ""l1_ratio"": null, ""max_iter"": 5000, ""multi_class"": ""deprecated"", ""n_jobs"": null, ""penalty"": ""l2"", ""random_state"": null, ""solver"": ""lbfgs"", ""tol"": 0.0001, ""verbose"": 0, ""warm_start"": false}",0.9411764705882352,0.940714908456844,0.945945945945946,0.945945945945946,0.935483870967742,0.945945945945946,0.8814298169136879,0.993025283347864,0.9947034947034944,29,2,2,35,0.935483870967742,0.935483870967742,0.940714908456844,0.935483870967742,271,68,0.0042103750020032,0.0001026669997372,none,"{""C"": 6, ""class_weight"": null, ""dual"": false, ""fit_intercept"": true, ""intercept_scaling"": 1, ""l1_ratio"": null, ""max_iter"": 5000, ""multi_class"": ""deprecated"", ""n_jobs"": null, ""penalty"": ""l2"", ""random_state"": null, ""solver"": ""lbfgs"", ""tol"": 0.0001, ""verbose"": 0, ""warm_start"": false}",0.9411764705882352,0.940714908456844,0.945945945945946,0.945945945945946,0.935483870967742,0.945945945945946,0.8814298169136879,0.993025283347864,0.9947034947034944,29,2,2,35,0.935483870967742,0.935483870967742,0.940714908456844,0.935483870967742,0.0,0.0,0.0,0.0,0.0,0.0,0.0,0.0,0.0
A_author_cleaned_code_grid,LR,1,271,68,0.0037369580004451,8.670800070831319e-05,none,"{""C"": 6, ""class_weight"": null, ""dual"": false, ""fit_intercept"": true, ""intercept_scaling"": 1, ""l1_ratio"": null, ""max_iter"": 5000, ""multi_class"": ""deprecated"", ""n_jobs"": null, ""penalty"": ""l2"", ""random_state"": null, ""solver"": ""lbfgs"", ""tol"": 0.0001, ""verbose"": 0, ""warm_start"": false}",0.9558823529411764,0.9594594594594594,0.9117647058823528,1.0,0.918918918918919,0.953846153846154,0.9153348228041136,0.992153443766347,0.990337989941914,34,3,0,31,1.0,0.918918918918919,0.9558823529411764,0.9577464788732394,271,68,0.0036416249931789,0.0001002909993985,none,"{""C"": 6, ""class_weight"": null, ""dual"": false, ""fit_intercept"": true, ""intercept_scaling"": 1, ""l1_ratio"": null, ""max_iter"": 5000, ""multi_class"": ""deprecated"", ""n_jobs"": null, ""penalty"": ""l2"", ""random_state"": null, ""solver"": ""lbfgs"", ""tol"": 0.0001, ""verbose"": 0, ""warm_start"": false}",0.9558823529411764,0.9594594594594594,0.9117647058823528,1.0,0.918918918918919,0.953846153846154,0.9153348228041136,0.992153443766347,0.990337989941914,34,3,0,31,1.0,0.918918918918919,0.9558823529411764,0.9577464788732394,0.0,0.0,0.0,0.0,0.0,0.0,0.0,0.0,0.0
A_author_cleaned_code_grid,LR,2,271,68,0.0035617500006992,8.416699984081788e-05,none,"{""C"": 6, ""class_weight"": null, ""dual"": false, ""fit_intercept"": true, ""intercept_scaling"": 1, ""l1_ratio"": null, ""max_iter"": 5000, ""multi_class"": ""deprecated"", ""n_jobs"": null, ""penalty"": ""l2"", ""random_state"": null, ""solver"": ""lbfgs"", ""tol"": 0.0001, ""verbose"": 0, ""warm_start"": false}",0.9852941176470588,0.9833333333333334,1.0,0.9666666666666668,1.0,0.9830508474576272,0.9705051993061872,1.0,1.0,38,0,1,29,0.9743589743589745,1.0,0.9871794871794872,0.987012987012987,271,68,0.0034274159988854,9.15829950827174e-05,none,"{""C"": 6, ""class_weight"": null, ""dual"": false, ""fit_intercept"": true, ""intercept_scaling"": 1, ""l1_ratio"": null, ""max_iter"": 5000, ""multi_class"": ""deprecated"", ""n_jobs"": null, ""penalty"": ""l2"", ""random_state"": null, ""solver"": ""lbfgs"", ""tol"": 0.0001, ""verbose"": 0, ""warm_start"": false}",0.9852941176470588,0.9833333333333334,1.0,0.9666666666666668,1.0,0.9830508474576272,0.9705051993061872,1.0,1.0,38,0,1,29,0.9743589743589745,1.0,0.9871794871794872,0.987012987012987,0.0,0.0,0.0,0.0,0.0,0.0,0.0,0.0,0.0
A_author_cleaned_code_grid,LR,3,271,68,0.0034549160000096,9.837500056164572e-05,none,"{""C"": 6, ""class_weight"": null, ""dual"": false, ""fit_intercept"": true, ""intercept_scaling"": 1, ""l1_ratio"": null, ""max_iter"": 5000, ""multi_class"": ""deprecated"", ""n_jobs"": null, ""penalty"": ""l2"", ""random_state"": null, ""solver"": ""lbfgs"", ""tol"": 0.0001, ""verbose"": 0, ""warm_start"": false}",0.9558823529411764,0.9558823529411764,0.9696969696969696,0.9411764705882352,0.9705882352941176,0.9552238805970148,0.9121593238215746,0.9948096885813148,0.9950433244550893,33,1,2,32,0.9428571428571428,0.9705882352941176,0.9562770562770564,0.9565217391304348,271,68,0.0030077080009505,0.0001036249959724,none,"{""C"": 6, ""class_weight"": null, ""dual"": false, ""fit_intercept"": true, ""intercept_scaling"": 1, ""l1_ratio"": null, ""max_iter"": 5000, ""multi_class"": ""deprecated"", ""n_jobs"": null, ""penalty"": ""l2"", ""random_state"": null, ""solver"": ""lbfgs"", ""tol"": 0.0001, ""verbose"": 0, ""warm_start"": false}",0.9558823529411764,0.9558823529411764,0.9696969696969696,0.9411764705882352,0.9705882352941176,0.9552238805970148,0.9121593238215746,0.9948096885813148,0.9950433244550893,33,1,2,32,0.9428571428571428,0.9705882352941176,0.9562770562770564,0.9565217391304348,0.0,0.0,0.0,0.0,0.0,0.0,0.0,0.0,0.0
A_author_cleaned_code_grid,LR,4,271,68,0.003194916999746,8.812499982013833e-05,none,"{""C"": 6, ""class_weight"": null, ""dual"": false, ""fit_intercept"": true, ""intercept_scaling"": 1, ""l1_ratio"": null, ""max_iter"": 5000, ""multi_class"": ""deprecated"", ""n_jobs"": null, ""penalty"": ""l2"", ""random_state"": null, ""solver"": ""lbfgs"", ""tol"": 0.0001, ""verbose"": 0, ""warm_start"": false}",0.9705882352941176,0.9705882352941176,0.9444444444444444,1.0,0.9411764705882352,0.9714285714285714,0.9428090415820634,0.990484429065744,0.989476253875074,32,2,0,34,1.0,0.9411764705882352,0.9722222222222222,0.9696969696969696,271,68,0.0029410839997581,9.39170058700256e-05,none,"{""C"": 6, ""class_weight"": null, ""dual"": false, ""fit_intercept"": true, ""intercept_scaling"": 1, ""l1_ratio"": null, ""max_iter"": 5000, ""multi_class"": ""deprecated"", ""n_jobs"": null, ""penalty"": ""l2"", ""random_state"": null, ""solver"": ""lbfgs"", ""tol"": 0.0001, ""verbose"": 0, ""warm_start"": false}",0.9705882352941176,0.9705882352941176,0.9444444444444444,1.0,0.9411764705882352,0.9714285714285714,0.9428090415820634,0.990484429065744,0.989476253875074,32,2,0,34,1.0,0.9411764705882352,0.9722222222222222,0.9696969696969696,0.0,0.0,0.0,0.0,0.0,0.0,0.0,0.0,0.0
A_author_cleaned_code_grid,LR,5,271,68,0.0030788340000071,8.558399986213772e-05,none,"{""C"": 6, ""class_weight"": null, ""dual"": false, ""fit_intercept"": true, ""intercept_scaling"": 1, ""l1_ratio"": null, ""max_iter"": 5000, ""multi_class"": ""deprecated"", ""n_jobs"": null, ""penalty"": ""l2"", ""random_state"": null, ""solver"": ""lbfgs"", ""tol"": 0.0001, ""verbose"": 0, ""warm_start"": false}",0.8676470588235294,0.8676470588235294,0.8571428571428571,0.8823529411764706,0.8529411764705882,0.8695652173913043,0.7356123579206246,0.9688581314878892,0.96867260311926,29,5,4,30,0.8787878787878788,0.8529411764705882,0.8679653679653679,0.8656716417910447,271,68,0.0028032500049448,9.241700172424316e-05,none,"{""C"": 6, ""class_weight"": null, ""dual"": false, ""fit_intercept"": true, ""intercept_scaling"": 1, ""l1_ratio"": null, ""max_iter"": 5000, ""multi_class"": ""deprecated"", ""n_jobs"": null, ""penalty"": ""l2"", ""random_state"": null, ""solver"": ""lbfgs"", ""tol"": 0.0001, ""verbose"": 0, ""warm_start"": false}",0.8676470588235294,0.8676470588235294,0.8571428571428571,0.8823529411764706,0.8529411764705882,0.8695652173913043,0.7356123579206246,0.9688581314878892,0.96867260311926,29,5,4,30,0.8787878787878788,0.8529411764705882,0.8679653679653679,0.8656716417910447,0.0,0.0,0.0,0.0,0.0,0.0,0.0,0.0,0.0
A_author_cleaned_code_grid,LR,6,271,68,0.0050323750001552,0.0001023750000967,none,"{""C"": 6, ""class_weight"": null, ""dual"": false, ""fit_intercept"": true, ""intercept_scaling"": 1, ""l1_ratio"": null, ""max_iter"": 5000, ""multi_class"": ""deprecated"", ""n_jobs"": null, ""penalty"": ""l2"", ""random_state"": null, ""solver"": ""lbfgs"", ""tol"": 0.0001, ""verbose"": 0, ""warm_start"": false}",0.9558823529411764,0.9562770562770564,0.9411764705882352,0.9696969696969696,0.9428571428571428,0.9552238805970148,0.9121593238215746,0.9904761904761904,0.9917239623121976,33,2,1,32,0.9705882352941176,0.9428571428571428,0.9558823529411764,0.9565217391304348,271,68,0.0048308750046999,0.0001348750010947,none,"{""C"": 6, ""class_weight"": null, ""dual"": false, ""fit_intercept"": true, ""intercept_scaling"": 1, ""l1_ratio"": null, ""max_iter"": 5000, ""multi_class"": ""deprecated"", ""n_jobs"": null, ""penalty"": ""l2"", ""random_state"": null, ""solver"": ""lbfgs"", ""tol"": 0.0001, ""verbose"": 0, ""warm_start"": false}",0.9558823529411764,0.9562770562770564,0.9411764705882352,0.9696969696969696,0.9428571428571428,0.9552238805970148,0.9121593238215746,0.9904761904761904,0.9917239623121976,33,2,1,32,0.9705882352941176,0.9428571428571428,0.9558823529411764,0.9565217391304348,0.0,0.0,0.0,0.0,0.0,0.0,0.0,0.0,0.0
A_author_cleaned_code_grid,LR,7,271,68,0.0024520829992979,8.566599990444956e-05,none,"{""C"": 6, ""class_weight"": null, ""dual"": false, ""fit_intercept"": true, ""intercept_scaling"": 1, ""l1_ratio"": null, ""max_iter"": 5000, ""multi_class"": ""deprecated"", ""n_jobs"": null, ""penalty"": ""l2"", ""random_state"": null, ""solver"": ""lbfgs"", ""tol"": 0.0001, ""verbose"": 0, ""warm_start"": false}",0.9264705882352942,0.925974025974026,0.9375,0.9090909090909092,0.9428571428571428,0.9230769230769232,0.8530566380408909,0.9844155844155844,0.9827939221790132,33,2,3,30,0.9166666666666666,0.9428571428571428,0.9270833333333331,0.9295774647887324,271,68,0.002318542006833,9.220799984177576e-05,none,"{""C"": 6, ""class_weight"": null, ""dual"": false, ""fit_intercept"": true, ""intercept_scaling"": 1, ""l1_ratio"": null, ""max_iter"": 5000, ""multi_class"": ""deprecated"", ""n_jobs"": null, ""penalty"": ""l2"", ""random_state"": null, ""solver"": ""lbfgs"", ""tol"": 0.0001, ""verbose"": 0, ""warm_start"": false}",0.9264705882352942,0.925974025974026,0.9375,0.9090909090909092,0.9428571428571428,0.9230769230769232,0.8530566380408909,0.9844155844155844,0.9827939221790132,33,2,3,30,0.9166666666666666,0.9428571428571428,0.9270833333333331,0.9295774647887324,0.0,0.0,0.0,0.0,0.0,0.0,0.0,0.0,0.0
A_author_cleaned_code_grid,LR,8,271,68,0.0038936249993639,8.737499956623651e-05,none,"{""C"": 6, ""class_weight"": null, ""dual"": false, ""fit_intercept"": true, ""intercept_scaling"": 1, ""l1_ratio"": null, ""max_iter"": 5000, ""multi_class"": ""deprecated"", ""n_jobs"": null, ""penalty"": ""l2"", ""random_state"": null, ""solver"": ""lbfgs"", ""tol"": 0.0001, ""verbose"": 0, ""warm_start"": false}",0.9558823529411764,0.9535087719298244,0.9655172413793104,0.9333333333333332,0.9736842105263158,0.9491525423728814,0.910619216045914,0.9964912280701756,0.995766129032258,37,1,2,28,0.9487179487179488,0.9736842105263158,0.9571175950486296,0.961038961038961,271,68,0.0036825419956585,8.98750004125759e-05,none,"{""C"": 6, ""class_weight"": null, ""dual"": false, ""fit_intercept"": true, ""intercept_scaling"": 1, ""l1_ratio"": null, ""max_iter"": 5000, ""multi_class"": ""deprecated"", ""n_jobs"": null, ""penalty"": ""l2"", ""random_state"": null, ""solver"": ""lbfgs"", ""tol"": 0.0001, ""verbose"": 0, ""warm_start"": false}",0.9558823529411764,0.9535087719298244,0.9655172413793104,0.9333333333333332,0.9736842105263158,0.9491525423728814,0.910619216045914,0.9964912280701756,0.995766129032258,37,1,2,28,0.9487179487179488,0.9736842105263158,0.9571175950486296,0.961038961038961,0.0,0.0,0.0,0.0,0.0,0.0,0.0,0.0,0.0
A_author_cleaned_code_grid,LR,9,271,68,0.0056335829995077,0.0001262499999938,none,"{""C"": 6, ""class_weight"": null, ""dual"": false, ""fit_intercept"": true, ""intercept_scaling"": 1, ""l1_ratio"": null, ""max_iter"": 5000, ""multi_class"": ""deprecated"", ""n_jobs"": null, ""penalty"": ""l2"", ""random_state"": null, ""solver"": ""lbfgs"", ""tol"": 0.0001, ""verbose"": 0, ""warm_start"": false}",0.9411764705882352,0.9442970822281168,0.972972972972973,0.9230769230769232,0.9655172413793104,0.9473684210526316,0.8823747062899986,0.9929266136162688,0.9946984200020638,28,1,3,36,0.9032258064516128,0.9655172413793104,0.9380993897122928,0.9333333333333332,271,68,0.0058035000038216,0.0001079580033547,none,"{""C"": 6, ""class_weight"": null, ""dual"": false, ""fit_intercept"": true, ""intercept_scaling"": 1, ""l1_ratio"": null, ""max_iter"": 5000, ""multi_class"": ""deprecated"", ""n_jobs"": null, ""penalty"": ""l2"", ""random_state"": null, ""solver"": ""lbfgs"", ""tol"": 0.0001, ""verbose"": 0, ""warm_start"": false}",0.9411764705882352,0.9442970822281168,0.972972972972973,0.9230769230769232,0.9655172413793104,0.9473684210526316,0.8823747062899986,0.9929266136162688,0.9946984200020638,28,1,3,36,0.9032258064516128,0.9655172413793104,0.9380993897122928,0.9333333333333332,0.0,0.0,0.0,0.0,0.0,0.0,0.0,0.0,0.0
A_author_cleaned_code_grid,LightGBM,0,271,68,0.0210020000004078,0.000698583000485,none,"{""boosting"": ""gbdt"", ""boosting_type"": ""gbdt"", ""class_weight"": null, ""colsample_bytree"": 1.0, ""importance_type"": ""split"", ""learning_rate"": 1, ""max_depth"": -1, ""min_child_samples"": 20, ""min_child_weight"": 0.001, ""min_split_gain"": 0.0, ""n_estimators"": 40, ""n_jobs"": -1, ""num_leaves"": 31, ""objective"": ""binary"", ""random_state"": null, ""reg_alpha"": 0.0, ""reg_lambda"": 0, ""subsample"": 1.0, ""subsample_for_bin"": 200000, ""subsample_freq"": 0, ""verbose"": -1}",0.9558823529411764,0.9542284219703574,0.9473684210526316,0.972972972972973,0.935483870967742,0.96,0.911241697378115,0.996512641673932,0.9971915235073128,29,2,1,36,0.9666666666666668,0.935483870967742,0.9570175438596492,0.9508196721311476,271,68,0.0209738339981413,0.0007267909968504,none,"{""boosting"": ""gbdt"", ""boosting_type"": ""gbdt"", ""class_weight"": null, ""colsample_bytree"": 1.0, ""importance_type"": ""split"", ""learning_rate"": 1, ""max_depth"": -1, ""min_child_samples"": 20, ""min_child_weight"": 0.001, ""min_split_gain"": 0.0, ""n_estimators"": 40, ""n_jobs"": -1, ""num_leaves"": 31, ""objective"": ""binary"", ""random_state"": null, ""reg_alpha"": 0.0, ""reg_lambda"": 0, ""subsample"": 1.0, ""subsample_for_bin"": 200000, ""subsample_freq"": 0, ""verbose"": -1}",0.9558823529411764,0.9542284219703574,0.9473684210526316,0.972972972972973,0.935483870967742,0.96,0.911241697378115,0.996512641673932,0.9971915235073128,29,2,1,36,0.9666666666666668,0.935483870967742,0.9570175438596492,0.9508196721311476,0.0,0.0,0.0,0.0,0.0,0.0,0.0,0.0,0.0
A_author_cleaned_code_grid,LightGBM,1,271,68,0.0210117920005359,0.0007221669993668,none,"{""boosting"": ""gbdt"", ""boosting_type"": ""gbdt"", ""class_weight"": null, ""colsample_bytree"": 1.0, ""importance_type"": ""split"", ""learning_rate"": 1, ""max_depth"": -1, ""min_child_samples"": 20, ""min_child_weight"": 0.001, ""min_split_gain"": 0.0, ""n_estimators"": 40, ""n_jobs"": -1, ""num_leaves"": 31, ""objective"": ""binary"", ""random_state"": null, ""reg_alpha"": 0.0, ""reg_lambda"": 0, ""subsample"": 1.0, ""subsample_for_bin"": 200000, ""subsample_freq"": 0, ""verbose"": -1}",0.9558823529411764,0.9568439407149084,0.9375,0.967741935483871,0.945945945945946,0.9523809523809524,0.911702895636428,0.992153443766347,0.9907383485965422,35,2,1,30,0.9722222222222222,0.945945945945946,0.9548611111111112,0.958904109589041,271,68,0.0212628750014118,0.0008441669997409,none,"{""boosting"": ""gbdt"", ""boosting_type"": ""gbdt"", ""class_weight"": null, ""colsample_bytree"": 1.0, ""importance_type"": ""split"", ""learning_rate"": 1, ""max_depth"": -1, ""min_child_samples"": 20, ""min_child_weight"": 0.001, ""min_split_gain"": 0.0, ""n_estimators"": 40, ""n_jobs"": -1, ""num_leaves"": 31, ""objective"": ""binary"", ""random_state"": null, ""reg_alpha"": 0.0, ""reg_lambda"": 0, ""subsample"": 1.0, ""subsample_for_bin"": 200000, ""subsample_freq"": 0, ""verbose"": -1}",0.9558823529411764,0.9568439407149084,0.9375,0.967741935483871,0.945945945945946,0.9523809523809524,0.911702895636428,0.992153443766347,0.9907383485965422,35,2,1,30,0.9722222222222222,0.945945945945946,0.9548611111111112,0.958904109589041,0.0,0.0,0.0,0.0,0.0,0.0,0.0,0.0,0.0
A_author_cleaned_code_grid,LightGBM,2,271,68,0.0203380419998211,0.0006929160008439,none,"{""boosting"": ""gbdt"", ""boosting_type"": ""gbdt"", ""class_weight"": null, ""colsample_bytree"": 1.0, ""importance_type"": ""split"", ""learning_rate"": 1, ""max_depth"": -1, ""min_child_samples"": 20, ""min_child_weight"": 0.001, ""min_split_gain"": 0.0, ""n_estimators"": 40, ""n_jobs"": -1, ""num_leaves"": 31, ""objective"": ""binary"", ""random_state"": null, ""reg_alpha"": 0.0, ""reg_lambda"": 0, ""subsample"": 1.0, ""subsample_for_bin"": 200000, ""subsample_freq"": 0, ""verbose"": -1}",0.9411764705882352,0.9403508771929824,0.9333333333333332,0.9333333333333332,0.9473684210526316,0.9333333333333332,0.8807017543859649,0.9842105263157894,0.9837767210971232,36,2,2,28,0.9473684210526316,0.9473684210526316,0.9403508771929824,0.9473684210526316,271,68,0.0204730830009793,0.0008684580025146,none,"{""boosting"": ""gbdt"", ""boosting_type"": ""gbdt"", ""class_weight"": null, ""colsample_bytree"": 1.0, ""importance_type"": ""split"", ""learning_rate"": 1, ""max_depth"": -1, ""min_child_samples"": 20, ""min_child_weight"": 0.001, ""min_split_gain"": 0.0, ""n_estimators"": 40, ""n_jobs"": -1, ""num_leaves"": 31, ""objective"": ""binary"", ""random_state"": null, ""reg_alpha"": 0.0, ""reg_lambda"": 0, ""subsample"": 1.0, ""subsample_for_bin"": 200000, ""subsample_freq"": 0, ""verbose"": -1}",0.9411764705882352,0.9403508771929824,0.9333333333333332,0.9333333333333332,0.9473684210526316,0.9333333333333332,0.8807017543859649,0.9842105263157894,0.9837767210971232,36,2,2,28,0.9473684210526316,0.9473684210526316,0.9403508771929824,0.9473684210526316,0.0,0.0,0.0,0.0,0.0,0.0,0.0,0.0,0.0
A_author_cleaned_code_grid,LightGBM,3,271,68,0.0202122500004406,0.00066629200046,none,"{""boosting"": ""gbdt"", ""boosting_type"": ""gbdt"", ""class_weight"": null, ""colsample_bytree"": 1.0, ""importance_type"": ""split"", ""learning_rate"": 1, ""max_depth"": -1, ""min_child_samples"": 20, ""min_child_weight"": 0.001, ""min_split_gain"": 0.0, ""n_estimators"": 40, ""n_jobs"": -1, ""num_leaves"": 31, ""objective"": ""binary"", ""random_state"": null, ""reg_alpha"": 0.0, ""reg_lambda"": 0, ""subsample"": 1.0, ""subsample_for_bin"": 200000, ""subsample_freq"": 0, ""verbose"": -1}",0.9558823529411764,0.9558823529411764,0.9428571428571428,0.9705882352941176,0.9411764705882352,0.9565217391304348,0.9121593238215746,0.9965397923875432,0.9967502104180306,32,2,1,33,0.9696969696969696,0.9411764705882352,0.9562770562770564,0.9552238805970148,271,68,0.020981292000215,0.0008377920021302,none,"{""boosting"": ""gbdt"", ""boosting_type"": ""gbdt"", ""class_weight"": null, ""colsample_bytree"": 1.0, ""importance_type"": ""split"", ""learning_rate"": 1, ""max_depth"": -1, ""min_child_samples"": 20, ""min_child_weight"": 0.001, ""min_split_gain"": 0.0, ""n_estimators"": 40, ""n_jobs"": -1, ""num_leaves"": 31, ""objective"": ""binary"", ""random_state"": null, ""reg_alpha"": 0.0, ""reg_lambda"": 0, ""subsample"": 1.0, ""subsample_for_bin"": 200000, ""subsample_freq"": 0, ""verbose"": -1}",0.9558823529411764,0.9558823529411764,0.9428571428571428,0.9705882352941176,0.9411764705882352,0.9565217391304348,0.9121593238215746,0.9965397923875432,0.9967502104180306,32,2,1,33,0.9696969696969696,0.9411764705882352,0.9562770562770564,0.9552238805970148,0.0,0.0,0.0,0.0,0.0,0.0,0.0,0.0,0.0
A_author_cleaned_code_grid,LightGBM,4,271,68,0.0197604169998157,0.0006381249995683,none,"{""boosting"": ""gbdt"", ""boosting_type"": ""gbdt"", ""class_weight"": null, ""colsample_bytree"": 1.0, ""importance_type"": ""split"", ""learning_rate"": 1, ""max_depth"": -1, ""min_child_samples"": 20, ""min_child_weight"": 0.001, ""min_split_gain"": 0.0, ""n_estimators"": 40, ""n_jobs"": -1, ""num_leaves"": 31, ""objective"": ""binary"", ""random_state"": null, ""reg_alpha"": 0.0, ""reg_lambda"": 0, ""subsample"": 1.0, ""subsample_for_bin"": 200000, ""subsample_freq"": 0, ""verbose"": -1}",0.9411764705882352,0.9411764705882352,0.9411764705882352,0.9411764705882352,0.9411764705882352,0.9411764705882352,0.8823529411764706,0.9922145328719724,0.9930496106966696,32,2,2,32,0.9411764705882352,0.9411764705882352,0.9411764705882352,0.9411764705882352,271,68,0.020584540994605,0.0007643330027349,none,"{""boosting"": ""gbdt"", ""boosting_type"": ""gbdt"", ""class_weight"": null, ""colsample_bytree"": 1.0, ""importance_type"": ""split"", ""learning_rate"": 1, ""max_depth"": -1, ""min_child_samples"": 20, ""min_child_weight"": 0.001, ""min_split_gain"": 0.0, ""n_estimators"": 40, ""n_jobs"": -1, ""num_leaves"": 31, ""objective"": ""binary"", ""random_state"": null, ""reg_alpha"": 0.0, ""reg_lambda"": 0, ""subsample"": 1.0, ""subsample_for_bin"": 200000, ""subsample_freq"": 0, ""verbose"": -1}",0.9411764705882352,0.9411764705882352,0.9411764705882352,0.9411764705882352,0.9411764705882352,0.9411764705882352,0.8823529411764706,0.9922145328719724,0.9930496106966696,32,2,2,32,0.9411764705882352,0.9411764705882352,0.9411764705882352,0.9411764705882352,0.0,0.0,0.0,0.0,0.0,0.0,0.0,0.0,0.0
A_author_cleaned_code_grid,LightGBM,5,271,68,0.0193573329997889,0.0006279999997786,none,"{""boosting"": ""gbdt"", ""boosting_type"": ""gbdt"", ""class_weight"": null, ""colsample_bytree"": 1.0, ""importance_type"": ""split"", ""learning_rate"": 1, ""max_depth"": -1, ""min_child_samples"": 20, ""min_child_weight"": 0.001, ""min_split_gain"": 0.0, ""n_estimators"": 40, ""n_jobs"": -1, ""num_leaves"": 31, ""objective"": ""binary"", ""random_state"": null, ""reg_alpha"": 0.0, ""reg_lambda"": 0, ""subsample"": 1.0, ""subsample_for_bin"": 200000, ""subsample_freq"": 0, ""verbose"": -1}",0.9264705882352942,0.9264705882352942,0.9142857142857144,0.9411764705882352,0.9117647058823528,0.927536231884058,0.8533103351879247,0.9749134948096888,0.9735224902146786,31,3,2,32,0.9393939393939394,0.9117647058823528,0.9268398268398268,0.9253731343283582,271,68,0.0198403750036959,0.000817583000753,none,"{""boosting"": ""gbdt"", ""boosting_type"": ""gbdt"", ""class_weight"": null, ""colsample_bytree"": 1.0, ""importance_type"": ""split"", ""learning_rate"": 1, ""max_depth"": -1, ""min_child_samples"": 20, ""min_child_weight"": 0.001, ""min_split_gain"": 0.0, ""n_estimators"": 40, ""n_jobs"": -1, ""num_leaves"": 31, ""objective"": ""binary"", ""random_state"": null, ""reg_alpha"": 0.0, ""reg_lambda"": 0, ""subsample"": 1.0, ""subsample_for_bin"": 200000, ""subsample_freq"": 0, ""verbose"": -1}",0.9264705882352942,0.9264705882352942,0.9142857142857144,0.9411764705882352,0.9117647058823528,0.927536231884058,0.8533103351879247,0.9749134948096888,0.9735224902146786,31,3,2,32,0.9393939393939394,0.9117647058823528,0.9268398268398268,0.9253731343283582,0.0,0.0,0.0,0.0,0.0,0.0,0.0,0.0,0.0
A_author_cleaned_code_grid,LightGBM,6,271,68,0.0199412499996469,0.0006220000004759,none,"{""boosting"": ""gbdt"", ""boosting_type"": ""gbdt"", ""class_weight"": null, ""colsample_bytree"": 1.0, ""importance_type"": ""split"", ""learning_rate"": 1, ""max_depth"": -1, ""min_child_samples"": 20, ""min_child_weight"": 0.001, ""min_split_gain"": 0.0, ""n_estimators"": 40, ""n_jobs"": -1, ""num_leaves"": 31, ""objective"": ""binary"", ""random_state"": null, ""reg_alpha"": 0.0, ""reg_lambda"": 0, ""subsample"": 1.0, ""subsample_for_bin"": 200000, ""subsample_freq"": 0, ""verbose"": -1}",0.9558823529411764,0.9554112554112556,0.96875,0.9393939393939394,0.9714285714285714,0.953846153846154,0.9120077065233916,0.9956709956709956,0.9958057230784504,34,1,2,31,0.9444444444444444,0.9714285714285714,0.9565972222222222,0.9577464788732394,271,68,0.0212431660038419,0.0008751249988563,none,"{""boosting"": ""gbdt"", ""boosting_type"": ""gbdt"", ""class_weight"": null, ""colsample_bytree"": 1.0, ""importance_type"": ""split"", ""learning_rate"": 1, ""max_depth"": -1, ""min_child_samples"": 20, ""min_child_weight"": 0.001, ""min_split_gain"": 0.0, ""n_estimators"": 40, ""n_jobs"": -1, ""num_leaves"": 31, ""objective"": ""binary"", ""random_state"": null, ""reg_alpha"": 0.0, ""reg_lambda"": 0, ""subsample"": 1.0, ""subsample_for_bin"": 200000, ""subsample_freq"": 0, ""verbose"": -1}",0.9558823529411764,0.9554112554112556,0.96875,0.9393939393939394,0.9714285714285714,0.953846153846154,0.9120077065233916,0.9956709956709956,0.9958057230784504,34,1,2,31,0.9444444444444444,0.9714285714285714,0.9565972222222222,0.9577464788732394,0.0,0.0,0.0,0.0,0.0,0.0,0.0,0.0,0.0
A_author_cleaned_code_grid,LightGBM,7,271,68,0.0195519589997275,0.0006193749995873,none,"{""boosting"": ""gbdt"", ""boosting_type"": ""gbdt"", ""class_weight"": null, ""colsample_bytree"": 1.0, ""importance_type"": ""split"", ""learning_rate"": 1, ""max_depth"": -1, ""min_child_samples"": 20, ""min_child_weight"": 0.001, ""min_split_gain"": 0.0, ""n_estimators"": 40, ""n_jobs"": -1, ""num_leaves"": 31, ""objective"": ""binary"", ""random_state"": null, ""reg_alpha"": 0.0, ""reg_lambda"": 0, ""subsample"": 1.0, ""subsample_for_bin"": 200000, ""subsample_freq"": 0, ""verbose"": -1}",0.9117647058823528,0.9108225108225108,0.935483870967742,0.8787878787878788,0.9428571428571428,0.90625,0.8245054133135634,0.9826839826839826,0.9802313368249248,33,2,4,29,0.8918918918918919,0.9428571428571428,0.9136878814298168,0.9166666666666666,271,68,0.0203047090035397,0.0007692919971304,none,"{""boosting"": ""gbdt"", ""boosting_type"": ""gbdt"", ""class_weight"": null, ""colsample_bytree"": 1.0, ""importance_type"": ""split"", ""learning_rate"": 1, ""max_depth"": -1, ""min_child_samples"": 20, ""min_child_weight"": 0.001, ""min_split_gain"": 0.0, ""n_estimators"": 40, ""n_jobs"": -1, ""num_leaves"": 31, ""objective"": ""binary"", ""random_state"": null, ""reg_alpha"": 0.0, ""reg_lambda"": 0, ""subsample"": 1.0, ""subsample_for_bin"": 200000, ""subsample_freq"": 0, ""verbose"": -1}",0.9117647058823528,0.9108225108225108,0.935483870967742,0.8787878787878788,0.9428571428571428,0.90625,0.8245054133135634,0.9826839826839826,0.9802313368249248,33,2,4,29,0.8918918918918919,0.9428571428571428,0.9136878814298168,0.9166666666666666,0.0,0.0,0.0,0.0,0.0,0.0,0.0,0.0,0.0
A_author_cleaned_code_grid,LightGBM,8,271,68,0.0192246249998788,0.0006062499996914,none,"{""boosting"": ""gbdt"", ""boosting_type"": ""gbdt"", ""class_weight"": null, ""colsample_bytree"": 1.0, ""importance_type"": ""split"", ""learning_rate"": 1, ""max_depth"": -1, ""min_child_samples"": 20, ""min_child_weight"": 0.001, ""min_split_gain"": 0.0, ""n_estimators"": 40, ""n_jobs"": -1, ""num_leaves"": 31, ""objective"": ""binary"", ""random_state"": null, ""reg_alpha"": 0.0, ""reg_lambda"": 0, ""subsample"": 1.0, ""subsample_for_bin"": 200000, ""subsample_freq"": 0, ""verbose"": -1}",0.9411764705882352,0.9403508771929824,0.9333333333333332,0.9333333333333332,0.9473684210526316,0.9333333333333332,0.8807017543859649,0.9859649122807016,0.9845667095667096,36,2,2,28,0.9473684210526316,0.9473684210526316,0.9403508771929824,0.9473684210526316,271,68,0.020224790998327,0.0008888330048648,none,"{""boosting"": ""gbdt"", ""boosting_type"": ""gbdt"", ""class_weight"": null, ""colsample_bytree"": 1.0, ""importance_type"": ""split"", ""learning_rate"": 1, ""max_depth"": -1, ""min_child_samples"": 20, ""min_child_weight"": 0.001, ""min_split_gain"": 0.0, ""n_estimators"": 40, ""n_jobs"": -1, ""num_leaves"": 31, ""objective"": ""binary"", ""random_state"": null, ""reg_alpha"": 0.0, ""reg_lambda"": 0, ""subsample"": 1.0, ""subsample_for_bin"": 200000, ""subsample_freq"": 0, ""verbose"": -1}",0.9411764705882352,0.9403508771929824,0.9333333333333332,0.9333333333333332,0.9473684210526316,0.9333333333333332,0.8807017543859649,0.9859649122807016,0.9845667095667096,36,2,2,28,0.9473684210526316,0.9473684210526316,0.9403508771929824,0.9473684210526316,0.0,0.0,0.0,0.0,0.0,0.0,0.0,0.0,0.0
A_author_cleaned_code_grid,LightGBM,9,271,68,0.0192337080006836,0.0006643750002695,none,"{""boosting"": ""gbdt"", ""boosting_type"": ""gbdt"", ""class_weight"": null, ""colsample_bytree"": 1.0, ""importance_type"": ""split"", ""learning_rate"": 1, ""max_depth"": -1, ""min_child_samples"": 20, ""min_child_weight"": 0.001, ""min_split_gain"": 0.0, ""n_estimators"": 40, ""n_jobs"": -1, ""num_leaves"": 31, ""objective"": ""binary"", ""random_state"": null, ""reg_alpha"": 0.0, ""reg_lambda"": 0, ""subsample"": 1.0, ""subsample_for_bin"": 200000, ""subsample_freq"": 0, ""verbose"": -1}",0.9117647058823528,0.9186560565870912,0.9714285714285714,0.8717948717948718,0.9655172413793104,0.918918918918919,0.8285670994238042,0.9752431476569408,0.9784713285307186,28,1,5,34,0.8484848484848485,0.9655172413793104,0.90995670995671,0.9032258064516128,271,68,0.0206302500009769,0.0007513329983339,none,"{""boosting"": ""gbdt"", ""boosting_type"": ""gbdt"", ""class_weight"": null, ""colsample_bytree"": 1.0, ""importance_type"": ""split"", ""learning_rate"": 1, ""max_depth"": -1, ""min_child_samples"": 20, ""min_child_weight"": 0.001, ""min_split_gain"": 0.0, ""n_estimators"": 40, ""n_jobs"": -1, ""num_leaves"": 31, ""objective"": ""binary"", ""random_state"": null, ""reg_alpha"": 0.0, ""reg_lambda"": 0, ""subsample"": 1.0, ""subsample_for_bin"": 200000, ""subsample_freq"": 0, ""verbose"": -1}",0.9117647058823528,0.9186560565870912,0.9714285714285714,0.8717948717948718,0.9655172413793104,0.918918918918919,0.8285670994238042,0.9752431476569408,0.9784713285307186,28,1,5,34,0.8484848484848485,0.9655172413793104,0.90995670995671,0.9032258064516128,0.0,0.0,0.0,0.0,0.0,0.0,0.0,0.0,0.0
A_author_cleaned_code_grid,RF,0,271,68,0.2020237500000803,0.0380319169998983,none,"{""bootstrap"": true, ""ccp_alpha"": 0.0, ""class_weight"": null, ""criterion"": ""gini"", ""max_depth"": 5, ""max_features"": ""log2"", ""max_leaf_nodes"": null, ""max_samples"": null, ""min_impurity_decrease"": 0.0, ""min_samples_leaf"": 1, ""min_samples_split"": 2, ""min_weight_fraction_leaf"": 0.0, ""monotonic_cst"": null, ""n_estimators"": 320, ""n_jobs"": -1, ""oob_score"": false, ""random_state"": null, ""verbose"": 0, ""warm_start"": false}",0.9264705882352942,0.9298169136878814,0.9705882352941176,0.8918918918918919,0.967741935483871,0.9295774647887324,0.8562809632683642,0.976460331299041,0.982205729322602,30,1,4,33,0.8823529411764706,0.967741935483871,0.9264705882352942,0.9230769230769232,271,68,0.2468162500008475,0.0421827919999486,none,"{""bootstrap"": true, ""ccp_alpha"": 0.0, ""class_weight"": null, ""criterion"": ""gini"", ""max_depth"": 4, ""max_features"": ""sqrt"", ""max_leaf_nodes"": null, ""max_samples"": null, ""min_impurity_decrease"": 0.0, ""min_samples_leaf"": 1, ""min_samples_split"": 2, ""min_weight_fraction_leaf"": 0.0, ""monotonic_cst"": null, ""n_estimators"": 480, ""n_jobs"": -1, ""oob_score"": false, ""random_state"": null, ""verbose"": 0, ""warm_start"": false}",0.9117647058823528,0.911072362685266,0.918918918918919,0.918918918918919,0.9032258064516128,0.918918918918919,0.8221447253705318,0.979075850043592,0.984116824787694,28,3,3,34,0.9032258064516128,0.9032258064516128,0.911072362685266,0.9032258064516128,-0.014705882352941346,-0.018744551002615406,-0.05166931637519867,0.027027027027027084,-0.06451612903225823,-0.010658545869813407,-0.03413623789783238,0.0026155187445510153,0.0019110954650920497
A_author_cleaned_code_grid,RF,1,271,68,0.1955561249997117,0.0530211670002245,none,"{""bootstrap"": true, ""ccp_alpha"": 0.0, ""class_weight"": null, ""criterion"": ""gini"", ""max_depth"": 5, ""max_features"": ""log2"", ""max_leaf_nodes"": null, ""max_samples"": null, ""min_impurity_decrease"": 0.0, ""min_samples_leaf"": 1, ""min_samples_split"": 2, ""min_weight_fraction_leaf"": 0.0, ""monotonic_cst"": null, ""n_estimators"": 320, ""n_jobs"": -1, ""oob_score"": false, ""random_state"": null, ""verbose"": 0, ""warm_start"": false}",0.9705882352941176,0.970357454228422,0.967741935483871,0.967741935483871,0.972972972972973,0.967741935483871,0.940714908456844,0.9991281604184832,0.9989919354838708,36,1,1,30,0.972972972972973,0.972972972972973,0.970357454228422,0.972972972972973,271,68,0.2316752499973517,0.0401497920029214,none,"{""bootstrap"": true, ""ccp_alpha"": 0.0, ""class_weight"": null, ""criterion"": ""gini"", ""max_depth"": 4, ""max_features"": ""sqrt"", ""max_leaf_nodes"": null, ""max_samples"": null, ""min_impurity_decrease"": 0.0, ""min_samples_leaf"": 1, ""min_samples_split"": 2, ""min_weight_fraction_leaf"": 0.0, ""monotonic_cst"": null, ""n_estimators"": 480, ""n_jobs"": -1, ""oob_score"": false, ""random_state"": null, ""verbose"": 0, ""warm_start"": false}",0.9705882352941176,0.970357454228422,0.967741935483871,0.967741935483871,0.972972972972973,0.967741935483871,0.940714908456844,0.998256320836966,0.9980449657869012,36,1,1,30,0.972972972972973,0.972972972972973,0.970357454228422,0.972972972972973,0.0,0.0,0.0,0.0,0.0,0.0,0.0,-0.0008718395815171531,-0.0009469696969696129
A_author_cleaned_code_grid,RF,2,271,68,0.1974131659999329,0.0499760410002636,none,"{""bootstrap"": true, ""ccp_alpha"": 0.0, ""class_weight"": null, ""criterion"": ""gini"", ""max_depth"": 5, ""max_features"": ""log2"", ""max_leaf_nodes"": null, ""max_samples"": null, ""min_impurity_decrease"": 0.0, ""min_samples_leaf"": 1, ""min_samples_split"": 2, ""min_weight_fraction_leaf"": 0.0, ""monotonic_cst"": null, ""n_estimators"": 320, ""n_jobs"": -1, ""oob_score"": false, ""random_state"": null, ""verbose"": 0, ""warm_start"": false}",0.9558823529411764,0.9535087719298244,0.9655172413793104,0.9333333333333332,0.9736842105263158,0.9491525423728814,0.910619216045914,0.9912280701754388,0.9897731937602628,37,1,2,28,0.9487179487179488,0.9736842105263158,0.9571175950486296,0.961038961038961,271,68,0.2456935000009252,0.04289762499684,none,"{""bootstrap"": true, ""ccp_alpha"": 0.0, ""class_weight"": null, ""criterion"": ""gini"", ""max_depth"": 4, ""max_features"": ""sqrt"", ""max_leaf_nodes"": null, ""max_samples"": null, ""min_impurity_decrease"": 0.0, ""min_samples_leaf"": 1, ""min_samples_split"": 2, ""min_weight_fraction_leaf"": 0.0, ""monotonic_cst"": null, ""n_estimators"": 480, ""n_jobs"": -1, ""oob_score"": false, ""random_state"": null, ""verbose"": 0, ""warm_start"": false}",0.9558823529411764,0.9535087719298244,0.9655172413793104,0.9333333333333332,0.9736842105263158,0.9491525423728814,0.910619216045914,0.9929824561403509,0.9917870826491516,37,1,2,28,0.9487179487179488,0.9736842105263158,0.9571175950486296,0.961038961038961,0.0,0.0,0.0,0.0,0.0,0.0,0.0,0.0017543859649120641,0.0020138888888887596
A_author_cleaned_code_grid,RF,3,271,68,0.1855438339998727,0.0446547920000739,none,"{""bootstrap"": true, ""ccp_alpha"": 0.0, ""class_weight"": null, ""criterion"": ""gini"", ""max_depth"": 5, ""max_features"": ""log2"", ""max_leaf_nodes"": null, ""max_samples"": null, ""min_impurity_decrease"": 0.0, ""min_samples_leaf"": 1, ""min_samples_split"": 2, ""min_weight_fraction_leaf"": 0.0, ""monotonic_cst"": null, ""n_estimators"": 320, ""n_jobs"": -1, ""oob_score"": false, ""random_state"": null, ""verbose"": 0, ""warm_start"": false}",0.9558823529411764,0.9558823529411764,1.0,0.9117647058823528,1.0,0.953846153846154,0.9153348228041136,0.990484429065744,0.9917988289580828,34,0,3,31,0.918918918918919,1.0,0.9594594594594594,0.9577464788732394,271,68,0.2248911250062519,0.0283347500007948,none,"{""bootstrap"": true, ""ccp_alpha"": 0.0, ""class_weight"": null, ""criterion"": ""gini"", ""max_depth"": 4, ""max_features"": ""sqrt"", ""max_leaf_nodes"": null, ""max_samples"": null, ""min_impurity_decrease"": 0.0, ""min_samples_leaf"": 1, ""min_samples_split"": 2, ""min_weight_fraction_leaf"": 0.0, ""monotonic_cst"": null, ""n_estimators"": 480, ""n_jobs"": -1, ""oob_score"": false, ""random_state"": null, ""verbose"": 0, ""warm_start"": false}",0.9705882352941176,0.9705882352941176,1.0,0.9411764705882352,1.0,0.9696969696969696,0.9428090415820634,0.995674740484429,0.9962292609351432,34,0,2,32,0.9444444444444444,1.0,0.9722222222222222,0.9714285714285714,0.014705882352941235,0.014705882352941235,0.0,0.02941176470588236,0.0,0.015850815850815603,0.027474218777949755,0.00519031141868509,0.0044304319770603895
A_author_cleaned_code_grid,RF,4,271,68,0.1743387919996166,0.0451433749994976,none,"{""bootstrap"": true, ""ccp_alpha"": 0.0, ""class_weight"": null, ""criterion"": ""gini"", ""max_depth"": 5, ""max_features"": ""log2"", ""max_leaf_nodes"": null, ""max_samples"": null, ""min_impurity_decrease"": 0.0, ""min_samples_leaf"": 1, ""min_samples_split"": 2, ""min_weight_fraction_leaf"": 0.0, ""monotonic_cst"": null, ""n_estimators"": 320, ""n_jobs"": -1, ""oob_score"": false, ""random_state"": null, ""verbose"": 0, ""warm_start"": false}",0.9117647058823528,0.9117647058823528,0.9375,0.8823529411764706,0.9411764705882352,0.9090909090909092,0.8249579113843054,0.9783737024221452,0.980058897053442,32,2,4,30,0.8888888888888888,0.9411764705882352,0.9131944444444444,0.9142857142857144,271,68,0.2468710829998599,0.0365845419946708,none,"{""bootstrap"": true, ""ccp_alpha"": 0.0, ""class_weight"": null, ""criterion"": ""gini"", ""max_depth"": 4, ""max_features"": ""sqrt"", ""max_leaf_nodes"": null, ""max_samples"": null, ""min_impurity_decrease"": 0.0, ""min_samples_leaf"": 1, ""min_samples_split"": 2, ""min_weight_fraction_leaf"": 0.0, ""monotonic_cst"": null, ""n_estimators"": 480, ""n_jobs"": -1, ""oob_score"": false, ""random_state"": null, ""verbose"": 0, ""warm_start"": false}",0.9264705882352942,0.9264705882352942,0.9393939393939394,0.9117647058823528,0.9411764705882352,0.9253731343283582,0.8533103351879247,0.9749134948096884,0.9778395713177392,32,2,3,31,0.9142857142857144,0.9411764705882352,0.9268398268398268,0.927536231884058,0.014705882352941346,0.014705882352941346,0.0018939393939394478,0.02941176470588225,0.0,0.016282225237449044,0.028352423803619242,-0.0034602076124568004,-0.002219325735702715
A_author_cleaned_code_grid,RF,5,271,68,0.2038050830005886,0.0378217920006136,none,"{""bootstrap"": true, ""ccp_alpha"": 0.0, ""class_weight"": null, ""criterion"": ""gini"", ""max_depth"": 5, ""max_features"": ""log2"", ""max_leaf_nodes"": null, ""max_samples"": null, ""min_impurity_decrease"": 0.0, ""min_samples_leaf"": 1, ""min_samples_split"": 2, ""min_weight_fraction_leaf"": 0.0, ""monotonic_cst"": null, ""n_estimators"": 320, ""n_jobs"": -1, ""oob_score"": false, ""random_state"": null, ""verbose"": 0, ""warm_start"": false}",0.8823529411764706,0.8823529411764706,0.9333333333333332,0.8235294117647058,0.9411764705882352,0.875,0.77005354108682,0.9662629757785468,0.9696107348943522,32,2,6,28,0.8421052631578947,0.9411764705882352,0.887719298245614,0.8888888888888888,271,68,0.2262758750002831,0.0298722910010837,none,"{""bootstrap"": true, ""ccp_alpha"": 0.0, ""class_weight"": null, ""criterion"": ""gini"", ""max_depth"": 4, ""max_features"": ""sqrt"", ""max_leaf_nodes"": null, ""max_samples"": null, ""min_impurity_decrease"": 0.0, ""min_samples_leaf"": 1, ""min_samples_split"": 2, ""min_weight_fraction_leaf"": 0.0, ""monotonic_cst"": null, ""n_estimators"": 480, ""n_jobs"": -1, ""oob_score"": false, ""random_state"": null, ""verbose"": 0, ""warm_start"": false}",0.8823529411764706,0.8823529411764706,0.90625,0.8529411764705882,0.9117647058823528,0.8787878787878788,0.7660323462854265,0.96280276816609,0.965059040106086,31,3,5,29,0.8611111111111112,0.9117647058823528,0.8836805555555556,0.8857142857142857,0.0,0.0,-0.027083333333333237,0.02941176470588236,-0.02941176470588236,0.0037878787878787845,-0.004021194801393513,-0.0034602076124568004,-0.004551694788266225
A_author_cleaned_code_grid,RF,6,271,68,0.1686624160001884,0.0524242080000476,none,"{""bootstrap"": true, ""ccp_alpha"": 0.0, ""class_weight"": null, ""criterion"": ""gini"", ""max_depth"": 5, ""max_features"": ""log2"", ""max_leaf_nodes"": null, ""max_samples"": null, ""min_impurity_decrease"": 0.0, ""min_samples_leaf"": 1, ""min_samples_split"": 2, ""min_weight_fraction_leaf"": 0.0, ""monotonic_cst"": null, ""n_estimators"": 320, ""n_jobs"": -1, ""oob_score"": false, ""random_state"": null, ""verbose"": 0, ""warm_start"": false}",0.9705882352941176,0.9705627705627706,0.9696969696969696,0.9696969696969696,0.9714285714285714,0.9696969696969696,0.9411255411255413,0.9922077922077924,0.9928317263544536,34,1,1,32,0.9714285714285714,0.9714285714285714,0.9705627705627706,0.9714285714285714,271,68,0.2243607090058503,0.0295333750036661,none,"{""bootstrap"": true, ""ccp_alpha"": 0.0, ""class_weight"": null, ""criterion"": ""gini"", ""max_depth"": 4, ""max_features"": ""sqrt"", ""max_leaf_nodes"": null, ""max_samples"": null, ""min_impurity_decrease"": 0.0, ""min_samples_leaf"": 1, ""min_samples_split"": 2, ""min_weight_fraction_leaf"": 0.0, ""monotonic_cst"": null, ""n_estimators"": 480, ""n_jobs"": -1, ""oob_score"": false, ""random_state"": null, ""verbose"": 0, ""warm_start"": false}",0.9558823529411764,0.9554112554112556,0.96875,0.9393939393939394,0.9714285714285714,0.953846153846154,0.9120077065233916,0.9913419913419914,0.991854209247904,34,1,2,31,0.9444444444444444,0.9714285714285714,0.9565972222222222,0.9577464788732394,-0.014705882352941235,-0.015151515151515027,-0.0009469696969696129,-0.030303030303030165,0.0,-0.015850815850815603,-0.029117834602149673,-0.0008658008658010141,-0.0009775171065495858
A_author_cleaned_code_grid,RF,7,271,68,0.2011285830003544,0.050083000000086,none,"{""bootstrap"": true, ""ccp_alpha"": 0.0, ""class_weight"": null, ""criterion"": ""gini"", ""max_depth"": 5, ""max_features"": ""log2"", ""max_leaf_nodes"": null, ""max_samples"": null, ""min_impurity_decrease"": 0.0, ""min_samples_leaf"": 1, ""min_samples_split"": 2, ""min_weight_fraction_leaf"": 0.0, ""monotonic_cst"": null, ""n_estimators"": 320, ""n_jobs"": -1, ""oob_score"": false, ""random_state"": null, ""verbose"": 0, ""warm_start"": false}",0.9264705882352942,0.9251082251082252,0.9666666666666668,0.8787878787878788,0.9714285714285714,0.9206349206349206,0.8557916997915235,0.9809523809523808,0.9818833826365342,34,1,4,29,0.8947368421052632,0.9714285714285714,0.9307017543859648,0.9315068493150684,271,68,0.22375083299994,0.0421468749991618,none,"{""bootstrap"": true, ""ccp_alpha"": 0.0, ""class_weight"": null, ""criterion"": ""gini"", ""max_depth"": 4, ""max_features"": ""sqrt"", ""max_leaf_nodes"": null, ""max_samples"": null, ""min_impurity_decrease"": 0.0, ""min_samples_leaf"": 1, ""min_samples_split"": 2, ""min_weight_fraction_leaf"": 0.0, ""monotonic_cst"": null, ""n_estimators"": 480, ""n_jobs"": -1, ""oob_score"": false, ""random_state"": null, ""verbose"": 0, ""warm_start"": false}",0.9558823529411764,0.9554112554112556,0.96875,0.9393939393939394,0.9714285714285714,0.953846153846154,0.9120077065233916,0.980952380952381,0.9813721979148232,34,1,2,31,0.9444444444444444,0.9714285714285714,0.9565972222222222,0.9577464788732394,0.02941176470588225,0.030303030303030387,0.002083333333333215,0.06060606060606066,0.0,0.033211233211233426,0.05621600673186811,2.220446049250313e-16,-0.0005111847217109666
A_author_cleaned_code_grid,RF,8,271,68,0.1989872909998666,0.0352612080005201,none,"{""bootstrap"": true, ""ccp_alpha"": 0.0, ""class_weight"": null, ""criterion"": ""gini"", ""max_depth"": 5, ""max_features"": ""log2"", ""max_leaf_nodes"": null, ""max_samples"": null, ""min_impurity_decrease"": 0.0, ""min_samples_leaf"": 1, ""min_samples_split"": 2, ""min_weight_fraction_leaf"": 0.0, ""monotonic_cst"": null, ""n_estimators"": 320, ""n_jobs"": -1, ""oob_score"": false, ""random_state"": null, ""verbose"": 0, ""warm_start"": false}",0.9705882352941176,0.9701754385964912,0.9666666666666668,0.9666666666666668,0.9736842105263158,0.9666666666666668,0.9403508771929824,0.9921052631578948,0.9909934318555008,37,1,1,29,0.9736842105263158,0.9736842105263158,0.9701754385964912,0.9736842105263158,271,68,0.2157291249968693,0.0268092499973136,none,"{""bootstrap"": true, ""ccp_alpha"": 0.0, ""class_weight"": null, ""criterion"": ""gini"", ""max_depth"": 4, ""max_features"": ""sqrt"", ""max_leaf_nodes"": null, ""max_samples"": null, ""min_impurity_decrease"": 0.0, ""min_samples_leaf"": 1, ""min_samples_split"": 2, ""min_weight_fraction_leaf"": 0.0, ""monotonic_cst"": null, ""n_estimators"": 480, ""n_jobs"": -1, ""oob_score"": false, ""random_state"": null, ""verbose"": 0, ""warm_start"": false}",0.9558823529411764,0.9570175438596492,0.935483870967742,0.9666666666666668,0.9473684210526316,0.9508196721311476,0.911241697378115,0.992982456140351,0.9919381323163304,36,2,1,29,0.972972972972973,0.9473684210526316,0.9542284219703574,0.96,-0.014705882352941235,-0.013157894736842035,-0.031182795698924792,0.0,-0.02631578947368418,-0.015846994535519188,-0.02910917981486738,0.0008771929824561431,0.0009447004608296172
A_author_cleaned_code_grid,RF,9,271,68,0.1936857910004619,0.0268119170004865,none,"{""bootstrap"": true, ""ccp_alpha"": 0.0, ""class_weight"": null, ""criterion"": ""gini"", ""max_depth"": 5, ""max_features"": ""log2"", ""max_leaf_nodes"": null, ""max_samples"": null, ""min_impurity_decrease"": 0.0, ""min_samples_leaf"": 1, ""min_samples_split"": 2, ""min_weight_fraction_leaf"": 0.0, ""monotonic_cst"": null, ""n_estimators"": 320, ""n_jobs"": -1, ""oob_score"": false, ""random_state"": null, ""verbose"": 0, ""warm_start"": false}",0.9117647058823528,0.9186560565870912,0.9714285714285714,0.8717948717948718,0.9655172413793104,0.918918918918919,0.8285670994238042,0.9832007073386384,0.9886036020510676,28,1,5,34,0.8484848484848485,0.9655172413793104,0.90995670995671,0.9032258064516128,271,68,0.2275880419983877,0.0315695419994881,none,"{""bootstrap"": true, ""ccp_alpha"": 0.0, ""class_weight"": null, ""criterion"": ""gini"", ""max_depth"": 4, ""max_features"": ""sqrt"", ""max_leaf_nodes"": null, ""max_samples"": null, ""min_impurity_decrease"": 0.0, ""min_samples_leaf"": 1, ""min_samples_split"": 2, ""min_weight_fraction_leaf"": 0.0, ""monotonic_cst"": null, ""n_estimators"": 480, ""n_jobs"": -1, ""oob_score"": false, ""random_state"": null, ""verbose"": 0, ""warm_start"": false}",0.9264705882352942,0.931476569407604,0.9722222222222222,0.8974358974358975,0.9655172413793104,0.9333333333333332,0.8550515048467328,0.9849690539345712,0.9899338796971348,28,1,4,35,0.875,0.9655172413793104,0.9236111111111112,0.918032786885246,0.014705882352941346,0.012820512820512886,0.0007936507936507908,0.02564102564102566,0.0,0.014414414414414267,0.026484405422928514,0.0017683465959328348,0.0013302776460671906
A_author_cleaned_code_grid,SVM,0,271,68,0.0013710829998672,0.0004760410001836,none,"{""C"": 30, ""break_ties"": false, ""cache_size"": 200, ""class_weight"": null, ""coef0"": 0.0, ""decision_function_shape"": ""ovr"", ""degree"": 5, ""gamma"": ""scale"", ""kernel"": ""poly"", ""max_iter"": -1, ""probability"": false, ""random_state"": null, ""shrinking"": true, ""tol"": 1e-05, ""verbose"": false}",0.9705882352941176,0.972972972972973,1.0,0.945945945945946,1.0,0.9722222222222222,0.9426642502057074,0.994768962510898,0.9962287869264612,31,0,2,35,0.9393939393939394,1.0,0.9696969696969696,0.96875,271,68,0.001413792000676,0.0004626250010915,none,"{""C"": 30, ""break_ties"": false, ""cache_size"": 200, ""class_weight"": null, ""coef0"": 0.0, ""decision_function_shape"": ""ovr"", ""degree"": 5, ""gamma"": ""scale"", ""kernel"": ""poly"", ""max_iter"": -1, ""probability"": false, ""random_state"": null, ""shrinking"": true, ""tol"": 1e-05, ""verbose"": false}",0.9705882352941176,0.972972972972973,1.0,0.945945945945946,1.0,0.9722222222222222,0.9426642502057074,0.994768962510898,0.9962287869264612,31,0,2,35,0.9393939393939394,1.0,0.9696969696969696,0.96875,0.0,0.0,0.0,0.0,0.0,0.0,0.0,0.0,0.0
A_author_cleaned_code_grid,SVM,1,271,68,0.0014517499994326,0.0004734580006697,none,"{""C"": 30, ""break_ties"": false, ""cache_size"": 200, ""class_weight"": null, ""coef0"": 0.0, ""decision_function_shape"": ""ovr"", ""degree"": 5, ""gamma"": ""scale"", ""kernel"": ""poly"", ""max_iter"": -1, ""probability"": false, ""random_state"": null, ""shrinking"": true, ""tol"": 1e-05, ""verbose"": false}",0.9558823529411764,0.9594594594594594,0.9117647058823528,1.0,0.918918918918919,0.953846153846154,0.9153348228041136,0.994768962510898,0.993925501593942,34,3,0,31,1.0,0.918918918918919,0.9558823529411764,0.9577464788732394,271,68,0.0016137089987751,0.0005501670020748,none,"{""C"": 30, ""break_ties"": false, ""cache_size"": 200, ""class_weight"": null, ""coef0"": 0.0, ""decision_function_shape"": ""ovr"", ""degree"": 5, ""gamma"": ""scale"", ""kernel"": ""poly"", ""max_iter"": -1, ""probability"": false, ""random_state"": null, ""shrinking"": true, ""tol"": 1e-05, ""verbose"": false}",0.9558823529411764,0.9594594594594594,0.9117647058823528,1.0,0.918918918918919,0.953846153846154,0.9153348228041136,0.994768962510898,0.993925501593942,34,3,0,31,1.0,0.918918918918919,0.9558823529411764,0.9577464788732394,0.0,0.0,0.0,0.0,0.0,0.0,0.0,0.0,0.0
A_author_cleaned_code_grid,SVM,2,271,68,0.0017031669995049,0.0005615410000245,none,"{""C"": 30, ""break_ties"": false, ""cache_size"": 200, ""class_weight"": null, ""coef0"": 0.0, ""decision_function_shape"": ""ovr"", ""degree"": 5, ""gamma"": ""scale"", ""kernel"": ""poly"", ""max_iter"": -1, ""probability"": false, ""random_state"": null, ""shrinking"": true, ""tol"": 1e-05, ""verbose"": false}",0.9705882352941176,0.9666666666666668,1.0,0.9333333333333332,1.0,0.9655172413793104,0.941629792788369,1.0,1.0,38,0,2,28,0.95,1.0,0.975,0.9743589743589745,271,68,0.0017257500003324,0.0005310410051606,none,"{""C"": 30, ""break_ties"": false, ""cache_size"": 200, ""class_weight"": null, ""coef0"": 0.0, ""decision_function_shape"": ""ovr"", ""degree"": 5, ""gamma"": ""scale"", ""kernel"": ""poly"", ""max_iter"": -1, ""probability"": false, ""random_state"": null, ""shrinking"": true, ""tol"": 1e-05, ""verbose"": false}",0.9705882352941176,0.9666666666666668,1.0,0.9333333333333332,1.0,0.9655172413793104,0.941629792788369,1.0,1.0,38,0,2,28,0.95,1.0,0.975,0.9743589743589745,0.0,0.0,0.0,0.0,0.0,0.0,0.0,0.0,0.0
A_author_cleaned_code_grid,SVM,3,271,68,0.0014903329993103,0.0004967089998899,none,"{""C"": 30, ""break_ties"": false, ""cache_size"": 200, ""class_weight"": null, ""coef0"": 0.0, ""decision_function_shape"": ""ovr"", ""degree"": 5, ""gamma"": ""scale"", ""kernel"": ""poly"", ""max_iter"": -1, ""probability"": false, ""random_state"": null, ""shrinking"": true, ""tol"": 1e-05, ""verbose"": false}",1.0,1.0,1.0,1.0,1.0,1.0,1.0,1.0,1.0,34,0,0,34,1.0,1.0,1.0,1.0,271,68,0.001556208000693,0.0005425409981398,none,"{""C"": 30, ""break_ties"": false, ""cache_size"": 200, ""class_weight"": null, ""coef0"": 0.0, ""decision_function_shape"": ""ovr"", ""degree"": 5, ""gamma"": ""scale"", ""kernel"": ""poly"", ""max_iter"": -1, ""probability"": false, ""random_state"": null, ""shrinking"": true, ""tol"": 1e-05, ""verbose"": false}",1.0,1.0,1.0,1.0,1.0,1.0,1.0,1.0,1.0,34,0,0,34,1.0,1.0,1.0,1.0,0.0,0.0,0.0,0.0,0.0,0.0,0.0,0.0,0.0
A_author_cleaned_code_grid,SVM,4,271,68,0.0015193330000329,0.0004945829996358,none,"{""C"": 30, ""break_ties"": false, ""cache_size"": 200, ""class_weight"": null, ""coef0"": 0.0, ""decision_function_shape"": ""ovr"", ""degree"": 5, ""gamma"": ""scale"", ""kernel"": ""poly"", ""max_iter"": -1, ""probability"": false, ""random_state"": null, ""shrinking"": true, ""tol"": 1e-05, ""verbose"": false}",0.9411764705882352,0.9411764705882352,0.9411764705882352,0.9411764705882352,0.9411764705882352,0.9411764705882352,0.8823529411764706,0.986159169550173,0.9853364082009858,32,2,2,32,0.9411764705882352,0.9411764705882352,0.9411764705882352,0.9411764705882352,271,68,0.0016284169978462,0.0005092089995741,none,"{""C"": 30, ""break_ties"": false, ""cache_size"": 200, ""class_weight"": null, ""coef0"": 0.0, ""decision_function_shape"": ""ovr"", ""degree"": 5, ""gamma"": ""scale"", ""kernel"": ""poly"", ""max_iter"": -1, ""probability"": false, ""random_state"": null, ""shrinking"": true, ""tol"": 1e-05, ""verbose"": false}",0.9411764705882352,0.9411764705882352,0.9411764705882352,0.9411764705882352,0.9411764705882352,0.9411764705882352,0.8823529411764706,0.986159169550173,0.9853364082009858,32,2,2,32,0.9411764705882352,0.9411764705882352,0.9411764705882352,0.9411764705882352,0.0,0.0,0.0,0.0,0.0,0.0,0.0,0.0,0.0
A_author_cleaned_code_grid,SVM,5,271,68,0.0012637079998967,0.0004191250000076,none,"{""C"": 30, ""break_ties"": false, ""cache_size"": 200, ""class_weight"": null, ""coef0"": 0.0, ""decision_function_shape"": ""ovr"", ""degree"": 5, ""gamma"": ""scale"", ""kernel"": ""poly"", ""max_iter"": -1, ""probability"": false, ""random_state"": null, ""shrinking"": true, ""tol"": 1e-05, ""verbose"": false}",0.8970588235294118,0.8970588235294117,0.8857142857142857,0.9117647058823528,0.8823529411764706,0.8985507246376812,0.7944613465542747,0.976643598615917,0.9772946248103948,30,4,3,31,0.9090909090909092,0.8823529411764706,0.8974025974025974,0.8955223880597015,271,68,0.0012714580007013,0.0004306249975343,none,"{""C"": 30, ""break_ties"": false, ""cache_size"": 200, ""class_weight"": null, ""coef0"": 0.0, ""decision_function_shape"": ""ovr"", ""degree"": 5, ""gamma"": ""scale"", ""kernel"": ""poly"", ""max_iter"": -1, ""probability"": false, ""random_state"": null, ""shrinking"": true, ""tol"": 1e-05, ""verbose"": false}",0.8970588235294118,0.8970588235294117,0.8857142857142857,0.9117647058823528,0.8823529411764706,0.8985507246376812,0.7944613465542747,0.976643598615917,0.9772946248103948,30,4,3,31,0.9090909090909092,0.8823529411764706,0.8974025974025974,0.8955223880597015,0.0,0.0,0.0,0.0,0.0,0.0,0.0,0.0,0.0
A_author_cleaned_code_grid,SVM,6,271,68,0.0014718749998792,0.0004754169995067,none,"{""C"": 30, ""break_ties"": false, ""cache_size"": 200, ""class_weight"": null, ""coef0"": 0.0, ""decision_function_shape"": ""ovr"", ""degree"": 5, ""gamma"": ""scale"", ""kernel"": ""poly"", ""max_iter"": -1, ""probability"": false, ""random_state"": null, ""shrinking"": true, ""tol"": 1e-05, ""verbose"": false}",0.9411764705882352,0.9411255411255413,0.9393939393939394,0.9393939393939394,0.9428571428571428,0.9393939393939394,0.8822510822510823,0.9878787878787878,0.9896947415329768,33,2,2,31,0.9428571428571428,0.9428571428571428,0.9411255411255413,0.9428571428571428,271,68,0.0015025839966256,0.000608333000855,none,"{""C"": 30, ""break_ties"": false, ""cache_size"": 200, ""class_weight"": null, ""coef0"": 0.0, ""decision_function_shape"": ""ovr"", ""degree"": 5, ""gamma"": ""scale"", ""kernel"": ""poly"", ""max_iter"": -1, ""probability"": false, ""random_state"": null, ""shrinking"": true, ""tol"": 1e-05, ""verbose"": false}",0.9411764705882352,0.9411255411255413,0.9393939393939394,0.9393939393939394,0.9428571428571428,0.9393939393939394,0.8822510822510823,0.9878787878787878,0.9896947415329768,33,2,2,31,0.9428571428571428,0.9428571428571428,0.9411255411255413,0.9428571428571428,0.0,0.0,0.0,0.0,0.0,0.0,0.0,0.0,0.0
A_author_cleaned_code_grid,SVM,7,271,68,0.0013771249996352,0.000468749999527,none,"{""C"": 30, ""break_ties"": false, ""cache_size"": 200, ""class_weight"": null, ""coef0"": 0.0, ""decision_function_shape"": ""ovr"", ""degree"": 5, ""gamma"": ""scale"", ""kernel"": ""poly"", ""max_iter"": -1, ""probability"": false, ""random_state"": null, ""shrinking"": true, ""tol"": 1e-05, ""verbose"": false}",0.9264705882352942,0.925974025974026,0.9375,0.9090909090909092,0.9428571428571428,0.9230769230769232,0.8530566380408909,0.9826839826839826,0.980980176987986,33,2,3,30,0.9166666666666666,0.9428571428571428,0.9270833333333331,0.9295774647887324,271,68,0.0013810000018565,0.000457041998743,none,"{""C"": 30, ""break_ties"": false, ""cache_size"": 200, ""class_weight"": null, ""coef0"": 0.0, ""decision_function_shape"": ""ovr"", ""degree"": 5, ""gamma"": ""scale"", ""kernel"": ""poly"", ""max_iter"": -1, ""probability"": false, ""random_state"": null, ""shrinking"": true, ""tol"": 1e-05, ""verbose"": false}",0.9264705882352942,0.925974025974026,0.9375,0.9090909090909092,0.9428571428571428,0.9230769230769232,0.8530566380408909,0.9826839826839826,0.980980176987986,33,2,3,30,0.9166666666666666,0.9428571428571428,0.9270833333333331,0.9295774647887324,0.0,0.0,0.0,0.0,0.0,0.0,0.0,0.0,0.0
A_author_cleaned_code_grid,SVM,8,271,68,0.0015843749997657,0.0005142919999343,none,"{""C"": 30, ""break_ties"": false, ""cache_size"": 200, ""class_weight"": null, ""coef0"": 0.0, ""decision_function_shape"": ""ovr"", ""degree"": 5, ""gamma"": ""scale"", ""kernel"": ""poly"", ""max_iter"": -1, ""probability"": false, ""random_state"": null, ""shrinking"": true, ""tol"": 1e-05, ""verbose"": false}",1.0,1.0,1.0,1.0,1.0,1.0,1.0,1.0,1.0,38,0,0,30,1.0,1.0,1.0,1.0,271,68,0.0015937499993015,0.0005172919991309,none,"{""C"": 30, ""break_ties"": false, ""cache_size"": 200, ""class_weight"": null, ""coef0"": 0.0, ""decision_function_shape"": ""ovr"", ""degree"": 5, ""gamma"": ""scale"", ""kernel"": ""poly"", ""max_iter"": -1, ""probability"": false, ""random_state"": null, ""shrinking"": true, ""tol"": 1e-05, ""verbose"": false}",1.0,1.0,1.0,1.0,1.0,1.0,1.0,1.0,1.0,38,0,0,30,1.0,1.0,1.0,1.0,0.0,0.0,0.0,0.0,0.0,0.0,0.0,0.0,0.0
A_author_cleaned_code_grid,SVM,9,271,68,0.0014333330000226,0.0004727909999928,none,"{""C"": 30, ""break_ties"": false, ""cache_size"": 200, ""class_weight"": null, ""coef0"": 0.0, ""decision_function_shape"": ""ovr"", ""degree"": 5, ""gamma"": ""scale"", ""kernel"": ""poly"", ""max_iter"": -1, ""probability"": false, ""random_state"": null, ""shrinking"": true, ""tol"": 1e-05, ""verbose"": false}",0.9705882352941176,0.9743589743589745,1.0,0.9487179487179488,1.0,0.9736842105263158,0.94207767149171,0.995579133510168,0.996957326116539,29,0,2,37,0.935483870967742,1.0,0.967741935483871,0.9666666666666668,271,68,0.0014714589997311,0.000497416993312,none,"{""C"": 30, ""break_ties"": false, ""cache_size"": 200, ""class_weight"": null, ""coef0"": 0.0, ""decision_function_shape"": ""ovr"", ""degree"": 5, ""gamma"": ""scale"", ""kernel"": ""poly"", ""max_iter"": -1, ""probability"": false, ""random_state"": null, ""shrinking"": true, ""tol"": 1e-05, ""verbose"": false}",0.9705882352941176,0.9743589743589745,1.0,0.9487179487179488,1.0,0.9736842105263158,0.94207767149171,0.995579133510168,0.996957326116539,29,0,2,37,0.935483870967742,1.0,0.967741935483871,0.9666666666666668,0.0,0.0,0.0,0.0,0.0,0.0,0.0,0.0,0.0
B_author_cleaned_MCC_grid,SVM,0,271,68,0.0017093340002247,0.000575041999582,none,"{""C"": 30, ""break_ties"": false, ""cache_size"": 200, ""class_weight"": null, ""coef0"": 0.0, ""decision_function_shape"": ""ovr"", ""degree"": 5, ""gamma"": ""scale"", ""kernel"": ""poly"", ""max_iter"": -1, ""probability"": false, ""random_state"": null, ""shrinking"": true, ""tol"": 1e-05, ""verbose"": false}",0.9705882352941176,0.972972972972973,1.0,0.945945945945946,1.0,0.9722222222222222,0.9426642502057074,0.994768962510898,0.9962287869264612,31,0,2,35,0.9393939393939394,1.0,0.9696969696969696,0.96875,271,68,0.0017109170003095,0.0006471250017057,none,"{""C"": 30, ""break_ties"": false, ""cache_size"": 200, ""class_weight"": null, ""coef0"": 0.0, ""decision_function_shape"": ""ovr"", ""degree"": 5, ""gamma"": ""scale"", ""kernel"": ""poly"", ""max_iter"": -1, ""probability"": false, ""random_state"": null, ""shrinking"": true, ""tol"": 1e-05, ""verbose"": false}",0.9705882352941176,0.972972972972973,1.0,0.945945945945946,1.0,0.9722222222222222,0.9426642502057074,0.994768962510898,0.9962287869264612,31,0,2,35,0.9393939393939394,1.0,0.9696969696969696,0.96875,0.0,0.0,0.0,0.0,0.0,0.0,0.0,0.0,0.0
B_author_cleaned_MCC_grid,SVM,1,271,68,0.0016923330003919,0.0005568750002566,none,"{""C"": 30, ""break_ties"": false, ""cache_size"": 200, ""class_weight"": null, ""coef0"": 0.0, ""decision_function_shape"": ""ovr"", ""degree"": 5, ""gamma"": ""scale"", ""kernel"": ""poly"", ""max_iter"": -1, ""probability"": false, ""random_state"": null, ""shrinking"": true, ""tol"": 1e-05, ""verbose"": false}",0.9558823529411764,0.9594594594594594,0.9117647058823528,1.0,0.918918918918919,0.953846153846154,0.9153348228041136,0.994768962510898,0.993925501593942,34,3,0,31,1.0,0.918918918918919,0.9558823529411764,0.9577464788732394,271,68,0.0018936670021503,0.0005999169952701,none,"{""C"": 30, ""break_ties"": false, ""cache_size"": 200, ""class_weight"": null, ""coef0"": 0.0, ""decision_function_shape"": ""ovr"", ""degree"": 5, ""gamma"": ""scale"", ""kernel"": ""poly"", ""max_iter"": -1, ""probability"": false, ""random_state"": null, ""shrinking"": true, ""tol"": 1e-05, ""verbose"": false}",0.9558823529411764,0.9594594594594594,0.9117647058823528,1.0,0.918918918918919,0.953846153846154,0.9153348228041136,0.994768962510898,0.993925501593942,34,3,0,31,1.0,0.918918918918919,0.9558823529411764,0.9577464788732394,0.0,0.0,0.0,0.0,0.0,0.0,0.0,0.0,0.0
B_author_cleaned_MCC_grid,SVM,2,271,68,0.0020714170004794,0.0005917500002396,none,"{""C"": 30, ""break_ties"": false, ""cache_size"": 200, ""class_weight"": null, ""coef0"": 0.0, ""decision_function_shape"": ""ovr"", ""degree"": 5, ""gamma"": ""scale"", ""kernel"": ""poly"", ""max_iter"": -1, ""probability"": false, ""random_state"": null, ""shrinking"": true, ""tol"": 1e-05, ""verbose"": false}",0.9705882352941176,0.9666666666666668,1.0,0.9333333333333332,1.0,0.9655172413793104,0.941629792788369,1.0,1.0,38,0,2,28,0.95,1.0,0.975,0.9743589743589745,271,68,0.001864582998678,0.0006039170039002,none,"{""C"": 30, ""break_ties"": false, ""cache_size"": 200, ""class_weight"": null, ""coef0"": 0.0, ""decision_function_shape"": ""ovr"", ""degree"": 5, ""gamma"": ""scale"", ""kernel"": ""poly"", ""max_iter"": -1, ""probability"": false, ""random_state"": null, ""shrinking"": true, ""tol"": 1e-05, ""verbose"": false}",0.9705882352941176,0.9666666666666668,1.0,0.9333333333333332,1.0,0.9655172413793104,0.941629792788369,1.0,1.0,38,0,2,28,0.95,1.0,0.975,0.9743589743589745,0.0,0.0,0.0,0.0,0.0,0.0,0.0,0.0,0.0
B_author_cleaned_MCC_grid,SVM,3,271,68,0.0016017910002119,0.0005395409998527,none,"{""C"": 30, ""break_ties"": false, ""cache_size"": 200, ""class_weight"": null, ""coef0"": 0.0, ""decision_function_shape"": ""ovr"", ""degree"": 5, ""gamma"": ""scale"", ""kernel"": ""poly"", ""max_iter"": -1, ""probability"": false, ""random_state"": null, ""shrinking"": true, ""tol"": 1e-05, ""verbose"": false}",1.0,1.0,1.0,1.0,1.0,1.0,1.0,1.0,1.0,34,0,0,34,1.0,1.0,1.0,1.0,271,68,0.0016657499945722,0.0005640000017592,none,"{""C"": 30, ""break_ties"": false, ""cache_size"": 200, ""class_weight"": null, ""coef0"": 0.0, ""decision_function_shape"": ""ovr"", ""degree"": 5, ""gamma"": ""scale"", ""kernel"": ""poly"", ""max_iter"": -1, ""probability"": false, ""random_state"": null, ""shrinking"": true, ""tol"": 1e-05, ""verbose"": false}",1.0,1.0,1.0,1.0,1.0,1.0,1.0,1.0,1.0,34,0,0,34,1.0,1.0,1.0,1.0,0.0,0.0,0.0,0.0,0.0,0.0,0.0,0.0,0.0
B_author_cleaned_MCC_grid,SVM,4,271,68,0.0018465000002834,0.0006021669996698,none,"{""C"": 30, ""break_ties"": false, ""cache_size"": 200, ""class_weight"": null, ""coef0"": 0.0, ""decision_function_shape"": ""ovr"", ""degree"": 5, ""gamma"": ""scale"", ""kernel"": ""poly"", ""max_iter"": -1, ""probability"": false, ""random_state"": null, ""shrinking"": true, ""tol"": 1e-05, ""verbose"": false}",0.9411764705882352,0.9411764705882352,0.9411764705882352,0.9411764705882352,0.9411764705882352,0.9411764705882352,0.8823529411764706,0.986159169550173,0.9853364082009858,32,2,2,32,0.9411764705882352,0.9411764705882352,0.9411764705882352,0.9411764705882352,271,68,0.0017465409982833,0.0005572500012931,none,"{""C"": 30, ""break_ties"": false, ""cache_size"": 200, ""class_weight"": null, ""coef0"": 0.0, ""decision_function_shape"": ""ovr"", ""degree"": 5, ""gamma"": ""scale"", ""kernel"": ""poly"", ""max_iter"": -1, ""probability"": false, ""random_state"": null, ""shrinking"": true, ""tol"": 1e-05, ""verbose"": false}",0.9411764705882352,0.9411764705882352,0.9411764705882352,0.9411764705882352,0.9411764705882352,0.9411764705882352,0.8823529411764706,0.986159169550173,0.9853364082009858,32,2,2,32,0.9411764705882352,0.9411764705882352,0.9411764705882352,0.9411764705882352,0.0,0.0,0.0,0.0,0.0,0.0,0.0,0.0,0.0
B_author_cleaned_MCC_grid,SVM,5,271,68,0.0014647079997303,0.0008079159997578,none,"{""C"": 30, ""break_ties"": false, ""cache_size"": 200, ""class_weight"": null, ""coef0"": 0.0, ""decision_function_shape"": ""ovr"", ""degree"": 5, ""gamma"": ""scale"", ""kernel"": ""poly"", ""max_iter"": -1, ""probability"": false, ""random_state"": null, ""shrinking"": true, ""tol"": 1e-05, ""verbose"": false}",0.8970588235294118,0.8970588235294117,0.8857142857142857,0.9117647058823528,0.8823529411764706,0.8985507246376812,0.7944613465542747,0.976643598615917,0.9772946248103948,30,4,3,31,0.9090909090909092,0.8823529411764706,0.8974025974025974,0.8955223880597015,271,68,0.0016636670043226,0.0004870000047958,none,"{""C"": 30, ""break_ties"": false, ""cache_size"": 200, ""class_weight"": null, ""coef0"": 0.0, ""decision_function_shape"": ""ovr"", ""degree"": 5, ""gamma"": ""scale"", ""kernel"": ""poly"", ""max_iter"": -1, ""probability"": false, ""random_state"": null, ""shrinking"": true, ""tol"": 1e-05, ""verbose"": false}",0.8970588235294118,0.8970588235294117,0.8857142857142857,0.9117647058823528,0.8823529411764706,0.8985507246376812,0.7944613465542747,0.976643598615917,0.9772946248103948,30,4,3,31,0.9090909090909092,0.8823529411764706,0.8974025974025974,0.8955223880597015,0.0,0.0,0.0,0.0,0.0,0.0,0.0,0.0,0.0
B_author_cleaned_MCC_grid,SVM,6,271,68,0.0017594579994693,0.0005843750004714,none,"{""C"": 30, ""break_ties"": false, ""cache_size"": 200, ""class_weight"": null, ""coef0"": 0.0, ""decision_function_shape"": ""ovr"", ""degree"": 5, ""gamma"": ""scale"", ""kernel"": ""poly"", ""max_iter"": -1, ""probability"": false, ""random_state"": null, ""shrinking"": true, ""tol"": 1e-05, ""verbose"": false}",0.9411764705882352,0.9411255411255413,0.9393939393939394,0.9393939393939394,0.9428571428571428,0.9393939393939394,0.8822510822510823,0.9878787878787878,0.9896947415329768,33,2,2,31,0.9428571428571428,0.9428571428571428,0.9411255411255413,0.9428571428571428,271,68,0.0018144170026062,0.0005766659960499,none,"{""C"": 30, ""break_ties"": false, ""cache_size"": 200, ""class_weight"": null, ""coef0"": 0.0, ""decision_function_shape"": ""ovr"", ""degree"": 5, ""gamma"": ""scale"", ""kernel"": ""poly"", ""max_iter"": -1, ""probability"": false, ""random_state"": null, ""shrinking"": true, ""tol"": 1e-05, ""verbose"": false}",0.9411764705882352,0.9411255411255413,0.9393939393939394,0.9393939393939394,0.9428571428571428,0.9393939393939394,0.8822510822510823,0.9878787878787878,0.9896947415329768,33,2,2,31,0.9428571428571428,0.9428571428571428,0.9411255411255413,0.9428571428571428,0.0,0.0,0.0,0.0,0.0,0.0,0.0,0.0,0.0
B_author_cleaned_MCC_grid,SVM,7,271,68,0.001616833999833,0.0005601670000032,none,"{""C"": 30, ""break_ties"": false, ""cache_size"": 200, ""class_weight"": null, ""coef0"": 0.0, ""decision_function_shape"": ""ovr"", ""degree"": 5, ""gamma"": ""scale"", ""kernel"": ""poly"", ""max_iter"": -1, ""probability"": false, ""random_state"": null, ""shrinking"": true, ""tol"": 1e-05, ""verbose"": false}",0.9264705882352942,0.925974025974026,0.9375,0.9090909090909092,0.9428571428571428,0.9230769230769232,0.8530566380408909,0.9826839826839826,0.980980176987986,33,2,3,30,0.9166666666666666,0.9428571428571428,0.9270833333333331,0.9295774647887324,271,68,0.0016032079947763,0.0005545419990085,none,"{""C"": 30, ""break_ties"": false, ""cache_size"": 200, ""class_weight"": null, ""coef0"": 0.0, ""decision_function_shape"": ""ovr"", ""degree"": 5, ""gamma"": ""scale"", ""kernel"": ""poly"", ""max_iter"": -1, ""probability"": false, ""random_state"": null, ""shrinking"": true, ""tol"": 1e-05, ""verbose"": false}",0.9264705882352942,0.925974025974026,0.9375,0.9090909090909092,0.9428571428571428,0.9230769230769232,0.8530566380408909,0.9826839826839826,0.980980176987986,33,2,3,30,0.9166666666666666,0.9428571428571428,0.9270833333333331,0.9295774647887324,0.0,0.0,0.0,0.0,0.0,0.0,0.0,0.0,0.0
B_author_cleaned_MCC_grid,SVM,8,271,68,0.0018120830000043,0.0005773330003648,none,"{""C"": 30, ""break_ties"": false, ""cache_size"": 200, ""class_weight"": null, ""coef0"": 0.0, ""decision_function_shape"": ""ovr"", ""degree"": 5, ""gamma"": ""scale"", ""kernel"": ""poly"", ""max_iter"": -1, ""probability"": false, ""random_state"": null, ""shrinking"": true, ""tol"": 1e-05, ""verbose"": false}",1.0,1.0,1.0,1.0,1.0,1.0,1.0,1.0,1.0,38,0,0,30,1.0,1.0,1.0,1.0,271,68,0.0018313339969608,0.000600667000981,none,"{""C"": 30, ""break_ties"": false, ""cache_size"": 200, ""class_weight"": null, ""coef0"": 0.0, ""decision_function_shape"": ""ovr"", ""degree"": 5, ""gamma"": ""scale"", ""kernel"": ""poly"", ""max_iter"": -1, ""probability"": false, ""random_state"": null, ""shrinking"": true, ""tol"": 1e-05, ""verbose"": false}",1.0,1.0,1.0,1.0,1.0,1.0,1.0,1.0,1.0,38,0,0,30,1.0,1.0,1.0,1.0,0.0,0.0,0.0,0.0,0.0,0.0,0.0,0.0,0.0
B_author_cleaned_MCC_grid,SVM,9,271,68,0.0017824169999585,0.0007531249993917,none,"{""C"": 30, ""break_ties"": false, ""cache_size"": 200, ""class_weight"": null, ""coef0"": 0.0, ""decision_function_shape"": ""ovr"", ""degree"": 5, ""gamma"": ""scale"", ""kernel"": ""poly"", ""max_iter"": -1, ""probability"": false, ""random_state"": null, ""shrinking"": true, ""tol"": 1e-05, ""verbose"": false}",0.9705882352941176,0.9743589743589745,1.0,0.9487179487179488,1.0,0.9736842105263158,0.94207767149171,0.995579133510168,0.996957326116539,29,0,2,37,0.935483870967742,1.0,0.967741935483871,0.9666666666666668,271,68,0.0016685000009601,0.0005628750004689,none,"{""C"": 30, ""break_ties"": false, ""cache_size"": 200, ""class_weight"": null, ""coef0"": 0.0, ""decision_function_shape"": ""ovr"", ""degree"": 5, ""gamma"": ""scale"", ""kernel"": ""poly"", ""max_iter"": -1, ""probability"": false, ""random_state"": null, ""shrinking"": true, ""tol"": 1e-05, ""verbose"": false}",0.9705882352941176,0.9743589743589745,1.0,0.9487179487179488,1.0,0.9736842105263158,0.94207767149171,0.995579133510168,0.996957326116539,29,0,2,37,0.935483870967742,1.0,0.967741935483871,0.9666666666666668,0.0,0.0,0.0,0.0,0.0,0.0,0.0,0.0,0.0
C_independent_ESM_CleanLab_code_grid,SVM,0,282,71,0.0019357500004844,0.0007238329999381,none,"{""C"": 5, ""break_ties"": false, ""cache_size"": 200, ""class_weight"": null, ""coef0"": 0.0, ""decision_function_shape"": ""ovr"", ""degree"": 7, ""gamma"": ""scale"", ""kernel"": ""poly"", ""max_iter"": -1, ""probability"": false, ""random_state"": null, ""shrinking"": true, ""tol"": 1e-05, ""verbose"": false}",0.971830985915493,0.9714285714285714,0.9473684210526316,1.0,0.9428571428571428,0.972972972972973,0.9451100902576202,0.9968253968253968,0.9968670000532746,33,2,0,36,1.0,0.9428571428571428,0.9736842105263156,0.9705882352941176,282,71,0.002094625000609,0.0008161660007317,none,"{""C"": 5, ""break_ties"": false, ""cache_size"": 200, ""class_weight"": null, ""coef0"": 0.0, ""decision_function_shape"": ""ovr"", ""degree"": 7, ""gamma"": ""scale"", ""kernel"": ""poly"", ""max_iter"": -1, ""probability"": false, ""random_state"": null, ""shrinking"": true, ""tol"": 1e-05, ""verbose"": false}",0.971830985915493,0.9714285714285714,0.9473684210526316,1.0,0.9428571428571428,0.972972972972973,0.9451100902576202,0.9968253968253968,0.9968670000532746,33,2,0,36,1.0,0.9428571428571428,0.9736842105263156,0.9705882352941176,0.0,0.0,0.0,0.0,0.0,0.0,0.0,0.0,0.0
C_independent_ESM_CleanLab_code_grid,SVM,1,282,71,0.0017997500008277,0.0006419580004148,none,"{""C"": 5, ""break_ties"": false, ""cache_size"": 200, ""class_weight"": null, ""coef0"": 0.0, ""decision_function_shape"": ""ovr"", ""degree"": 7, ""gamma"": ""scale"", ""kernel"": ""poly"", ""max_iter"": -1, ""probability"": false, ""random_state"": null, ""shrinking"": true, ""tol"": 1e-05, ""verbose"": false}",0.9295774647887324,0.9300476947535772,0.9142857142857144,0.9411764705882352,0.918918918918919,0.927536231884058,0.8594125030243371,0.981717011128776,0.9813186022481952,34,3,2,32,0.9444444444444444,0.918918918918919,0.9293650793650794,0.9315068493150684,282,71,0.0017917919976753,0.0006457909985329,none,"{""C"": 5, ""break_ties"": false, ""cache_size"": 200, ""class_weight"": null, ""coef0"": 0.0, ""decision_function_shape"": ""ovr"", ""degree"": 7, ""gamma"": ""scale"", ""kernel"": ""poly"", ""max_iter"": -1, ""probability"": false, ""random_state"": null, ""shrinking"": true, ""tol"": 1e-05, ""verbose"": false}",0.9295774647887324,0.9300476947535772,0.9142857142857144,0.9411764705882352,0.918918918918919,0.927536231884058,0.8594125030243371,0.981717011128776,0.9813186022481952,34,3,2,32,0.9444444444444444,0.918918918918919,0.9293650793650794,0.9315068493150684,0.0,0.0,0.0,0.0,0.0,0.0,0.0,0.0,0.0
C_independent_ESM_CleanLab_code_grid,SVM,2,282,71,0.0019091249996563,0.0007071250001899,none,"{""C"": 5, ""break_ties"": false, ""cache_size"": 200, ""class_weight"": null, ""coef0"": 0.0, ""decision_function_shape"": ""ovr"", ""degree"": 7, ""gamma"": ""scale"", ""kernel"": ""poly"", ""max_iter"": -1, ""probability"": false, ""random_state"": null, ""shrinking"": true, ""tol"": 1e-05, ""verbose"": false}",0.9577464788732394,0.9588709677419356,0.9743589743589745,0.95,0.967741935483871,0.9620253164556962,0.9147957258407708,0.9951612903225806,0.9965972222222224,30,1,2,38,0.9375,0.967741935483871,0.9559294871794872,0.9523809523809524,282,71,0.0018734159966697,0.0007092500018188,none,"{""C"": 5, ""break_ties"": false, ""cache_size"": 200, ""class_weight"": null, ""coef0"": 0.0, ""decision_function_shape"": ""ovr"", ""degree"": 7, ""gamma"": ""scale"", ""kernel"": ""poly"", ""max_iter"": -1, ""probability"": false, ""random_state"": null, ""shrinking"": true, ""tol"": 1e-05, ""verbose"": false}",0.9577464788732394,0.9588709677419356,0.9743589743589745,0.95,0.967741935483871,0.9620253164556962,0.9147957258407708,0.9951612903225806,0.9965972222222224,30,1,2,38,0.9375,0.967741935483871,0.9559294871794872,0.9523809523809524,0.0,0.0,0.0,0.0,0.0,0.0,0.0,0.0,0.0
C_independent_ESM_CleanLab_code_grid,SVM,3,282,71,0.0018907909998233,0.000672791999932,none,"{""C"": 5, ""break_ties"": false, ""cache_size"": 200, ""class_weight"": null, ""coef0"": 0.0, ""decision_function_shape"": ""ovr"", ""degree"": 7, ""gamma"": ""scale"", ""kernel"": ""poly"", ""max_iter"": -1, ""probability"": false, ""random_state"": null, ""shrinking"": true, ""tol"": 1e-05, ""verbose"": false}",0.943661971830986,0.9472591362126246,0.9,0.9642857142857144,0.9302325581395348,0.9310344827586208,0.8850135176047221,0.994186046511628,0.9915297042064878,40,3,1,27,0.975609756097561,0.9302325581395348,0.9378048780487804,0.9523809523809524,282,71,0.0019851249962812,0.000703625002643,none,"{""C"": 5, ""break_ties"": false, ""cache_size"": 200, ""class_weight"": null, ""coef0"": 0.0, ""decision_function_shape"": ""ovr"", ""degree"": 7, ""gamma"": ""scale"", ""kernel"": ""poly"", ""max_iter"": -1, ""probability"": false, ""random_state"": null, ""shrinking"": true, ""tol"": 1e-05, ""verbose"": false}",0.943661971830986,0.9472591362126246,0.9,0.9642857142857144,0.9302325581395348,0.9310344827586208,0.8850135176047221,0.994186046511628,0.9915297042064878,40,3,1,27,0.975609756097561,0.9302325581395348,0.9378048780487804,0.9523809523809524,0.0,0.0,0.0,0.0,0.0,0.0,0.0,0.0,0.0
C_independent_ESM_CleanLab_code_grid,SVM,4,282,71,0.0018227079999633,0.0006844579993412,none,"{""C"": 5, ""break_ties"": false, ""cache_size"": 200, ""class_weight"": null, ""coef0"": 0.0, ""decision_function_shape"": ""ovr"", ""degree"": 7, ""gamma"": ""scale"", ""kernel"": ""poly"", ""max_iter"": -1, ""probability"": false, ""random_state"": null, ""shrinking"": true, ""tol"": 1e-05, ""verbose"": false}",0.943661971830986,0.9393939393939394,0.9047619047619048,1.0,0.8787878787878788,0.95,0.8916803211318477,0.9992025518341308,0.9993252361673411,29,4,0,38,1.0,0.8787878787878788,0.9523809523809524,0.935483870967742,282,71,0.001897000001918,0.0006805830053053,none,"{""C"": 5, ""break_ties"": false, ""cache_size"": 200, ""class_weight"": null, ""coef0"": 0.0, ""decision_function_shape"": ""ovr"", ""degree"": 7, ""gamma"": ""scale"", ""kernel"": ""poly"", ""max_iter"": -1, ""probability"": false, ""random_state"": null, ""shrinking"": true, ""tol"": 1e-05, ""verbose"": false}",0.943661971830986,0.9393939393939394,0.9047619047619048,1.0,0.8787878787878788,0.95,0.8916803211318477,0.9992025518341308,0.9993252361673411,29,4,0,38,1.0,0.8787878787878788,0.9523809523809524,0.935483870967742,0.0,0.0,0.0,0.0,0.0,0.0,0.0,0.0,0.0
C_independent_ESM_CleanLab_code_grid,SVM,5,282,71,0.0017929579998963,0.0006727079999109,none,"{""C"": 5, ""break_ties"": false, ""cache_size"": 200, ""class_weight"": null, ""coef0"": 0.0, ""decision_function_shape"": ""ovr"", ""degree"": 7, ""gamma"": ""scale"", ""kernel"": ""poly"", ""max_iter"": -1, ""probability"": false, ""random_state"": null, ""shrinking"": true, ""tol"": 1e-05, ""verbose"": false}",0.9577464788732394,0.9559294871794872,0.967741935483871,0.9375,0.9743589743589745,0.9523809523809524,0.9147957258407708,0.9951923076923076,0.9938330789847666,38,1,2,30,0.95,0.9743589743589745,0.9588709677419356,0.9620253164556962,282,71,0.0017967499952646,0.0006797919995733,none,"{""C"": 5, ""break_ties"": false, ""cache_size"": 200, ""class_weight"": null, ""coef0"": 0.0, ""decision_function_shape"": ""ovr"", ""degree"": 7, ""gamma"": ""scale"", ""kernel"": ""poly"", ""max_iter"": -1, ""probability"": false, ""random_state"": null, ""shrinking"": true, ""tol"": 1e-05, ""verbose"": false}",0.9577464788732394,0.9559294871794872,0.967741935483871,0.9375,0.9743589743589745,0.9523809523809524,0.9147957258407708,0.9951923076923076,0.9938330789847666,38,1,2,30,0.95,0.9743589743589745,0.9588709677419356,0.9620253164556962,0.0,0.0,0.0,0.0,0.0,0.0,0.0,0.0,0.0
C_independent_ESM_CleanLab_code_grid,SVM,6,282,71,0.0016123750001497,0.0006587080006283,none,"{""C"": 5, ""break_ties"": false, ""cache_size"": 200, ""class_weight"": null, ""coef0"": 0.0, ""decision_function_shape"": ""ovr"", ""degree"": 7, ""gamma"": ""scale"", ""kernel"": ""poly"", ""max_iter"": -1, ""probability"": false, ""random_state"": null, ""shrinking"": true, ""tol"": 1e-05, ""verbose"": false}",0.9577464788732394,0.9605263157894736,0.9166666666666666,1.0,0.9210526315789472,0.9565217391304348,0.9188570321949086,0.992822966507177,0.9918680508727082,35,3,0,33,1.0,0.9210526315789472,0.9583333333333331,0.958904109589041,282,71,0.00176300000021,0.0006802919961046,none,"{""C"": 5, ""break_ties"": false, ""cache_size"": 200, ""class_weight"": null, ""coef0"": 0.0, ""decision_function_shape"": ""ovr"", ""degree"": 7, ""gamma"": ""scale"", ""kernel"": ""poly"", ""max_iter"": -1, ""probability"": false, ""random_state"": null, ""shrinking"": true, ""tol"": 1e-05, ""verbose"": false}",0.9577464788732394,0.9605263157894736,0.9166666666666666,1.0,0.9210526315789472,0.9565217391304348,0.9188570321949086,0.992822966507177,0.9918680508727082,35,3,0,33,1.0,0.9210526315789472,0.9583333333333331,0.958904109589041,0.0,0.0,0.0,0.0,0.0,0.0,0.0,0.0,0.0
C_independent_ESM_CleanLab_code_grid,SVM,7,282,71,0.0018438330007484,0.0006537919998663,none,"{""C"": 5, ""break_ties"": false, ""cache_size"": 200, ""class_weight"": null, ""coef0"": 0.0, ""decision_function_shape"": ""ovr"", ""degree"": 7, ""gamma"": ""scale"", ""kernel"": ""poly"", ""max_iter"": -1, ""probability"": false, ""random_state"": null, ""shrinking"": true, ""tol"": 1e-05, ""verbose"": false}",0.9154929577464788,0.9213709677419356,0.8571428571428571,0.967741935483871,0.875,0.9090909090909092,0.8360267532841645,0.9943548387096774,0.9934038617181176,35,5,1,30,0.9722222222222222,0.875,0.9146825396825397,0.9210526315789472,282,71,0.0018168749957112,0.000632957999187,none,"{""C"": 5, ""break_ties"": false, ""cache_size"": 200, ""class_weight"": null, ""coef0"": 0.0, ""decision_function_shape"": ""ovr"", ""degree"": 7, ""gamma"": ""scale"", ""kernel"": ""poly"", ""max_iter"": -1, ""probability"": false, ""random_state"": null, ""shrinking"": true, ""tol"": 1e-05, ""verbose"": false}",0.9154929577464788,0.9213709677419356,0.8571428571428571,0.967741935483871,0.875,0.9090909090909092,0.8360267532841645,0.9943548387096774,0.9934038617181176,35,5,1,30,0.9722222222222222,0.875,0.9146825396825397,0.9210526315789472,0.0,0.0,0.0,0.0,0.0,0.0,0.0,0.0,0.0
C_independent_ESM_CleanLab_code_grid,SVM,8,282,71,0.0017155420000563,0.000657499999761,none,"{""C"": 5, ""break_ties"": false, ""cache_size"": 200, ""class_weight"": null, ""coef0"": 0.0, ""decision_function_shape"": ""ovr"", ""degree"": 7, ""gamma"": ""scale"", ""kernel"": ""poly"", ""max_iter"": -1, ""probability"": false, ""random_state"": null, ""shrinking"": true, ""tol"": 1e-05, ""verbose"": false}",0.9577464788732394,0.9587339743589745,0.9393939393939394,0.96875,0.9487179487179488,0.953846153846154,0.9152704175414588,0.9935897435897436,0.9921014772531648,37,2,1,31,0.9736842105263158,0.9487179487179488,0.9565390749601276,0.961038961038961,282,71,0.0017857499988167,0.0006992499984335,none,"{""C"": 5, ""break_ties"": false, ""cache_size"": 200, ""class_weight"": null, ""coef0"": 0.0, ""decision_function_shape"": ""ovr"", ""degree"": 7, ""gamma"": ""scale"", ""kernel"": ""poly"", ""max_iter"": -1, ""probability"": false, ""random_state"": null, ""shrinking"": true, ""tol"": 1e-05, ""verbose"": false}",0.9577464788732394,0.9587339743589745,0.9393939393939394,0.96875,0.9487179487179488,0.953846153846154,0.9152704175414588,0.9935897435897436,0.9921014772531648,37,2,1,31,0.9736842105263158,0.9487179487179488,0.9565390749601276,0.961038961038961,0.0,0.0,0.0,0.0,0.0,0.0,0.0,0.0,0.0
C_independent_ESM_CleanLab_code_grid,SVM,9,282,71,0.0017665420000412,0.0006525830003738,none,"{""C"": 5, ""break_ties"": false, ""cache_size"": 200, ""class_weight"": null, ""coef0"": 0.0, ""decision_function_shape"": ""ovr"", ""degree"": 7, ""gamma"": ""scale"", ""kernel"": ""poly"", ""max_iter"": -1, ""probability"": false, ""random_state"": null, ""shrinking"": true, ""tol"": 1e-05, ""verbose"": false}",0.9859154929577464,0.9861111111111112,1.0,0.9722222222222222,1.0,0.9859154929577464,0.9722222222222222,0.9992063492063492,0.9992492492492492,35,0,1,35,0.9722222222222222,1.0,0.9861111111111112,0.9859154929577464,282,71,0.0018018750051851,0.0006584580041817,none,"{""C"": 5, ""break_ties"": false, ""cache_size"": 200, ""class_weight"": null, ""coef0"": 0.0, ""decision_function_shape"": ""ovr"", ""degree"": 7, ""gamma"": ""scale"", ""kernel"": ""poly"", ""max_iter"": -1, ""probability"": false, ""random_state"": null, ""shrinking"": true, ""tol"": 1e-05, ""verbose"": false}",0.9859154929577464,0.9861111111111112,1.0,0.9722222222222222,1.0,0.9859154929577464,0.9722222222222222,0.9992063492063492,0.9992492492492492,35,0,1,35,0.9722222222222222,1.0,0.9861111111111112,0.9859154929577464,0.0,0.0,0.0,0.0,0.0,0.0,0.0,0.0,0.0
D_author_LSTM_split42_harness_seed0,LSTM,42,271,68,2.8077405000003637,0.1713470000004235,"reshape (n,320) -> (n,1,320)",LSTM128/64/32; Dense64/10/1; Dropout .15; Adam; 100 epochs; batch32; harness seed0,0.9264705882352942,0.9268398268398268,0.9411764705882352,0.9142857142857144,0.9393939393939394,0.927536231884058,0.8533103351879247,0.9584415584415584,0.9215535246199372,31,2,3,32,0.9117647058823528,0.9393939393939394,0.9264705882352942,0.9253731343283582,271,68,3.0170049579974147,0.2000472919971798,"reshape (n,320) -> (n,1,320)",LSTM128/64/32; Dense64/10/1; Dropout .15; Adam; 100 epochs; batch32; harness seed0,0.9264705882352942,0.9268398268398268,0.9411764705882352,0.9142857142857144,0.9393939393939394,0.927536231884058,0.8533103351879247,0.9584415584415584,0.9215535246199372,31,2,3,32,0.9117647058823528,0.9393939393939394,0.9264705882352942,0.9253731343283582,0.0,0.0,0.0,0.0,0.0,0.0,0.0,0.0,0.0
E_independent_LSTM_10_splits,LSTM,0,271,68,2.760239041999739,0.168462291000651,"reshape (n,320) -> (n,1,320)",LSTM128/64/32; Dense64/10/1; Dropout .15; Adam; 100 epochs; batch32; harness seed0,0.9264705882352942,0.9245858761987794,0.9210526315789472,0.945945945945946,0.9032258064516128,0.9333333333333332,0.8517748687584299,0.989537925021796,0.991566629801924,28,3,2,35,0.9333333333333332,0.9032258064516128,0.9271929824561403,0.918032786885246,271,68,3.0009141249975073,0.1876645840020501,"reshape (n,320) -> (n,1,320)",LSTM128/64/32; Dense64/10/1; Dropout .15; Adam; 100 epochs; batch32; harness seed0,0.9264705882352942,0.9245858761987794,0.9210526315789472,0.945945945945946,0.9032258064516128,0.9333333333333332,0.8517748687584299,0.989537925021796,0.991566629801924,28,3,2,35,0.9333333333333332,0.9032258064516128,0.9271929824561403,0.918032786885246,0.0,0.0,0.0,0.0,0.0,0.0,0.0,0.0,0.0
E_independent_LSTM_10_splits,LSTM,1,271,68,2.76355679199969,0.1701022079996619,"reshape (n,320) -> (n,1,320)",LSTM128/64/32; Dense64/10/1; Dropout .15; Adam; 100 epochs; batch32; harness seed1,0.9264705882352942,0.9272013949433304,0.90625,0.935483870967742,0.918918918918919,0.9206349206349206,0.8525466008813926,0.98256320836966,0.9722703697090442,34,3,2,29,0.9444444444444444,0.918918918918919,0.9253472222222222,0.9315068493150684,271,68,2.995043958995666,0.1867739580047782,"reshape (n,320) -> (n,1,320)",LSTM128/64/32; Dense64/10/1; Dropout .15; Adam; 100 epochs; batch32; harness seed1,0.9264705882352942,0.9272013949433304,0.90625,0.935483870967742,0.918918918918919,0.9206349206349206,0.8525466008813926,0.98256320836966,0.9722703697090442,34,3,2,29,0.9444444444444444,0.918918918918919,0.9253472222222222,0.9315068493150684,0.0,0.0,0.0,0.0,0.0,0.0,0.0,0.0,0.0
E_independent_LSTM_10_splits,LSTM,2,271,68,2.8775830419999693,0.1698098750002827,"reshape (n,320) -> (n,1,320)",LSTM128/64/32; Dense64/10/1; Dropout .15; Adam; 100 epochs; batch32; harness seed2,0.9852941176470588,0.9833333333333334,1.0,0.9666666666666668,1.0,0.9830508474576272,0.9705051993061872,0.9956140350877194,0.9952380952380953,38,0,1,29,0.9743589743589745,1.0,0.9871794871794872,0.987012987012987,271,68,2.9807714999988093,0.1842418750020442,"reshape (n,320) -> (n,1,320)",LSTM128/64/32; Dense64/10/1; Dropout .15; Adam; 100 epochs; batch32; harness seed2,0.9852941176470588,0.9833333333333334,1.0,0.9666666666666668,1.0,0.9830508474576272,0.9705051993061872,0.9956140350877194,0.9952380952380953,38,0,1,29,0.9743589743589745,1.0,0.9871794871794872,0.987012987012987,0.0,0.0,0.0,0.0,0.0,0.0,0.0,0.0,0.0
E_independent_LSTM_10_splits,LSTM,3,271,68,2.7480823340001734,0.1696648750003078,"reshape (n,320) -> (n,1,320)",LSTM128/64/32; Dense64/10/1; Dropout .15; Adam; 100 epochs; batch32; harness seed3,0.9705882352941176,0.9705882352941176,1.0,0.9411764705882352,1.0,0.9696969696969696,0.9428090415820634,0.9974048442906576,0.9975009611687812,34,0,2,32,0.9444444444444444,1.0,0.9722222222222222,0.9714285714285714,271,68,3.008424791005382,0.1912446670030476,"reshape (n,320) -> (n,1,320)",LSTM128/64/32; Dense64/10/1; Dropout .15; Adam; 100 epochs; batch32; harness seed3,0.9705882352941176,0.9705882352941176,1.0,0.9411764705882352,1.0,0.9696969696969696,0.9428090415820634,0.9974048442906576,0.9975009611687812,34,0,2,32,0.9444444444444444,1.0,0.9722222222222222,0.9714285714285714,0.0,0.0,0.0,0.0,0.0,0.0,0.0,0.0,0.0
E_independent_LSTM_10_splits,LSTM,4,271,68,2.7387884159998066,0.1703637919999892,"reshape (n,320) -> (n,1,320)",LSTM128/64/32; Dense64/10/1; Dropout .15; Adam; 100 epochs; batch32; harness seed4,0.9705882352941176,0.9705882352941176,0.9444444444444444,1.0,0.9411764705882352,0.9714285714285714,0.9428090415820634,0.9792387543252596,0.9589413007633948,32,2,0,34,1.0,0.9411764705882352,0.9722222222222222,0.9696969696969696,271,68,3.018203250001534,0.1924267089998466,"reshape (n,320) -> (n,1,320)",LSTM128/64/32; Dense64/10/1; Dropout .15; Adam; 100 epochs; batch32; harness seed4,0.9705882352941176,0.9705882352941176,0.9444444444444444,1.0,0.9411764705882352,0.9714285714285714,0.9428090415820634,0.9792387543252596,0.9589413007633948,32,2,0,34,1.0,0.9411764705882352,0.9722222222222222,0.9696969696969696,0.0,0.0,0.0,0.0,0.0,0.0,0.0,0.0,0.0
E_independent_LSTM_10_splits,LSTM,5,271,68,2.7521287499994287,0.1688248340005884,"reshape (n,320) -> (n,1,320)",LSTM128/64/32; Dense64/10/1; Dropout .15; Adam; 100 epochs; batch32; harness seed5,0.8823529411764706,0.8823529411764706,0.8823529411764706,0.8823529411764706,0.8823529411764706,0.8823529411764706,0.7647058823529411,0.9429065743944636,0.9286149317080414,30,4,4,30,0.8823529411764706,0.8823529411764706,0.8823529411764706,0.8823529411764706,271,68,2.971220250001352,0.1923865000062505,"reshape (n,320) -> (n,1,320)",LSTM128/64/32; Dense64/10/1; Dropout .15; Adam; 100 epochs; batch32; harness seed5,0.8823529411764706,0.8823529411764706,0.8823529411764706,0.8823529411764706,0.8823529411764706,0.8823529411764706,0.7647058823529411,0.9429065743944636,0.9286149317080414,30,4,4,30,0.8823529411764706,0.8823529411764706,0.8823529411764706,0.8823529411764706,0.0,0.0,0.0,0.0,0.0,0.0,0.0,0.0,0.0
E_independent_LSTM_10_splits,LSTM,6,271,68,2.74551454199991,0.1693422920006924,"reshape (n,320) -> (n,1,320)",LSTM128/64/32; Dense64/10/1; Dropout .15; Adam; 100 epochs; batch32; harness seed6,0.9411764705882352,0.941991341991342,0.9142857142857144,0.9696969696969696,0.9142857142857144,0.9411764705882352,0.883982683982684,0.9896103896103896,0.990909090909091,32,3,1,32,0.9696969696969696,0.9142857142857144,0.941991341991342,0.9411764705882352,271,68,2.975822667001921,0.1878631670042523,"reshape (n,320) -> (n,1,320)",LSTM128/64/32; Dense64/10/1; Dropout .15; Adam; 100 epochs; batch32; harness seed6,0.9411764705882352,0.941991341991342,0.9142857142857144,0.9696969696969696,0.9142857142857144,0.9411764705882352,0.883982683982684,0.9896103896103896,0.990909090909091,32,3,1,32,0.9696969696969696,0.9142857142857144,0.941991341991342,0.9411764705882352,0.0,0.0,0.0,0.0,0.0,0.0,0.0,0.0,0.0
E_independent_LSTM_10_splits,LSTM,7,271,68,2.7483769999998913,0.1688884999994115,"reshape (n,320) -> (n,1,320)",LSTM128/64/32; Dense64/10/1; Dropout .15; Adam; 100 epochs; batch32; harness seed7,0.9264705882352942,0.925974025974026,0.9375,0.9090909090909092,0.9428571428571428,0.9230769230769232,0.8530566380408909,0.9714285714285716,0.9688553195315834,33,2,3,30,0.9166666666666666,0.9428571428571428,0.9270833333333331,0.9295774647887324,271,68,2.9843120840014308,0.183785875000467,"reshape (n,320) -> (n,1,320)",LSTM128/64/32; Dense64/10/1; Dropout .15; Adam; 100 epochs; batch32; harness seed7,0.9264705882352942,0.925974025974026,0.9375,0.9090909090909092,0.9428571428571428,0.9230769230769232,0.8530566380408909,0.9714285714285716,0.9688553195315834,33,2,3,30,0.9166666666666666,0.9428571428571428,0.9270833333333331,0.9295774647887324,0.0,0.0,0.0,0.0,0.0,0.0,0.0,0.0,0.0
E_independent_LSTM_10_splits,LSTM,8,271,68,2.7447207080003864,0.1688909579997926,"reshape (n,320) -> (n,1,320)",LSTM128/64/32; Dense64/10/1; Dropout .15; Adam; 100 epochs; batch32; harness seed8,0.9705882352941176,0.9666666666666668,1.0,0.9333333333333332,1.0,0.9655172413793104,0.941629792788369,1.0,1.0,38,0,2,28,0.95,1.0,0.975,0.9743589743589745,271,68,2.9903243750013644,0.1916805410000961,"reshape (n,320) -> (n,1,320)",LSTM128/64/32; Dense64/10/1; Dropout .15; Adam; 100 epochs; batch32; harness seed8,0.9705882352941176,0.9666666666666668,1.0,0.9333333333333332,1.0,0.9655172413793104,0.941629792788369,1.0,1.0,38,0,2,28,0.95,1.0,0.975,0.9743589743589745,0.0,0.0,0.0,0.0,0.0,0.0,0.0,0.0,0.0
E_independent_LSTM_10_splits,LSTM,9,271,68,2.736091167000268,0.169094374999986,"reshape (n,320) -> (n,1,320)",LSTM128/64/32; Dense64/10/1; Dropout .15; Adam; 100 epochs; batch32; harness seed9,0.9558823529411764,0.9571175950486296,0.9736842105263158,0.9487179487179488,0.9655172413793104,0.961038961038961,0.910619216045914,0.9920424403183024,0.9943487696524134,28,1,2,37,0.9333333333333332,0.9655172413793104,0.9535087719298244,0.9491525423728814,271,68,2.9890958750038408,0.1863227079957141,"reshape (n,320) -> (n,1,320)",LSTM128/64/32; Dense64/10/1; Dropout .15; Adam; 100 epochs; batch32; harness seed9,0.9558823529411764,0.9571175950486296,0.9736842105263158,0.9487179487179488,0.9655172413793104,0.961038961038961,0.910619216045914,0.9920424403183024,0.9943487696524134,28,1,2,37,0.9333333333333332,0.9655172413793104,0.9535087719298244,0.9491525423728814,0.0,0.0,0.0,0.0,0.0,0.0,0.0,0.0,0.0
F_TableS2_fixed_parameters,KNN,0,271,68,0.0002187500003856,0.0109459169998444,none,"{""algorithm"": ""auto"", ""leaf_size"": 10, ""metric"": ""minkowski"", ""metric_params"": null, ""n_jobs"": 2, ""n_neighbors"": 3, ""p"": 2, ""weights"": ""uniform""}",0.9264705882352942,0.9272013949433304,0.9444444444444444,0.918918918918919,0.935483870967742,0.9315068493150684,0.8525466008813926,0.9559721011333916,0.9433845610316198,29,2,3,34,0.90625,0.935483870967742,0.9253472222222222,0.9206349206349206,271,68,0.0002591669981484,0.0116791250038659,none,"{""algorithm"": ""auto"", ""leaf_size"": 10, ""metric"": ""minkowski"", ""metric_params"": null, ""n_jobs"": 2, ""n_neighbors"": 3, ""p"": 2, ""weights"": ""uniform""}",0.9264705882352942,0.9272013949433304,0.9444444444444444,0.918918918918919,0.935483870967742,0.9315068493150684,0.8525466008813926,0.9559721011333916,0.9433845610316198,29,2,3,34,0.90625,0.935483870967742,0.9253472222222222,0.9206349206349206,0.0,0.0,0.0,0.0,0.0,0.0,0.0,0.0,0.0
F_TableS2_fixed_parameters,KNN,1,271,68,0.0001632080002309,0.0003761660000236,none,"{""algorithm"": ""auto"", ""leaf_size"": 10, ""metric"": ""minkowski"", ""metric_params"": null, ""n_jobs"": 2, ""n_neighbors"": 3, ""p"": 2, ""weights"": ""uniform""}",0.9558823529411764,0.9568439407149084,0.9375,0.967741935483871,0.945945945945946,0.9523809523809524,0.911702895636428,0.993025283347864,0.9880999213217938,35,2,1,30,0.9722222222222222,0.945945945945946,0.9548611111111112,0.958904109589041,271,68,0.0002020000029006,0.000475415996334,none,"{""algorithm"": ""auto"", ""leaf_size"": 10, ""metric"": ""minkowski"", ""metric_params"": null, ""n_jobs"": 2, ""n_neighbors"": 3, ""p"": 2, ""weights"": ""uniform""}",0.9558823529411764,0.9568439407149084,0.9375,0.967741935483871,0.945945945945946,0.9523809523809524,0.911702895636428,0.993025283347864,0.9880999213217938,35,2,1,30,0.9722222222222222,0.945945945945946,0.9548611111111112,0.958904109589041,0.0,0.0,0.0,0.0,0.0,0.0,0.0,0.0,0.0
F_TableS2_fixed_parameters,KNN,2,271,68,0.0001510829997641,0.0003571249999367,none,"{""algorithm"": ""auto"", ""leaf_size"": 10, ""metric"": ""minkowski"", ""metric_params"": null, ""n_jobs"": 2, ""n_neighbors"": 3, ""p"": 2, ""weights"": ""uniform""}",0.9264705882352942,0.9166666666666669,1.0,0.8333333333333334,1.0,0.9090909090909092,0.8581573914656516,0.9324561403508772,0.9288795518207285,38,0,5,25,0.8837209302325582,1.0,0.9418604651162792,0.9382716049382716,271,68,0.0003058340007555,0.0005417920037871,none,"{""algorithm"": ""auto"", ""leaf_size"": 10, ""metric"": ""minkowski"", ""metric_params"": null, ""n_jobs"": 2, ""n_neighbors"": 3, ""p"": 2, ""weights"": ""uniform""}",0.9264705882352942,0.9166666666666669,1.0,0.8333333333333334,1.0,0.9090909090909092,0.8581573914656516,0.9324561403508772,0.9288795518207285,38,0,5,25,0.8837209302325582,1.0,0.9418604651162792,0.9382716049382716,0.0,0.0,0.0,0.0,0.0,0.0,0.0,0.0,0.0
F_TableS2_fixed_parameters,KNN,3,271,68,0.0001530829995317,0.0003515829994285,none,"{""algorithm"": ""auto"", ""leaf_size"": 10, ""metric"": ""minkowski"", ""metric_params"": null, ""n_jobs"": 2, ""n_neighbors"": 3, ""p"": 2, ""weights"": ""uniform""}",0.8970588235294118,0.8970588235294117,0.8648648648648649,0.9411764705882352,0.8529411764705882,0.9014084507042254,0.797227103732615,0.9666955017301038,0.9462759550994844,29,5,2,32,0.935483870967742,0.8529411764705882,0.9001743679163035,0.8923076923076924,271,68,0.0001747080023051,0.0004077909979969,none,"{""algorithm"": ""auto"", ""leaf_size"": 10, ""metric"": ""minkowski"", ""metric_params"": null, ""n_jobs"": 2, ""n_neighbors"": 3, ""p"": 2, ""weights"": ""uniform""}",0.8970588235294118,0.8970588235294117,0.8648648648648649,0.9411764705882352,0.8529411764705882,0.9014084507042254,0.797227103732615,0.9666955017301038,0.9462759550994844,29,5,2,32,0.935483870967742,0.8529411764705882,0.9001743679163035,0.8923076923076924,0.0,0.0,0.0,0.0,0.0,0.0,0.0,0.0,0.0
F_TableS2_fixed_parameters,KNN,4,271,68,0.0001458339993405,0.0003497090001474,none,"{""algorithm"": ""auto"", ""leaf_size"": 10, ""metric"": ""minkowski"", ""metric_params"": null, ""n_jobs"": 2, ""n_neighbors"": 3, ""p"": 2, ""weights"": ""uniform""}",0.8823529411764706,0.8823529411764706,0.8611111111111112,0.9117647058823528,0.8529411764705882,0.8857142857142857,0.7660323462854265,0.9329584775086506,0.8877450980392156,29,5,3,31,0.90625,0.8529411764705882,0.8836805555555556,0.8787878787878788,271,68,0.0001718749990686,0.0004022920038551,none,"{""algorithm"": ""auto"", ""leaf_size"": 10, ""metric"": ""minkowski"", ""metric_params"": null, ""n_jobs"": 2, ""n_neighbors"": 3, ""p"": 2, ""weights"": ""uniform""}",0.8823529411764706,0.8823529411764706,0.8611111111111112,0.9117647058823528,0.8529411764705882,0.8857142857142857,0.7660323462854265,0.9329584775086506,0.8877450980392156,29,5,3,31,0.90625,0.8529411764705882,0.8836805555555556,0.8787878787878788,0.0,0.0,0.0,0.0,0.0,0.0,0.0,0.0,0.0
F_TableS2_fixed_parameters,KNN,5,271,68,0.0001444580002498,0.0003477090003798,none,"{""algorithm"": ""auto"", ""leaf_size"": 10, ""metric"": ""minkowski"", ""metric_params"": null, ""n_jobs"": 2, ""n_neighbors"": 3, ""p"": 2, ""weights"": ""uniform""}",0.9117647058823528,0.9117647058823528,0.9117647058823528,0.9117647058823528,0.9117647058823528,0.9117647058823528,0.8235294117647058,0.9472318339100346,0.906653255009254,31,3,3,31,0.9117647058823528,0.9117647058823528,0.9117647058823528,0.9117647058823528,271,68,0.0001646669988986,0.0003780420011025,none,"{""algorithm"": ""auto"", ""leaf_size"": 10, ""metric"": ""minkowski"", ""metric_params"": null, ""n_jobs"": 2, ""n_neighbors"": 3, ""p"": 2, ""weights"": ""uniform""}",0.9117647058823528,0.9117647058823528,0.9117647058823528,0.9117647058823528,0.9117647058823528,0.9117647058823528,0.8235294117647058,0.9472318339100346,0.906653255009254,31,3,3,31,0.9117647058823528,0.9117647058823528,0.9117647058823528,0.9117647058823528,0.0,0.0,0.0,0.0,0.0,0.0,0.0,0.0,0.0
F_TableS2_fixed_parameters,KNN,6,271,68,0.0001688339998509,0.0004112079996048,none,"{""algorithm"": ""auto"", ""leaf_size"": 10, ""metric"": ""minkowski"", ""metric_params"": null, ""n_jobs"": 2, ""n_neighbors"": 3, ""p"": 2, ""weights"": ""uniform""}",0.9411764705882352,0.9402597402597402,0.967741935483871,0.9090909090909092,0.9714285714285714,0.9375,0.8835848317596354,0.9528138528138528,0.955981610630567,34,1,3,30,0.918918918918919,0.9714285714285714,0.9433304272013948,0.9444444444444444,271,68,0.00015862500004,0.000380709003366,none,"{""algorithm"": ""auto"", ""leaf_size"": 10, ""metric"": ""minkowski"", ""metric_params"": null, ""n_jobs"": 2, ""n_neighbors"": 3, ""p"": 2, ""weights"": ""uniform""}",0.9411764705882352,0.9402597402597402,0.967741935483871,0.9090909090909092,0.9714285714285714,0.9375,0.8835848317596354,0.9528138528138528,0.955981610630567,34,1,3,30,0.918918918918919,0.9714285714285714,0.9433304272013948,0.9444444444444444,0.0,0.0,0.0,0.0,0.0,0.0,0.0,0.0,0.0
F_TableS2_fixed_parameters,KNN,7,271,68,0.0001489579999542,0.0003574170004867,none,"{""algorithm"": ""auto"", ""leaf_size"": 10, ""metric"": ""minkowski"", ""metric_params"": null, ""n_jobs"": 2, ""n_neighbors"": 3, ""p"": 2, ""weights"": ""uniform""}",0.8529411764705882,0.8528138528138528,0.8484848484848485,0.8484848484848485,0.8571428571428571,0.8484848484848485,0.7056277056277056,0.8935064935064936,0.8660017113671303,30,5,5,28,0.8571428571428571,0.8571428571428571,0.8528138528138528,0.8571428571428571,271,68,0.000174082997546,0.0003957090011681,none,"{""algorithm"": ""auto"", ""leaf_size"": 10, ""metric"": ""minkowski"", ""metric_params"": null, ""n_jobs"": 2, ""n_neighbors"": 3, ""p"": 2, ""weights"": ""uniform""}",0.8529411764705882,0.8528138528138528,0.8484848484848485,0.8484848484848485,0.8571428571428571,0.8484848484848485,0.7056277056277056,0.8935064935064936,0.8660017113671303,30,5,5,28,0.8571428571428571,0.8571428571428571,0.8528138528138528,0.8571428571428571,0.0,0.0,0.0,0.0,0.0,0.0,0.0,0.0,0.0
F_TableS2_fixed_parameters,KNN,8,271,68,0.000151041999743,0.0003443750001679,none,"{""algorithm"": ""auto"", ""leaf_size"": 10, ""metric"": ""minkowski"", ""metric_params"": null, ""n_jobs"": 2, ""n_neighbors"": 3, ""p"": 2, ""weights"": ""uniform""}",0.9117647058823528,0.9175438596491228,0.8529411764705882,0.9666666666666668,0.868421052631579,0.90625,0.8292884288627292,0.9535087719298244,0.9248627450980392,33,5,1,29,0.9705882352941176,0.868421052631579,0.9117647058823528,0.9166666666666666,271,68,0.0002149580031982,0.0005023750054533,none,"{""algorithm"": ""auto"", ""leaf_size"": 10, ""metric"": ""minkowski"", ""metric_params"": null, ""n_jobs"": 2, ""n_neighbors"": 3, ""p"": 2, ""weights"": ""uniform""}",0.9117647058823528,0.9175438596491228,0.8529411764705882,0.9666666666666668,0.868421052631579,0.90625,0.8292884288627292,0.9535087719298244,0.9248627450980392,33,5,1,29,0.9705882352941176,0.868421052631579,0.9117647058823528,0.9166666666666666,0.0,0.0,0.0,0.0,0.0,0.0,0.0,0.0,0.0
F_TableS2_fixed_parameters,KNN,9,271,68,0.0001494159996582,0.0003387919996384,none,"{""algorithm"": ""auto"", ""leaf_size"": 10, ""metric"": ""minkowski"", ""metric_params"": null, ""n_jobs"": 2, ""n_neighbors"": 3, ""p"": 2, ""weights"": ""uniform""}",0.9117647058823528,0.9098143236074272,0.9230769230769232,0.9230769230769232,0.896551724137931,0.9230769230769232,0.8196286472148541,0.9500442086648984,0.9434980237893807,26,3,3,36,0.896551724137931,0.896551724137931,0.9098143236074272,0.896551724137931,271,68,0.0001724169997032,0.000396625000576,none,"{""algorithm"": ""auto"", ""leaf_size"": 10, ""metric"": ""minkowski"", ""metric_params"": null, ""n_jobs"": 2, ""n_neighbors"": 3, ""p"": 2, ""weights"": ""uniform""}",0.9117647058823528,0.9098143236074272,0.9230769230769232,0.9230769230769232,0.896551724137931,0.9230769230769232,0.8196286472148541,0.9500442086648984,0.9434980237893807,26,3,3,36,0.896551724137931,0.896551724137931,0.9098143236074272,0.896551724137931,0.0,0.0,0.0,0.0,0.0,0.0,0.0,0.0,0.0
F_TableS2_fixed_parameters,LR,0,271,68,0.3163609579996773,0.0002098750001096,none,"{""C"": 1, ""class_weight"": ""balanced"", ""dual"": false, ""fit_intercept"": true, ""intercept_scaling"": 1, ""l1_ratio"": null, ""max_iter"": 5000, ""multi_class"": ""deprecated"", ""n_jobs"": null, ""penalty"": ""l2"", ""random_state"": 0, ""solver"": ""saga"", ""tol"": 0.0001, ""verbose"": 0, ""warm_start"": false}",0.9117647058823528,0.911072362685266,0.918918918918919,0.918918918918919,0.9032258064516128,0.918918918918919,0.8221447253705318,0.979075850043592,0.9849055416266124,28,3,3,34,0.9032258064516128,0.9032258064516128,0.911072362685266,0.9032258064516128,271,68,0.3794175000002724,0.0002168329956475,none,"{""C"": 1, ""class_weight"": ""balanced"", ""dual"": false, ""fit_intercept"": true, ""intercept_scaling"": 1, ""l1_ratio"": null, ""max_iter"": 5000, ""multi_class"": ""deprecated"", ""n_jobs"": null, ""penalty"": ""l2"", ""random_state"": 0, ""solver"": ""saga"", ""tol"": 0.0001, ""verbose"": 0, ""warm_start"": false}",0.9117647058823528,0.911072362685266,0.918918918918919,0.918918918918919,0.9032258064516128,0.918918918918919,0.8221447253705318,0.979075850043592,0.9849055416266124,28,3,3,34,0.9032258064516128,0.9032258064516128,0.911072362685266,0.9032258064516128,0.0,0.0,0.0,0.0,0.0,0.0,0.0,0.0,0.0
F_TableS2_fixed_parameters,LR,1,271,68,0.350769874999969,0.0001997499994104,none,"{""C"": 1, ""class_weight"": ""balanced"", ""dual"": false, ""fit_intercept"": true, ""intercept_scaling"": 1, ""l1_ratio"": null, ""max_iter"": 5000, ""multi_class"": ""deprecated"", ""n_jobs"": null, ""penalty"": ""l2"", ""random_state"": 0, ""solver"": ""saga"", ""tol"": 0.0001, ""verbose"": 0, ""warm_start"": false}",0.9558823529411764,0.9594594594594594,0.9117647058823528,1.0,0.918918918918919,0.953846153846154,0.9153348228041136,0.993025283347864,0.9916832505169904,34,3,0,31,1.0,0.918918918918919,0.9558823529411764,0.9577464788732394,271,68,0.4352600410056766,0.0002022920016315,none,"{""C"": 1, ""class_weight"": ""balanced"", ""dual"": false, ""fit_intercept"": true, ""intercept_scaling"": 1, ""l1_ratio"": null, ""max_iter"": 5000, ""multi_class"": ""deprecated"", ""n_jobs"": null, ""penalty"": ""l2"", ""random_state"": 0, ""solver"": ""saga"", ""tol"": 0.0001, ""verbose"": 0, ""warm_start"": false}",0.9558823529411764,0.9594594594594594,0.9117647058823528,1.0,0.918918918918919,0.953846153846154,0.9153348228041136,0.993025283347864,0.9916832505169904,34,3,0,31,1.0,0.918918918918919,0.9558823529411764,0.9577464788732394,0.0,0.0,0.0,0.0,0.0,0.0,0.0,0.0,0.0
F_TableS2_fixed_parameters,LR,2,271,68,0.3640775829999256,0.0001987910000025,none,"{""C"": 1, ""class_weight"": ""balanced"", ""dual"": false, ""fit_intercept"": true, ""intercept_scaling"": 1, ""l1_ratio"": null, ""max_iter"": 5000, ""multi_class"": ""deprecated"", ""n_jobs"": null, ""penalty"": ""l2"", ""random_state"": 0, ""solver"": ""saga"", ""tol"": 0.0001, ""verbose"": 0, ""warm_start"": false}",0.9705882352941176,0.9701754385964912,0.9666666666666668,0.9666666666666668,0.9736842105263158,0.9666666666666668,0.9403508771929824,0.999122807017544,0.9989247311827956,37,1,1,29,0.9736842105263158,0.9736842105263158,0.9701754385964912,0.9736842105263158,271,68,0.4362902919965563,0.0002099999983329,none,"{""C"": 1, ""class_weight"": ""balanced"", ""dual"": false, ""fit_intercept"": true, ""intercept_scaling"": 1, ""l1_ratio"": null, ""max_iter"": 5000, ""multi_class"": ""deprecated"", ""n_jobs"": null, ""penalty"": ""l2"", ""random_state"": 0, ""solver"": ""saga"", ""tol"": 0.0001, ""verbose"": 0, ""warm_start"": false}",0.9705882352941176,0.9701754385964912,0.9666666666666668,0.9666666666666668,0.9736842105263158,0.9666666666666668,0.9403508771929824,0.999122807017544,0.9989247311827956,37,1,1,29,0.9736842105263158,0.9736842105263158,0.9701754385964912,0.9736842105263158,0.0,0.0,0.0,0.0,0.0,0.0,0.0,0.0,0.0
F_TableS2_fixed_parameters,LR,3,271,68,0.3591533750004601,0.0001807909993658,none,"{""C"": 1, ""class_weight"": ""balanced"", ""dual"": false, ""fit_intercept"": true, ""intercept_scaling"": 1, ""l1_ratio"": null, ""max_iter"": 5000, ""multi_class"": ""deprecated"", ""n_jobs"": null, ""penalty"": ""l2"", ""random_state"": 0, ""solver"": ""saga"", ""tol"": 0.0001, ""verbose"": 0, ""warm_start"": false}",0.9264705882352942,0.9264705882352942,0.9142857142857144,0.9411764705882352,0.9117647058823528,0.927536231884058,0.8533103351879247,0.9922145328719724,0.9924051320813656,31,3,2,32,0.9393939393939394,0.9117647058823528,0.9268398268398268,0.9253731343283582,271,68,0.4345257500026491,0.0002133750022039,none,"{""C"": 1, ""class_weight"": ""balanced"", ""dual"": false, ""fit_intercept"": true, ""intercept_scaling"": 1, ""l1_ratio"": null, ""max_iter"": 5000, ""multi_class"": ""deprecated"", ""n_jobs"": null, ""penalty"": ""l2"", ""random_state"": 0, ""solver"": ""saga"", ""tol"": 0.0001, ""verbose"": 0, ""warm_start"": false}",0.9264705882352942,0.9264705882352942,0.9142857142857144,0.9411764705882352,0.9117647058823528,0.927536231884058,0.8533103351879247,0.9922145328719724,0.9924051320813656,31,3,2,32,0.9393939393939394,0.9117647058823528,0.9268398268398268,0.9253731343283582,0.0,0.0,0.0,0.0,0.0,0.0,0.0,0.0,0.0
F_TableS2_fixed_parameters,LR,4,271,68,0.3761962079997829,0.0002050000002782,none,"{""C"": 1, ""class_weight"": ""balanced"", ""dual"": false, ""fit_intercept"": true, ""intercept_scaling"": 1, ""l1_ratio"": null, ""max_iter"": 5000, ""multi_class"": ""deprecated"", ""n_jobs"": null, ""penalty"": ""l2"", ""random_state"": 0, ""solver"": ""saga"", ""tol"": 0.0001, ""verbose"": 0, ""warm_start"": false}",0.9411764705882352,0.9411764705882352,0.9166666666666666,0.9705882352941176,0.9117647058823528,0.9428571428571428,0.8838834764831844,0.9922145328719724,0.9922994308602028,31,3,1,33,0.96875,0.9117647058823528,0.9427083333333331,0.9393939393939394,271,68,0.4651485409995075,0.0001952090024133,none,"{""C"": 1, ""class_weight"": ""balanced"", ""dual"": false, ""fit_intercept"": true, ""intercept_scaling"": 1, ""l1_ratio"": null, ""max_iter"": 5000, ""multi_class"": ""deprecated"", ""n_jobs"": null, ""penalty"": ""l2"", ""random_state"": 0, ""solver"": ""saga"", ""tol"": 0.0001, ""verbose"": 0, ""warm_start"": false}",0.9411764705882352,0.9411764705882352,0.9166666666666666,0.9705882352941176,0.9117647058823528,0.9428571428571428,0.8838834764831844,0.9922145328719724,0.9922994308602028,31,3,1,33,0.96875,0.9117647058823528,0.9427083333333331,0.9393939393939394,0.0,0.0,0.0,0.0,0.0,0.0,0.0,0.0,0.0
F_TableS2_fixed_parameters,LR,5,271,68,0.3467913750000662,0.0001888749993668,none,"{""C"": 1, ""class_weight"": ""balanced"", ""dual"": false, ""fit_intercept"": true, ""intercept_scaling"": 1, ""l1_ratio"": null, ""max_iter"": 5000, ""multi_class"": ""deprecated"", ""n_jobs"": null, ""penalty"": ""l2"", ""random_state"": 0, ""solver"": ""saga"", ""tol"": 0.0001, ""verbose"": 0, ""warm_start"": false}",0.8529411764705882,0.8529411764705882,0.8529411764705882,0.8529411764705882,0.8529411764705882,0.8529411764705882,0.7058823529411765,0.9636678200692042,0.9648518077697644,29,5,5,29,0.8529411764705882,0.8529411764705882,0.8529411764705882,0.8529411764705882,271,68,0.4198507089968188,0.000202832998184,none,"{""C"": 1, ""class_weight"": ""balanced"", ""dual"": false, ""fit_intercept"": true, ""intercept_scaling"": 1, ""l1_ratio"": null, ""max_iter"": 5000, ""multi_class"": ""deprecated"", ""n_jobs"": null, ""penalty"": ""l2"", ""random_state"": 0, ""solver"": ""saga"", ""tol"": 0.0001, ""verbose"": 0, ""warm_start"": false}",0.8529411764705882,0.8529411764705882,0.8529411764705882,0.8529411764705882,0.8529411764705882,0.8529411764705882,0.7058823529411765,0.9636678200692042,0.9648518077697644,29,5,5,29,0.8529411764705882,0.8529411764705882,0.8529411764705882,0.8529411764705882,0.0,0.0,0.0,0.0,0.0,0.0,0.0,0.0,0.0
F_TableS2_fixed_parameters,LR,6,271,68,0.3295415829998092,0.000189749999663,none,"{""C"": 1, ""class_weight"": ""balanced"", ""dual"": false, ""fit_intercept"": true, ""intercept_scaling"": 1, ""l1_ratio"": null, ""max_iter"": 5000, ""multi_class"": ""deprecated"", ""n_jobs"": null, ""penalty"": ""l2"", ""random_state"": 0, ""solver"": ""saga"", ""tol"": 0.0001, ""verbose"": 0, ""warm_start"": false}",0.9558823529411764,0.9562770562770564,0.9411764705882352,0.9696969696969696,0.9428571428571428,0.9552238805970148,0.9121593238215746,0.987878787878788,0.9900539485766756,33,2,1,32,0.9705882352941176,0.9428571428571428,0.9558823529411764,0.9565217391304348,271,68,0.4055967919994145,0.0002152919987565,none,"{""C"": 1, ""class_weight"": ""balanced"", ""dual"": false, ""fit_intercept"": true, ""intercept_scaling"": 1, ""l1_ratio"": null, ""max_iter"": 5000, ""multi_class"": ""deprecated"", ""n_jobs"": null, ""penalty"": ""l2"", ""random_state"": 0, ""solver"": ""saga"", ""tol"": 0.0001, ""verbose"": 0, ""warm_start"": false}",0.9558823529411764,0.9562770562770564,0.9411764705882352,0.9696969696969696,0.9428571428571428,0.9552238805970148,0.9121593238215746,0.987878787878788,0.9900539485766756,33,2,1,32,0.9705882352941176,0.9428571428571428,0.9558823529411764,0.9565217391304348,0.0,0.0,0.0,0.0,0.0,0.0,0.0,0.0,0.0
F_TableS2_fixed_parameters,LR,7,271,68,0.3394938330002333,0.0001714579993858,none,"{""C"": 1, ""class_weight"": ""balanced"", ""dual"": false, ""fit_intercept"": true, ""intercept_scaling"": 1, ""l1_ratio"": null, ""max_iter"": 5000, ""multi_class"": ""deprecated"", ""n_jobs"": null, ""penalty"": ""l2"", ""random_state"": 0, ""solver"": ""saga"", ""tol"": 0.0001, ""verbose"": 0, ""warm_start"": false}",0.9117647058823528,0.9108225108225108,0.935483870967742,0.8787878787878788,0.9428571428571428,0.90625,0.8245054133135634,0.9835497835497836,0.9821034042125408,33,2,4,29,0.8918918918918919,0.9428571428571428,0.9136878814298168,0.9166666666666666,271,68,0.4166539590005413,0.0001992920006159,none,"{""C"": 1, ""class_weight"": ""balanced"", ""dual"": false, ""fit_intercept"": true, ""intercept_scaling"": 1, ""l1_ratio"": null, ""max_iter"": 5000, ""multi_class"": ""deprecated"", ""n_jobs"": null, ""penalty"": ""l2"", ""random_state"": 0, ""solver"": ""saga"", ""tol"": 0.0001, ""verbose"": 0, ""warm_start"": false}",0.9117647058823528,0.9108225108225108,0.935483870967742,0.8787878787878788,0.9428571428571428,0.90625,0.8245054133135634,0.9835497835497836,0.9821034042125408,33,2,4,29,0.8918918918918919,0.9428571428571428,0.9136878814298168,0.9166666666666666,0.0,0.0,0.0,0.0,0.0,0.0,0.0,0.0,0.0
F_TableS2_fixed_parameters,LR,8,271,68,0.3280658749999929,0.0002340840001124,none,"{""C"": 1, ""class_weight"": ""balanced"", ""dual"": false, ""fit_intercept"": true, ""intercept_scaling"": 1, ""l1_ratio"": null, ""max_iter"": 5000, ""multi_class"": ""deprecated"", ""n_jobs"": null, ""penalty"": ""l2"", ""random_state"": 0, ""solver"": ""saga"", ""tol"": 0.0001, ""verbose"": 0, ""warm_start"": false}",0.9411764705882352,0.936842105263158,0.9642857142857144,0.9,0.9736842105263158,0.9310344827586208,0.881450445128962,0.9947368421052633,0.993669734047932,37,1,3,27,0.925,0.9736842105263158,0.9446428571428572,0.9487179487179488,271,68,0.4013031249996857,0.0002054580036201,none,"{""C"": 1, ""class_weight"": ""balanced"", ""dual"": false, ""fit_intercept"": true, ""intercept_scaling"": 1, ""l1_ratio"": null, ""max_iter"": 5000, ""multi_class"": ""deprecated"", ""n_jobs"": null, ""penalty"": ""l2"", ""random_state"": 0, ""solver"": ""saga"", ""tol"": 0.0001, ""verbose"": 0, ""warm_start"": false}",0.9411764705882352,0.936842105263158,0.9642857142857144,0.9,0.9736842105263158,0.9310344827586208,0.881450445128962,0.9947368421052633,0.993669734047932,37,1,3,27,0.925,0.9736842105263158,0.9446428571428572,0.9487179487179488,0.0,0.0,0.0,0.0,0.0,0.0,0.0,0.0,0.0
F_TableS2_fixed_parameters,LR,9,271,68,0.3084937909998189,0.000168083999597,none,"{""C"": 1, ""class_weight"": ""balanced"", ""dual"": false, ""fit_intercept"": true, ""intercept_scaling"": 1, ""l1_ratio"": null, ""max_iter"": 5000, ""multi_class"": ""deprecated"", ""n_jobs"": null, ""penalty"": ""l2"", ""random_state"": 0, ""solver"": ""saga"", ""tol"": 0.0001, ""verbose"": 0, ""warm_start"": false}",0.9264705882352942,0.931476569407604,0.9722222222222222,0.8974358974358975,0.9655172413793104,0.9333333333333332,0.8550515048467328,0.9920424403183024,0.9940738309159364,28,1,4,35,0.875,0.9655172413793104,0.9236111111111112,0.918032786885246,271,68,0.3804434160047094,0.0002050000039162,none,"{""C"": 1, ""class_weight"": ""balanced"", ""dual"": false, ""fit_intercept"": true, ""intercept_scaling"": 1, ""l1_ratio"": null, ""max_iter"": 5000, ""multi_class"": ""deprecated"", ""n_jobs"": null, ""penalty"": ""l2"", ""random_state"": 0, ""solver"": ""saga"", ""tol"": 0.0001, ""verbose"": 0, ""warm_start"": false}",0.9264705882352942,0.931476569407604,0.9722222222222222,0.8974358974358975,0.9655172413793104,0.9333333333333332,0.8550515048467328,0.9920424403183024,0.9940738309159364,28,1,4,35,0.875,0.9655172413793104,0.9236111111111112,0.918032786885246,0.0,0.0,0.0,0.0,0.0,0.0,0.0,0.0,0.0
F_TableS2_fixed_parameters,LightGBM,0,271,68,0.0308864589997028,0.0006477079996329,none,"{""boosting"": ""gbdt"", ""boosting_type"": ""gbdt"", ""class_weight"": null, ""colsample_bytree"": 1.0, ""importance_type"": ""split"", ""learning_rate"": 0.5, ""max_depth"": -1, ""min_child_samples"": 20, ""min_child_weight"": 0.001, ""min_split_gain"": 0.0, ""n_estimators"": 40, ""n_jobs"": 2, ""num_leaves"": 31, ""objective"": ""binary"", ""random_state"": null, ""reg_alpha"": 0.0, ""reg_lambda"": 0, ""subsample"": 1.0, ""subsample_for_bin"": 200000, ""subsample_freq"": 0, ""verbose"": -1}",0.9558823529411764,0.9542284219703574,0.9473684210526316,0.972972972972973,0.935483870967742,0.96,0.911241697378115,0.994768962510898,0.9955656743415088,29,2,1,36,0.9666666666666668,0.935483870967742,0.9570175438596492,0.9508196721311476,271,68,0.0330289589983294,0.0006887499985168,none,"{""boosting"": ""gbdt"", ""boosting_type"": ""gbdt"", ""class_weight"": null, ""colsample_bytree"": 1.0, ""importance_type"": ""split"", ""learning_rate"": 0.5, ""max_depth"": -1, ""min_child_samples"": 20, ""min_child_weight"": 0.001, ""min_split_gain"": 0.0, ""n_estimators"": 40, ""n_jobs"": 2, ""num_leaves"": 31, ""objective"": ""binary"", ""random_state"": null, ""reg_alpha"": 0.0, ""reg_lambda"": 0, ""subsample"": 1.0, ""subsample_for_bin"": 200000, ""subsample_freq"": 0, ""verbose"": -1}",0.9558823529411764,0.9542284219703574,0.9473684210526316,0.972972972972973,0.935483870967742,0.96,0.911241697378115,0.994768962510898,0.9955656743415088,29,2,1,36,0.9666666666666668,0.935483870967742,0.9570175438596492,0.9508196721311476,0.0,0.0,0.0,0.0,0.0,0.0,0.0,0.0,0.0
F_TableS2_fixed_parameters,LightGBM,1,271,68,0.0273871669996879,0.0005777910000688,none,"{""boosting"": ""gbdt"", ""boosting_type"": ""gbdt"", ""class_weight"": null, ""colsample_bytree"": 1.0, ""importance_type"": ""split"", ""learning_rate"": 0.5, ""max_depth"": -1, ""min_child_samples"": 20, ""min_child_weight"": 0.001, ""min_split_gain"": 0.0, ""n_estimators"": 40, ""n_jobs"": 2, ""num_leaves"": 31, ""objective"": ""binary"", ""random_state"": null, ""reg_alpha"": 0.0, ""reg_lambda"": 0, ""subsample"": 1.0, ""subsample_for_bin"": 200000, ""subsample_freq"": 0, ""verbose"": -1}",0.9117647058823528,0.9136878814298168,0.8787878787878788,0.935483870967742,0.8918918918918919,0.90625,0.8245054133135634,0.986050566695728,0.9852423084735816,33,4,2,29,0.9428571428571428,0.8918918918918919,0.9108225108225108,0.9166666666666666,271,68,0.0300458330020774,0.0006683340034214,none,"{""boosting"": ""gbdt"", ""boosting_type"": ""gbdt"", ""class_weight"": null, ""colsample_bytree"": 1.0, ""importance_type"": ""split"", ""learning_rate"": 0.5, ""max_depth"": -1, ""min_child_samples"": 20, ""min_child_weight"": 0.001, ""min_split_gain"": 0.0, ""n_estimators"": 40, ""n_jobs"": 2, ""num_leaves"": 31, ""objective"": ""binary"", ""random_state"": null, ""reg_alpha"": 0.0, ""reg_lambda"": 0, ""subsample"": 1.0, ""subsample_for_bin"": 200000, ""subsample_freq"": 0, ""verbose"": -1}",0.9117647058823528,0.9136878814298168,0.8787878787878788,0.935483870967742,0.8918918918918919,0.90625,0.8245054133135634,0.986050566695728,0.9852423084735816,33,4,2,29,0.9428571428571428,0.8918918918918919,0.9108225108225108,0.9166666666666666,0.0,0.0,0.0,0.0,0.0,0.0,0.0,0.0,0.0
F_TableS2_fixed_parameters,LightGBM,2,271,68,0.0275817920000918,0.0006302090005192,none,"{""boosting"": ""gbdt"", ""boosting_type"": ""gbdt"", ""class_weight"": null, ""colsample_bytree"": 1.0, ""importance_type"": ""split"", ""learning_rate"": 0.5, ""max_depth"": -1, ""min_child_samples"": 20, ""min_child_weight"": 0.001, ""min_split_gain"": 0.0, ""n_estimators"": 40, ""n_jobs"": 2, ""num_leaves"": 31, ""objective"": ""binary"", ""random_state"": null, ""reg_alpha"": 0.0, ""reg_lambda"": 0, ""subsample"": 1.0, ""subsample_for_bin"": 200000, ""subsample_freq"": 0, ""verbose"": -1}",0.9264705882352942,0.9201754385964912,0.9629629629629628,0.8666666666666667,0.9736842105263158,0.912280701754386,0.8527844506068446,0.9912280701754386,0.99024268110475,37,1,4,26,0.902439024390244,0.9736842105263158,0.9327009936766034,0.9367088607594936,271,68,0.0325171250005951,0.0006523339980049,none,"{""boosting"": ""gbdt"", ""boosting_type"": ""gbdt"", ""class_weight"": null, ""colsample_bytree"": 1.0, ""importance_type"": ""split"", ""learning_rate"": 0.5, ""max_depth"": -1, ""min_child_samples"": 20, ""min_child_weight"": 0.001, ""min_split_gain"": 0.0, ""n_estimators"": 40, ""n_jobs"": 2, ""num_leaves"": 31, ""objective"": ""binary"", ""random_state"": null, ""reg_alpha"": 0.0, ""reg_lambda"": 0, ""subsample"": 1.0, ""subsample_for_bin"": 200000, ""subsample_freq"": 0, ""verbose"": -1}",0.9264705882352942,0.9201754385964912,0.9629629629629628,0.8666666666666667,0.9736842105263158,0.912280701754386,0.8527844506068446,0.9912280701754386,0.99024268110475,37,1,4,26,0.902439024390244,0.9736842105263158,0.9327009936766034,0.9367088607594936,0.0,0.0,0.0,0.0,0.0,0.0,0.0,0.0,0.0
F_TableS2_fixed_parameters,LightGBM,3,271,68,0.0281749160003528,0.0005587079995166,none,"{""boosting"": ""gbdt"", ""boosting_type"": ""gbdt"", ""class_weight"": null, ""colsample_bytree"": 1.0, ""importance_type"": ""split"", ""learning_rate"": 0.5, ""max_depth"": -1, ""min_child_samples"": 20, ""min_child_weight"": 0.001, ""min_split_gain"": 0.0, ""n_estimators"": 40, ""n_jobs"": 2, ""num_leaves"": 31, ""objective"": ""binary"", ""random_state"": null, ""reg_alpha"": 0.0, ""reg_lambda"": 0, ""subsample"": 1.0, ""subsample_for_bin"": 200000, ""subsample_freq"": 0, ""verbose"": -1}",0.9558823529411764,0.9558823529411764,0.9428571428571428,0.9705882352941176,0.9411764705882352,0.9565217391304348,0.9121593238215746,0.9948096885813148,0.994741811321159,32,2,1,33,0.9696969696969696,0.9411764705882352,0.9562770562770564,0.9552238805970148,271,68,0.0324406660001841,0.0006789160033804,none,"{""boosting"": ""gbdt"", ""boosting_type"": ""gbdt"", ""class_weight"": null, ""colsample_bytree"": 1.0, ""importance_type"": ""split"", ""learning_rate"": 0.5, ""max_depth"": -1, ""min_child_samples"": 20, ""min_child_weight"": 0.001, ""min_split_gain"": 0.0, ""n_estimators"": 40, ""n_jobs"": 2, ""num_leaves"": 31, ""objective"": ""binary"", ""random_state"": null, ""reg_alpha"": 0.0, ""reg_lambda"": 0, ""subsample"": 1.0, ""subsample_for_bin"": 200000, ""subsample_freq"": 0, ""verbose"": -1}",0.9558823529411764,0.9558823529411764,0.9428571428571428,0.9705882352941176,0.9411764705882352,0.9565217391304348,0.9121593238215746,0.9948096885813148,0.994741811321159,32,2,1,33,0.9696969696969696,0.9411764705882352,0.9562770562770564,0.9552238805970148,0.0,0.0,0.0,0.0,0.0,0.0,0.0,0.0,0.0
F_TableS2_fixed_parameters,LightGBM,4,271,68,0.0278435000000172,0.0005907919994569,none,"{""boosting"": ""gbdt"", ""boosting_type"": ""gbdt"", ""class_weight"": null, ""colsample_bytree"": 1.0, ""importance_type"": ""split"", ""learning_rate"": 0.5, ""max_depth"": -1, ""min_child_samples"": 20, ""min_child_weight"": 0.001, ""min_split_gain"": 0.0, ""n_estimators"": 40, ""n_jobs"": 2, ""num_leaves"": 31, ""objective"": ""binary"", ""random_state"": null, ""reg_alpha"": 0.0, ""reg_lambda"": 0, ""subsample"": 1.0, ""subsample_for_bin"": 200000, ""subsample_freq"": 0, ""verbose"": -1}",0.9558823529411764,0.9558823529411764,0.9428571428571428,0.9705882352941176,0.9411764705882352,0.9565217391304348,0.9121593238215746,0.9930795847750864,0.9931754402046148,32,2,1,33,0.9696969696969696,0.9411764705882352,0.9562770562770564,0.9552238805970148,271,68,0.0318307080015074,0.0007091660008882,none,"{""boosting"": ""gbdt"", ""boosting_type"": ""gbdt"", ""class_weight"": null, ""colsample_bytree"": 1.0, ""importance_type"": ""split"", ""learning_rate"": 0.5, ""max_depth"": -1, ""min_child_samples"": 20, ""min_child_weight"": 0.001, ""min_split_gain"": 0.0, ""n_estimators"": 40, ""n_jobs"": 2, ""num_leaves"": 31, ""objective"": ""binary"", ""random_state"": null, ""reg_alpha"": 0.0, ""reg_lambda"": 0, ""subsample"": 1.0, ""subsample_for_bin"": 200000, ""subsample_freq"": 0, ""verbose"": -1}",0.9558823529411764,0.9558823529411764,0.9428571428571428,0.9705882352941176,0.9411764705882352,0.9565217391304348,0.9121593238215746,0.9930795847750864,0.9931754402046148,32,2,1,33,0.9696969696969696,0.9411764705882352,0.9562770562770564,0.9552238805970148,0.0,0.0,0.0,0.0,0.0,0.0,0.0,0.0,0.0
F_TableS2_fixed_parameters,LightGBM,5,271,68,0.027069124999798,0.0005824589998155,none,"{""boosting"": ""gbdt"", ""boosting_type"": ""gbdt"", ""class_weight"": null, ""colsample_bytree"": 1.0, ""importance_type"": ""split"", ""learning_rate"": 0.5, ""max_depth"": -1, ""min_child_samples"": 20, ""min_child_weight"": 0.001, ""min_split_gain"": 0.0, ""n_estimators"": 40, ""n_jobs"": 2, ""num_leaves"": 31, ""objective"": ""binary"", ""random_state"": null, ""reg_alpha"": 0.0, ""reg_lambda"": 0, ""subsample"": 1.0, ""subsample_for_bin"": 200000, ""subsample_freq"": 0, ""verbose"": -1}",0.9411764705882352,0.9411764705882352,0.9411764705882352,0.9411764705882352,0.9411764705882352,0.9411764705882352,0.8823529411764706,0.9705882352941178,0.9695476394047896,32,2,2,32,0.9411764705882352,0.9411764705882352,0.9411764705882352,0.9411764705882352,271,68,0.0304543329984881,0.0006568329990841,none,"{""boosting"": ""gbdt"", ""boosting_type"": ""gbdt"", ""class_weight"": null, ""colsample_bytree"": 1.0, ""importance_type"": ""split"", ""learning_rate"": 0.5, ""max_depth"": -1, ""min_child_samples"": 20, ""min_child_weight"": 0.001, ""min_split_gain"": 0.0, ""n_estimators"": 40, ""n_jobs"": 2, ""num_leaves"": 31, ""objective"": ""binary"", ""random_state"": null, ""reg_alpha"": 0.0, ""reg_lambda"": 0, ""subsample"": 1.0, ""subsample_for_bin"": 200000, ""subsample_freq"": 0, ""verbose"": -1}",0.9411764705882352,0.9411764705882352,0.9411764705882352,0.9411764705882352,0.9411764705882352,0.9411764705882352,0.8823529411764706,0.9705882352941178,0.9695476394047896,32,2,2,32,0.9411764705882352,0.9411764705882352,0.9411764705882352,0.9411764705882352,0.0,0.0,0.0,0.0,0.0,0.0,0.0,0.0,0.0
F_TableS2_fixed_parameters,LightGBM,6,271,68,0.0259128750003583,0.0005513750002137,none,"{""boosting"": ""gbdt"", ""boosting_type"": ""gbdt"", ""class_weight"": null, ""colsample_bytree"": 1.0, ""importance_type"": ""split"", ""learning_rate"": 0.5, ""max_depth"": -1, ""min_child_samples"": 20, ""min_child_weight"": 0.001, ""min_split_gain"": 0.0, ""n_estimators"": 40, ""n_jobs"": 2, ""num_leaves"": 31, ""objective"": ""binary"", ""random_state"": null, ""reg_alpha"": 0.0, ""reg_lambda"": 0, ""subsample"": 1.0, ""subsample_for_bin"": 200000, ""subsample_freq"": 0, ""verbose"": -1}",0.9558823529411764,0.9554112554112556,0.96875,0.9393939393939394,0.9714285714285714,0.953846153846154,0.9120077065233916,0.987878787878788,0.989257964257964,34,1,2,31,0.9444444444444444,0.9714285714285714,0.9565972222222222,0.9577464788732394,271,68,0.0299139169947011,0.0006374579970724,none,"{""boosting"": ""gbdt"", ""boosting_type"": ""gbdt"", ""class_weight"": null, ""colsample_bytree"": 1.0, ""importance_type"": ""split"", ""learning_rate"": 0.5, ""max_depth"": -1, ""min_child_samples"": 20, ""min_child_weight"": 0.001, ""min_split_gain"": 0.0, ""n_estimators"": 40, ""n_jobs"": 2, ""num_leaves"": 31, ""objective"": ""binary"", ""random_state"": null, ""reg_alpha"": 0.0, ""reg_lambda"": 0, ""subsample"": 1.0, ""subsample_for_bin"": 200000, ""subsample_freq"": 0, ""verbose"": -1}",0.9558823529411764,0.9554112554112556,0.96875,0.9393939393939394,0.9714285714285714,0.953846153846154,0.9120077065233916,0.987878787878788,0.989257964257964,34,1,2,31,0.9444444444444444,0.9714285714285714,0.9565972222222222,0.9577464788732394,0.0,0.0,0.0,0.0,0.0,0.0,0.0,0.0,0.0
F_TableS2_fixed_parameters,LightGBM,7,271,68,0.0255273749999105,0.0005132090000188,none,"{""boosting"": ""gbdt"", ""boosting_type"": ""gbdt"", ""class_weight"": null, ""colsample_bytree"": 1.0, ""importance_type"": ""split"", ""learning_rate"": 0.5, ""max_depth"": -1, ""min_child_samples"": 20, ""min_child_weight"": 0.001, ""min_split_gain"": 0.0, ""n_estimators"": 40, ""n_jobs"": 2, ""num_leaves"": 31, ""objective"": ""binary"", ""random_state"": null, ""reg_alpha"": 0.0, ""reg_lambda"": 0, ""subsample"": 1.0, ""subsample_for_bin"": 200000, ""subsample_freq"": 0, ""verbose"": -1}",0.9411764705882352,0.9411255411255413,0.9393939393939394,0.9393939393939394,0.9428571428571428,0.9393939393939394,0.8822510822510823,0.9722943722943722,0.9753792799341116,33,2,2,31,0.9428571428571428,0.9428571428571428,0.9411255411255413,0.9428571428571428,271,68,0.0302040840033441,0.0006538329980685,none,"{""boosting"": ""gbdt"", ""boosting_type"": ""gbdt"", ""class_weight"": null, ""colsample_bytree"": 1.0, ""importance_type"": ""split"", ""learning_rate"": 0.5, ""max_depth"": -1, ""min_child_samples"": 20, ""min_child_weight"": 0.001, ""min_split_gain"": 0.0, ""n_estimators"": 40, ""n_jobs"": 2, ""num_leaves"": 31, ""objective"": ""binary"", ""random_state"": null, ""reg_alpha"": 0.0, ""reg_lambda"": 0, ""subsample"": 1.0, ""subsample_for_bin"": 200000, ""subsample_freq"": 0, ""verbose"": -1}",0.9411764705882352,0.9411255411255413,0.9393939393939394,0.9393939393939394,0.9428571428571428,0.9393939393939394,0.8822510822510823,0.9722943722943722,0.9753792799341116,33,2,2,31,0.9428571428571428,0.9428571428571428,0.9411255411255413,0.9428571428571428,0.0,0.0,0.0,0.0,0.0,0.0,0.0,0.0,0.0
F_TableS2_fixed_parameters,LightGBM,8,271,68,0.0258077089993093,0.0005301669998516,none,"{""boosting"": ""gbdt"", ""boosting_type"": ""gbdt"", ""class_weight"": null, ""colsample_bytree"": 1.0, ""importance_type"": ""split"", ""learning_rate"": 0.5, ""max_depth"": -1, ""min_child_samples"": 20, ""min_child_weight"": 0.001, ""min_split_gain"": 0.0, ""n_estimators"": 40, ""n_jobs"": 2, ""num_leaves"": 31, ""objective"": ""binary"", ""random_state"": null, ""reg_alpha"": 0.0, ""reg_lambda"": 0, ""subsample"": 1.0, ""subsample_for_bin"": 200000, ""subsample_freq"": 0, ""verbose"": -1}",0.9411764705882352,0.936842105263158,0.9642857142857144,0.9,0.9736842105263158,0.9310344827586208,0.881450445128962,0.9947368421052633,0.993669734047932,37,1,3,27,0.925,0.9736842105263158,0.9446428571428572,0.9487179487179488,271,68,0.030356709001353,0.0006675409968011,none,"{""boosting"": ""gbdt"", ""boosting_type"": ""gbdt"", ""class_weight"": null, ""colsample_bytree"": 1.0, ""importance_type"": ""split"", ""learning_rate"": 0.5, ""max_depth"": -1, ""min_child_samples"": 20, ""min_child_weight"": 0.001, ""min_split_gain"": 0.0, ""n_estimators"": 40, ""n_jobs"": 2, ""num_leaves"": 31, ""objective"": ""binary"", ""random_state"": null, ""reg_alpha"": 0.0, ""reg_lambda"": 0, ""subsample"": 1.0, ""subsample_for_bin"": 200000, ""subsample_freq"": 0, ""verbose"": -1}",0.9411764705882352,0.936842105263158,0.9642857142857144,0.9,0.9736842105263158,0.9310344827586208,0.881450445128962,0.9947368421052633,0.993669734047932,37,1,3,27,0.925,0.9736842105263158,0.9446428571428572,0.9487179487179488,0.0,0.0,0.0,0.0,0.0,0.0,0.0,0.0,0.0
F_TableS2_fixed_parameters,LightGBM,9,271,68,0.0258484169999064,0.0006392920004145,none,"{""boosting"": ""gbdt"", ""boosting_type"": ""gbdt"", ""class_weight"": null, ""colsample_bytree"": 1.0, ""importance_type"": ""split"", ""learning_rate"": 0.5, ""max_depth"": -1, ""min_child_samples"": 20, ""min_child_weight"": 0.001, ""min_split_gain"": 0.0, ""n_estimators"": 40, ""n_jobs"": 2, ""num_leaves"": 31, ""objective"": ""binary"", ""random_state"": null, ""reg_alpha"": 0.0, ""reg_lambda"": 0, ""subsample"": 1.0, ""subsample_for_bin"": 200000, ""subsample_freq"": 0, ""verbose"": -1}",0.9411764705882352,0.9442970822281168,0.972972972972973,0.9230769230769232,0.9655172413793104,0.9473684210526316,0.8823747062899986,0.9814323607427056,0.9861326440867324,28,1,3,36,0.9032258064516128,0.9655172413793104,0.9380993897122928,0.9333333333333332,271,68,0.0302507920059724,0.0006431670044548,none,"{""boosting"": ""gbdt"", ""boosting_type"": ""gbdt"", ""class_weight"": null, ""colsample_bytree"": 1.0, ""importance_type"": ""split"", ""learning_rate"": 0.5, ""max_depth"": -1, ""min_child_samples"": 20, ""min_child_weight"": 0.001, ""min_split_gain"": 0.0, ""n_estimators"": 40, ""n_jobs"": 2, ""num_leaves"": 31, ""objective"": ""binary"", ""random_state"": null, ""reg_alpha"": 0.0, ""reg_lambda"": 0, ""subsample"": 1.0, ""subsample_for_bin"": 200000, ""subsample_freq"": 0, ""verbose"": -1}",0.9411764705882352,0.9442970822281168,0.972972972972973,0.9230769230769232,0.9655172413793104,0.9473684210526316,0.8823747062899986,0.9814323607427056,0.9861326440867324,28,1,3,36,0.9032258064516128,0.9655172413793104,0.9380993897122928,0.9333333333333332,0.0,0.0,0.0,0.0,0.0,0.0,0.0,0.0,0.0
F_TableS2_fixed_parameters,RF,0,271,68,0.0862185420000969,0.0263077089994112,none,"{""bootstrap"": true, ""ccp_alpha"": 0.0, ""class_weight"": null, ""criterion"": ""gini"", ""max_depth"": 4, ""max_features"": ""sqrt"", ""max_leaf_nodes"": null, ""max_samples"": null, ""min_impurity_decrease"": 0.0, ""min_samples_leaf"": 1, ""min_samples_split"": 2, ""min_weight_fraction_leaf"": 0.0, ""monotonic_cst"": null, ""n_estimators"": 160, ""n_jobs"": 2, ""oob_score"": false, ""random_state"": 0, ""verbose"": 0, ""warm_start"": false}",0.9264705882352942,0.9272013949433304,0.9444444444444444,0.918918918918919,0.935483870967742,0.9315068493150684,0.8525466008813926,0.981691368788143,0.9857951796707174,29,2,3,34,0.90625,0.935483870967742,0.9253472222222222,0.9206349206349206,271,68,0.088496208001743,0.0315292079976643,none,"{""bootstrap"": true, ""ccp_alpha"": 0.0, ""class_weight"": null, ""criterion"": ""gini"", ""max_depth"": 4, ""max_features"": ""sqrt"", ""max_leaf_nodes"": null, ""max_samples"": null, ""min_impurity_decrease"": 0.0, ""min_samples_leaf"": 1, ""min_samples_split"": 2, ""min_weight_fraction_leaf"": 0.0, ""monotonic_cst"": null, ""n_estimators"": 160, ""n_jobs"": 2, ""oob_score"": false, ""random_state"": 0, ""verbose"": 0, ""warm_start"": false}",0.9264705882352942,0.9272013949433304,0.9444444444444444,0.918918918918919,0.935483870967742,0.9315068493150684,0.8525466008813926,0.981691368788143,0.9857951796707174,29,2,3,34,0.90625,0.935483870967742,0.9253472222222222,0.9206349206349206,0.0,0.0,0.0,0.0,0.0,0.0,0.0,0.0,0.0
F_TableS2_fixed_parameters,RF,1,271,68,0.0716752909993374,0.0261296669996227,none,"{""bootstrap"": true, ""ccp_alpha"": 0.0, ""class_weight"": null, ""criterion"": ""gini"", ""max_depth"": 4, ""max_features"": ""sqrt"", ""max_leaf_nodes"": null, ""max_samples"": null, ""min_impurity_decrease"": 0.0, ""min_samples_leaf"": 1, ""min_samples_split"": 2, ""min_weight_fraction_leaf"": 0.0, ""monotonic_cst"": null, ""n_estimators"": 160, ""n_jobs"": 2, ""oob_score"": false, ""random_state"": 0, ""verbose"": 0, ""warm_start"": false}",0.9705882352941176,0.970357454228422,0.967741935483871,0.967741935483871,0.972972972972973,0.967741935483871,0.940714908456844,0.997384481255449,0.9971537001897532,36,1,1,30,0.972972972972973,0.972972972972973,0.970357454228422,0.972972972972973,271,68,0.0909405829952447,0.0314591249989462,none,"{""bootstrap"": true, ""ccp_alpha"": 0.0, ""class_weight"": null, ""criterion"": ""gini"", ""max_depth"": 4, ""max_features"": ""sqrt"", ""max_leaf_nodes"": null, ""max_samples"": null, ""min_impurity_decrease"": 0.0, ""min_samples_leaf"": 1, ""min_samples_split"": 2, ""min_weight_fraction_leaf"": 0.0, ""monotonic_cst"": null, ""n_estimators"": 160, ""n_jobs"": 2, ""oob_score"": false, ""random_state"": 0, ""verbose"": 0, ""warm_start"": false}",0.9705882352941176,0.970357454228422,0.967741935483871,0.967741935483871,0.972972972972973,0.967741935483871,0.940714908456844,0.997384481255449,0.9971537001897532,36,1,1,30,0.972972972972973,0.972972972972973,0.970357454228422,0.972972972972973,0.0,0.0,0.0,0.0,0.0,0.0,0.0,0.0,0.0
F_TableS2_fixed_parameters,RF,2,271,68,0.0818244160000176,0.0260990409997248,none,"{""bootstrap"": true, ""ccp_alpha"": 0.0, ""class_weight"": null, ""criterion"": ""gini"", ""max_depth"": 4, ""max_features"": ""sqrt"", ""max_leaf_nodes"": null, ""max_samples"": null, ""min_impurity_decrease"": 0.0, ""min_samples_leaf"": 1, ""min_samples_split"": 2, ""min_weight_fraction_leaf"": 0.0, ""monotonic_cst"": null, ""n_estimators"": 160, ""n_jobs"": 2, ""oob_score"": false, ""random_state"": 0, ""verbose"": 0, ""warm_start"": false}",0.9558823529411764,0.9535087719298244,0.9655172413793104,0.9333333333333332,0.9736842105263158,0.9491525423728814,0.910619216045914,0.9859649122807018,0.984326171646574,37,1,2,28,0.9487179487179488,0.9736842105263158,0.9571175950486296,0.961038961038961,271,68,0.0756628750023082,0.0263844590008375,none,"{""bootstrap"": true, ""ccp_alpha"": 0.0, ""class_weight"": null, ""criterion"": ""gini"", ""max_depth"": 4, ""max_features"": ""sqrt"", ""max_leaf_nodes"": null, ""max_samples"": null, ""min_impurity_decrease"": 0.0, ""min_samples_leaf"": 1, ""min_samples_split"": 2, ""min_weight_fraction_leaf"": 0.0, ""monotonic_cst"": null, ""n_estimators"": 160, ""n_jobs"": 2, ""oob_score"": false, ""random_state"": 0, ""verbose"": 0, ""warm_start"": false}",0.9558823529411764,0.9535087719298244,0.9655172413793104,0.9333333333333332,0.9736842105263158,0.9491525423728814,0.910619216045914,0.9859649122807018,0.984326171646574,37,1,2,28,0.9487179487179488,0.9736842105263158,0.9571175950486296,0.961038961038961,0.0,0.0,0.0,0.0,0.0,0.0,0.0,0.0,0.0
F_TableS2_fixed_parameters,RF,3,271,68,0.0726908750002621,0.0261724160000085,none,"{""bootstrap"": true, ""ccp_alpha"": 0.0, ""class_weight"": null, ""criterion"": ""gini"", ""max_depth"": 4, ""max_features"": ""sqrt"", ""max_leaf_nodes"": null, ""max_samples"": null, ""min_impurity_decrease"": 0.0, ""min_samples_leaf"": 1, ""min_samples_split"": 2, ""min_weight_fraction_leaf"": 0.0, ""monotonic_cst"": null, ""n_estimators"": 160, ""n_jobs"": 2, ""oob_score"": false, ""random_state"": 0, ""verbose"": 0, ""warm_start"": false}",0.9705882352941176,0.9705882352941176,1.0,0.9411764705882352,1.0,0.9696969696969696,0.9428090415820634,0.9948096885813148,0.9953642090320292,34,0,2,32,0.9444444444444444,1.0,0.9722222222222222,0.9714285714285714,271,68,0.0809941249972325,0.0314292499970179,none,"{""bootstrap"": true, ""ccp_alpha"": 0.0, ""class_weight"": null, ""criterion"": ""gini"", ""max_depth"": 4, ""max_features"": ""sqrt"", ""max_leaf_nodes"": null, ""max_samples"": null, ""min_impurity_decrease"": 0.0, ""min_samples_leaf"": 1, ""min_samples_split"": 2, ""min_weight_fraction_leaf"": 0.0, ""monotonic_cst"": null, ""n_estimators"": 160, ""n_jobs"": 2, ""oob_score"": false, ""random_state"": 0, ""verbose"": 0, ""warm_start"": false}",0.9705882352941176,0.9705882352941176,1.0,0.9411764705882352,1.0,0.9696969696969696,0.9428090415820634,0.9948096885813148,0.9953642090320292,34,0,2,32,0.9444444444444444,1.0,0.9722222222222222,0.9714285714285714,0.0,0.0,0.0,0.0,0.0,0.0,0.0,0.0,0.0
F_TableS2_fixed_parameters,RF,4,271,68,0.0707886250002047,0.0261922919999051,none,"{""bootstrap"": true, ""ccp_alpha"": 0.0, ""class_weight"": null, ""criterion"": ""gini"", ""max_depth"": 4, ""max_features"": ""sqrt"", ""max_leaf_nodes"": null, ""max_samples"": null, ""min_impurity_decrease"": 0.0, ""min_samples_leaf"": 1, ""min_samples_split"": 2, ""min_weight_fraction_leaf"": 0.0, ""monotonic_cst"": null, ""n_estimators"": 160, ""n_jobs"": 2, ""oob_score"": false, ""random_state"": 0, ""verbose"": 0, ""warm_start"": false}",0.9117647058823528,0.9117647058823528,0.9375,0.8823529411764706,0.9411764705882352,0.9090909090909092,0.8249579113843054,0.9826989619377162,0.9841284230406516,32,2,4,30,0.8888888888888888,0.9411764705882352,0.9131944444444444,0.9142857142857144,271,68,0.0910537090021534,0.0283544170015375,none,"{""bootstrap"": true, ""ccp_alpha"": 0.0, ""class_weight"": null, ""criterion"": ""gini"", ""max_depth"": 4, ""max_features"": ""sqrt"", ""max_leaf_nodes"": null, ""max_samples"": null, ""min_impurity_decrease"": 0.0, ""min_samples_leaf"": 1, ""min_samples_split"": 2, ""min_weight_fraction_leaf"": 0.0, ""monotonic_cst"": null, ""n_estimators"": 160, ""n_jobs"": 2, ""oob_score"": false, ""random_state"": 0, ""verbose"": 0, ""warm_start"": false}",0.9117647058823528,0.9117647058823528,0.9375,0.8823529411764706,0.9411764705882352,0.9090909090909092,0.8249579113843054,0.9826989619377162,0.9841284230406516,32,2,4,30,0.8888888888888888,0.9411764705882352,0.9131944444444444,0.9142857142857144,0.0,0.0,0.0,0.0,0.0,0.0,0.0,0.0,0.0
F_TableS2_fixed_parameters,RF,5,271,68,0.0685034159996575,0.0261514590001752,none,"{""bootstrap"": true, ""ccp_alpha"": 0.0, ""class_weight"": null, ""criterion"": ""gini"", ""max_depth"": 4, ""max_features"": ""sqrt"", ""max_leaf_nodes"": null, ""max_samples"": null, ""min_impurity_decrease"": 0.0, ""min_samples_leaf"": 1, ""min_samples_split"": 2, ""min_weight_fraction_leaf"": 0.0, ""monotonic_cst"": null, ""n_estimators"": 160, ""n_jobs"": 2, ""oob_score"": false, ""random_state"": 0, ""verbose"": 0, ""warm_start"": false}",0.8676470588235294,0.8676470588235294,0.8787878787878788,0.8529411764705882,0.8823529411764706,0.8656716417910447,0.7356123579206246,0.9662629757785468,0.9678283015351116,30,4,5,29,0.8571428571428571,0.8823529411764706,0.8679653679653679,0.8695652173913043,271,68,0.09085037499608,0.0268297500006156,none,"{""bootstrap"": true, ""ccp_alpha"": 0.0, ""class_weight"": null, ""criterion"": ""gini"", ""max_depth"": 4, ""max_features"": ""sqrt"", ""max_leaf_nodes"": null, ""max_samples"": null, ""min_impurity_decrease"": 0.0, ""min_samples_leaf"": 1, ""min_samples_split"": 2, ""min_weight_fraction_leaf"": 0.0, ""monotonic_cst"": null, ""n_estimators"": 160, ""n_jobs"": 2, ""oob_score"": false, ""random_state"": 0, ""verbose"": 0, ""warm_start"": false}",0.8676470588235294,0.8676470588235294,0.8787878787878788,0.8529411764705882,0.8823529411764706,0.8656716417910447,0.7356123579206246,0.9662629757785468,0.9678283015351116,30,4,5,29,0.8571428571428571,0.8823529411764706,0.8679653679653679,0.8695652173913043,0.0,0.0,0.0,0.0,0.0,0.0,0.0,0.0,0.0
F_TableS2_fixed_parameters,RF,6,271,68,0.0826479589995869,0.0261461250001957,none,"{""bootstrap"": true, ""ccp_alpha"": 0.0, ""class_weight"": null, ""criterion"": ""gini"", ""max_depth"": 4, ""max_features"": ""sqrt"", ""max_leaf_nodes"": null, ""max_samples"": null, ""min_impurity_decrease"": 0.0, ""min_samples_leaf"": 1, ""min_samples_split"": 2, ""min_weight_fraction_leaf"": 0.0, ""monotonic_cst"": null, ""n_estimators"": 160, ""n_jobs"": 2, ""oob_score"": false, ""random_state"": 0, ""verbose"": 0, ""warm_start"": false}",0.9264705882352942,0.9268398268398268,0.9117647058823528,0.9393939393939394,0.9142857142857144,0.9253731343283582,0.8533103351879247,0.9913419913419914,0.991490869769732,32,3,2,31,0.9411764705882352,0.9142857142857144,0.9264705882352942,0.927536231884058,271,68,0.0738192499993601,0.0274420409987214,none,"{""bootstrap"": true, ""ccp_alpha"": 0.0, ""class_weight"": null, ""criterion"": ""gini"", ""max_depth"": 4, ""max_features"": ""sqrt"", ""max_leaf_nodes"": null, ""max_samples"": null, ""min_impurity_decrease"": 0.0, ""min_samples_leaf"": 1, ""min_samples_split"": 2, ""min_weight_fraction_leaf"": 0.0, ""monotonic_cst"": null, ""n_estimators"": 160, ""n_jobs"": 2, ""oob_score"": false, ""random_state"": 0, ""verbose"": 0, ""warm_start"": false}",0.9264705882352942,0.9268398268398268,0.9117647058823528,0.9393939393939394,0.9142857142857144,0.9253731343283582,0.8533103351879247,0.9913419913419914,0.991490869769732,32,3,2,31,0.9411764705882352,0.9142857142857144,0.9264705882352942,0.927536231884058,0.0,0.0,0.0,0.0,0.0,0.0,0.0,0.0,0.0
F_TableS2_fixed_parameters,RF,7,271,68,0.0830110420001801,0.0261270829996647,none,"{""bootstrap"": true, ""ccp_alpha"": 0.0, ""class_weight"": null, ""criterion"": ""gini"", ""max_depth"": 4, ""max_features"": ""sqrt"", ""max_leaf_nodes"": null, ""max_samples"": null, ""min_impurity_decrease"": 0.0, ""min_samples_leaf"": 1, ""min_samples_split"": 2, ""min_weight_fraction_leaf"": 0.0, ""monotonic_cst"": null, ""n_estimators"": 160, ""n_jobs"": 2, ""oob_score"": false, ""random_state"": 0, ""verbose"": 0, ""warm_start"": false}",0.9411764705882352,0.9402597402597402,0.967741935483871,0.9090909090909092,0.9714285714285714,0.9375,0.8835848317596354,0.9705627705627706,0.9737703220544552,34,1,3,30,0.918918918918919,0.9714285714285714,0.9433304272013948,0.9444444444444444,271,68,0.0833293750038137,0.0268933340048533,none,"{""bootstrap"": true, ""ccp_alpha"": 0.0, ""class_weight"": null, ""criterion"": ""gini"", ""max_depth"": 4, ""max_features"": ""sqrt"", ""max_leaf_nodes"": null, ""max_samples"": null, ""min_impurity_decrease"": 0.0, ""min_samples_leaf"": 1, ""min_samples_split"": 2, ""min_weight_fraction_leaf"": 0.0, ""monotonic_cst"": null, ""n_estimators"": 160, ""n_jobs"": 2, ""oob_score"": false, ""random_state"": 0, ""verbose"": 0, ""warm_start"": false}",0.9411764705882352,0.9402597402597402,0.967741935483871,0.9090909090909092,0.9714285714285714,0.9375,0.8835848317596354,0.9705627705627706,0.9737703220544552,34,1,3,30,0.918918918918919,0.9714285714285714,0.9433304272013948,0.9444444444444444,0.0,0.0,0.0,0.0,0.0,0.0,0.0,0.0,0.0
F_TableS2_fixed_parameters,RF,8,271,68,0.0689568329999019,0.0261495830000058,none,"{""bootstrap"": true, ""ccp_alpha"": 0.0, ""class_weight"": null, ""criterion"": ""gini"", ""max_depth"": 4, ""max_features"": ""sqrt"", ""max_leaf_nodes"": null, ""max_samples"": null, ""min_impurity_decrease"": 0.0, ""min_samples_leaf"": 1, ""min_samples_split"": 2, ""min_weight_fraction_leaf"": 0.0, ""monotonic_cst"": null, ""n_estimators"": 160, ""n_jobs"": 2, ""oob_score"": false, ""random_state"": 0, ""verbose"": 0, ""warm_start"": false}",0.9705882352941176,0.9701754385964912,0.9666666666666668,0.9666666666666668,0.9736842105263158,0.9666666666666668,0.9403508771929824,0.9947368421052633,0.9935186843807532,37,1,1,29,0.9736842105263158,0.9736842105263158,0.9701754385964912,0.9736842105263158,271,68,0.0812116669985698,0.0292725420003989,none,"{""bootstrap"": true, ""ccp_alpha"": 0.0, ""class_weight"": null, ""criterion"": ""gini"", ""max_depth"": 4, ""max_features"": ""sqrt"", ""max_leaf_nodes"": null, ""max_samples"": null, ""min_impurity_decrease"": 0.0, ""min_samples_leaf"": 1, ""min_samples_split"": 2, ""min_weight_fraction_leaf"": 0.0, ""monotonic_cst"": null, ""n_estimators"": 160, ""n_jobs"": 2, ""oob_score"": false, ""random_state"": 0, ""verbose"": 0, ""warm_start"": false}",0.9705882352941176,0.9701754385964912,0.9666666666666668,0.9666666666666668,0.9736842105263158,0.9666666666666668,0.9403508771929824,0.9947368421052633,0.9935186843807532,37,1,1,29,0.9736842105263158,0.9736842105263158,0.9701754385964912,0.9736842105263158,0.0,0.0,0.0,0.0,0.0,0.0,0.0,0.0,0.0
F_TableS2_fixed_parameters,RF,9,271,68,0.0719884580003054,0.0261576249995414,none,"{""bootstrap"": true, ""ccp_alpha"": 0.0, ""class_weight"": null, ""criterion"": ""gini"", ""max_depth"": 4, ""max_features"": ""sqrt"", ""max_leaf_nodes"": null, ""max_samples"": null, ""min_impurity_decrease"": 0.0, ""min_samples_leaf"": 1, ""min_samples_split"": 2, ""min_weight_fraction_leaf"": 0.0, ""monotonic_cst"": null, ""n_estimators"": 160, ""n_jobs"": 2, ""oob_score"": false, ""random_state"": 0, ""verbose"": 0, ""warm_start"": false}",0.9117647058823528,0.9186560565870912,0.9714285714285714,0.8717948717948718,0.9655172413793104,0.918918918918919,0.8285670994238042,0.982316534040672,0.9876052586385404,28,1,5,34,0.8484848484848485,0.9655172413793104,0.90995670995671,0.9032258064516128,271,68,0.0822354589981841,0.0265348750035627,none,"{""bootstrap"": true, ""ccp_alpha"": 0.0, ""class_weight"": null, ""criterion"": ""gini"", ""max_depth"": 4, ""max_features"": ""sqrt"", ""max_leaf_nodes"": null, ""max_samples"": null, ""min_impurity_decrease"": 0.0, ""min_samples_leaf"": 1, ""min_samples_split"": 2, ""min_weight_fraction_leaf"": 0.0, ""monotonic_cst"": null, ""n_estimators"": 160, ""n_jobs"": 2, ""oob_score"": false, ""random_state"": 0, ""verbose"": 0, ""warm_start"": false}",0.9117647058823528,0.9186560565870912,0.9714285714285714,0.8717948717948718,0.9655172413793104,0.918918918918919,0.8285670994238042,0.982316534040672,0.9876052586385404,28,1,5,34,0.8484848484848485,0.9655172413793104,0.90995670995671,0.9032258064516128,0.0,0.0,0.0,0.0,0.0,0.0,0.0,0.0,0.0
F_TableS2_fixed_parameters,SVM,0,271,68,0.001774166999894,0.0006853750001027,none,"{""C"": 10, ""break_ties"": false, ""cache_size"": 200, ""class_weight"": null, ""coef0"": 0.0, ""decision_function_shape"": ""ovr"", ""degree"": 1, ""gamma"": ""scale"", ""kernel"": ""poly"", ""max_iter"": -1, ""probability"": false, ""random_state"": null, ""shrinking"": true, ""tol"": 1e-05, ""verbose"": false}",0.9264705882352942,0.9272013949433304,0.9444444444444444,0.918918918918919,0.935483870967742,0.9315068493150684,0.8525466008813926,0.977332170880558,0.983384224631166,29,2,3,34,0.90625,0.935483870967742,0.9253472222222222,0.9206349206349206,271,68,0.0019160000010742,0.0007385830031125,none,"{""C"": 10, ""break_ties"": false, ""cache_size"": 200, ""class_weight"": null, ""coef0"": 0.0, ""decision_function_shape"": ""ovr"", ""degree"": 1, ""gamma"": ""scale"", ""kernel"": ""poly"", ""max_iter"": -1, ""probability"": false, ""random_state"": null, ""shrinking"": true, ""tol"": 1e-05, ""verbose"": false}",0.9264705882352942,0.9272013949433304,0.9444444444444444,0.918918918918919,0.935483870967742,0.9315068493150684,0.8525466008813926,0.977332170880558,0.983384224631166,29,2,3,34,0.90625,0.935483870967742,0.9253472222222222,0.9206349206349206,0.0,0.0,0.0,0.0,0.0,0.0,0.0,0.0,0.0
F_TableS2_fixed_parameters,SVM,1,271,68,0.001734624999699,0.0007100829998307,none,"{""C"": 10, ""break_ties"": false, ""cache_size"": 200, ""class_weight"": null, ""coef0"": 0.0, ""decision_function_shape"": ""ovr"", ""degree"": 1, ""gamma"": ""scale"", ""kernel"": ""poly"", ""max_iter"": -1, ""probability"": false, ""random_state"": null, ""shrinking"": true, ""tol"": 1e-05, ""verbose"": false}",0.9264705882352942,0.9324324324324323,0.8611111111111112,1.0,0.8648648648648649,0.9253731343283582,0.862985947014634,0.993025283347864,0.9917971336675808,32,5,0,31,1.0,0.8648648648648649,0.9305555555555556,0.927536231884058,271,68,0.0017372920046909,0.0006850420031696,none,"{""C"": 10, ""break_ties"": false, ""cache_size"": 200, ""class_weight"": null, ""coef0"": 0.0, ""decision_function_shape"": ""ovr"", ""degree"": 1, ""gamma"": ""scale"", ""kernel"": ""poly"", ""max_iter"": -1, ""probability"": false, ""random_state"": null, ""shrinking"": true, ""tol"": 1e-05, ""verbose"": false}",0.9264705882352942,0.9324324324324323,0.8611111111111112,1.0,0.8648648648648649,0.9253731343283582,0.862985947014634,0.993025283347864,0.9917971336675808,32,5,0,31,1.0,0.8648648648648649,0.9305555555555556,0.927536231884058,0.0,0.0,0.0,0.0,0.0,0.0,0.0,0.0,0.0
F_TableS2_fixed_parameters,SVM,2,271,68,0.0017105420001826,0.0006778750002922,none,"{""C"": 10, ""break_ties"": false, ""cache_size"": 200, ""class_weight"": null, ""coef0"": 0.0, ""decision_function_shape"": ""ovr"", ""degree"": 1, ""gamma"": ""scale"", ""kernel"": ""poly"", ""max_iter"": -1, ""probability"": false, ""random_state"": null, ""shrinking"": true, ""tol"": 1e-05, ""verbose"": false}",0.9705882352941176,0.9701754385964912,0.9666666666666668,0.9666666666666668,0.9736842105263158,0.9666666666666668,0.9403508771929824,0.999122807017544,0.9989247311827956,37,1,1,29,0.9736842105263158,0.9736842105263158,0.9701754385964912,0.9736842105263158,271,68,0.0019913330033887,0.0007145000054151,none,"{""C"": 10, ""break_ties"": false, ""cache_size"": 200, ""class_weight"": null, ""coef0"": 0.0, ""decision_function_shape"": ""ovr"", ""degree"": 1, ""gamma"": ""scale"", ""kernel"": ""poly"", ""max_iter"": -1, ""probability"": false, ""random_state"": null, ""shrinking"": true, ""tol"": 1e-05, ""verbose"": false}",0.9705882352941176,0.9701754385964912,0.9666666666666668,0.9666666666666668,0.9736842105263158,0.9666666666666668,0.9403508771929824,0.999122807017544,0.9989247311827956,37,1,1,29,0.9736842105263158,0.9736842105263158,0.9701754385964912,0.9736842105263158,0.0,0.0,0.0,0.0,0.0,0.0,0.0,0.0,0.0
F_TableS2_fixed_parameters,SVM,3,271,68,0.0016298750006171,0.0006398750001608,none,"{""C"": 10, ""break_ties"": false, ""cache_size"": 200, ""class_weight"": null, ""coef0"": 0.0, ""decision_function_shape"": ""ovr"", ""degree"": 1, ""gamma"": ""scale"", ""kernel"": ""poly"", ""max_iter"": -1, ""probability"": false, ""random_state"": null, ""shrinking"": true, ""tol"": 1e-05, ""verbose"": false}",0.9558823529411764,0.9558823529411764,0.9696969696969696,0.9411764705882352,0.9705882352941176,0.9552238805970148,0.9121593238215746,0.9922145328719724,0.991996469630584,33,1,2,32,0.9428571428571428,0.9705882352941176,0.9562770562770564,0.9565217391304348,271,68,0.0018722499953582,0.0006946249995962,none,"{""C"": 10, ""break_ties"": false, ""cache_size"": 200, ""class_weight"": null, ""coef0"": 0.0, ""decision_function_shape"": ""ovr"", ""degree"": 1, ""gamma"": ""scale"", ""kernel"": ""poly"", ""max_iter"": -1, ""probability"": false, ""random_state"": null, ""shrinking"": true, ""tol"": 1e-05, ""verbose"": false}",0.9558823529411764,0.9558823529411764,0.9696969696969696,0.9411764705882352,0.9705882352941176,0.9552238805970148,0.9121593238215746,0.9922145328719724,0.991996469630584,33,1,2,32,0.9428571428571428,0.9705882352941176,0.9562770562770564,0.9565217391304348,0.0,0.0,0.0,0.0,0.0,0.0,0.0,0.0,0.0
F_TableS2_fixed_parameters,SVM,4,271,68,0.0016295000004902,0.0006300420000115,none,"{""C"": 10, ""break_ties"": false, ""cache_size"": 200, ""class_weight"": null, ""coef0"": 0.0, ""decision_function_shape"": ""ovr"", ""degree"": 1, ""gamma"": ""scale"", ""kernel"": ""poly"", ""max_iter"": -1, ""probability"": false, ""random_state"": null, ""shrinking"": true, ""tol"": 1e-05, ""verbose"": false}",0.9411764705882352,0.9411764705882352,0.9166666666666666,0.9705882352941176,0.9117647058823528,0.9428571428571428,0.8838834764831844,0.9887543252595156,0.9892007381745722,31,3,1,33,0.96875,0.9117647058823528,0.9427083333333331,0.9393939393939394,271,68,0.001939833004144,0.0008119580015772,none,"{""C"": 10, ""break_ties"": false, ""cache_size"": 200, ""class_weight"": null, ""coef0"": 0.0, ""decision_function_shape"": ""ovr"", ""degree"": 1, ""gamma"": ""scale"", ""kernel"": ""poly"", ""max_iter"": -1, ""probability"": false, ""random_state"": null, ""shrinking"": true, ""tol"": 1e-05, ""verbose"": false}",0.9411764705882352,0.9411764705882352,0.9166666666666666,0.9705882352941176,0.9117647058823528,0.9428571428571428,0.8838834764831844,0.9887543252595156,0.9892007381745722,31,3,1,33,0.96875,0.9117647058823528,0.9427083333333331,0.9393939393939394,0.0,0.0,0.0,0.0,0.0,0.0,0.0,0.0,0.0
F_TableS2_fixed_parameters,SVM,5,271,68,0.0017466250001234,0.0007557920007457,none,"{""C"": 10, ""break_ties"": false, ""cache_size"": 200, ""class_weight"": null, ""coef0"": 0.0, ""decision_function_shape"": ""ovr"", ""degree"": 1, ""gamma"": ""scale"", ""kernel"": ""poly"", ""max_iter"": -1, ""probability"": false, ""random_state"": null, ""shrinking"": true, ""tol"": 1e-05, ""verbose"": false}",0.8970588235294118,0.8970588235294117,0.8857142857142857,0.9117647058823528,0.8823529411764706,0.8985507246376812,0.7944613465542747,0.9671280276816608,0.9669893926907476,30,4,3,31,0.9090909090909092,0.8823529411764706,0.8974025974025974,0.8955223880597015,271,68,0.0023652919990126,0.0007707920012762,none,"{""C"": 10, ""break_ties"": false, ""cache_size"": 200, ""class_weight"": null, ""coef0"": 0.0, ""decision_function_shape"": ""ovr"", ""degree"": 1, ""gamma"": ""scale"", ""kernel"": ""poly"", ""max_iter"": -1, ""probability"": false, ""random_state"": null, ""shrinking"": true, ""tol"": 1e-05, ""verbose"": false}",0.8970588235294118,0.8970588235294117,0.8857142857142857,0.9117647058823528,0.8823529411764706,0.8985507246376812,0.7944613465542747,0.9671280276816608,0.9669893926907476,30,4,3,31,0.9090909090909092,0.8823529411764706,0.8974025974025974,0.8955223880597015,0.0,0.0,0.0,0.0,0.0,0.0,0.0,0.0,0.0
F_TableS2_fixed_parameters,SVM,6,271,68,0.0017360000001644,0.0006676249995507,none,"{""C"": 10, ""break_ties"": false, ""cache_size"": 200, ""class_weight"": null, ""coef0"": 0.0, ""decision_function_shape"": ""ovr"", ""degree"": 1, ""gamma"": ""scale"", ""kernel"": ""poly"", ""max_iter"": -1, ""probability"": false, ""random_state"": null, ""shrinking"": true, ""tol"": 1e-05, ""verbose"": false}",0.9558823529411764,0.9562770562770564,0.9411764705882352,0.9696969696969696,0.9428571428571428,0.9552238805970148,0.9121593238215746,0.987878787878788,0.9909735654416504,33,2,1,32,0.9705882352941176,0.9428571428571428,0.9558823529411764,0.9565217391304348,271,68,0.0019493329964461,0.0009037499985424,none,"{""C"": 10, ""break_ties"": false, ""cache_size"": 200, ""class_weight"": null, ""coef0"": 0.0, ""decision_function_shape"": ""ovr"", ""degree"": 1, ""gamma"": ""scale"", ""kernel"": ""poly"", ""max_iter"": -1, ""probability"": false, ""random_state"": null, ""shrinking"": true, ""tol"": 1e-05, ""verbose"": false}",0.9558823529411764,0.9562770562770564,0.9411764705882352,0.9696969696969696,0.9428571428571428,0.9552238805970148,0.9121593238215746,0.987878787878788,0.9909735654416504,33,2,1,32,0.9705882352941176,0.9428571428571428,0.9558823529411764,0.9565217391304348,0.0,0.0,0.0,0.0,0.0,0.0,0.0,0.0,0.0
F_TableS2_fixed_parameters,SVM,7,271,68,0.001695916999779,0.0006445839999287,none,"{""C"": 10, ""break_ties"": false, ""cache_size"": 200, ""class_weight"": null, ""coef0"": 0.0, ""decision_function_shape"": ""ovr"", ""degree"": 1, ""gamma"": ""scale"", ""kernel"": ""poly"", ""max_iter"": -1, ""probability"": false, ""random_state"": null, ""shrinking"": true, ""tol"": 1e-05, ""verbose"": false}",0.8676470588235294,0.8662337662337662,0.9,0.8181818181818182,0.9142857142857144,0.8571428571428571,0.737270649718563,0.9774891774891774,0.976670826400931,32,3,6,27,0.8421052631578947,0.9142857142857144,0.8710526315789473,0.8767123287671232,271,68,0.0019351250011823,0.000723042001482,none,"{""C"": 10, ""break_ties"": false, ""cache_size"": 200, ""class_weight"": null, ""coef0"": 0.0, ""decision_function_shape"": ""ovr"", ""degree"": 1, ""gamma"": ""scale"", ""kernel"": ""poly"", ""max_iter"": -1, ""probability"": false, ""random_state"": null, ""shrinking"": true, ""tol"": 1e-05, ""verbose"": false}",0.8676470588235294,0.8662337662337662,0.9,0.8181818181818182,0.9142857142857144,0.8571428571428571,0.737270649718563,0.9774891774891774,0.976670826400931,32,3,6,27,0.8421052631578947,0.9142857142857144,0.8710526315789473,0.8767123287671232,0.0,0.0,0.0,0.0,0.0,0.0,0.0,0.0,0.0
F_TableS2_fixed_parameters,SVM,8,271,68,0.0016828749994601,0.0006609160000152,none,"{""C"": 10, ""break_ties"": false, ""cache_size"": 200, ""class_weight"": null, ""coef0"": 0.0, ""decision_function_shape"": ""ovr"", ""degree"": 1, ""gamma"": ""scale"", ""kernel"": ""poly"", ""max_iter"": -1, ""probability"": false, ""random_state"": null, ""shrinking"": true, ""tol"": 1e-05, ""verbose"": false}",0.9117647058823528,0.9105263157894736,0.9,0.9,0.9210526315789472,0.9,0.8210526315789474,0.986842105263158,0.9841324179248668,35,3,3,27,0.9210526315789472,0.9210526315789472,0.9105263157894736,0.9210526315789472,271,68,0.0018977500003529,0.0007357079957728,none,"{""C"": 10, ""break_ties"": false, ""cache_size"": 200, ""class_weight"": null, ""coef0"": 0.0, ""decision_function_shape"": ""ovr"", ""degree"": 1, ""gamma"": ""scale"", ""kernel"": ""poly"", ""max_iter"": -1, ""probability"": false, ""random_state"": null, ""shrinking"": true, ""tol"": 1e-05, ""verbose"": false}",0.9117647058823528,0.9105263157894736,0.9,0.9,0.9210526315789472,0.9,0.8210526315789474,0.986842105263158,0.9841324179248668,35,3,3,27,0.9210526315789472,0.9210526315789472,0.9105263157894736,0.9210526315789472,0.0,0.0,0.0,0.0,0.0,0.0,0.0,0.0,0.0
F_TableS2_fixed_parameters,SVM,9,271,68,0.0018326660001548,0.000657417000184,none,"{""C"": 10, ""break_ties"": false, ""cache_size"": 200, ""class_weight"": null, ""coef0"": 0.0, ""decision_function_shape"": ""ovr"", ""degree"": 1, ""gamma"": ""scale"", ""kernel"": ""poly"", ""max_iter"": -1, ""probability"": false, ""random_state"": null, ""shrinking"": true, ""tol"": 1e-05, ""verbose"": false}",0.9411764705882352,0.9442970822281168,0.972972972972973,0.9230769230769232,0.9655172413793104,0.9473684210526316,0.8823747062899986,0.9929266136162688,0.994806431648537,28,1,3,36,0.9032258064516128,0.9655172413793104,0.9380993897122928,0.9333333333333332,271,68,0.0018930000005639,0.0007064999954309,none,"{""C"": 10, ""break_ties"": false, ""cache_size"": 200, ""class_weight"": null, ""coef0"": 0.0, ""decision_function_shape"": ""ovr"", ""degree"": 1, ""gamma"": ""scale"", ""kernel"": ""poly"", ""max_iter"": -1, ""probability"": false, ""random_state"": null, ""shrinking"": true, ""tol"": 1e-05, ""verbose"": false}",0.9411764705882352,0.9442970822281168,0.972972972972973,0.9230769230769232,0.9655172413793104,0.9473684210526316,0.8823747062899986,0.9929266136162688,0.994806431648537,28,1,3,36,0.9032258064516128,0.9655172413793104,0.9380993897122928,0.9333333333333332,0.0,0.0,0.0,0.0,0.0,0.0,0.0,0.0,0.0
