model,candidate_index,parameters,run1_mean_cv_score,run2_mean_cv_score,delta
LR,0,{'C': 0.5},0.9260582010582012,0.9260582010582012,0.0
LR,1,{'C': 1},0.9371693121693122,0.9371693121693122,0.0
LR,2,{'C': 1.5},0.940873015873016,0.940873015873016,0.0
LR,3,{'C': 2},0.940873015873016,0.940873015873016,0.0
LR,4,{'C': 2.5},0.940873015873016,0.940873015873016,0.0
LR,5,{'C': 4},0.940873015873016,0.940873015873016,0.0
LR,6,{'C': 6},0.9445767195767196,0.9445767195767196,0.0
LR,7,{'C': 8},0.940873015873016,0.940873015873016,0.0
LR,8,{'C': 13},0.9445767195767196,0.9445767195767196,0.0
LR,9,{'C': 14},0.940873015873016,0.940873015873016,0.0
LR,10,{'C': 15},0.940873015873016,0.940873015873016,0.0
LR,11,{'C': 16},0.940873015873016,0.940873015873016,0.0
LR,12,{'C': 20},0.940873015873016,0.940873015873016,0.0
LR,13,{'C': 30},0.9373015873015872,0.9373015873015872,0.0
LR,14,{'C': 40},0.9410052910052912,0.9410052910052912,0.0
LR,15,{'C': 50},0.9410052910052912,0.9410052910052912,0.0
LR,16,{'C': 60},0.9410052910052912,0.9410052910052912,0.0
LR,17,{'C': 70},0.9410052910052912,0.9410052910052912,0.0
LR,18,{'C': 80},0.9410052910052912,0.9410052910052912,0.0
LR,19,{'C': 90},0.9373015873015872,0.9373015873015872,0.0
LR,20,{'C': 100},0.9373015873015872,0.9373015873015872,0.0
LR,21,{'C': 125},0.940873015873016,0.940873015873016,0.0
LR,22,{'C': 500},0.940873015873016,0.940873015873016,0.0
LR,23,{'C': 1000},0.9445767195767196,0.9445767195767196,0.0
LR,24,{'C': 2000},0.9410052910052912,0.9410052910052912,0.0
LR,25,{'C': 4000},0.9373015873015872,0.9373015873015872,0.0
LR,26,{'C': 10000},0.9335978835978836,0.9335978835978836,0.0
RF,0,"{'max_depth': 1, 'max_features': 'log2', 'n_estimators': 80}",0.8820105820105821,0.8412698412698413,-0.040740740740740855
RF,1,"{'max_depth': 1, 'max_features': 'log2', 'n_estimators': 160}",0.8857142857142856,0.8784391534391534,-0.007275132275132212
RF,2,"{'max_depth': 1, 'max_features': 'log2', 'n_estimators': 320}",0.8784391534391534,0.8637566137566137,-0.01468253968253963
RF,3,"{'max_depth': 1, 'max_features': 'log2', 'n_estimators': 480}",0.859920634920635,0.8673280423280423,0.007407407407407307
RF,4,"{'max_depth': 1, 'max_features': 'log2', 'n_estimators': 640}",0.8708994708994708,0.8636243386243386,-0.007275132275132212
RF,5,"{'max_depth': 1, 'max_features': 'log2', 'n_estimators': 1280}",0.8673280423280424,0.8747354497354497,0.007407407407407307
RF,6,"{'max_depth': 1, 'max_features': 'log2', 'n_estimators': 2000}",0.8636243386243386,0.8673280423280424,0.0037037037037037646
RF,7,"{'max_depth': 1, 'max_features': 'sqrt', 'n_estimators': 80}",0.8746031746031745,0.8526455026455027,-0.021957671957671843
RF,8,"{'max_depth': 1, 'max_features': 'sqrt', 'n_estimators': 160}",0.8894179894179894,0.8673280423280423,-0.02208994708994716
RF,9,"{'max_depth': 1, 'max_features': 'sqrt', 'n_estimators': 320}",0.893121693121693,0.8820105820105819,-0.011111111111111072
RF,10,"{'max_depth': 1, 'max_features': 'sqrt', 'n_estimators': 480}",0.8818783068783068,0.8892857142857145,0.00740740740740764
RF,11,"{'max_depth': 1, 'max_features': 'sqrt', 'n_estimators': 640}",0.8894179894179894,0.8820105820105819,-0.007407407407407529
RF,12,"{'max_depth': 1, 'max_features': 'sqrt', 'n_estimators': 1280}",0.8747354497354497,0.8783068783068784,0.0035714285714286698
RF,13,"{'max_depth': 1, 'max_features': 'sqrt', 'n_estimators': 2000}",0.8783068783068784,0.8747354497354497,-0.0035714285714286698
RF,14,"{'max_depth': 2, 'max_features': 'log2', 'n_estimators': 80}",0.9043650793650796,0.8894179894179894,-0.014947089947090153
RF,15,"{'max_depth': 2, 'max_features': 'log2', 'n_estimators': 160}",0.8928571428571429,0.889153439153439,-0.0037037037037038756
RF,16,"{'max_depth': 2, 'max_features': 'log2', 'n_estimators': 320}",0.892989417989418,0.8928571428571429,-0.0001322751322750948
RF,17,"{'max_depth': 2, 'max_features': 'log2', 'n_estimators': 480}",0.9005291005291006,0.8857142857142858,-0.014814814814814836
RF,18,"{'max_depth': 2, 'max_features': 'log2', 'n_estimators': 640}",0.9002645502645503,0.8966931216931217,-0.0035714285714286698
RF,19,"{'max_depth': 2, 'max_features': 'log2', 'n_estimators': 1280}",0.8928571428571429,0.9002645502645503,0.007407407407407418
RF,20,"{'max_depth': 2, 'max_features': 'log2', 'n_estimators': 2000}",0.9002645502645503,0.8781746031746032,-0.02208994708994716
RF,21,"{'max_depth': 2, 'max_features': 'sqrt', 'n_estimators': 80}",0.9038359788359788,0.8894179894179894,-0.01441798941798933
RF,22,"{'max_depth': 2, 'max_features': 'sqrt', 'n_estimators': 160}",0.8892857142857142,0.9076719576719576,0.018386243386243395
RF,23,"{'max_depth': 2, 'max_features': 'sqrt', 'n_estimators': 320}",0.9041005291005292,0.9076719576719576,0.0035714285714284477
RF,24,"{'max_depth': 2, 'max_features': 'sqrt', 'n_estimators': 480}",0.9002645502645503,0.903968253968254,0.0037037037037036535
RF,25,"{'max_depth': 2, 'max_features': 'sqrt', 'n_estimators': 640}",0.9113756613756614,0.9076719576719576,-0.0037037037037037646
RF,26,"{'max_depth': 2, 'max_features': 'sqrt', 'n_estimators': 1280}",0.9076719576719576,0.9113756613756614,0.0037037037037037646
RF,27,"{'max_depth': 2, 'max_features': 'sqrt', 'n_estimators': 2000}",0.9076719576719576,0.9076719576719576,0.0
RF,28,"{'max_depth': 3, 'max_features': 'log2', 'n_estimators': 80}",0.9076719576719576,0.9075396825396826,-0.00013227513227498378
RF,29,"{'max_depth': 3, 'max_features': 'log2', 'n_estimators': 160}",0.9113756613756614,0.9260582010582008,0.014682539682539408
RF,30,"{'max_depth': 3, 'max_features': 'log2', 'n_estimators': 320}",0.9113756613756614,0.9113756613756614,0.0
RF,31,"{'max_depth': 3, 'max_features': 'log2', 'n_estimators': 480}",0.9260582010582012,0.9112433862433862,-0.014814814814815058
RF,32,"{'max_depth': 3, 'max_features': 'log2', 'n_estimators': 640}",0.9113756613756612,0.9076719576719576,-0.0037037037037035425
RF,33,"{'max_depth': 3, 'max_features': 'log2', 'n_estimators': 1280}",0.9223544973544971,0.9186507936507936,-0.0037037037037035425
RF,34,"{'max_depth': 3, 'max_features': 'log2', 'n_estimators': 2000}",0.9261904761904762,0.9260582010582012,-0.00013227513227498378
RF,35,"{'max_depth': 3, 'max_features': 'sqrt', 'n_estimators': 80}",0.9075396825396824,0.9263227513227514,0.018783068783069012
RF,36,"{'max_depth': 3, 'max_features': 'sqrt', 'n_estimators': 160}",0.9187830687830688,0.9260582010582008,0.00727513227513199
RF,37,"{'max_depth': 3, 'max_features': 'sqrt', 'n_estimators': 320}",0.9297619047619048,0.9186507936507938,-0.01111111111111096
RF,38,"{'max_depth': 3, 'max_features': 'sqrt', 'n_estimators': 480}",0.9260582010582012,0.9186507936507936,-0.00740740740740764
RF,39,"{'max_depth': 3, 'max_features': 'sqrt', 'n_estimators': 640}",0.9261904761904762,0.92989417989418,0.0037037037037037646
RF,40,"{'max_depth': 3, 'max_features': 'sqrt', 'n_estimators': 1280}",0.9261904761904762,0.92989417989418,0.0037037037037037646
RF,41,"{'max_depth': 3, 'max_features': 'sqrt', 'n_estimators': 2000}",0.9335978835978838,0.9334656084656086,-0.00013227513227520582
RF,42,"{'max_depth': 4, 'max_features': 'log2', 'n_estimators': 80}",0.9371693121693122,0.9297619047619048,-0.007407407407407418
RF,43,"{'max_depth': 4, 'max_features': 'log2', 'n_estimators': 160}",0.9335978835978836,0.9186507936507936,-0.014947089947090042
RF,44,"{'max_depth': 4, 'max_features': 'log2', 'n_estimators': 320}",0.9297619047619048,0.9223544973544971,-0.00740740740740764
RF,45,"{'max_depth': 4, 'max_features': 'log2', 'n_estimators': 480}",0.9334656084656086,0.9334656084656084,-1.1102230246251565e-16
RF,46,"{'max_depth': 4, 'max_features': 'log2', 'n_estimators': 640}",0.9297619047619048,0.9334656084656084,0.0037037037037036535
RF,47,"{'max_depth': 4, 'max_features': 'log2', 'n_estimators': 1280}",0.9334656084656084,0.9297619047619048,-0.0037037037037036535
RF,48,"{'max_depth': 4, 'max_features': 'log2', 'n_estimators': 2000}",0.9261904761904762,0.9297619047619048,0.0035714285714285587
RF,49,"{'max_depth': 4, 'max_features': 'sqrt', 'n_estimators': 80}",0.9297619047619048,0.9371693121693122,0.007407407407407418
RF,50,"{'max_depth': 4, 'max_features': 'sqrt', 'n_estimators': 160}",0.9373015873015872,0.9297619047619048,-0.007539682539682402
RF,51,"{'max_depth': 4, 'max_features': 'sqrt', 'n_estimators': 320}",0.92989417989418,0.940873015873016,0.010978835978835977
RF,52,"{'max_depth': 4, 'max_features': 'sqrt', 'n_estimators': 480}",0.9371693121693122,0.940873015873016,0.0037037037037037646
RF,53,"{'max_depth': 4, 'max_features': 'sqrt', 'n_estimators': 640}",0.9297619047619048,0.9373015873015872,0.007539682539682402
RF,54,"{'max_depth': 4, 'max_features': 'sqrt', 'n_estimators': 1280}",0.9371693121693122,0.92989417989418,-0.007275132275132212
RF,55,"{'max_depth': 4, 'max_features': 'sqrt', 'n_estimators': 2000}",0.9334656084656086,0.9371693121693122,0.0037037037037036535
RF,56,"{'max_depth': 5, 'max_features': 'log2', 'n_estimators': 80}",0.9407407407407408,0.918915343915344,-0.021825396825396748
RF,57,"{'max_depth': 5, 'max_features': 'log2', 'n_estimators': 160}",0.9260582010582012,0.9297619047619048,0.0037037037037035425
RF,58,"{'max_depth': 5, 'max_features': 'log2', 'n_estimators': 320}",0.941005291005291,0.9371693121693122,-0.0038359788359787483
RF,59,"{'max_depth': 5, 'max_features': 'log2', 'n_estimators': 480}",0.9371693121693122,0.9334656084656086,-0.0037037037037036535
RF,60,"{'max_depth': 5, 'max_features': 'log2', 'n_estimators': 640}",0.9373015873015872,0.9335978835978836,-0.0037037037037035425
RF,61,"{'max_depth': 5, 'max_features': 'log2', 'n_estimators': 1280}",0.940873015873016,0.9260582010582012,-0.014814814814814725
RF,62,"{'max_depth': 5, 'max_features': 'log2', 'n_estimators': 2000}",0.9371693121693122,0.9334656084656086,-0.0037037037037036535
RF,63,"{'max_depth': 5, 'max_features': 'sqrt', 'n_estimators': 80}",0.9371693121693122,0.9335978835978836,-0.0035714285714285587
RF,64,"{'max_depth': 5, 'max_features': 'sqrt', 'n_estimators': 160}",0.9334656084656086,0.9334656084656086,0.0
RF,65,"{'max_depth': 5, 'max_features': 'sqrt', 'n_estimators': 320}",0.9261904761904762,0.9260582010582008,-0.00013227513227542786
RF,66,"{'max_depth': 5, 'max_features': 'sqrt', 'n_estimators': 480}",0.9260582010582012,0.9371693121693122,0.01111111111111096
RF,67,"{'max_depth': 5, 'max_features': 'sqrt', 'n_estimators': 640}",0.9334656084656086,0.9371693121693122,0.0037037037037036535
RF,68,"{'max_depth': 5, 'max_features': 'sqrt', 'n_estimators': 1280}",0.9371693121693122,0.9334656084656086,-0.0037037037037036535
RF,69,"{'max_depth': 5, 'max_features': 'sqrt', 'n_estimators': 2000}",0.9371693121693122,0.9334656084656086,-0.0037037037037036535
KNN,0,"{'algorithm': 'auto', 'leaf_size': 10, 'n_neighbors': 2, 'weights': 'uniform'}",0.9113756613756614,0.9113756613756614,0.0
KNN,1,"{'algorithm': 'auto', 'leaf_size': 10, 'n_neighbors': 2, 'weights': 'distance'}",0.9223544973544971,0.9223544973544971,0.0
KNN,2,"{'algorithm': 'auto', 'leaf_size': 10, 'n_neighbors': 3, 'weights': 'uniform'}",0.91494708994709,0.91494708994709,0.0
KNN,3,"{'algorithm': 'auto', 'leaf_size': 10, 'n_neighbors': 3, 'weights': 'distance'}",0.91494708994709,0.91494708994709,0.0
KNN,4,"{'algorithm': 'auto', 'leaf_size': 10, 'n_neighbors': 5, 'weights': 'uniform'}",0.9112433862433862,0.9112433862433862,0.0
KNN,5,"{'algorithm': 'auto', 'leaf_size': 10, 'n_neighbors': 5, 'weights': 'distance'}",0.9149470899470898,0.9149470899470898,0.0
KNN,6,"{'algorithm': 'auto', 'leaf_size': 10, 'n_neighbors': 7, 'weights': 'uniform'}",0.9038359788359788,0.9038359788359788,0.0
KNN,7,"{'algorithm': 'auto', 'leaf_size': 10, 'n_neighbors': 7, 'weights': 'distance'}",0.9112433862433862,0.9112433862433862,0.0
KNN,8,"{'algorithm': 'auto', 'leaf_size': 10, 'n_neighbors': 11, 'weights': 'uniform'}",0.889021164021164,0.889021164021164,0.0
KNN,9,"{'algorithm': 'auto', 'leaf_size': 10, 'n_neighbors': 11, 'weights': 'distance'}",0.9075396825396826,0.9075396825396826,0.0
KNN,10,"{'algorithm': 'auto', 'leaf_size': 10, 'n_neighbors': 13, 'weights': 'uniform'}",0.8816137566137566,0.8816137566137566,0.0
KNN,11,"{'algorithm': 'auto', 'leaf_size': 10, 'n_neighbors': 13, 'weights': 'distance'}",0.8927248677248677,0.8927248677248677,0.0
KNN,12,"{'algorithm': 'auto', 'leaf_size': 10, 'n_neighbors': 17, 'weights': 'uniform'}",0.8890211640211639,0.8890211640211639,0.0
KNN,13,"{'algorithm': 'auto', 'leaf_size': 10, 'n_neighbors': 17, 'weights': 'distance'}",0.8964285714285716,0.8964285714285716,0.0
KNN,14,"{'algorithm': 'auto', 'leaf_size': 10, 'n_neighbors': 19, 'weights': 'uniform'}",0.8890211640211639,0.8890211640211639,0.0
KNN,15,"{'algorithm': 'auto', 'leaf_size': 10, 'n_neighbors': 19, 'weights': 'distance'}",0.8927248677248677,0.8927248677248677,0.0
KNN,16,"{'algorithm': 'auto', 'leaf_size': 10, 'n_neighbors': 23, 'weights': 'uniform'}",0.8817460317460316,0.8817460317460316,0.0
KNN,17,"{'algorithm': 'auto', 'leaf_size': 10, 'n_neighbors': 23, 'weights': 'distance'}",0.8927248677248677,0.8927248677248677,0.0
KNN,18,"{'algorithm': 'auto', 'leaf_size': 10, 'n_neighbors': 29, 'weights': 'uniform'}",0.8854497354497355,0.8854497354497355,0.0
KNN,19,"{'algorithm': 'auto', 'leaf_size': 10, 'n_neighbors': 29, 'weights': 'distance'}",0.889153439153439,0.889153439153439,0.0
KNN,20,"{'algorithm': 'auto', 'leaf_size': 10, 'n_neighbors': 31, 'weights': 'uniform'}",0.8928571428571429,0.8928571428571429,0.0
KNN,21,"{'algorithm': 'auto', 'leaf_size': 10, 'n_neighbors': 31, 'weights': 'distance'}",0.8965608465608466,0.8965608465608466,0.0
KNN,22,"{'algorithm': 'auto', 'leaf_size': 10, 'n_neighbors': 37, 'weights': 'uniform'}",0.8707671957671957,0.8707671957671957,0.0
KNN,23,"{'algorithm': 'auto', 'leaf_size': 10, 'n_neighbors': 37, 'weights': 'distance'}",0.8891534391534393,0.8891534391534393,0.0
KNN,24,"{'algorithm': 'auto', 'leaf_size': 10, 'n_neighbors': 41, 'weights': 'uniform'}",0.8597883597883598,0.8597883597883598,0.0
KNN,25,"{'algorithm': 'auto', 'leaf_size': 10, 'n_neighbors': 41, 'weights': 'distance'}",0.8781746031746032,0.8781746031746032,0.0
KNN,26,"{'algorithm': 'auto', 'leaf_size': 10, 'n_neighbors': 43, 'weights': 'uniform'}",0.8706349206349205,0.8706349206349205,0.0
KNN,27,"{'algorithm': 'auto', 'leaf_size': 10, 'n_neighbors': 43, 'weights': 'distance'}",0.8854497354497355,0.8854497354497355,0.0
KNN,28,"{'algorithm': 'auto', 'leaf_size': 20, 'n_neighbors': 2, 'weights': 'uniform'}",0.9113756613756614,0.9113756613756614,0.0
KNN,29,"{'algorithm': 'auto', 'leaf_size': 20, 'n_neighbors': 2, 'weights': 'distance'}",0.9223544973544971,0.9223544973544971,0.0
KNN,30,"{'algorithm': 'auto', 'leaf_size': 20, 'n_neighbors': 3, 'weights': 'uniform'}",0.91494708994709,0.91494708994709,0.0
KNN,31,"{'algorithm': 'auto', 'leaf_size': 20, 'n_neighbors': 3, 'weights': 'distance'}",0.91494708994709,0.91494708994709,0.0
KNN,32,"{'algorithm': 'auto', 'leaf_size': 20, 'n_neighbors': 5, 'weights': 'uniform'}",0.9112433862433862,0.9112433862433862,0.0
KNN,33,"{'algorithm': 'auto', 'leaf_size': 20, 'n_neighbors': 5, 'weights': 'distance'}",0.9149470899470898,0.9149470899470898,0.0
KNN,34,"{'algorithm': 'auto', 'leaf_size': 20, 'n_neighbors': 7, 'weights': 'uniform'}",0.9038359788359788,0.9038359788359788,0.0
KNN,35,"{'algorithm': 'auto', 'leaf_size': 20, 'n_neighbors': 7, 'weights': 'distance'}",0.9112433862433862,0.9112433862433862,0.0
KNN,36,"{'algorithm': 'auto', 'leaf_size': 20, 'n_neighbors': 11, 'weights': 'uniform'}",0.889021164021164,0.889021164021164,0.0
KNN,37,"{'algorithm': 'auto', 'leaf_size': 20, 'n_neighbors': 11, 'weights': 'distance'}",0.9075396825396826,0.9075396825396826,0.0
KNN,38,"{'algorithm': 'auto', 'leaf_size': 20, 'n_neighbors': 13, 'weights': 'uniform'}",0.8816137566137566,0.8816137566137566,0.0
KNN,39,"{'algorithm': 'auto', 'leaf_size': 20, 'n_neighbors': 13, 'weights': 'distance'}",0.8927248677248677,0.8927248677248677,0.0
KNN,40,"{'algorithm': 'auto', 'leaf_size': 20, 'n_neighbors': 17, 'weights': 'uniform'}",0.8890211640211639,0.8890211640211639,0.0
KNN,41,"{'algorithm': 'auto', 'leaf_size': 20, 'n_neighbors': 17, 'weights': 'distance'}",0.8964285714285716,0.8964285714285716,0.0
KNN,42,"{'algorithm': 'auto', 'leaf_size': 20, 'n_neighbors': 19, 'weights': 'uniform'}",0.8890211640211639,0.8890211640211639,0.0
KNN,43,"{'algorithm': 'auto', 'leaf_size': 20, 'n_neighbors': 19, 'weights': 'distance'}",0.8927248677248677,0.8927248677248677,0.0
KNN,44,"{'algorithm': 'auto', 'leaf_size': 20, 'n_neighbors': 23, 'weights': 'uniform'}",0.8817460317460316,0.8817460317460316,0.0
KNN,45,"{'algorithm': 'auto', 'leaf_size': 20, 'n_neighbors': 23, 'weights': 'distance'}",0.8927248677248677,0.8927248677248677,0.0
KNN,46,"{'algorithm': 'auto', 'leaf_size': 20, 'n_neighbors': 29, 'weights': 'uniform'}",0.8854497354497355,0.8854497354497355,0.0
KNN,47,"{'algorithm': 'auto', 'leaf_size': 20, 'n_neighbors': 29, 'weights': 'distance'}",0.889153439153439,0.889153439153439,0.0
KNN,48,"{'algorithm': 'auto', 'leaf_size': 20, 'n_neighbors': 31, 'weights': 'uniform'}",0.8928571428571429,0.8928571428571429,0.0
KNN,49,"{'algorithm': 'auto', 'leaf_size': 20, 'n_neighbors': 31, 'weights': 'distance'}",0.8965608465608466,0.8965608465608466,0.0
KNN,50,"{'algorithm': 'auto', 'leaf_size': 20, 'n_neighbors': 37, 'weights': 'uniform'}",0.8707671957671957,0.8707671957671957,0.0
KNN,51,"{'algorithm': 'auto', 'leaf_size': 20, 'n_neighbors': 37, 'weights': 'distance'}",0.8891534391534393,0.8891534391534393,0.0
KNN,52,"{'algorithm': 'auto', 'leaf_size': 20, 'n_neighbors': 41, 'weights': 'uniform'}",0.8597883597883598,0.8597883597883598,0.0
KNN,53,"{'algorithm': 'auto', 'leaf_size': 20, 'n_neighbors': 41, 'weights': 'distance'}",0.8781746031746032,0.8781746031746032,0.0
KNN,54,"{'algorithm': 'auto', 'leaf_size': 20, 'n_neighbors': 43, 'weights': 'uniform'}",0.8706349206349205,0.8706349206349205,0.0
KNN,55,"{'algorithm': 'auto', 'leaf_size': 20, 'n_neighbors': 43, 'weights': 'distance'}",0.8854497354497355,0.8854497354497355,0.0
KNN,56,"{'algorithm': 'auto', 'leaf_size': 30, 'n_neighbors': 2, 'weights': 'uniform'}",0.9113756613756614,0.9113756613756614,0.0
KNN,57,"{'algorithm': 'auto', 'leaf_size': 30, 'n_neighbors': 2, 'weights': 'distance'}",0.9223544973544971,0.9223544973544971,0.0
KNN,58,"{'algorithm': 'auto', 'leaf_size': 30, 'n_neighbors': 3, 'weights': 'uniform'}",0.91494708994709,0.91494708994709,0.0
KNN,59,"{'algorithm': 'auto', 'leaf_size': 30, 'n_neighbors': 3, 'weights': 'distance'}",0.91494708994709,0.91494708994709,0.0
KNN,60,"{'algorithm': 'auto', 'leaf_size': 30, 'n_neighbors': 5, 'weights': 'uniform'}",0.9112433862433862,0.9112433862433862,0.0
KNN,61,"{'algorithm': 'auto', 'leaf_size': 30, 'n_neighbors': 5, 'weights': 'distance'}",0.9149470899470898,0.9149470899470898,0.0
KNN,62,"{'algorithm': 'auto', 'leaf_size': 30, 'n_neighbors': 7, 'weights': 'uniform'}",0.9038359788359788,0.9038359788359788,0.0
KNN,63,"{'algorithm': 'auto', 'leaf_size': 30, 'n_neighbors': 7, 'weights': 'distance'}",0.9112433862433862,0.9112433862433862,0.0
KNN,64,"{'algorithm': 'auto', 'leaf_size': 30, 'n_neighbors': 11, 'weights': 'uniform'}",0.889021164021164,0.889021164021164,0.0
KNN,65,"{'algorithm': 'auto', 'leaf_size': 30, 'n_neighbors': 11, 'weights': 'distance'}",0.9075396825396826,0.9075396825396826,0.0
KNN,66,"{'algorithm': 'auto', 'leaf_size': 30, 'n_neighbors': 13, 'weights': 'uniform'}",0.8816137566137566,0.8816137566137566,0.0
KNN,67,"{'algorithm': 'auto', 'leaf_size': 30, 'n_neighbors': 13, 'weights': 'distance'}",0.8927248677248677,0.8927248677248677,0.0
KNN,68,"{'algorithm': 'auto', 'leaf_size': 30, 'n_neighbors': 17, 'weights': 'uniform'}",0.8890211640211639,0.8890211640211639,0.0
KNN,69,"{'algorithm': 'auto', 'leaf_size': 30, 'n_neighbors': 17, 'weights': 'distance'}",0.8964285714285716,0.8964285714285716,0.0
KNN,70,"{'algorithm': 'auto', 'leaf_size': 30, 'n_neighbors': 19, 'weights': 'uniform'}",0.8890211640211639,0.8890211640211639,0.0
KNN,71,"{'algorithm': 'auto', 'leaf_size': 30, 'n_neighbors': 19, 'weights': 'distance'}",0.8927248677248677,0.8927248677248677,0.0
KNN,72,"{'algorithm': 'auto', 'leaf_size': 30, 'n_neighbors': 23, 'weights': 'uniform'}",0.8817460317460316,0.8817460317460316,0.0
KNN,73,"{'algorithm': 'auto', 'leaf_size': 30, 'n_neighbors': 23, 'weights': 'distance'}",0.8927248677248677,0.8927248677248677,0.0
KNN,74,"{'algorithm': 'auto', 'leaf_size': 30, 'n_neighbors': 29, 'weights': 'uniform'}",0.8854497354497355,0.8854497354497355,0.0
KNN,75,"{'algorithm': 'auto', 'leaf_size': 30, 'n_neighbors': 29, 'weights': 'distance'}",0.889153439153439,0.889153439153439,0.0
KNN,76,"{'algorithm': 'auto', 'leaf_size': 30, 'n_neighbors': 31, 'weights': 'uniform'}",0.8928571428571429,0.8928571428571429,0.0
KNN,77,"{'algorithm': 'auto', 'leaf_size': 30, 'n_neighbors': 31, 'weights': 'distance'}",0.8965608465608466,0.8965608465608466,0.0
KNN,78,"{'algorithm': 'auto', 'leaf_size': 30, 'n_neighbors': 37, 'weights': 'uniform'}",0.8707671957671957,0.8707671957671957,0.0
KNN,79,"{'algorithm': 'auto', 'leaf_size': 30, 'n_neighbors': 37, 'weights': 'distance'}",0.8891534391534393,0.8891534391534393,0.0
KNN,80,"{'algorithm': 'auto', 'leaf_size': 30, 'n_neighbors': 41, 'weights': 'uniform'}",0.8597883597883598,0.8597883597883598,0.0
KNN,81,"{'algorithm': 'auto', 'leaf_size': 30, 'n_neighbors': 41, 'weights': 'distance'}",0.8781746031746032,0.8781746031746032,0.0
KNN,82,"{'algorithm': 'auto', 'leaf_size': 30, 'n_neighbors': 43, 'weights': 'uniform'}",0.8706349206349205,0.8706349206349205,0.0
KNN,83,"{'algorithm': 'auto', 'leaf_size': 30, 'n_neighbors': 43, 'weights': 'distance'}",0.8854497354497355,0.8854497354497355,0.0
KNN,84,"{'algorithm': 'auto', 'leaf_size': 40, 'n_neighbors': 2, 'weights': 'uniform'}",0.9113756613756614,0.9113756613756614,0.0
KNN,85,"{'algorithm': 'auto', 'leaf_size': 40, 'n_neighbors': 2, 'weights': 'distance'}",0.9223544973544971,0.9223544973544971,0.0
KNN,86,"{'algorithm': 'auto', 'leaf_size': 40, 'n_neighbors': 3, 'weights': 'uniform'}",0.91494708994709,0.91494708994709,0.0
KNN,87,"{'algorithm': 'auto', 'leaf_size': 40, 'n_neighbors': 3, 'weights': 'distance'}",0.91494708994709,0.91494708994709,0.0
KNN,88,"{'algorithm': 'auto', 'leaf_size': 40, 'n_neighbors': 5, 'weights': 'uniform'}",0.9112433862433862,0.9112433862433862,0.0
KNN,89,"{'algorithm': 'auto', 'leaf_size': 40, 'n_neighbors': 5, 'weights': 'distance'}",0.9149470899470898,0.9149470899470898,0.0
KNN,90,"{'algorithm': 'auto', 'leaf_size': 40, 'n_neighbors': 7, 'weights': 'uniform'}",0.9038359788359788,0.9038359788359788,0.0
KNN,91,"{'algorithm': 'auto', 'leaf_size': 40, 'n_neighbors': 7, 'weights': 'distance'}",0.9112433862433862,0.9112433862433862,0.0
KNN,92,"{'algorithm': 'auto', 'leaf_size': 40, 'n_neighbors': 11, 'weights': 'uniform'}",0.889021164021164,0.889021164021164,0.0
KNN,93,"{'algorithm': 'auto', 'leaf_size': 40, 'n_neighbors': 11, 'weights': 'distance'}",0.9075396825396826,0.9075396825396826,0.0
KNN,94,"{'algorithm': 'auto', 'leaf_size': 40, 'n_neighbors': 13, 'weights': 'uniform'}",0.8816137566137566,0.8816137566137566,0.0
KNN,95,"{'algorithm': 'auto', 'leaf_size': 40, 'n_neighbors': 13, 'weights': 'distance'}",0.8927248677248677,0.8927248677248677,0.0
KNN,96,"{'algorithm': 'auto', 'leaf_size': 40, 'n_neighbors': 17, 'weights': 'uniform'}",0.8890211640211639,0.8890211640211639,0.0
KNN,97,"{'algorithm': 'auto', 'leaf_size': 40, 'n_neighbors': 17, 'weights': 'distance'}",0.8964285714285716,0.8964285714285716,0.0
KNN,98,"{'algorithm': 'auto', 'leaf_size': 40, 'n_neighbors': 19, 'weights': 'uniform'}",0.8890211640211639,0.8890211640211639,0.0
KNN,99,"{'algorithm': 'auto', 'leaf_size': 40, 'n_neighbors': 19, 'weights': 'distance'}",0.8927248677248677,0.8927248677248677,0.0
KNN,100,"{'algorithm': 'auto', 'leaf_size': 40, 'n_neighbors': 23, 'weights': 'uniform'}",0.8817460317460316,0.8817460317460316,0.0
KNN,101,"{'algorithm': 'auto', 'leaf_size': 40, 'n_neighbors': 23, 'weights': 'distance'}",0.8927248677248677,0.8927248677248677,0.0
KNN,102,"{'algorithm': 'auto', 'leaf_size': 40, 'n_neighbors': 29, 'weights': 'uniform'}",0.8854497354497355,0.8854497354497355,0.0
KNN,103,"{'algorithm': 'auto', 'leaf_size': 40, 'n_neighbors': 29, 'weights': 'distance'}",0.889153439153439,0.889153439153439,0.0
KNN,104,"{'algorithm': 'auto', 'leaf_size': 40, 'n_neighbors': 31, 'weights': 'uniform'}",0.8928571428571429,0.8928571428571429,0.0
KNN,105,"{'algorithm': 'auto', 'leaf_size': 40, 'n_neighbors': 31, 'weights': 'distance'}",0.8965608465608466,0.8965608465608466,0.0
KNN,106,"{'algorithm': 'auto', 'leaf_size': 40, 'n_neighbors': 37, 'weights': 'uniform'}",0.8707671957671957,0.8707671957671957,0.0
KNN,107,"{'algorithm': 'auto', 'leaf_size': 40, 'n_neighbors': 37, 'weights': 'distance'}",0.8891534391534393,0.8891534391534393,0.0
KNN,108,"{'algorithm': 'auto', 'leaf_size': 40, 'n_neighbors': 41, 'weights': 'uniform'}",0.8597883597883598,0.8597883597883598,0.0
KNN,109,"{'algorithm': 'auto', 'leaf_size': 40, 'n_neighbors': 41, 'weights': 'distance'}",0.8781746031746032,0.8781746031746032,0.0
KNN,110,"{'algorithm': 'auto', 'leaf_size': 40, 'n_neighbors': 43, 'weights': 'uniform'}",0.8706349206349205,0.8706349206349205,0.0
KNN,111,"{'algorithm': 'auto', 'leaf_size': 40, 'n_neighbors': 43, 'weights': 'distance'}",0.8854497354497355,0.8854497354497355,0.0
KNN,112,"{'algorithm': 'auto', 'leaf_size': 50, 'n_neighbors': 2, 'weights': 'uniform'}",0.9113756613756614,0.9113756613756614,0.0
KNN,113,"{'algorithm': 'auto', 'leaf_size': 50, 'n_neighbors': 2, 'weights': 'distance'}",0.9223544973544971,0.9223544973544971,0.0
KNN,114,"{'algorithm': 'auto', 'leaf_size': 50, 'n_neighbors': 3, 'weights': 'uniform'}",0.91494708994709,0.91494708994709,0.0
KNN,115,"{'algorithm': 'auto', 'leaf_size': 50, 'n_neighbors': 3, 'weights': 'distance'}",0.91494708994709,0.91494708994709,0.0
KNN,116,"{'algorithm': 'auto', 'leaf_size': 50, 'n_neighbors': 5, 'weights': 'uniform'}",0.9112433862433862,0.9112433862433862,0.0
KNN,117,"{'algorithm': 'auto', 'leaf_size': 50, 'n_neighbors': 5, 'weights': 'distance'}",0.9149470899470898,0.9149470899470898,0.0
KNN,118,"{'algorithm': 'auto', 'leaf_size': 50, 'n_neighbors': 7, 'weights': 'uniform'}",0.9038359788359788,0.9038359788359788,0.0
KNN,119,"{'algorithm': 'auto', 'leaf_size': 50, 'n_neighbors': 7, 'weights': 'distance'}",0.9112433862433862,0.9112433862433862,0.0
KNN,120,"{'algorithm': 'auto', 'leaf_size': 50, 'n_neighbors': 11, 'weights': 'uniform'}",0.889021164021164,0.889021164021164,0.0
KNN,121,"{'algorithm': 'auto', 'leaf_size': 50, 'n_neighbors': 11, 'weights': 'distance'}",0.9075396825396826,0.9075396825396826,0.0
KNN,122,"{'algorithm': 'auto', 'leaf_size': 50, 'n_neighbors': 13, 'weights': 'uniform'}",0.8816137566137566,0.8816137566137566,0.0
KNN,123,"{'algorithm': 'auto', 'leaf_size': 50, 'n_neighbors': 13, 'weights': 'distance'}",0.8927248677248677,0.8927248677248677,0.0
KNN,124,"{'algorithm': 'auto', 'leaf_size': 50, 'n_neighbors': 17, 'weights': 'uniform'}",0.8890211640211639,0.8890211640211639,0.0
KNN,125,"{'algorithm': 'auto', 'leaf_size': 50, 'n_neighbors': 17, 'weights': 'distance'}",0.8964285714285716,0.8964285714285716,0.0
KNN,126,"{'algorithm': 'auto', 'leaf_size': 50, 'n_neighbors': 19, 'weights': 'uniform'}",0.8890211640211639,0.8890211640211639,0.0
KNN,127,"{'algorithm': 'auto', 'leaf_size': 50, 'n_neighbors': 19, 'weights': 'distance'}",0.8927248677248677,0.8927248677248677,0.0
KNN,128,"{'algorithm': 'auto', 'leaf_size': 50, 'n_neighbors': 23, 'weights': 'uniform'}",0.8817460317460316,0.8817460317460316,0.0
KNN,129,"{'algorithm': 'auto', 'leaf_size': 50, 'n_neighbors': 23, 'weights': 'distance'}",0.8927248677248677,0.8927248677248677,0.0
KNN,130,"{'algorithm': 'auto', 'leaf_size': 50, 'n_neighbors': 29, 'weights': 'uniform'}",0.8854497354497355,0.8854497354497355,0.0
KNN,131,"{'algorithm': 'auto', 'leaf_size': 50, 'n_neighbors': 29, 'weights': 'distance'}",0.889153439153439,0.889153439153439,0.0
KNN,132,"{'algorithm': 'auto', 'leaf_size': 50, 'n_neighbors': 31, 'weights': 'uniform'}",0.8928571428571429,0.8928571428571429,0.0
KNN,133,"{'algorithm': 'auto', 'leaf_size': 50, 'n_neighbors': 31, 'weights': 'distance'}",0.8965608465608466,0.8965608465608466,0.0
KNN,134,"{'algorithm': 'auto', 'leaf_size': 50, 'n_neighbors': 37, 'weights': 'uniform'}",0.8707671957671957,0.8707671957671957,0.0
KNN,135,"{'algorithm': 'auto', 'leaf_size': 50, 'n_neighbors': 37, 'weights': 'distance'}",0.8891534391534393,0.8891534391534393,0.0
KNN,136,"{'algorithm': 'auto', 'leaf_size': 50, 'n_neighbors': 41, 'weights': 'uniform'}",0.8597883597883598,0.8597883597883598,0.0
KNN,137,"{'algorithm': 'auto', 'leaf_size': 50, 'n_neighbors': 41, 'weights': 'distance'}",0.8781746031746032,0.8781746031746032,0.0
KNN,138,"{'algorithm': 'auto', 'leaf_size': 50, 'n_neighbors': 43, 'weights': 'uniform'}",0.8706349206349205,0.8706349206349205,0.0
KNN,139,"{'algorithm': 'auto', 'leaf_size': 50, 'n_neighbors': 43, 'weights': 'distance'}",0.8854497354497355,0.8854497354497355,0.0
KNN,140,"{'algorithm': 'auto', 'leaf_size': 60, 'n_neighbors': 2, 'weights': 'uniform'}",0.9113756613756614,0.9113756613756614,0.0
KNN,141,"{'algorithm': 'auto', 'leaf_size': 60, 'n_neighbors': 2, 'weights': 'distance'}",0.9223544973544971,0.9223544973544971,0.0
KNN,142,"{'algorithm': 'auto', 'leaf_size': 60, 'n_neighbors': 3, 'weights': 'uniform'}",0.91494708994709,0.91494708994709,0.0
KNN,143,"{'algorithm': 'auto', 'leaf_size': 60, 'n_neighbors': 3, 'weights': 'distance'}",0.91494708994709,0.91494708994709,0.0
KNN,144,"{'algorithm': 'auto', 'leaf_size': 60, 'n_neighbors': 5, 'weights': 'uniform'}",0.9112433862433862,0.9112433862433862,0.0
KNN,145,"{'algorithm': 'auto', 'leaf_size': 60, 'n_neighbors': 5, 'weights': 'distance'}",0.9149470899470898,0.9149470899470898,0.0
KNN,146,"{'algorithm': 'auto', 'leaf_size': 60, 'n_neighbors': 7, 'weights': 'uniform'}",0.9038359788359788,0.9038359788359788,0.0
KNN,147,"{'algorithm': 'auto', 'leaf_size': 60, 'n_neighbors': 7, 'weights': 'distance'}",0.9112433862433862,0.9112433862433862,0.0
KNN,148,"{'algorithm': 'auto', 'leaf_size': 60, 'n_neighbors': 11, 'weights': 'uniform'}",0.889021164021164,0.889021164021164,0.0
KNN,149,"{'algorithm': 'auto', 'leaf_size': 60, 'n_neighbors': 11, 'weights': 'distance'}",0.9075396825396826,0.9075396825396826,0.0
KNN,150,"{'algorithm': 'auto', 'leaf_size': 60, 'n_neighbors': 13, 'weights': 'uniform'}",0.8816137566137566,0.8816137566137566,0.0
KNN,151,"{'algorithm': 'auto', 'leaf_size': 60, 'n_neighbors': 13, 'weights': 'distance'}",0.8927248677248677,0.8927248677248677,0.0
KNN,152,"{'algorithm': 'auto', 'leaf_size': 60, 'n_neighbors': 17, 'weights': 'uniform'}",0.8890211640211639,0.8890211640211639,0.0
KNN,153,"{'algorithm': 'auto', 'leaf_size': 60, 'n_neighbors': 17, 'weights': 'distance'}",0.8964285714285716,0.8964285714285716,0.0
KNN,154,"{'algorithm': 'auto', 'leaf_size': 60, 'n_neighbors': 19, 'weights': 'uniform'}",0.8890211640211639,0.8890211640211639,0.0
KNN,155,"{'algorithm': 'auto', 'leaf_size': 60, 'n_neighbors': 19, 'weights': 'distance'}",0.8927248677248677,0.8927248677248677,0.0
KNN,156,"{'algorithm': 'auto', 'leaf_size': 60, 'n_neighbors': 23, 'weights': 'uniform'}",0.8817460317460316,0.8817460317460316,0.0
KNN,157,"{'algorithm': 'auto', 'leaf_size': 60, 'n_neighbors': 23, 'weights': 'distance'}",0.8927248677248677,0.8927248677248677,0.0
KNN,158,"{'algorithm': 'auto', 'leaf_size': 60, 'n_neighbors': 29, 'weights': 'uniform'}",0.8854497354497355,0.8854497354497355,0.0
KNN,159,"{'algorithm': 'auto', 'leaf_size': 60, 'n_neighbors': 29, 'weights': 'distance'}",0.889153439153439,0.889153439153439,0.0
KNN,160,"{'algorithm': 'auto', 'leaf_size': 60, 'n_neighbors': 31, 'weights': 'uniform'}",0.8928571428571429,0.8928571428571429,0.0
KNN,161,"{'algorithm': 'auto', 'leaf_size': 60, 'n_neighbors': 31, 'weights': 'distance'}",0.8965608465608466,0.8965608465608466,0.0
KNN,162,"{'algorithm': 'auto', 'leaf_size': 60, 'n_neighbors': 37, 'weights': 'uniform'}",0.8707671957671957,0.8707671957671957,0.0
KNN,163,"{'algorithm': 'auto', 'leaf_size': 60, 'n_neighbors': 37, 'weights': 'distance'}",0.8891534391534393,0.8891534391534393,0.0
KNN,164,"{'algorithm': 'auto', 'leaf_size': 60, 'n_neighbors': 41, 'weights': 'uniform'}",0.8597883597883598,0.8597883597883598,0.0
KNN,165,"{'algorithm': 'auto', 'leaf_size': 60, 'n_neighbors': 41, 'weights': 'distance'}",0.8781746031746032,0.8781746031746032,0.0
KNN,166,"{'algorithm': 'auto', 'leaf_size': 60, 'n_neighbors': 43, 'weights': 'uniform'}",0.8706349206349205,0.8706349206349205,0.0
KNN,167,"{'algorithm': 'auto', 'leaf_size': 60, 'n_neighbors': 43, 'weights': 'distance'}",0.8854497354497355,0.8854497354497355,0.0
KNN,168,"{'algorithm': 'auto', 'leaf_size': 70, 'n_neighbors': 2, 'weights': 'uniform'}",0.9113756613756614,0.9113756613756614,0.0
KNN,169,"{'algorithm': 'auto', 'leaf_size': 70, 'n_neighbors': 2, 'weights': 'distance'}",0.9223544973544971,0.9223544973544971,0.0
KNN,170,"{'algorithm': 'auto', 'leaf_size': 70, 'n_neighbors': 3, 'weights': 'uniform'}",0.91494708994709,0.91494708994709,0.0
KNN,171,"{'algorithm': 'auto', 'leaf_size': 70, 'n_neighbors': 3, 'weights': 'distance'}",0.91494708994709,0.91494708994709,0.0
KNN,172,"{'algorithm': 'auto', 'leaf_size': 70, 'n_neighbors': 5, 'weights': 'uniform'}",0.9112433862433862,0.9112433862433862,0.0
KNN,173,"{'algorithm': 'auto', 'leaf_size': 70, 'n_neighbors': 5, 'weights': 'distance'}",0.9149470899470898,0.9149470899470898,0.0
KNN,174,"{'algorithm': 'auto', 'leaf_size': 70, 'n_neighbors': 7, 'weights': 'uniform'}",0.9038359788359788,0.9038359788359788,0.0
KNN,175,"{'algorithm': 'auto', 'leaf_size': 70, 'n_neighbors': 7, 'weights': 'distance'}",0.9112433862433862,0.9112433862433862,0.0
KNN,176,"{'algorithm': 'auto', 'leaf_size': 70, 'n_neighbors': 11, 'weights': 'uniform'}",0.889021164021164,0.889021164021164,0.0
KNN,177,"{'algorithm': 'auto', 'leaf_size': 70, 'n_neighbors': 11, 'weights': 'distance'}",0.9075396825396826,0.9075396825396826,0.0
KNN,178,"{'algorithm': 'auto', 'leaf_size': 70, 'n_neighbors': 13, 'weights': 'uniform'}",0.8816137566137566,0.8816137566137566,0.0
KNN,179,"{'algorithm': 'auto', 'leaf_size': 70, 'n_neighbors': 13, 'weights': 'distance'}",0.8927248677248677,0.8927248677248677,0.0
KNN,180,"{'algorithm': 'auto', 'leaf_size': 70, 'n_neighbors': 17, 'weights': 'uniform'}",0.8890211640211639,0.8890211640211639,0.0
KNN,181,"{'algorithm': 'auto', 'leaf_size': 70, 'n_neighbors': 17, 'weights': 'distance'}",0.8964285714285716,0.8964285714285716,0.0
KNN,182,"{'algorithm': 'auto', 'leaf_size': 70, 'n_neighbors': 19, 'weights': 'uniform'}",0.8890211640211639,0.8890211640211639,0.0
KNN,183,"{'algorithm': 'auto', 'leaf_size': 70, 'n_neighbors': 19, 'weights': 'distance'}",0.8927248677248677,0.8927248677248677,0.0
KNN,184,"{'algorithm': 'auto', 'leaf_size': 70, 'n_neighbors': 23, 'weights': 'uniform'}",0.8817460317460316,0.8817460317460316,0.0
KNN,185,"{'algorithm': 'auto', 'leaf_size': 70, 'n_neighbors': 23, 'weights': 'distance'}",0.8927248677248677,0.8927248677248677,0.0
KNN,186,"{'algorithm': 'auto', 'leaf_size': 70, 'n_neighbors': 29, 'weights': 'uniform'}",0.8854497354497355,0.8854497354497355,0.0
KNN,187,"{'algorithm': 'auto', 'leaf_size': 70, 'n_neighbors': 29, 'weights': 'distance'}",0.889153439153439,0.889153439153439,0.0
KNN,188,"{'algorithm': 'auto', 'leaf_size': 70, 'n_neighbors': 31, 'weights': 'uniform'}",0.8928571428571429,0.8928571428571429,0.0
KNN,189,"{'algorithm': 'auto', 'leaf_size': 70, 'n_neighbors': 31, 'weights': 'distance'}",0.8965608465608466,0.8965608465608466,0.0
KNN,190,"{'algorithm': 'auto', 'leaf_size': 70, 'n_neighbors': 37, 'weights': 'uniform'}",0.8707671957671957,0.8707671957671957,0.0
KNN,191,"{'algorithm': 'auto', 'leaf_size': 70, 'n_neighbors': 37, 'weights': 'distance'}",0.8891534391534393,0.8891534391534393,0.0
KNN,192,"{'algorithm': 'auto', 'leaf_size': 70, 'n_neighbors': 41, 'weights': 'uniform'}",0.8597883597883598,0.8597883597883598,0.0
KNN,193,"{'algorithm': 'auto', 'leaf_size': 70, 'n_neighbors': 41, 'weights': 'distance'}",0.8781746031746032,0.8781746031746032,0.0
KNN,194,"{'algorithm': 'auto', 'leaf_size': 70, 'n_neighbors': 43, 'weights': 'uniform'}",0.8706349206349205,0.8706349206349205,0.0
KNN,195,"{'algorithm': 'auto', 'leaf_size': 70, 'n_neighbors': 43, 'weights': 'distance'}",0.8854497354497355,0.8854497354497355,0.0
KNN,196,"{'algorithm': 'auto', 'leaf_size': 80, 'n_neighbors': 2, 'weights': 'uniform'}",0.9113756613756614,0.9113756613756614,0.0
KNN,197,"{'algorithm': 'auto', 'leaf_size': 80, 'n_neighbors': 2, 'weights': 'distance'}",0.9223544973544971,0.9223544973544971,0.0
KNN,198,"{'algorithm': 'auto', 'leaf_size': 80, 'n_neighbors': 3, 'weights': 'uniform'}",0.91494708994709,0.91494708994709,0.0
KNN,199,"{'algorithm': 'auto', 'leaf_size': 80, 'n_neighbors': 3, 'weights': 'distance'}",0.91494708994709,0.91494708994709,0.0
KNN,200,"{'algorithm': 'auto', 'leaf_size': 80, 'n_neighbors': 5, 'weights': 'uniform'}",0.9112433862433862,0.9112433862433862,0.0
KNN,201,"{'algorithm': 'auto', 'leaf_size': 80, 'n_neighbors': 5, 'weights': 'distance'}",0.9149470899470898,0.9149470899470898,0.0
KNN,202,"{'algorithm': 'auto', 'leaf_size': 80, 'n_neighbors': 7, 'weights': 'uniform'}",0.9038359788359788,0.9038359788359788,0.0
KNN,203,"{'algorithm': 'auto', 'leaf_size': 80, 'n_neighbors': 7, 'weights': 'distance'}",0.9112433862433862,0.9112433862433862,0.0
KNN,204,"{'algorithm': 'auto', 'leaf_size': 80, 'n_neighbors': 11, 'weights': 'uniform'}",0.889021164021164,0.889021164021164,0.0
KNN,205,"{'algorithm': 'auto', 'leaf_size': 80, 'n_neighbors': 11, 'weights': 'distance'}",0.9075396825396826,0.9075396825396826,0.0
KNN,206,"{'algorithm': 'auto', 'leaf_size': 80, 'n_neighbors': 13, 'weights': 'uniform'}",0.8816137566137566,0.8816137566137566,0.0
KNN,207,"{'algorithm': 'auto', 'leaf_size': 80, 'n_neighbors': 13, 'weights': 'distance'}",0.8927248677248677,0.8927248677248677,0.0
KNN,208,"{'algorithm': 'auto', 'leaf_size': 80, 'n_neighbors': 17, 'weights': 'uniform'}",0.8890211640211639,0.8890211640211639,0.0
KNN,209,"{'algorithm': 'auto', 'leaf_size': 80, 'n_neighbors': 17, 'weights': 'distance'}",0.8964285714285716,0.8964285714285716,0.0
KNN,210,"{'algorithm': 'auto', 'leaf_size': 80, 'n_neighbors': 19, 'weights': 'uniform'}",0.8890211640211639,0.8890211640211639,0.0
KNN,211,"{'algorithm': 'auto', 'leaf_size': 80, 'n_neighbors': 19, 'weights': 'distance'}",0.8927248677248677,0.8927248677248677,0.0
KNN,212,"{'algorithm': 'auto', 'leaf_size': 80, 'n_neighbors': 23, 'weights': 'uniform'}",0.8817460317460316,0.8817460317460316,0.0
KNN,213,"{'algorithm': 'auto', 'leaf_size': 80, 'n_neighbors': 23, 'weights': 'distance'}",0.8927248677248677,0.8927248677248677,0.0
KNN,214,"{'algorithm': 'auto', 'leaf_size': 80, 'n_neighbors': 29, 'weights': 'uniform'}",0.8854497354497355,0.8854497354497355,0.0
KNN,215,"{'algorithm': 'auto', 'leaf_size': 80, 'n_neighbors': 29, 'weights': 'distance'}",0.889153439153439,0.889153439153439,0.0
KNN,216,"{'algorithm': 'auto', 'leaf_size': 80, 'n_neighbors': 31, 'weights': 'uniform'}",0.8928571428571429,0.8928571428571429,0.0
KNN,217,"{'algorithm': 'auto', 'leaf_size': 80, 'n_neighbors': 31, 'weights': 'distance'}",0.8965608465608466,0.8965608465608466,0.0
KNN,218,"{'algorithm': 'auto', 'leaf_size': 80, 'n_neighbors': 37, 'weights': 'uniform'}",0.8707671957671957,0.8707671957671957,0.0
KNN,219,"{'algorithm': 'auto', 'leaf_size': 80, 'n_neighbors': 37, 'weights': 'distance'}",0.8891534391534393,0.8891534391534393,0.0
KNN,220,"{'algorithm': 'auto', 'leaf_size': 80, 'n_neighbors': 41, 'weights': 'uniform'}",0.8597883597883598,0.8597883597883598,0.0
KNN,221,"{'algorithm': 'auto', 'leaf_size': 80, 'n_neighbors': 41, 'weights': 'distance'}",0.8781746031746032,0.8781746031746032,0.0
KNN,222,"{'algorithm': 'auto', 'leaf_size': 80, 'n_neighbors': 43, 'weights': 'uniform'}",0.8706349206349205,0.8706349206349205,0.0
KNN,223,"{'algorithm': 'auto', 'leaf_size': 80, 'n_neighbors': 43, 'weights': 'distance'}",0.8854497354497355,0.8854497354497355,0.0
KNN,224,"{'algorithm': 'ball_tree', 'leaf_size': 10, 'n_neighbors': 2, 'weights': 'uniform'}",0.9113756613756614,0.9113756613756614,0.0
KNN,225,"{'algorithm': 'ball_tree', 'leaf_size': 10, 'n_neighbors': 2, 'weights': 'distance'}",0.9223544973544971,0.9223544973544971,0.0
KNN,226,"{'algorithm': 'ball_tree', 'leaf_size': 10, 'n_neighbors': 3, 'weights': 'uniform'}",0.91494708994709,0.91494708994709,0.0
KNN,227,"{'algorithm': 'ball_tree', 'leaf_size': 10, 'n_neighbors': 3, 'weights': 'distance'}",0.91494708994709,0.91494708994709,0.0
KNN,228,"{'algorithm': 'ball_tree', 'leaf_size': 10, 'n_neighbors': 5, 'weights': 'uniform'}",0.9112433862433862,0.9112433862433862,0.0
KNN,229,"{'algorithm': 'ball_tree', 'leaf_size': 10, 'n_neighbors': 5, 'weights': 'distance'}",0.9149470899470898,0.9149470899470898,0.0
KNN,230,"{'algorithm': 'ball_tree', 'leaf_size': 10, 'n_neighbors': 7, 'weights': 'uniform'}",0.9038359788359788,0.9038359788359788,0.0
KNN,231,"{'algorithm': 'ball_tree', 'leaf_size': 10, 'n_neighbors': 7, 'weights': 'distance'}",0.9112433862433862,0.9112433862433862,0.0
KNN,232,"{'algorithm': 'ball_tree', 'leaf_size': 10, 'n_neighbors': 11, 'weights': 'uniform'}",0.889021164021164,0.889021164021164,0.0
KNN,233,"{'algorithm': 'ball_tree', 'leaf_size': 10, 'n_neighbors': 11, 'weights': 'distance'}",0.9075396825396826,0.9075396825396826,0.0
KNN,234,"{'algorithm': 'ball_tree', 'leaf_size': 10, 'n_neighbors': 13, 'weights': 'uniform'}",0.8816137566137566,0.8816137566137566,0.0
KNN,235,"{'algorithm': 'ball_tree', 'leaf_size': 10, 'n_neighbors': 13, 'weights': 'distance'}",0.8927248677248677,0.8927248677248677,0.0
KNN,236,"{'algorithm': 'ball_tree', 'leaf_size': 10, 'n_neighbors': 17, 'weights': 'uniform'}",0.8890211640211639,0.8890211640211639,0.0
KNN,237,"{'algorithm': 'ball_tree', 'leaf_size': 10, 'n_neighbors': 17, 'weights': 'distance'}",0.8964285714285716,0.8964285714285716,0.0
KNN,238,"{'algorithm': 'ball_tree', 'leaf_size': 10, 'n_neighbors': 19, 'weights': 'uniform'}",0.8890211640211639,0.8890211640211639,0.0
KNN,239,"{'algorithm': 'ball_tree', 'leaf_size': 10, 'n_neighbors': 19, 'weights': 'distance'}",0.8927248677248677,0.8927248677248677,0.0
KNN,240,"{'algorithm': 'ball_tree', 'leaf_size': 10, 'n_neighbors': 23, 'weights': 'uniform'}",0.8817460317460316,0.8817460317460316,0.0
KNN,241,"{'algorithm': 'ball_tree', 'leaf_size': 10, 'n_neighbors': 23, 'weights': 'distance'}",0.8927248677248677,0.8927248677248677,0.0
KNN,242,"{'algorithm': 'ball_tree', 'leaf_size': 10, 'n_neighbors': 29, 'weights': 'uniform'}",0.8854497354497355,0.8854497354497355,0.0
KNN,243,"{'algorithm': 'ball_tree', 'leaf_size': 10, 'n_neighbors': 29, 'weights': 'distance'}",0.889153439153439,0.889153439153439,0.0
KNN,244,"{'algorithm': 'ball_tree', 'leaf_size': 10, 'n_neighbors': 31, 'weights': 'uniform'}",0.8928571428571429,0.8928571428571429,0.0
KNN,245,"{'algorithm': 'ball_tree', 'leaf_size': 10, 'n_neighbors': 31, 'weights': 'distance'}",0.8965608465608466,0.8965608465608466,0.0
KNN,246,"{'algorithm': 'ball_tree', 'leaf_size': 10, 'n_neighbors': 37, 'weights': 'uniform'}",0.8707671957671957,0.8707671957671957,0.0
KNN,247,"{'algorithm': 'ball_tree', 'leaf_size': 10, 'n_neighbors': 37, 'weights': 'distance'}",0.8891534391534393,0.8891534391534393,0.0
KNN,248,"{'algorithm': 'ball_tree', 'leaf_size': 10, 'n_neighbors': 41, 'weights': 'uniform'}",0.8597883597883598,0.8597883597883598,0.0
KNN,249,"{'algorithm': 'ball_tree', 'leaf_size': 10, 'n_neighbors': 41, 'weights': 'distance'}",0.8781746031746032,0.8781746031746032,0.0
KNN,250,"{'algorithm': 'ball_tree', 'leaf_size': 10, 'n_neighbors': 43, 'weights': 'uniform'}",0.8706349206349205,0.8706349206349205,0.0
KNN,251,"{'algorithm': 'ball_tree', 'leaf_size': 10, 'n_neighbors': 43, 'weights': 'distance'}",0.8854497354497355,0.8854497354497355,0.0
KNN,252,"{'algorithm': 'ball_tree', 'leaf_size': 20, 'n_neighbors': 2, 'weights': 'uniform'}",0.9113756613756614,0.9113756613756614,0.0
KNN,253,"{'algorithm': 'ball_tree', 'leaf_size': 20, 'n_neighbors': 2, 'weights': 'distance'}",0.9223544973544971,0.9223544973544971,0.0
KNN,254,"{'algorithm': 'ball_tree', 'leaf_size': 20, 'n_neighbors': 3, 'weights': 'uniform'}",0.91494708994709,0.91494708994709,0.0
KNN,255,"{'algorithm': 'ball_tree', 'leaf_size': 20, 'n_neighbors': 3, 'weights': 'distance'}",0.91494708994709,0.91494708994709,0.0
KNN,256,"{'algorithm': 'ball_tree', 'leaf_size': 20, 'n_neighbors': 5, 'weights': 'uniform'}",0.9112433862433862,0.9112433862433862,0.0
KNN,257,"{'algorithm': 'ball_tree', 'leaf_size': 20, 'n_neighbors': 5, 'weights': 'distance'}",0.9149470899470898,0.9149470899470898,0.0
KNN,258,"{'algorithm': 'ball_tree', 'leaf_size': 20, 'n_neighbors': 7, 'weights': 'uniform'}",0.9038359788359788,0.9038359788359788,0.0
KNN,259,"{'algorithm': 'ball_tree', 'leaf_size': 20, 'n_neighbors': 7, 'weights': 'distance'}",0.9112433862433862,0.9112433862433862,0.0
KNN,260,"{'algorithm': 'ball_tree', 'leaf_size': 20, 'n_neighbors': 11, 'weights': 'uniform'}",0.889021164021164,0.889021164021164,0.0
KNN,261,"{'algorithm': 'ball_tree', 'leaf_size': 20, 'n_neighbors': 11, 'weights': 'distance'}",0.9075396825396826,0.9075396825396826,0.0
KNN,262,"{'algorithm': 'ball_tree', 'leaf_size': 20, 'n_neighbors': 13, 'weights': 'uniform'}",0.8816137566137566,0.8816137566137566,0.0
KNN,263,"{'algorithm': 'ball_tree', 'leaf_size': 20, 'n_neighbors': 13, 'weights': 'distance'}",0.8927248677248677,0.8927248677248677,0.0
KNN,264,"{'algorithm': 'ball_tree', 'leaf_size': 20, 'n_neighbors': 17, 'weights': 'uniform'}",0.8890211640211639,0.8890211640211639,0.0
KNN,265,"{'algorithm': 'ball_tree', 'leaf_size': 20, 'n_neighbors': 17, 'weights': 'distance'}",0.8964285714285716,0.8964285714285716,0.0
KNN,266,"{'algorithm': 'ball_tree', 'leaf_size': 20, 'n_neighbors': 19, 'weights': 'uniform'}",0.8890211640211639,0.8890211640211639,0.0
KNN,267,"{'algorithm': 'ball_tree', 'leaf_size': 20, 'n_neighbors': 19, 'weights': 'distance'}",0.8927248677248677,0.8927248677248677,0.0
KNN,268,"{'algorithm': 'ball_tree', 'leaf_size': 20, 'n_neighbors': 23, 'weights': 'uniform'}",0.8817460317460316,0.8817460317460316,0.0
KNN,269,"{'algorithm': 'ball_tree', 'leaf_size': 20, 'n_neighbors': 23, 'weights': 'distance'}",0.8927248677248677,0.8927248677248677,0.0
KNN,270,"{'algorithm': 'ball_tree', 'leaf_size': 20, 'n_neighbors': 29, 'weights': 'uniform'}",0.8854497354497355,0.8854497354497355,0.0
KNN,271,"{'algorithm': 'ball_tree', 'leaf_size': 20, 'n_neighbors': 29, 'weights': 'distance'}",0.889153439153439,0.889153439153439,0.0
KNN,272,"{'algorithm': 'ball_tree', 'leaf_size': 20, 'n_neighbors': 31, 'weights': 'uniform'}",0.8928571428571429,0.8928571428571429,0.0
KNN,273,"{'algorithm': 'ball_tree', 'leaf_size': 20, 'n_neighbors': 31, 'weights': 'distance'}",0.8965608465608466,0.8965608465608466,0.0
KNN,274,"{'algorithm': 'ball_tree', 'leaf_size': 20, 'n_neighbors': 37, 'weights': 'uniform'}",0.8707671957671957,0.8707671957671957,0.0
KNN,275,"{'algorithm': 'ball_tree', 'leaf_size': 20, 'n_neighbors': 37, 'weights': 'distance'}",0.8891534391534393,0.8891534391534393,0.0
KNN,276,"{'algorithm': 'ball_tree', 'leaf_size': 20, 'n_neighbors': 41, 'weights': 'uniform'}",0.8597883597883598,0.8597883597883598,0.0
KNN,277,"{'algorithm': 'ball_tree', 'leaf_size': 20, 'n_neighbors': 41, 'weights': 'distance'}",0.8781746031746032,0.8781746031746032,0.0
KNN,278,"{'algorithm': 'ball_tree', 'leaf_size': 20, 'n_neighbors': 43, 'weights': 'uniform'}",0.8706349206349205,0.8706349206349205,0.0
KNN,279,"{'algorithm': 'ball_tree', 'leaf_size': 20, 'n_neighbors': 43, 'weights': 'distance'}",0.8854497354497355,0.8854497354497355,0.0
KNN,280,"{'algorithm': 'ball_tree', 'leaf_size': 30, 'n_neighbors': 2, 'weights': 'uniform'}",0.9113756613756614,0.9113756613756614,0.0
KNN,281,"{'algorithm': 'ball_tree', 'leaf_size': 30, 'n_neighbors': 2, 'weights': 'distance'}",0.9223544973544971,0.9223544973544971,0.0
KNN,282,"{'algorithm': 'ball_tree', 'leaf_size': 30, 'n_neighbors': 3, 'weights': 'uniform'}",0.91494708994709,0.91494708994709,0.0
KNN,283,"{'algorithm': 'ball_tree', 'leaf_size': 30, 'n_neighbors': 3, 'weights': 'distance'}",0.91494708994709,0.91494708994709,0.0
KNN,284,"{'algorithm': 'ball_tree', 'leaf_size': 30, 'n_neighbors': 5, 'weights': 'uniform'}",0.9112433862433862,0.9112433862433862,0.0
KNN,285,"{'algorithm': 'ball_tree', 'leaf_size': 30, 'n_neighbors': 5, 'weights': 'distance'}",0.9149470899470898,0.9149470899470898,0.0
KNN,286,"{'algorithm': 'ball_tree', 'leaf_size': 30, 'n_neighbors': 7, 'weights': 'uniform'}",0.9038359788359788,0.9038359788359788,0.0
KNN,287,"{'algorithm': 'ball_tree', 'leaf_size': 30, 'n_neighbors': 7, 'weights': 'distance'}",0.9112433862433862,0.9112433862433862,0.0
KNN,288,"{'algorithm': 'ball_tree', 'leaf_size': 30, 'n_neighbors': 11, 'weights': 'uniform'}",0.889021164021164,0.889021164021164,0.0
KNN,289,"{'algorithm': 'ball_tree', 'leaf_size': 30, 'n_neighbors': 11, 'weights': 'distance'}",0.9075396825396826,0.9075396825396826,0.0
KNN,290,"{'algorithm': 'ball_tree', 'leaf_size': 30, 'n_neighbors': 13, 'weights': 'uniform'}",0.8816137566137566,0.8816137566137566,0.0
KNN,291,"{'algorithm': 'ball_tree', 'leaf_size': 30, 'n_neighbors': 13, 'weights': 'distance'}",0.8927248677248677,0.8927248677248677,0.0
KNN,292,"{'algorithm': 'ball_tree', 'leaf_size': 30, 'n_neighbors': 17, 'weights': 'uniform'}",0.8890211640211639,0.8890211640211639,0.0
KNN,293,"{'algorithm': 'ball_tree', 'leaf_size': 30, 'n_neighbors': 17, 'weights': 'distance'}",0.8964285714285716,0.8964285714285716,0.0
KNN,294,"{'algorithm': 'ball_tree', 'leaf_size': 30, 'n_neighbors': 19, 'weights': 'uniform'}",0.8890211640211639,0.8890211640211639,0.0
KNN,295,"{'algorithm': 'ball_tree', 'leaf_size': 30, 'n_neighbors': 19, 'weights': 'distance'}",0.8927248677248677,0.8927248677248677,0.0
KNN,296,"{'algorithm': 'ball_tree', 'leaf_size': 30, 'n_neighbors': 23, 'weights': 'uniform'}",0.8817460317460316,0.8817460317460316,0.0
KNN,297,"{'algorithm': 'ball_tree', 'leaf_size': 30, 'n_neighbors': 23, 'weights': 'distance'}",0.8927248677248677,0.8927248677248677,0.0
KNN,298,"{'algorithm': 'ball_tree', 'leaf_size': 30, 'n_neighbors': 29, 'weights': 'uniform'}",0.8854497354497355,0.8854497354497355,0.0
KNN,299,"{'algorithm': 'ball_tree', 'leaf_size': 30, 'n_neighbors': 29, 'weights': 'distance'}",0.889153439153439,0.889153439153439,0.0
KNN,300,"{'algorithm': 'ball_tree', 'leaf_size': 30, 'n_neighbors': 31, 'weights': 'uniform'}",0.8928571428571429,0.8928571428571429,0.0
KNN,301,"{'algorithm': 'ball_tree', 'leaf_size': 30, 'n_neighbors': 31, 'weights': 'distance'}",0.8965608465608466,0.8965608465608466,0.0
KNN,302,"{'algorithm': 'ball_tree', 'leaf_size': 30, 'n_neighbors': 37, 'weights': 'uniform'}",0.8707671957671957,0.8707671957671957,0.0
KNN,303,"{'algorithm': 'ball_tree', 'leaf_size': 30, 'n_neighbors': 37, 'weights': 'distance'}",0.8891534391534393,0.8891534391534393,0.0
KNN,304,"{'algorithm': 'ball_tree', 'leaf_size': 30, 'n_neighbors': 41, 'weights': 'uniform'}",0.8597883597883598,0.8597883597883598,0.0
KNN,305,"{'algorithm': 'ball_tree', 'leaf_size': 30, 'n_neighbors': 41, 'weights': 'distance'}",0.8781746031746032,0.8781746031746032,0.0
KNN,306,"{'algorithm': 'ball_tree', 'leaf_size': 30, 'n_neighbors': 43, 'weights': 'uniform'}",0.8706349206349205,0.8706349206349205,0.0
KNN,307,"{'algorithm': 'ball_tree', 'leaf_size': 30, 'n_neighbors': 43, 'weights': 'distance'}",0.8854497354497355,0.8854497354497355,0.0
KNN,308,"{'algorithm': 'ball_tree', 'leaf_size': 40, 'n_neighbors': 2, 'weights': 'uniform'}",0.9113756613756614,0.9113756613756614,0.0
KNN,309,"{'algorithm': 'ball_tree', 'leaf_size': 40, 'n_neighbors': 2, 'weights': 'distance'}",0.9223544973544971,0.9223544973544971,0.0
KNN,310,"{'algorithm': 'ball_tree', 'leaf_size': 40, 'n_neighbors': 3, 'weights': 'uniform'}",0.91494708994709,0.91494708994709,0.0
KNN,311,"{'algorithm': 'ball_tree', 'leaf_size': 40, 'n_neighbors': 3, 'weights': 'distance'}",0.91494708994709,0.91494708994709,0.0
KNN,312,"{'algorithm': 'ball_tree', 'leaf_size': 40, 'n_neighbors': 5, 'weights': 'uniform'}",0.9112433862433862,0.9112433862433862,0.0
KNN,313,"{'algorithm': 'ball_tree', 'leaf_size': 40, 'n_neighbors': 5, 'weights': 'distance'}",0.9149470899470898,0.9149470899470898,0.0
KNN,314,"{'algorithm': 'ball_tree', 'leaf_size': 40, 'n_neighbors': 7, 'weights': 'uniform'}",0.9038359788359788,0.9038359788359788,0.0
KNN,315,"{'algorithm': 'ball_tree', 'leaf_size': 40, 'n_neighbors': 7, 'weights': 'distance'}",0.9112433862433862,0.9112433862433862,0.0
KNN,316,"{'algorithm': 'ball_tree', 'leaf_size': 40, 'n_neighbors': 11, 'weights': 'uniform'}",0.889021164021164,0.889021164021164,0.0
KNN,317,"{'algorithm': 'ball_tree', 'leaf_size': 40, 'n_neighbors': 11, 'weights': 'distance'}",0.9075396825396826,0.9075396825396826,0.0
KNN,318,"{'algorithm': 'ball_tree', 'leaf_size': 40, 'n_neighbors': 13, 'weights': 'uniform'}",0.8816137566137566,0.8816137566137566,0.0
KNN,319,"{'algorithm': 'ball_tree', 'leaf_size': 40, 'n_neighbors': 13, 'weights': 'distance'}",0.8927248677248677,0.8927248677248677,0.0
KNN,320,"{'algorithm': 'ball_tree', 'leaf_size': 40, 'n_neighbors': 17, 'weights': 'uniform'}",0.8890211640211639,0.8890211640211639,0.0
KNN,321,"{'algorithm': 'ball_tree', 'leaf_size': 40, 'n_neighbors': 17, 'weights': 'distance'}",0.8964285714285716,0.8964285714285716,0.0
KNN,322,"{'algorithm': 'ball_tree', 'leaf_size': 40, 'n_neighbors': 19, 'weights': 'uniform'}",0.8890211640211639,0.8890211640211639,0.0
KNN,323,"{'algorithm': 'ball_tree', 'leaf_size': 40, 'n_neighbors': 19, 'weights': 'distance'}",0.8927248677248677,0.8927248677248677,0.0
KNN,324,"{'algorithm': 'ball_tree', 'leaf_size': 40, 'n_neighbors': 23, 'weights': 'uniform'}",0.8817460317460316,0.8817460317460316,0.0
KNN,325,"{'algorithm': 'ball_tree', 'leaf_size': 40, 'n_neighbors': 23, 'weights': 'distance'}",0.8927248677248677,0.8927248677248677,0.0
KNN,326,"{'algorithm': 'ball_tree', 'leaf_size': 40, 'n_neighbors': 29, 'weights': 'uniform'}",0.8854497354497355,0.8854497354497355,0.0
KNN,327,"{'algorithm': 'ball_tree', 'leaf_size': 40, 'n_neighbors': 29, 'weights': 'distance'}",0.889153439153439,0.889153439153439,0.0
KNN,328,"{'algorithm': 'ball_tree', 'leaf_size': 40, 'n_neighbors': 31, 'weights': 'uniform'}",0.8928571428571429,0.8928571428571429,0.0
KNN,329,"{'algorithm': 'ball_tree', 'leaf_size': 40, 'n_neighbors': 31, 'weights': 'distance'}",0.8965608465608466,0.8965608465608466,0.0
KNN,330,"{'algorithm': 'ball_tree', 'leaf_size': 40, 'n_neighbors': 37, 'weights': 'uniform'}",0.8707671957671957,0.8707671957671957,0.0
KNN,331,"{'algorithm': 'ball_tree', 'leaf_size': 40, 'n_neighbors': 37, 'weights': 'distance'}",0.8891534391534393,0.8891534391534393,0.0
KNN,332,"{'algorithm': 'ball_tree', 'leaf_size': 40, 'n_neighbors': 41, 'weights': 'uniform'}",0.8597883597883598,0.8597883597883598,0.0
KNN,333,"{'algorithm': 'ball_tree', 'leaf_size': 40, 'n_neighbors': 41, 'weights': 'distance'}",0.8781746031746032,0.8781746031746032,0.0
KNN,334,"{'algorithm': 'ball_tree', 'leaf_size': 40, 'n_neighbors': 43, 'weights': 'uniform'}",0.8706349206349205,0.8706349206349205,0.0
KNN,335,"{'algorithm': 'ball_tree', 'leaf_size': 40, 'n_neighbors': 43, 'weights': 'distance'}",0.8854497354497355,0.8854497354497355,0.0
KNN,336,"{'algorithm': 'ball_tree', 'leaf_size': 50, 'n_neighbors': 2, 'weights': 'uniform'}",0.9113756613756614,0.9113756613756614,0.0
KNN,337,"{'algorithm': 'ball_tree', 'leaf_size': 50, 'n_neighbors': 2, 'weights': 'distance'}",0.9223544973544971,0.9223544973544971,0.0
KNN,338,"{'algorithm': 'ball_tree', 'leaf_size': 50, 'n_neighbors': 3, 'weights': 'uniform'}",0.91494708994709,0.91494708994709,0.0
KNN,339,"{'algorithm': 'ball_tree', 'leaf_size': 50, 'n_neighbors': 3, 'weights': 'distance'}",0.91494708994709,0.91494708994709,0.0
KNN,340,"{'algorithm': 'ball_tree', 'leaf_size': 50, 'n_neighbors': 5, 'weights': 'uniform'}",0.9112433862433862,0.9112433862433862,0.0
KNN,341,"{'algorithm': 'ball_tree', 'leaf_size': 50, 'n_neighbors': 5, 'weights': 'distance'}",0.9149470899470898,0.9149470899470898,0.0
KNN,342,"{'algorithm': 'ball_tree', 'leaf_size': 50, 'n_neighbors': 7, 'weights': 'uniform'}",0.9038359788359788,0.9038359788359788,0.0
KNN,343,"{'algorithm': 'ball_tree', 'leaf_size': 50, 'n_neighbors': 7, 'weights': 'distance'}",0.9112433862433862,0.9112433862433862,0.0
KNN,344,"{'algorithm': 'ball_tree', 'leaf_size': 50, 'n_neighbors': 11, 'weights': 'uniform'}",0.889021164021164,0.889021164021164,0.0
KNN,345,"{'algorithm': 'ball_tree', 'leaf_size': 50, 'n_neighbors': 11, 'weights': 'distance'}",0.9075396825396826,0.9075396825396826,0.0
KNN,346,"{'algorithm': 'ball_tree', 'leaf_size': 50, 'n_neighbors': 13, 'weights': 'uniform'}",0.8816137566137566,0.8816137566137566,0.0
KNN,347,"{'algorithm': 'ball_tree', 'leaf_size': 50, 'n_neighbors': 13, 'weights': 'distance'}",0.8927248677248677,0.8927248677248677,0.0
KNN,348,"{'algorithm': 'ball_tree', 'leaf_size': 50, 'n_neighbors': 17, 'weights': 'uniform'}",0.8890211640211639,0.8890211640211639,0.0
KNN,349,"{'algorithm': 'ball_tree', 'leaf_size': 50, 'n_neighbors': 17, 'weights': 'distance'}",0.8964285714285716,0.8964285714285716,0.0
KNN,350,"{'algorithm': 'ball_tree', 'leaf_size': 50, 'n_neighbors': 19, 'weights': 'uniform'}",0.8890211640211639,0.8890211640211639,0.0
KNN,351,"{'algorithm': 'ball_tree', 'leaf_size': 50, 'n_neighbors': 19, 'weights': 'distance'}",0.8927248677248677,0.8927248677248677,0.0
KNN,352,"{'algorithm': 'ball_tree', 'leaf_size': 50, 'n_neighbors': 23, 'weights': 'uniform'}",0.8817460317460316,0.8817460317460316,0.0
KNN,353,"{'algorithm': 'ball_tree', 'leaf_size': 50, 'n_neighbors': 23, 'weights': 'distance'}",0.8927248677248677,0.8927248677248677,0.0
KNN,354,"{'algorithm': 'ball_tree', 'leaf_size': 50, 'n_neighbors': 29, 'weights': 'uniform'}",0.8854497354497355,0.8854497354497355,0.0
KNN,355,"{'algorithm': 'ball_tree', 'leaf_size': 50, 'n_neighbors': 29, 'weights': 'distance'}",0.889153439153439,0.889153439153439,0.0
KNN,356,"{'algorithm': 'ball_tree', 'leaf_size': 50, 'n_neighbors': 31, 'weights': 'uniform'}",0.8928571428571429,0.8928571428571429,0.0
KNN,357,"{'algorithm': 'ball_tree', 'leaf_size': 50, 'n_neighbors': 31, 'weights': 'distance'}",0.8965608465608466,0.8965608465608466,0.0
KNN,358,"{'algorithm': 'ball_tree', 'leaf_size': 50, 'n_neighbors': 37, 'weights': 'uniform'}",0.8707671957671957,0.8707671957671957,0.0
KNN,359,"{'algorithm': 'ball_tree', 'leaf_size': 50, 'n_neighbors': 37, 'weights': 'distance'}",0.8891534391534393,0.8891534391534393,0.0
KNN,360,"{'algorithm': 'ball_tree', 'leaf_size': 50, 'n_neighbors': 41, 'weights': 'uniform'}",0.8597883597883598,0.8597883597883598,0.0
KNN,361,"{'algorithm': 'ball_tree', 'leaf_size': 50, 'n_neighbors': 41, 'weights': 'distance'}",0.8781746031746032,0.8781746031746032,0.0
KNN,362,"{'algorithm': 'ball_tree', 'leaf_size': 50, 'n_neighbors': 43, 'weights': 'uniform'}",0.8706349206349205,0.8706349206349205,0.0
KNN,363,"{'algorithm': 'ball_tree', 'leaf_size': 50, 'n_neighbors': 43, 'weights': 'distance'}",0.8854497354497355,0.8854497354497355,0.0
KNN,364,"{'algorithm': 'ball_tree', 'leaf_size': 60, 'n_neighbors': 2, 'weights': 'uniform'}",0.9113756613756614,0.9113756613756614,0.0
KNN,365,"{'algorithm': 'ball_tree', 'leaf_size': 60, 'n_neighbors': 2, 'weights': 'distance'}",0.9223544973544971,0.9223544973544971,0.0
KNN,366,"{'algorithm': 'ball_tree', 'leaf_size': 60, 'n_neighbors': 3, 'weights': 'uniform'}",0.91494708994709,0.91494708994709,0.0
KNN,367,"{'algorithm': 'ball_tree', 'leaf_size': 60, 'n_neighbors': 3, 'weights': 'distance'}",0.91494708994709,0.91494708994709,0.0
KNN,368,"{'algorithm': 'ball_tree', 'leaf_size': 60, 'n_neighbors': 5, 'weights': 'uniform'}",0.9112433862433862,0.9112433862433862,0.0
KNN,369,"{'algorithm': 'ball_tree', 'leaf_size': 60, 'n_neighbors': 5, 'weights': 'distance'}",0.9149470899470898,0.9149470899470898,0.0
KNN,370,"{'algorithm': 'ball_tree', 'leaf_size': 60, 'n_neighbors': 7, 'weights': 'uniform'}",0.9038359788359788,0.9038359788359788,0.0
KNN,371,"{'algorithm': 'ball_tree', 'leaf_size': 60, 'n_neighbors': 7, 'weights': 'distance'}",0.9112433862433862,0.9112433862433862,0.0
KNN,372,"{'algorithm': 'ball_tree', 'leaf_size': 60, 'n_neighbors': 11, 'weights': 'uniform'}",0.889021164021164,0.889021164021164,0.0
KNN,373,"{'algorithm': 'ball_tree', 'leaf_size': 60, 'n_neighbors': 11, 'weights': 'distance'}",0.9075396825396826,0.9075396825396826,0.0
KNN,374,"{'algorithm': 'ball_tree', 'leaf_size': 60, 'n_neighbors': 13, 'weights': 'uniform'}",0.8816137566137566,0.8816137566137566,0.0
KNN,375,"{'algorithm': 'ball_tree', 'leaf_size': 60, 'n_neighbors': 13, 'weights': 'distance'}",0.8927248677248677,0.8927248677248677,0.0
KNN,376,"{'algorithm': 'ball_tree', 'leaf_size': 60, 'n_neighbors': 17, 'weights': 'uniform'}",0.8890211640211639,0.8890211640211639,0.0
KNN,377,"{'algorithm': 'ball_tree', 'leaf_size': 60, 'n_neighbors': 17, 'weights': 'distance'}",0.8964285714285716,0.8964285714285716,0.0
KNN,378,"{'algorithm': 'ball_tree', 'leaf_size': 60, 'n_neighbors': 19, 'weights': 'uniform'}",0.8890211640211639,0.8890211640211639,0.0
KNN,379,"{'algorithm': 'ball_tree', 'leaf_size': 60, 'n_neighbors': 19, 'weights': 'distance'}",0.8927248677248677,0.8927248677248677,0.0
KNN,380,"{'algorithm': 'ball_tree', 'leaf_size': 60, 'n_neighbors': 23, 'weights': 'uniform'}",0.8817460317460316,0.8817460317460316,0.0
KNN,381,"{'algorithm': 'ball_tree', 'leaf_size': 60, 'n_neighbors': 23, 'weights': 'distance'}",0.8927248677248677,0.8927248677248677,0.0
KNN,382,"{'algorithm': 'ball_tree', 'leaf_size': 60, 'n_neighbors': 29, 'weights': 'uniform'}",0.8854497354497355,0.8854497354497355,0.0
KNN,383,"{'algorithm': 'ball_tree', 'leaf_size': 60, 'n_neighbors': 29, 'weights': 'distance'}",0.889153439153439,0.889153439153439,0.0
KNN,384,"{'algorithm': 'ball_tree', 'leaf_size': 60, 'n_neighbors': 31, 'weights': 'uniform'}",0.8928571428571429,0.8928571428571429,0.0
KNN,385,"{'algorithm': 'ball_tree', 'leaf_size': 60, 'n_neighbors': 31, 'weights': 'distance'}",0.8965608465608466,0.8965608465608466,0.0
KNN,386,"{'algorithm': 'ball_tree', 'leaf_size': 60, 'n_neighbors': 37, 'weights': 'uniform'}",0.8707671957671957,0.8707671957671957,0.0
KNN,387,"{'algorithm': 'ball_tree', 'leaf_size': 60, 'n_neighbors': 37, 'weights': 'distance'}",0.8891534391534393,0.8891534391534393,0.0
KNN,388,"{'algorithm': 'ball_tree', 'leaf_size': 60, 'n_neighbors': 41, 'weights': 'uniform'}",0.8597883597883598,0.8597883597883598,0.0
KNN,389,"{'algorithm': 'ball_tree', 'leaf_size': 60, 'n_neighbors': 41, 'weights': 'distance'}",0.8781746031746032,0.8781746031746032,0.0
KNN,390,"{'algorithm': 'ball_tree', 'leaf_size': 60, 'n_neighbors': 43, 'weights': 'uniform'}",0.8706349206349205,0.8706349206349205,0.0
KNN,391,"{'algorithm': 'ball_tree', 'leaf_size': 60, 'n_neighbors': 43, 'weights': 'distance'}",0.8854497354497355,0.8854497354497355,0.0
KNN,392,"{'algorithm': 'ball_tree', 'leaf_size': 70, 'n_neighbors': 2, 'weights': 'uniform'}",0.9113756613756614,0.9113756613756614,0.0
KNN,393,"{'algorithm': 'ball_tree', 'leaf_size': 70, 'n_neighbors': 2, 'weights': 'distance'}",0.9223544973544971,0.9223544973544971,0.0
KNN,394,"{'algorithm': 'ball_tree', 'leaf_size': 70, 'n_neighbors': 3, 'weights': 'uniform'}",0.91494708994709,0.91494708994709,0.0
KNN,395,"{'algorithm': 'ball_tree', 'leaf_size': 70, 'n_neighbors': 3, 'weights': 'distance'}",0.91494708994709,0.91494708994709,0.0
KNN,396,"{'algorithm': 'ball_tree', 'leaf_size': 70, 'n_neighbors': 5, 'weights': 'uniform'}",0.9112433862433862,0.9112433862433862,0.0
KNN,397,"{'algorithm': 'ball_tree', 'leaf_size': 70, 'n_neighbors': 5, 'weights': 'distance'}",0.9149470899470898,0.9149470899470898,0.0
KNN,398,"{'algorithm': 'ball_tree', 'leaf_size': 70, 'n_neighbors': 7, 'weights': 'uniform'}",0.9038359788359788,0.9038359788359788,0.0
KNN,399,"{'algorithm': 'ball_tree', 'leaf_size': 70, 'n_neighbors': 7, 'weights': 'distance'}",0.9112433862433862,0.9112433862433862,0.0
KNN,400,"{'algorithm': 'ball_tree', 'leaf_size': 70, 'n_neighbors': 11, 'weights': 'uniform'}",0.889021164021164,0.889021164021164,0.0
KNN,401,"{'algorithm': 'ball_tree', 'leaf_size': 70, 'n_neighbors': 11, 'weights': 'distance'}",0.9075396825396826,0.9075396825396826,0.0
KNN,402,"{'algorithm': 'ball_tree', 'leaf_size': 70, 'n_neighbors': 13, 'weights': 'uniform'}",0.8816137566137566,0.8816137566137566,0.0
KNN,403,"{'algorithm': 'ball_tree', 'leaf_size': 70, 'n_neighbors': 13, 'weights': 'distance'}",0.8927248677248677,0.8927248677248677,0.0
KNN,404,"{'algorithm': 'ball_tree', 'leaf_size': 70, 'n_neighbors': 17, 'weights': 'uniform'}",0.8890211640211639,0.8890211640211639,0.0
KNN,405,"{'algorithm': 'ball_tree', 'leaf_size': 70, 'n_neighbors': 17, 'weights': 'distance'}",0.8964285714285716,0.8964285714285716,0.0
KNN,406,"{'algorithm': 'ball_tree', 'leaf_size': 70, 'n_neighbors': 19, 'weights': 'uniform'}",0.8890211640211639,0.8890211640211639,0.0
KNN,407,"{'algorithm': 'ball_tree', 'leaf_size': 70, 'n_neighbors': 19, 'weights': 'distance'}",0.8927248677248677,0.8927248677248677,0.0
KNN,408,"{'algorithm': 'ball_tree', 'leaf_size': 70, 'n_neighbors': 23, 'weights': 'uniform'}",0.8817460317460316,0.8817460317460316,0.0
KNN,409,"{'algorithm': 'ball_tree', 'leaf_size': 70, 'n_neighbors': 23, 'weights': 'distance'}",0.8927248677248677,0.8927248677248677,0.0
KNN,410,"{'algorithm': 'ball_tree', 'leaf_size': 70, 'n_neighbors': 29, 'weights': 'uniform'}",0.8854497354497355,0.8854497354497355,0.0
KNN,411,"{'algorithm': 'ball_tree', 'leaf_size': 70, 'n_neighbors': 29, 'weights': 'distance'}",0.889153439153439,0.889153439153439,0.0
KNN,412,"{'algorithm': 'ball_tree', 'leaf_size': 70, 'n_neighbors': 31, 'weights': 'uniform'}",0.8928571428571429,0.8928571428571429,0.0
KNN,413,"{'algorithm': 'ball_tree', 'leaf_size': 70, 'n_neighbors': 31, 'weights': 'distance'}",0.8965608465608466,0.8965608465608466,0.0
KNN,414,"{'algorithm': 'ball_tree', 'leaf_size': 70, 'n_neighbors': 37, 'weights': 'uniform'}",0.8707671957671957,0.8707671957671957,0.0
KNN,415,"{'algorithm': 'ball_tree', 'leaf_size': 70, 'n_neighbors': 37, 'weights': 'distance'}",0.8891534391534393,0.8891534391534393,0.0
KNN,416,"{'algorithm': 'ball_tree', 'leaf_size': 70, 'n_neighbors': 41, 'weights': 'uniform'}",0.8597883597883598,0.8597883597883598,0.0
KNN,417,"{'algorithm': 'ball_tree', 'leaf_size': 70, 'n_neighbors': 41, 'weights': 'distance'}",0.8781746031746032,0.8781746031746032,0.0
KNN,418,"{'algorithm': 'ball_tree', 'leaf_size': 70, 'n_neighbors': 43, 'weights': 'uniform'}",0.8706349206349205,0.8706349206349205,0.0
KNN,419,"{'algorithm': 'ball_tree', 'leaf_size': 70, 'n_neighbors': 43, 'weights': 'distance'}",0.8854497354497355,0.8854497354497355,0.0
KNN,420,"{'algorithm': 'ball_tree', 'leaf_size': 80, 'n_neighbors': 2, 'weights': 'uniform'}",0.9113756613756614,0.9113756613756614,0.0
KNN,421,"{'algorithm': 'ball_tree', 'leaf_size': 80, 'n_neighbors': 2, 'weights': 'distance'}",0.9223544973544971,0.9223544973544971,0.0
KNN,422,"{'algorithm': 'ball_tree', 'leaf_size': 80, 'n_neighbors': 3, 'weights': 'uniform'}",0.91494708994709,0.91494708994709,0.0
KNN,423,"{'algorithm': 'ball_tree', 'leaf_size': 80, 'n_neighbors': 3, 'weights': 'distance'}",0.91494708994709,0.91494708994709,0.0
KNN,424,"{'algorithm': 'ball_tree', 'leaf_size': 80, 'n_neighbors': 5, 'weights': 'uniform'}",0.9112433862433862,0.9112433862433862,0.0
KNN,425,"{'algorithm': 'ball_tree', 'leaf_size': 80, 'n_neighbors': 5, 'weights': 'distance'}",0.9149470899470898,0.9149470899470898,0.0
KNN,426,"{'algorithm': 'ball_tree', 'leaf_size': 80, 'n_neighbors': 7, 'weights': 'uniform'}",0.9038359788359788,0.9038359788359788,0.0
KNN,427,"{'algorithm': 'ball_tree', 'leaf_size': 80, 'n_neighbors': 7, 'weights': 'distance'}",0.9112433862433862,0.9112433862433862,0.0
KNN,428,"{'algorithm': 'ball_tree', 'leaf_size': 80, 'n_neighbors': 11, 'weights': 'uniform'}",0.889021164021164,0.889021164021164,0.0
KNN,429,"{'algorithm': 'ball_tree', 'leaf_size': 80, 'n_neighbors': 11, 'weights': 'distance'}",0.9075396825396826,0.9075396825396826,0.0
KNN,430,"{'algorithm': 'ball_tree', 'leaf_size': 80, 'n_neighbors': 13, 'weights': 'uniform'}",0.8816137566137566,0.8816137566137566,0.0
KNN,431,"{'algorithm': 'ball_tree', 'leaf_size': 80, 'n_neighbors': 13, 'weights': 'distance'}",0.8927248677248677,0.8927248677248677,0.0
KNN,432,"{'algorithm': 'ball_tree', 'leaf_size': 80, 'n_neighbors': 17, 'weights': 'uniform'}",0.8890211640211639,0.8890211640211639,0.0
KNN,433,"{'algorithm': 'ball_tree', 'leaf_size': 80, 'n_neighbors': 17, 'weights': 'distance'}",0.8964285714285716,0.8964285714285716,0.0
KNN,434,"{'algorithm': 'ball_tree', 'leaf_size': 80, 'n_neighbors': 19, 'weights': 'uniform'}",0.8890211640211639,0.8890211640211639,0.0
KNN,435,"{'algorithm': 'ball_tree', 'leaf_size': 80, 'n_neighbors': 19, 'weights': 'distance'}",0.8927248677248677,0.8927248677248677,0.0
KNN,436,"{'algorithm': 'ball_tree', 'leaf_size': 80, 'n_neighbors': 23, 'weights': 'uniform'}",0.8817460317460316,0.8817460317460316,0.0
KNN,437,"{'algorithm': 'ball_tree', 'leaf_size': 80, 'n_neighbors': 23, 'weights': 'distance'}",0.8927248677248677,0.8927248677248677,0.0
KNN,438,"{'algorithm': 'ball_tree', 'leaf_size': 80, 'n_neighbors': 29, 'weights': 'uniform'}",0.8854497354497355,0.8854497354497355,0.0
KNN,439,"{'algorithm': 'ball_tree', 'leaf_size': 80, 'n_neighbors': 29, 'weights': 'distance'}",0.889153439153439,0.889153439153439,0.0
KNN,440,"{'algorithm': 'ball_tree', 'leaf_size': 80, 'n_neighbors': 31, 'weights': 'uniform'}",0.8928571428571429,0.8928571428571429,0.0
KNN,441,"{'algorithm': 'ball_tree', 'leaf_size': 80, 'n_neighbors': 31, 'weights': 'distance'}",0.8965608465608466,0.8965608465608466,0.0
KNN,442,"{'algorithm': 'ball_tree', 'leaf_size': 80, 'n_neighbors': 37, 'weights': 'uniform'}",0.8707671957671957,0.8707671957671957,0.0
KNN,443,"{'algorithm': 'ball_tree', 'leaf_size': 80, 'n_neighbors': 37, 'weights': 'distance'}",0.8891534391534393,0.8891534391534393,0.0
KNN,444,"{'algorithm': 'ball_tree', 'leaf_size': 80, 'n_neighbors': 41, 'weights': 'uniform'}",0.8597883597883598,0.8597883597883598,0.0
KNN,445,"{'algorithm': 'ball_tree', 'leaf_size': 80, 'n_neighbors': 41, 'weights': 'distance'}",0.8781746031746032,0.8781746031746032,0.0
KNN,446,"{'algorithm': 'ball_tree', 'leaf_size': 80, 'n_neighbors': 43, 'weights': 'uniform'}",0.8706349206349205,0.8706349206349205,0.0
KNN,447,"{'algorithm': 'ball_tree', 'leaf_size': 80, 'n_neighbors': 43, 'weights': 'distance'}",0.8854497354497355,0.8854497354497355,0.0
KNN,448,"{'algorithm': 'kd_tree', 'leaf_size': 10, 'n_neighbors': 2, 'weights': 'uniform'}",0.9113756613756614,0.9113756613756614,0.0
KNN,449,"{'algorithm': 'kd_tree', 'leaf_size': 10, 'n_neighbors': 2, 'weights': 'distance'}",0.9223544973544971,0.9223544973544971,0.0
KNN,450,"{'algorithm': 'kd_tree', 'leaf_size': 10, 'n_neighbors': 3, 'weights': 'uniform'}",0.91494708994709,0.91494708994709,0.0
KNN,451,"{'algorithm': 'kd_tree', 'leaf_size': 10, 'n_neighbors': 3, 'weights': 'distance'}",0.91494708994709,0.91494708994709,0.0
KNN,452,"{'algorithm': 'kd_tree', 'leaf_size': 10, 'n_neighbors': 5, 'weights': 'uniform'}",0.9112433862433862,0.9112433862433862,0.0
KNN,453,"{'algorithm': 'kd_tree', 'leaf_size': 10, 'n_neighbors': 5, 'weights': 'distance'}",0.9149470899470898,0.9149470899470898,0.0
KNN,454,"{'algorithm': 'kd_tree', 'leaf_size': 10, 'n_neighbors': 7, 'weights': 'uniform'}",0.9038359788359788,0.9038359788359788,0.0
KNN,455,"{'algorithm': 'kd_tree', 'leaf_size': 10, 'n_neighbors': 7, 'weights': 'distance'}",0.9112433862433862,0.9112433862433862,0.0
KNN,456,"{'algorithm': 'kd_tree', 'leaf_size': 10, 'n_neighbors': 11, 'weights': 'uniform'}",0.889021164021164,0.889021164021164,0.0
KNN,457,"{'algorithm': 'kd_tree', 'leaf_size': 10, 'n_neighbors': 11, 'weights': 'distance'}",0.9075396825396826,0.9075396825396826,0.0
KNN,458,"{'algorithm': 'kd_tree', 'leaf_size': 10, 'n_neighbors': 13, 'weights': 'uniform'}",0.8816137566137566,0.8816137566137566,0.0
KNN,459,"{'algorithm': 'kd_tree', 'leaf_size': 10, 'n_neighbors': 13, 'weights': 'distance'}",0.8927248677248677,0.8927248677248677,0.0
KNN,460,"{'algorithm': 'kd_tree', 'leaf_size': 10, 'n_neighbors': 17, 'weights': 'uniform'}",0.8890211640211639,0.8890211640211639,0.0
KNN,461,"{'algorithm': 'kd_tree', 'leaf_size': 10, 'n_neighbors': 17, 'weights': 'distance'}",0.8964285714285716,0.8964285714285716,0.0
KNN,462,"{'algorithm': 'kd_tree', 'leaf_size': 10, 'n_neighbors': 19, 'weights': 'uniform'}",0.8890211640211639,0.8890211640211639,0.0
KNN,463,"{'algorithm': 'kd_tree', 'leaf_size': 10, 'n_neighbors': 19, 'weights': 'distance'}",0.8927248677248677,0.8927248677248677,0.0
KNN,464,"{'algorithm': 'kd_tree', 'leaf_size': 10, 'n_neighbors': 23, 'weights': 'uniform'}",0.8817460317460316,0.8817460317460316,0.0
KNN,465,"{'algorithm': 'kd_tree', 'leaf_size': 10, 'n_neighbors': 23, 'weights': 'distance'}",0.8927248677248677,0.8927248677248677,0.0
KNN,466,"{'algorithm': 'kd_tree', 'leaf_size': 10, 'n_neighbors': 29, 'weights': 'uniform'}",0.8854497354497355,0.8854497354497355,0.0
KNN,467,"{'algorithm': 'kd_tree', 'leaf_size': 10, 'n_neighbors': 29, 'weights': 'distance'}",0.889153439153439,0.889153439153439,0.0
KNN,468,"{'algorithm': 'kd_tree', 'leaf_size': 10, 'n_neighbors': 31, 'weights': 'uniform'}",0.8928571428571429,0.8928571428571429,0.0
KNN,469,"{'algorithm': 'kd_tree', 'leaf_size': 10, 'n_neighbors': 31, 'weights': 'distance'}",0.8965608465608466,0.8965608465608466,0.0
KNN,470,"{'algorithm': 'kd_tree', 'leaf_size': 10, 'n_neighbors': 37, 'weights': 'uniform'}",0.8707671957671957,0.8707671957671957,0.0
KNN,471,"{'algorithm': 'kd_tree', 'leaf_size': 10, 'n_neighbors': 37, 'weights': 'distance'}",0.8891534391534393,0.8891534391534393,0.0
KNN,472,"{'algorithm': 'kd_tree', 'leaf_size': 10, 'n_neighbors': 41, 'weights': 'uniform'}",0.8597883597883598,0.8597883597883598,0.0
KNN,473,"{'algorithm': 'kd_tree', 'leaf_size': 10, 'n_neighbors': 41, 'weights': 'distance'}",0.8781746031746032,0.8781746031746032,0.0
KNN,474,"{'algorithm': 'kd_tree', 'leaf_size': 10, 'n_neighbors': 43, 'weights': 'uniform'}",0.8706349206349205,0.8706349206349205,0.0
KNN,475,"{'algorithm': 'kd_tree', 'leaf_size': 10, 'n_neighbors': 43, 'weights': 'distance'}",0.8854497354497355,0.8854497354497355,0.0
KNN,476,"{'algorithm': 'kd_tree', 'leaf_size': 20, 'n_neighbors': 2, 'weights': 'uniform'}",0.9113756613756614,0.9113756613756614,0.0
KNN,477,"{'algorithm': 'kd_tree', 'leaf_size': 20, 'n_neighbors': 2, 'weights': 'distance'}",0.9223544973544971,0.9223544973544971,0.0
KNN,478,"{'algorithm': 'kd_tree', 'leaf_size': 20, 'n_neighbors': 3, 'weights': 'uniform'}",0.91494708994709,0.91494708994709,0.0
KNN,479,"{'algorithm': 'kd_tree', 'leaf_size': 20, 'n_neighbors': 3, 'weights': 'distance'}",0.91494708994709,0.91494708994709,0.0
KNN,480,"{'algorithm': 'kd_tree', 'leaf_size': 20, 'n_neighbors': 5, 'weights': 'uniform'}",0.9112433862433862,0.9112433862433862,0.0
KNN,481,"{'algorithm': 'kd_tree', 'leaf_size': 20, 'n_neighbors': 5, 'weights': 'distance'}",0.9149470899470898,0.9149470899470898,0.0
KNN,482,"{'algorithm': 'kd_tree', 'leaf_size': 20, 'n_neighbors': 7, 'weights': 'uniform'}",0.9038359788359788,0.9038359788359788,0.0
KNN,483,"{'algorithm': 'kd_tree', 'leaf_size': 20, 'n_neighbors': 7, 'weights': 'distance'}",0.9112433862433862,0.9112433862433862,0.0
KNN,484,"{'algorithm': 'kd_tree', 'leaf_size': 20, 'n_neighbors': 11, 'weights': 'uniform'}",0.889021164021164,0.889021164021164,0.0
KNN,485,"{'algorithm': 'kd_tree', 'leaf_size': 20, 'n_neighbors': 11, 'weights': 'distance'}",0.9075396825396826,0.9075396825396826,0.0
KNN,486,"{'algorithm': 'kd_tree', 'leaf_size': 20, 'n_neighbors': 13, 'weights': 'uniform'}",0.8816137566137566,0.8816137566137566,0.0
KNN,487,"{'algorithm': 'kd_tree', 'leaf_size': 20, 'n_neighbors': 13, 'weights': 'distance'}",0.8927248677248677,0.8927248677248677,0.0
KNN,488,"{'algorithm': 'kd_tree', 'leaf_size': 20, 'n_neighbors': 17, 'weights': 'uniform'}",0.8890211640211639,0.8890211640211639,0.0
KNN,489,"{'algorithm': 'kd_tree', 'leaf_size': 20, 'n_neighbors': 17, 'weights': 'distance'}",0.8964285714285716,0.8964285714285716,0.0
KNN,490,"{'algorithm': 'kd_tree', 'leaf_size': 20, 'n_neighbors': 19, 'weights': 'uniform'}",0.8890211640211639,0.8890211640211639,0.0
KNN,491,"{'algorithm': 'kd_tree', 'leaf_size': 20, 'n_neighbors': 19, 'weights': 'distance'}",0.8927248677248677,0.8927248677248677,0.0
KNN,492,"{'algorithm': 'kd_tree', 'leaf_size': 20, 'n_neighbors': 23, 'weights': 'uniform'}",0.8817460317460316,0.8817460317460316,0.0
KNN,493,"{'algorithm': 'kd_tree', 'leaf_size': 20, 'n_neighbors': 23, 'weights': 'distance'}",0.8927248677248677,0.8927248677248677,0.0
KNN,494,"{'algorithm': 'kd_tree', 'leaf_size': 20, 'n_neighbors': 29, 'weights': 'uniform'}",0.8854497354497355,0.8854497354497355,0.0
KNN,495,"{'algorithm': 'kd_tree', 'leaf_size': 20, 'n_neighbors': 29, 'weights': 'distance'}",0.889153439153439,0.889153439153439,0.0
KNN,496,"{'algorithm': 'kd_tree', 'leaf_size': 20, 'n_neighbors': 31, 'weights': 'uniform'}",0.8928571428571429,0.8928571428571429,0.0
KNN,497,"{'algorithm': 'kd_tree', 'leaf_size': 20, 'n_neighbors': 31, 'weights': 'distance'}",0.8965608465608466,0.8965608465608466,0.0
KNN,498,"{'algorithm': 'kd_tree', 'leaf_size': 20, 'n_neighbors': 37, 'weights': 'uniform'}",0.8707671957671957,0.8707671957671957,0.0
KNN,499,"{'algorithm': 'kd_tree', 'leaf_size': 20, 'n_neighbors': 37, 'weights': 'distance'}",0.8891534391534393,0.8891534391534393,0.0
KNN,500,"{'algorithm': 'kd_tree', 'leaf_size': 20, 'n_neighbors': 41, 'weights': 'uniform'}",0.8597883597883598,0.8597883597883598,0.0
KNN,501,"{'algorithm': 'kd_tree', 'leaf_size': 20, 'n_neighbors': 41, 'weights': 'distance'}",0.8781746031746032,0.8781746031746032,0.0
KNN,502,"{'algorithm': 'kd_tree', 'leaf_size': 20, 'n_neighbors': 43, 'weights': 'uniform'}",0.8706349206349205,0.8706349206349205,0.0
KNN,503,"{'algorithm': 'kd_tree', 'leaf_size': 20, 'n_neighbors': 43, 'weights': 'distance'}",0.8854497354497355,0.8854497354497355,0.0
KNN,504,"{'algorithm': 'kd_tree', 'leaf_size': 30, 'n_neighbors': 2, 'weights': 'uniform'}",0.9113756613756614,0.9113756613756614,0.0
KNN,505,"{'algorithm': 'kd_tree', 'leaf_size': 30, 'n_neighbors': 2, 'weights': 'distance'}",0.9223544973544971,0.9223544973544971,0.0
KNN,506,"{'algorithm': 'kd_tree', 'leaf_size': 30, 'n_neighbors': 3, 'weights': 'uniform'}",0.91494708994709,0.91494708994709,0.0
KNN,507,"{'algorithm': 'kd_tree', 'leaf_size': 30, 'n_neighbors': 3, 'weights': 'distance'}",0.91494708994709,0.91494708994709,0.0
KNN,508,"{'algorithm': 'kd_tree', 'leaf_size': 30, 'n_neighbors': 5, 'weights': 'uniform'}",0.9112433862433862,0.9112433862433862,0.0
KNN,509,"{'algorithm': 'kd_tree', 'leaf_size': 30, 'n_neighbors': 5, 'weights': 'distance'}",0.9149470899470898,0.9149470899470898,0.0
KNN,510,"{'algorithm': 'kd_tree', 'leaf_size': 30, 'n_neighbors': 7, 'weights': 'uniform'}",0.9038359788359788,0.9038359788359788,0.0
KNN,511,"{'algorithm': 'kd_tree', 'leaf_size': 30, 'n_neighbors': 7, 'weights': 'distance'}",0.9112433862433862,0.9112433862433862,0.0
KNN,512,"{'algorithm': 'kd_tree', 'leaf_size': 30, 'n_neighbors': 11, 'weights': 'uniform'}",0.889021164021164,0.889021164021164,0.0
KNN,513,"{'algorithm': 'kd_tree', 'leaf_size': 30, 'n_neighbors': 11, 'weights': 'distance'}",0.9075396825396826,0.9075396825396826,0.0
KNN,514,"{'algorithm': 'kd_tree', 'leaf_size': 30, 'n_neighbors': 13, 'weights': 'uniform'}",0.8816137566137566,0.8816137566137566,0.0
KNN,515,"{'algorithm': 'kd_tree', 'leaf_size': 30, 'n_neighbors': 13, 'weights': 'distance'}",0.8927248677248677,0.8927248677248677,0.0
KNN,516,"{'algorithm': 'kd_tree', 'leaf_size': 30, 'n_neighbors': 17, 'weights': 'uniform'}",0.8890211640211639,0.8890211640211639,0.0
KNN,517,"{'algorithm': 'kd_tree', 'leaf_size': 30, 'n_neighbors': 17, 'weights': 'distance'}",0.8964285714285716,0.8964285714285716,0.0
KNN,518,"{'algorithm': 'kd_tree', 'leaf_size': 30, 'n_neighbors': 19, 'weights': 'uniform'}",0.8890211640211639,0.8890211640211639,0.0
KNN,519,"{'algorithm': 'kd_tree', 'leaf_size': 30, 'n_neighbors': 19, 'weights': 'distance'}",0.8927248677248677,0.8927248677248677,0.0
KNN,520,"{'algorithm': 'kd_tree', 'leaf_size': 30, 'n_neighbors': 23, 'weights': 'uniform'}",0.8817460317460316,0.8817460317460316,0.0
KNN,521,"{'algorithm': 'kd_tree', 'leaf_size': 30, 'n_neighbors': 23, 'weights': 'distance'}",0.8927248677248677,0.8927248677248677,0.0
KNN,522,"{'algorithm': 'kd_tree', 'leaf_size': 30, 'n_neighbors': 29, 'weights': 'uniform'}",0.8854497354497355,0.8854497354497355,0.0
KNN,523,"{'algorithm': 'kd_tree', 'leaf_size': 30, 'n_neighbors': 29, 'weights': 'distance'}",0.889153439153439,0.889153439153439,0.0
KNN,524,"{'algorithm': 'kd_tree', 'leaf_size': 30, 'n_neighbors': 31, 'weights': 'uniform'}",0.8928571428571429,0.8928571428571429,0.0
KNN,525,"{'algorithm': 'kd_tree', 'leaf_size': 30, 'n_neighbors': 31, 'weights': 'distance'}",0.8965608465608466,0.8965608465608466,0.0
KNN,526,"{'algorithm': 'kd_tree', 'leaf_size': 30, 'n_neighbors': 37, 'weights': 'uniform'}",0.8707671957671957,0.8707671957671957,0.0
KNN,527,"{'algorithm': 'kd_tree', 'leaf_size': 30, 'n_neighbors': 37, 'weights': 'distance'}",0.8891534391534393,0.8891534391534393,0.0
KNN,528,"{'algorithm': 'kd_tree', 'leaf_size': 30, 'n_neighbors': 41, 'weights': 'uniform'}",0.8597883597883598,0.8597883597883598,0.0
KNN,529,"{'algorithm': 'kd_tree', 'leaf_size': 30, 'n_neighbors': 41, 'weights': 'distance'}",0.8781746031746032,0.8781746031746032,0.0
KNN,530,"{'algorithm': 'kd_tree', 'leaf_size': 30, 'n_neighbors': 43, 'weights': 'uniform'}",0.8706349206349205,0.8706349206349205,0.0
KNN,531,"{'algorithm': 'kd_tree', 'leaf_size': 30, 'n_neighbors': 43, 'weights': 'distance'}",0.8854497354497355,0.8854497354497355,0.0
KNN,532,"{'algorithm': 'kd_tree', 'leaf_size': 40, 'n_neighbors': 2, 'weights': 'uniform'}",0.9113756613756614,0.9113756613756614,0.0
KNN,533,"{'algorithm': 'kd_tree', 'leaf_size': 40, 'n_neighbors': 2, 'weights': 'distance'}",0.9223544973544971,0.9223544973544971,0.0
KNN,534,"{'algorithm': 'kd_tree', 'leaf_size': 40, 'n_neighbors': 3, 'weights': 'uniform'}",0.91494708994709,0.91494708994709,0.0
KNN,535,"{'algorithm': 'kd_tree', 'leaf_size': 40, 'n_neighbors': 3, 'weights': 'distance'}",0.91494708994709,0.91494708994709,0.0
KNN,536,"{'algorithm': 'kd_tree', 'leaf_size': 40, 'n_neighbors': 5, 'weights': 'uniform'}",0.9112433862433862,0.9112433862433862,0.0
KNN,537,"{'algorithm': 'kd_tree', 'leaf_size': 40, 'n_neighbors': 5, 'weights': 'distance'}",0.9149470899470898,0.9149470899470898,0.0
KNN,538,"{'algorithm': 'kd_tree', 'leaf_size': 40, 'n_neighbors': 7, 'weights': 'uniform'}",0.9038359788359788,0.9038359788359788,0.0
KNN,539,"{'algorithm': 'kd_tree', 'leaf_size': 40, 'n_neighbors': 7, 'weights': 'distance'}",0.9112433862433862,0.9112433862433862,0.0
KNN,540,"{'algorithm': 'kd_tree', 'leaf_size': 40, 'n_neighbors': 11, 'weights': 'uniform'}",0.889021164021164,0.889021164021164,0.0
KNN,541,"{'algorithm': 'kd_tree', 'leaf_size': 40, 'n_neighbors': 11, 'weights': 'distance'}",0.9075396825396826,0.9075396825396826,0.0
KNN,542,"{'algorithm': 'kd_tree', 'leaf_size': 40, 'n_neighbors': 13, 'weights': 'uniform'}",0.8816137566137566,0.8816137566137566,0.0
KNN,543,"{'algorithm': 'kd_tree', 'leaf_size': 40, 'n_neighbors': 13, 'weights': 'distance'}",0.8927248677248677,0.8927248677248677,0.0
KNN,544,"{'algorithm': 'kd_tree', 'leaf_size': 40, 'n_neighbors': 17, 'weights': 'uniform'}",0.8890211640211639,0.8890211640211639,0.0
KNN,545,"{'algorithm': 'kd_tree', 'leaf_size': 40, 'n_neighbors': 17, 'weights': 'distance'}",0.8964285714285716,0.8964285714285716,0.0
KNN,546,"{'algorithm': 'kd_tree', 'leaf_size': 40, 'n_neighbors': 19, 'weights': 'uniform'}",0.8890211640211639,0.8890211640211639,0.0
KNN,547,"{'algorithm': 'kd_tree', 'leaf_size': 40, 'n_neighbors': 19, 'weights': 'distance'}",0.8927248677248677,0.8927248677248677,0.0
KNN,548,"{'algorithm': 'kd_tree', 'leaf_size': 40, 'n_neighbors': 23, 'weights': 'uniform'}",0.8817460317460316,0.8817460317460316,0.0
KNN,549,"{'algorithm': 'kd_tree', 'leaf_size': 40, 'n_neighbors': 23, 'weights': 'distance'}",0.8927248677248677,0.8927248677248677,0.0
KNN,550,"{'algorithm': 'kd_tree', 'leaf_size': 40, 'n_neighbors': 29, 'weights': 'uniform'}",0.8854497354497355,0.8854497354497355,0.0
KNN,551,"{'algorithm': 'kd_tree', 'leaf_size': 40, 'n_neighbors': 29, 'weights': 'distance'}",0.889153439153439,0.889153439153439,0.0
KNN,552,"{'algorithm': 'kd_tree', 'leaf_size': 40, 'n_neighbors': 31, 'weights': 'uniform'}",0.8928571428571429,0.8928571428571429,0.0
KNN,553,"{'algorithm': 'kd_tree', 'leaf_size': 40, 'n_neighbors': 31, 'weights': 'distance'}",0.8965608465608466,0.8965608465608466,0.0
KNN,554,"{'algorithm': 'kd_tree', 'leaf_size': 40, 'n_neighbors': 37, 'weights': 'uniform'}",0.8707671957671957,0.8707671957671957,0.0
KNN,555,"{'algorithm': 'kd_tree', 'leaf_size': 40, 'n_neighbors': 37, 'weights': 'distance'}",0.8891534391534393,0.8891534391534393,0.0
KNN,556,"{'algorithm': 'kd_tree', 'leaf_size': 40, 'n_neighbors': 41, 'weights': 'uniform'}",0.8597883597883598,0.8597883597883598,0.0
KNN,557,"{'algorithm': 'kd_tree', 'leaf_size': 40, 'n_neighbors': 41, 'weights': 'distance'}",0.8781746031746032,0.8781746031746032,0.0
KNN,558,"{'algorithm': 'kd_tree', 'leaf_size': 40, 'n_neighbors': 43, 'weights': 'uniform'}",0.8706349206349205,0.8706349206349205,0.0
KNN,559,"{'algorithm': 'kd_tree', 'leaf_size': 40, 'n_neighbors': 43, 'weights': 'distance'}",0.8854497354497355,0.8854497354497355,0.0
KNN,560,"{'algorithm': 'kd_tree', 'leaf_size': 50, 'n_neighbors': 2, 'weights': 'uniform'}",0.9113756613756614,0.9113756613756614,0.0
KNN,561,"{'algorithm': 'kd_tree', 'leaf_size': 50, 'n_neighbors': 2, 'weights': 'distance'}",0.9223544973544971,0.9223544973544971,0.0
KNN,562,"{'algorithm': 'kd_tree', 'leaf_size': 50, 'n_neighbors': 3, 'weights': 'uniform'}",0.91494708994709,0.91494708994709,0.0
KNN,563,"{'algorithm': 'kd_tree', 'leaf_size': 50, 'n_neighbors': 3, 'weights': 'distance'}",0.91494708994709,0.91494708994709,0.0
KNN,564,"{'algorithm': 'kd_tree', 'leaf_size': 50, 'n_neighbors': 5, 'weights': 'uniform'}",0.9112433862433862,0.9112433862433862,0.0
KNN,565,"{'algorithm': 'kd_tree', 'leaf_size': 50, 'n_neighbors': 5, 'weights': 'distance'}",0.9149470899470898,0.9149470899470898,0.0
KNN,566,"{'algorithm': 'kd_tree', 'leaf_size': 50, 'n_neighbors': 7, 'weights': 'uniform'}",0.9038359788359788,0.9038359788359788,0.0
KNN,567,"{'algorithm': 'kd_tree', 'leaf_size': 50, 'n_neighbors': 7, 'weights': 'distance'}",0.9112433862433862,0.9112433862433862,0.0
KNN,568,"{'algorithm': 'kd_tree', 'leaf_size': 50, 'n_neighbors': 11, 'weights': 'uniform'}",0.889021164021164,0.889021164021164,0.0
KNN,569,"{'algorithm': 'kd_tree', 'leaf_size': 50, 'n_neighbors': 11, 'weights': 'distance'}",0.9075396825396826,0.9075396825396826,0.0
KNN,570,"{'algorithm': 'kd_tree', 'leaf_size': 50, 'n_neighbors': 13, 'weights': 'uniform'}",0.8816137566137566,0.8816137566137566,0.0
KNN,571,"{'algorithm': 'kd_tree', 'leaf_size': 50, 'n_neighbors': 13, 'weights': 'distance'}",0.8927248677248677,0.8927248677248677,0.0
KNN,572,"{'algorithm': 'kd_tree', 'leaf_size': 50, 'n_neighbors': 17, 'weights': 'uniform'}",0.8890211640211639,0.8890211640211639,0.0
KNN,573,"{'algorithm': 'kd_tree', 'leaf_size': 50, 'n_neighbors': 17, 'weights': 'distance'}",0.8964285714285716,0.8964285714285716,0.0
KNN,574,"{'algorithm': 'kd_tree', 'leaf_size': 50, 'n_neighbors': 19, 'weights': 'uniform'}",0.8890211640211639,0.8890211640211639,0.0
KNN,575,"{'algorithm': 'kd_tree', 'leaf_size': 50, 'n_neighbors': 19, 'weights': 'distance'}",0.8927248677248677,0.8927248677248677,0.0
KNN,576,"{'algorithm': 'kd_tree', 'leaf_size': 50, 'n_neighbors': 23, 'weights': 'uniform'}",0.8817460317460316,0.8817460317460316,0.0
KNN,577,"{'algorithm': 'kd_tree', 'leaf_size': 50, 'n_neighbors': 23, 'weights': 'distance'}",0.8927248677248677,0.8927248677248677,0.0
KNN,578,"{'algorithm': 'kd_tree', 'leaf_size': 50, 'n_neighbors': 29, 'weights': 'uniform'}",0.8854497354497355,0.8854497354497355,0.0
KNN,579,"{'algorithm': 'kd_tree', 'leaf_size': 50, 'n_neighbors': 29, 'weights': 'distance'}",0.889153439153439,0.889153439153439,0.0
KNN,580,"{'algorithm': 'kd_tree', 'leaf_size': 50, 'n_neighbors': 31, 'weights': 'uniform'}",0.8928571428571429,0.8928571428571429,0.0
KNN,581,"{'algorithm': 'kd_tree', 'leaf_size': 50, 'n_neighbors': 31, 'weights': 'distance'}",0.8965608465608466,0.8965608465608466,0.0
KNN,582,"{'algorithm': 'kd_tree', 'leaf_size': 50, 'n_neighbors': 37, 'weights': 'uniform'}",0.8707671957671957,0.8707671957671957,0.0
KNN,583,"{'algorithm': 'kd_tree', 'leaf_size': 50, 'n_neighbors': 37, 'weights': 'distance'}",0.8891534391534393,0.8891534391534393,0.0
KNN,584,"{'algorithm': 'kd_tree', 'leaf_size': 50, 'n_neighbors': 41, 'weights': 'uniform'}",0.8597883597883598,0.8597883597883598,0.0
KNN,585,"{'algorithm': 'kd_tree', 'leaf_size': 50, 'n_neighbors': 41, 'weights': 'distance'}",0.8781746031746032,0.8781746031746032,0.0
KNN,586,"{'algorithm': 'kd_tree', 'leaf_size': 50, 'n_neighbors': 43, 'weights': 'uniform'}",0.8706349206349205,0.8706349206349205,0.0
KNN,587,"{'algorithm': 'kd_tree', 'leaf_size': 50, 'n_neighbors': 43, 'weights': 'distance'}",0.8854497354497355,0.8854497354497355,0.0
KNN,588,"{'algorithm': 'kd_tree', 'leaf_size': 60, 'n_neighbors': 2, 'weights': 'uniform'}",0.9113756613756614,0.9113756613756614,0.0
KNN,589,"{'algorithm': 'kd_tree', 'leaf_size': 60, 'n_neighbors': 2, 'weights': 'distance'}",0.9223544973544971,0.9223544973544971,0.0
KNN,590,"{'algorithm': 'kd_tree', 'leaf_size': 60, 'n_neighbors': 3, 'weights': 'uniform'}",0.91494708994709,0.91494708994709,0.0
KNN,591,"{'algorithm': 'kd_tree', 'leaf_size': 60, 'n_neighbors': 3, 'weights': 'distance'}",0.91494708994709,0.91494708994709,0.0
KNN,592,"{'algorithm': 'kd_tree', 'leaf_size': 60, 'n_neighbors': 5, 'weights': 'uniform'}",0.9112433862433862,0.9112433862433862,0.0
KNN,593,"{'algorithm': 'kd_tree', 'leaf_size': 60, 'n_neighbors': 5, 'weights': 'distance'}",0.9149470899470898,0.9149470899470898,0.0
KNN,594,"{'algorithm': 'kd_tree', 'leaf_size': 60, 'n_neighbors': 7, 'weights': 'uniform'}",0.9038359788359788,0.9038359788359788,0.0
KNN,595,"{'algorithm': 'kd_tree', 'leaf_size': 60, 'n_neighbors': 7, 'weights': 'distance'}",0.9112433862433862,0.9112433862433862,0.0
KNN,596,"{'algorithm': 'kd_tree', 'leaf_size': 60, 'n_neighbors': 11, 'weights': 'uniform'}",0.889021164021164,0.889021164021164,0.0
KNN,597,"{'algorithm': 'kd_tree', 'leaf_size': 60, 'n_neighbors': 11, 'weights': 'distance'}",0.9075396825396826,0.9075396825396826,0.0
KNN,598,"{'algorithm': 'kd_tree', 'leaf_size': 60, 'n_neighbors': 13, 'weights': 'uniform'}",0.8816137566137566,0.8816137566137566,0.0
KNN,599,"{'algorithm': 'kd_tree', 'leaf_size': 60, 'n_neighbors': 13, 'weights': 'distance'}",0.8927248677248677,0.8927248677248677,0.0
KNN,600,"{'algorithm': 'kd_tree', 'leaf_size': 60, 'n_neighbors': 17, 'weights': 'uniform'}",0.8890211640211639,0.8890211640211639,0.0
KNN,601,"{'algorithm': 'kd_tree', 'leaf_size': 60, 'n_neighbors': 17, 'weights': 'distance'}",0.8964285714285716,0.8964285714285716,0.0
KNN,602,"{'algorithm': 'kd_tree', 'leaf_size': 60, 'n_neighbors': 19, 'weights': 'uniform'}",0.8890211640211639,0.8890211640211639,0.0
KNN,603,"{'algorithm': 'kd_tree', 'leaf_size': 60, 'n_neighbors': 19, 'weights': 'distance'}",0.8927248677248677,0.8927248677248677,0.0
KNN,604,"{'algorithm': 'kd_tree', 'leaf_size': 60, 'n_neighbors': 23, 'weights': 'uniform'}",0.8817460317460316,0.8817460317460316,0.0
KNN,605,"{'algorithm': 'kd_tree', 'leaf_size': 60, 'n_neighbors': 23, 'weights': 'distance'}",0.8927248677248677,0.8927248677248677,0.0
KNN,606,"{'algorithm': 'kd_tree', 'leaf_size': 60, 'n_neighbors': 29, 'weights': 'uniform'}",0.8854497354497355,0.8854497354497355,0.0
KNN,607,"{'algorithm': 'kd_tree', 'leaf_size': 60, 'n_neighbors': 29, 'weights': 'distance'}",0.889153439153439,0.889153439153439,0.0
KNN,608,"{'algorithm': 'kd_tree', 'leaf_size': 60, 'n_neighbors': 31, 'weights': 'uniform'}",0.8928571428571429,0.8928571428571429,0.0
KNN,609,"{'algorithm': 'kd_tree', 'leaf_size': 60, 'n_neighbors': 31, 'weights': 'distance'}",0.8965608465608466,0.8965608465608466,0.0
KNN,610,"{'algorithm': 'kd_tree', 'leaf_size': 60, 'n_neighbors': 37, 'weights': 'uniform'}",0.8707671957671957,0.8707671957671957,0.0
KNN,611,"{'algorithm': 'kd_tree', 'leaf_size': 60, 'n_neighbors': 37, 'weights': 'distance'}",0.8891534391534393,0.8891534391534393,0.0
KNN,612,"{'algorithm': 'kd_tree', 'leaf_size': 60, 'n_neighbors': 41, 'weights': 'uniform'}",0.8597883597883598,0.8597883597883598,0.0
KNN,613,"{'algorithm': 'kd_tree', 'leaf_size': 60, 'n_neighbors': 41, 'weights': 'distance'}",0.8781746031746032,0.8781746031746032,0.0
KNN,614,"{'algorithm': 'kd_tree', 'leaf_size': 60, 'n_neighbors': 43, 'weights': 'uniform'}",0.8706349206349205,0.8706349206349205,0.0
KNN,615,"{'algorithm': 'kd_tree', 'leaf_size': 60, 'n_neighbors': 43, 'weights': 'distance'}",0.8854497354497355,0.8854497354497355,0.0
KNN,616,"{'algorithm': 'kd_tree', 'leaf_size': 70, 'n_neighbors': 2, 'weights': 'uniform'}",0.9113756613756614,0.9113756613756614,0.0
KNN,617,"{'algorithm': 'kd_tree', 'leaf_size': 70, 'n_neighbors': 2, 'weights': 'distance'}",0.9223544973544971,0.9223544973544971,0.0
KNN,618,"{'algorithm': 'kd_tree', 'leaf_size': 70, 'n_neighbors': 3, 'weights': 'uniform'}",0.91494708994709,0.91494708994709,0.0
KNN,619,"{'algorithm': 'kd_tree', 'leaf_size': 70, 'n_neighbors': 3, 'weights': 'distance'}",0.91494708994709,0.91494708994709,0.0
KNN,620,"{'algorithm': 'kd_tree', 'leaf_size': 70, 'n_neighbors': 5, 'weights': 'uniform'}",0.9112433862433862,0.9112433862433862,0.0
KNN,621,"{'algorithm': 'kd_tree', 'leaf_size': 70, 'n_neighbors': 5, 'weights': 'distance'}",0.9149470899470898,0.9149470899470898,0.0
KNN,622,"{'algorithm': 'kd_tree', 'leaf_size': 70, 'n_neighbors': 7, 'weights': 'uniform'}",0.9038359788359788,0.9038359788359788,0.0
KNN,623,"{'algorithm': 'kd_tree', 'leaf_size': 70, 'n_neighbors': 7, 'weights': 'distance'}",0.9112433862433862,0.9112433862433862,0.0
KNN,624,"{'algorithm': 'kd_tree', 'leaf_size': 70, 'n_neighbors': 11, 'weights': 'uniform'}",0.889021164021164,0.889021164021164,0.0
KNN,625,"{'algorithm': 'kd_tree', 'leaf_size': 70, 'n_neighbors': 11, 'weights': 'distance'}",0.9075396825396826,0.9075396825396826,0.0
KNN,626,"{'algorithm': 'kd_tree', 'leaf_size': 70, 'n_neighbors': 13, 'weights': 'uniform'}",0.8816137566137566,0.8816137566137566,0.0
KNN,627,"{'algorithm': 'kd_tree', 'leaf_size': 70, 'n_neighbors': 13, 'weights': 'distance'}",0.8927248677248677,0.8927248677248677,0.0
KNN,628,"{'algorithm': 'kd_tree', 'leaf_size': 70, 'n_neighbors': 17, 'weights': 'uniform'}",0.8890211640211639,0.8890211640211639,0.0
KNN,629,"{'algorithm': 'kd_tree', 'leaf_size': 70, 'n_neighbors': 17, 'weights': 'distance'}",0.8964285714285716,0.8964285714285716,0.0
KNN,630,"{'algorithm': 'kd_tree', 'leaf_size': 70, 'n_neighbors': 19, 'weights': 'uniform'}",0.8890211640211639,0.8890211640211639,0.0
KNN,631,"{'algorithm': 'kd_tree', 'leaf_size': 70, 'n_neighbors': 19, 'weights': 'distance'}",0.8927248677248677,0.8927248677248677,0.0
KNN,632,"{'algorithm': 'kd_tree', 'leaf_size': 70, 'n_neighbors': 23, 'weights': 'uniform'}",0.8817460317460316,0.8817460317460316,0.0
KNN,633,"{'algorithm': 'kd_tree', 'leaf_size': 70, 'n_neighbors': 23, 'weights': 'distance'}",0.8927248677248677,0.8927248677248677,0.0
KNN,634,"{'algorithm': 'kd_tree', 'leaf_size': 70, 'n_neighbors': 29, 'weights': 'uniform'}",0.8854497354497355,0.8854497354497355,0.0
KNN,635,"{'algorithm': 'kd_tree', 'leaf_size': 70, 'n_neighbors': 29, 'weights': 'distance'}",0.889153439153439,0.889153439153439,0.0
KNN,636,"{'algorithm': 'kd_tree', 'leaf_size': 70, 'n_neighbors': 31, 'weights': 'uniform'}",0.8928571428571429,0.8928571428571429,0.0
KNN,637,"{'algorithm': 'kd_tree', 'leaf_size': 70, 'n_neighbors': 31, 'weights': 'distance'}",0.8965608465608466,0.8965608465608466,0.0
KNN,638,"{'algorithm': 'kd_tree', 'leaf_size': 70, 'n_neighbors': 37, 'weights': 'uniform'}",0.8707671957671957,0.8707671957671957,0.0
KNN,639,"{'algorithm': 'kd_tree', 'leaf_size': 70, 'n_neighbors': 37, 'weights': 'distance'}",0.8891534391534393,0.8891534391534393,0.0
KNN,640,"{'algorithm': 'kd_tree', 'leaf_size': 70, 'n_neighbors': 41, 'weights': 'uniform'}",0.8597883597883598,0.8597883597883598,0.0
KNN,641,"{'algorithm': 'kd_tree', 'leaf_size': 70, 'n_neighbors': 41, 'weights': 'distance'}",0.8781746031746032,0.8781746031746032,0.0
KNN,642,"{'algorithm': 'kd_tree', 'leaf_size': 70, 'n_neighbors': 43, 'weights': 'uniform'}",0.8706349206349205,0.8706349206349205,0.0
KNN,643,"{'algorithm': 'kd_tree', 'leaf_size': 70, 'n_neighbors': 43, 'weights': 'distance'}",0.8854497354497355,0.8854497354497355,0.0
KNN,644,"{'algorithm': 'kd_tree', 'leaf_size': 80, 'n_neighbors': 2, 'weights': 'uniform'}",0.9113756613756614,0.9113756613756614,0.0
KNN,645,"{'algorithm': 'kd_tree', 'leaf_size': 80, 'n_neighbors': 2, 'weights': 'distance'}",0.9223544973544971,0.9223544973544971,0.0
KNN,646,"{'algorithm': 'kd_tree', 'leaf_size': 80, 'n_neighbors': 3, 'weights': 'uniform'}",0.91494708994709,0.91494708994709,0.0
KNN,647,"{'algorithm': 'kd_tree', 'leaf_size': 80, 'n_neighbors': 3, 'weights': 'distance'}",0.91494708994709,0.91494708994709,0.0
KNN,648,"{'algorithm': 'kd_tree', 'leaf_size': 80, 'n_neighbors': 5, 'weights': 'uniform'}",0.9112433862433862,0.9112433862433862,0.0
KNN,649,"{'algorithm': 'kd_tree', 'leaf_size': 80, 'n_neighbors': 5, 'weights': 'distance'}",0.9149470899470898,0.9149470899470898,0.0
KNN,650,"{'algorithm': 'kd_tree', 'leaf_size': 80, 'n_neighbors': 7, 'weights': 'uniform'}",0.9038359788359788,0.9038359788359788,0.0
KNN,651,"{'algorithm': 'kd_tree', 'leaf_size': 80, 'n_neighbors': 7, 'weights': 'distance'}",0.9112433862433862,0.9112433862433862,0.0
KNN,652,"{'algorithm': 'kd_tree', 'leaf_size': 80, 'n_neighbors': 11, 'weights': 'uniform'}",0.889021164021164,0.889021164021164,0.0
KNN,653,"{'algorithm': 'kd_tree', 'leaf_size': 80, 'n_neighbors': 11, 'weights': 'distance'}",0.9075396825396826,0.9075396825396826,0.0
KNN,654,"{'algorithm': 'kd_tree', 'leaf_size': 80, 'n_neighbors': 13, 'weights': 'uniform'}",0.8816137566137566,0.8816137566137566,0.0
KNN,655,"{'algorithm': 'kd_tree', 'leaf_size': 80, 'n_neighbors': 13, 'weights': 'distance'}",0.8927248677248677,0.8927248677248677,0.0
KNN,656,"{'algorithm': 'kd_tree', 'leaf_size': 80, 'n_neighbors': 17, 'weights': 'uniform'}",0.8890211640211639,0.8890211640211639,0.0
KNN,657,"{'algorithm': 'kd_tree', 'leaf_size': 80, 'n_neighbors': 17, 'weights': 'distance'}",0.8964285714285716,0.8964285714285716,0.0
KNN,658,"{'algorithm': 'kd_tree', 'leaf_size': 80, 'n_neighbors': 19, 'weights': 'uniform'}",0.8890211640211639,0.8890211640211639,0.0
KNN,659,"{'algorithm': 'kd_tree', 'leaf_size': 80, 'n_neighbors': 19, 'weights': 'distance'}",0.8927248677248677,0.8927248677248677,0.0
KNN,660,"{'algorithm': 'kd_tree', 'leaf_size': 80, 'n_neighbors': 23, 'weights': 'uniform'}",0.8817460317460316,0.8817460317460316,0.0
KNN,661,"{'algorithm': 'kd_tree', 'leaf_size': 80, 'n_neighbors': 23, 'weights': 'distance'}",0.8927248677248677,0.8927248677248677,0.0
KNN,662,"{'algorithm': 'kd_tree', 'leaf_size': 80, 'n_neighbors': 29, 'weights': 'uniform'}",0.8854497354497355,0.8854497354497355,0.0
KNN,663,"{'algorithm': 'kd_tree', 'leaf_size': 80, 'n_neighbors': 29, 'weights': 'distance'}",0.889153439153439,0.889153439153439,0.0
KNN,664,"{'algorithm': 'kd_tree', 'leaf_size': 80, 'n_neighbors': 31, 'weights': 'uniform'}",0.8928571428571429,0.8928571428571429,0.0
KNN,665,"{'algorithm': 'kd_tree', 'leaf_size': 80, 'n_neighbors': 31, 'weights': 'distance'}",0.8965608465608466,0.8965608465608466,0.0
KNN,666,"{'algorithm': 'kd_tree', 'leaf_size': 80, 'n_neighbors': 37, 'weights': 'uniform'}",0.8707671957671957,0.8707671957671957,0.0
KNN,667,"{'algorithm': 'kd_tree', 'leaf_size': 80, 'n_neighbors': 37, 'weights': 'distance'}",0.8891534391534393,0.8891534391534393,0.0
KNN,668,"{'algorithm': 'kd_tree', 'leaf_size': 80, 'n_neighbors': 41, 'weights': 'uniform'}",0.8597883597883598,0.8597883597883598,0.0
KNN,669,"{'algorithm': 'kd_tree', 'leaf_size': 80, 'n_neighbors': 41, 'weights': 'distance'}",0.8781746031746032,0.8781746031746032,0.0
KNN,670,"{'algorithm': 'kd_tree', 'leaf_size': 80, 'n_neighbors': 43, 'weights': 'uniform'}",0.8706349206349205,0.8706349206349205,0.0
KNN,671,"{'algorithm': 'kd_tree', 'leaf_size': 80, 'n_neighbors': 43, 'weights': 'distance'}",0.8854497354497355,0.8854497354497355,0.0
KNN,672,"{'algorithm': 'brute', 'leaf_size': 10, 'n_neighbors': 2, 'weights': 'uniform'}",0.9113756613756614,0.9113756613756614,0.0
KNN,673,"{'algorithm': 'brute', 'leaf_size': 10, 'n_neighbors': 2, 'weights': 'distance'}",0.9223544973544971,0.9223544973544971,0.0
KNN,674,"{'algorithm': 'brute', 'leaf_size': 10, 'n_neighbors': 3, 'weights': 'uniform'}",0.91494708994709,0.91494708994709,0.0
KNN,675,"{'algorithm': 'brute', 'leaf_size': 10, 'n_neighbors': 3, 'weights': 'distance'}",0.91494708994709,0.91494708994709,0.0
KNN,676,"{'algorithm': 'brute', 'leaf_size': 10, 'n_neighbors': 5, 'weights': 'uniform'}",0.9112433862433862,0.9112433862433862,0.0
KNN,677,"{'algorithm': 'brute', 'leaf_size': 10, 'n_neighbors': 5, 'weights': 'distance'}",0.9149470899470898,0.9149470899470898,0.0
KNN,678,"{'algorithm': 'brute', 'leaf_size': 10, 'n_neighbors': 7, 'weights': 'uniform'}",0.9038359788359788,0.9038359788359788,0.0
KNN,679,"{'algorithm': 'brute', 'leaf_size': 10, 'n_neighbors': 7, 'weights': 'distance'}",0.9112433862433862,0.9112433862433862,0.0
KNN,680,"{'algorithm': 'brute', 'leaf_size': 10, 'n_neighbors': 11, 'weights': 'uniform'}",0.889021164021164,0.889021164021164,0.0
KNN,681,"{'algorithm': 'brute', 'leaf_size': 10, 'n_neighbors': 11, 'weights': 'distance'}",0.9075396825396826,0.9075396825396826,0.0
KNN,682,"{'algorithm': 'brute', 'leaf_size': 10, 'n_neighbors': 13, 'weights': 'uniform'}",0.8816137566137566,0.8816137566137566,0.0
KNN,683,"{'algorithm': 'brute', 'leaf_size': 10, 'n_neighbors': 13, 'weights': 'distance'}",0.8927248677248677,0.8927248677248677,0.0
KNN,684,"{'algorithm': 'brute', 'leaf_size': 10, 'n_neighbors': 17, 'weights': 'uniform'}",0.8890211640211639,0.8890211640211639,0.0
KNN,685,"{'algorithm': 'brute', 'leaf_size': 10, 'n_neighbors': 17, 'weights': 'distance'}",0.8964285714285716,0.8964285714285716,0.0
KNN,686,"{'algorithm': 'brute', 'leaf_size': 10, 'n_neighbors': 19, 'weights': 'uniform'}",0.8890211640211639,0.8890211640211639,0.0
KNN,687,"{'algorithm': 'brute', 'leaf_size': 10, 'n_neighbors': 19, 'weights': 'distance'}",0.8927248677248677,0.8927248677248677,0.0
KNN,688,"{'algorithm': 'brute', 'leaf_size': 10, 'n_neighbors': 23, 'weights': 'uniform'}",0.8817460317460316,0.8817460317460316,0.0
KNN,689,"{'algorithm': 'brute', 'leaf_size': 10, 'n_neighbors': 23, 'weights': 'distance'}",0.8927248677248677,0.8927248677248677,0.0
KNN,690,"{'algorithm': 'brute', 'leaf_size': 10, 'n_neighbors': 29, 'weights': 'uniform'}",0.8854497354497355,0.8854497354497355,0.0
KNN,691,"{'algorithm': 'brute', 'leaf_size': 10, 'n_neighbors': 29, 'weights': 'distance'}",0.889153439153439,0.889153439153439,0.0
KNN,692,"{'algorithm': 'brute', 'leaf_size': 10, 'n_neighbors': 31, 'weights': 'uniform'}",0.8928571428571429,0.8928571428571429,0.0
KNN,693,"{'algorithm': 'brute', 'leaf_size': 10, 'n_neighbors': 31, 'weights': 'distance'}",0.8965608465608466,0.8965608465608466,0.0
KNN,694,"{'algorithm': 'brute', 'leaf_size': 10, 'n_neighbors': 37, 'weights': 'uniform'}",0.8707671957671957,0.8707671957671957,0.0
KNN,695,"{'algorithm': 'brute', 'leaf_size': 10, 'n_neighbors': 37, 'weights': 'distance'}",0.8891534391534393,0.8891534391534393,0.0
KNN,696,"{'algorithm': 'brute', 'leaf_size': 10, 'n_neighbors': 41, 'weights': 'uniform'}",0.8597883597883598,0.8597883597883598,0.0
KNN,697,"{'algorithm': 'brute', 'leaf_size': 10, 'n_neighbors': 41, 'weights': 'distance'}",0.8781746031746032,0.8781746031746032,0.0
KNN,698,"{'algorithm': 'brute', 'leaf_size': 10, 'n_neighbors': 43, 'weights': 'uniform'}",0.8706349206349205,0.8706349206349205,0.0
KNN,699,"{'algorithm': 'brute', 'leaf_size': 10, 'n_neighbors': 43, 'weights': 'distance'}",0.8854497354497355,0.8854497354497355,0.0
KNN,700,"{'algorithm': 'brute', 'leaf_size': 20, 'n_neighbors': 2, 'weights': 'uniform'}",0.9113756613756614,0.9113756613756614,0.0
KNN,701,"{'algorithm': 'brute', 'leaf_size': 20, 'n_neighbors': 2, 'weights': 'distance'}",0.9223544973544971,0.9223544973544971,0.0
KNN,702,"{'algorithm': 'brute', 'leaf_size': 20, 'n_neighbors': 3, 'weights': 'uniform'}",0.91494708994709,0.91494708994709,0.0
KNN,703,"{'algorithm': 'brute', 'leaf_size': 20, 'n_neighbors': 3, 'weights': 'distance'}",0.91494708994709,0.91494708994709,0.0
KNN,704,"{'algorithm': 'brute', 'leaf_size': 20, 'n_neighbors': 5, 'weights': 'uniform'}",0.9112433862433862,0.9112433862433862,0.0
KNN,705,"{'algorithm': 'brute', 'leaf_size': 20, 'n_neighbors': 5, 'weights': 'distance'}",0.9149470899470898,0.9149470899470898,0.0
KNN,706,"{'algorithm': 'brute', 'leaf_size': 20, 'n_neighbors': 7, 'weights': 'uniform'}",0.9038359788359788,0.9038359788359788,0.0
KNN,707,"{'algorithm': 'brute', 'leaf_size': 20, 'n_neighbors': 7, 'weights': 'distance'}",0.9112433862433862,0.9112433862433862,0.0
KNN,708,"{'algorithm': 'brute', 'leaf_size': 20, 'n_neighbors': 11, 'weights': 'uniform'}",0.889021164021164,0.889021164021164,0.0
KNN,709,"{'algorithm': 'brute', 'leaf_size': 20, 'n_neighbors': 11, 'weights': 'distance'}",0.9075396825396826,0.9075396825396826,0.0
KNN,710,"{'algorithm': 'brute', 'leaf_size': 20, 'n_neighbors': 13, 'weights': 'uniform'}",0.8816137566137566,0.8816137566137566,0.0
KNN,711,"{'algorithm': 'brute', 'leaf_size': 20, 'n_neighbors': 13, 'weights': 'distance'}",0.8927248677248677,0.8927248677248677,0.0
KNN,712,"{'algorithm': 'brute', 'leaf_size': 20, 'n_neighbors': 17, 'weights': 'uniform'}",0.8890211640211639,0.8890211640211639,0.0
KNN,713,"{'algorithm': 'brute', 'leaf_size': 20, 'n_neighbors': 17, 'weights': 'distance'}",0.8964285714285716,0.8964285714285716,0.0
KNN,714,"{'algorithm': 'brute', 'leaf_size': 20, 'n_neighbors': 19, 'weights': 'uniform'}",0.8890211640211639,0.8890211640211639,0.0
KNN,715,"{'algorithm': 'brute', 'leaf_size': 20, 'n_neighbors': 19, 'weights': 'distance'}",0.8927248677248677,0.8927248677248677,0.0
KNN,716,"{'algorithm': 'brute', 'leaf_size': 20, 'n_neighbors': 23, 'weights': 'uniform'}",0.8817460317460316,0.8817460317460316,0.0
KNN,717,"{'algorithm': 'brute', 'leaf_size': 20, 'n_neighbors': 23, 'weights': 'distance'}",0.8927248677248677,0.8927248677248677,0.0
KNN,718,"{'algorithm': 'brute', 'leaf_size': 20, 'n_neighbors': 29, 'weights': 'uniform'}",0.8854497354497355,0.8854497354497355,0.0
KNN,719,"{'algorithm': 'brute', 'leaf_size': 20, 'n_neighbors': 29, 'weights': 'distance'}",0.889153439153439,0.889153439153439,0.0
KNN,720,"{'algorithm': 'brute', 'leaf_size': 20, 'n_neighbors': 31, 'weights': 'uniform'}",0.8928571428571429,0.8928571428571429,0.0
KNN,721,"{'algorithm': 'brute', 'leaf_size': 20, 'n_neighbors': 31, 'weights': 'distance'}",0.8965608465608466,0.8965608465608466,0.0
KNN,722,"{'algorithm': 'brute', 'leaf_size': 20, 'n_neighbors': 37, 'weights': 'uniform'}",0.8707671957671957,0.8707671957671957,0.0
KNN,723,"{'algorithm': 'brute', 'leaf_size': 20, 'n_neighbors': 37, 'weights': 'distance'}",0.8891534391534393,0.8891534391534393,0.0
KNN,724,"{'algorithm': 'brute', 'leaf_size': 20, 'n_neighbors': 41, 'weights': 'uniform'}",0.8597883597883598,0.8597883597883598,0.0
KNN,725,"{'algorithm': 'brute', 'leaf_size': 20, 'n_neighbors': 41, 'weights': 'distance'}",0.8781746031746032,0.8781746031746032,0.0
KNN,726,"{'algorithm': 'brute', 'leaf_size': 20, 'n_neighbors': 43, 'weights': 'uniform'}",0.8706349206349205,0.8706349206349205,0.0
KNN,727,"{'algorithm': 'brute', 'leaf_size': 20, 'n_neighbors': 43, 'weights': 'distance'}",0.8854497354497355,0.8854497354497355,0.0
KNN,728,"{'algorithm': 'brute', 'leaf_size': 30, 'n_neighbors': 2, 'weights': 'uniform'}",0.9113756613756614,0.9113756613756614,0.0
KNN,729,"{'algorithm': 'brute', 'leaf_size': 30, 'n_neighbors': 2, 'weights': 'distance'}",0.9223544973544971,0.9223544973544971,0.0
KNN,730,"{'algorithm': 'brute', 'leaf_size': 30, 'n_neighbors': 3, 'weights': 'uniform'}",0.91494708994709,0.91494708994709,0.0
KNN,731,"{'algorithm': 'brute', 'leaf_size': 30, 'n_neighbors': 3, 'weights': 'distance'}",0.91494708994709,0.91494708994709,0.0
KNN,732,"{'algorithm': 'brute', 'leaf_size': 30, 'n_neighbors': 5, 'weights': 'uniform'}",0.9112433862433862,0.9112433862433862,0.0
KNN,733,"{'algorithm': 'brute', 'leaf_size': 30, 'n_neighbors': 5, 'weights': 'distance'}",0.9149470899470898,0.9149470899470898,0.0
KNN,734,"{'algorithm': 'brute', 'leaf_size': 30, 'n_neighbors': 7, 'weights': 'uniform'}",0.9038359788359788,0.9038359788359788,0.0
KNN,735,"{'algorithm': 'brute', 'leaf_size': 30, 'n_neighbors': 7, 'weights': 'distance'}",0.9112433862433862,0.9112433862433862,0.0
KNN,736,"{'algorithm': 'brute', 'leaf_size': 30, 'n_neighbors': 11, 'weights': 'uniform'}",0.889021164021164,0.889021164021164,0.0
KNN,737,"{'algorithm': 'brute', 'leaf_size': 30, 'n_neighbors': 11, 'weights': 'distance'}",0.9075396825396826,0.9075396825396826,0.0
KNN,738,"{'algorithm': 'brute', 'leaf_size': 30, 'n_neighbors': 13, 'weights': 'uniform'}",0.8816137566137566,0.8816137566137566,0.0
KNN,739,"{'algorithm': 'brute', 'leaf_size': 30, 'n_neighbors': 13, 'weights': 'distance'}",0.8927248677248677,0.8927248677248677,0.0
KNN,740,"{'algorithm': 'brute', 'leaf_size': 30, 'n_neighbors': 17, 'weights': 'uniform'}",0.8890211640211639,0.8890211640211639,0.0
KNN,741,"{'algorithm': 'brute', 'leaf_size': 30, 'n_neighbors': 17, 'weights': 'distance'}",0.8964285714285716,0.8964285714285716,0.0
KNN,742,"{'algorithm': 'brute', 'leaf_size': 30, 'n_neighbors': 19, 'weights': 'uniform'}",0.8890211640211639,0.8890211640211639,0.0
KNN,743,"{'algorithm': 'brute', 'leaf_size': 30, 'n_neighbors': 19, 'weights': 'distance'}",0.8927248677248677,0.8927248677248677,0.0
KNN,744,"{'algorithm': 'brute', 'leaf_size': 30, 'n_neighbors': 23, 'weights': 'uniform'}",0.8817460317460316,0.8817460317460316,0.0
KNN,745,"{'algorithm': 'brute', 'leaf_size': 30, 'n_neighbors': 23, 'weights': 'distance'}",0.8927248677248677,0.8927248677248677,0.0
KNN,746,"{'algorithm': 'brute', 'leaf_size': 30, 'n_neighbors': 29, 'weights': 'uniform'}",0.8854497354497355,0.8854497354497355,0.0
KNN,747,"{'algorithm': 'brute', 'leaf_size': 30, 'n_neighbors': 29, 'weights': 'distance'}",0.889153439153439,0.889153439153439,0.0
KNN,748,"{'algorithm': 'brute', 'leaf_size': 30, 'n_neighbors': 31, 'weights': 'uniform'}",0.8928571428571429,0.8928571428571429,0.0
KNN,749,"{'algorithm': 'brute', 'leaf_size': 30, 'n_neighbors': 31, 'weights': 'distance'}",0.8965608465608466,0.8965608465608466,0.0
KNN,750,"{'algorithm': 'brute', 'leaf_size': 30, 'n_neighbors': 37, 'weights': 'uniform'}",0.8707671957671957,0.8707671957671957,0.0
KNN,751,"{'algorithm': 'brute', 'leaf_size': 30, 'n_neighbors': 37, 'weights': 'distance'}",0.8891534391534393,0.8891534391534393,0.0
KNN,752,"{'algorithm': 'brute', 'leaf_size': 30, 'n_neighbors': 41, 'weights': 'uniform'}",0.8597883597883598,0.8597883597883598,0.0
KNN,753,"{'algorithm': 'brute', 'leaf_size': 30, 'n_neighbors': 41, 'weights': 'distance'}",0.8781746031746032,0.8781746031746032,0.0
KNN,754,"{'algorithm': 'brute', 'leaf_size': 30, 'n_neighbors': 43, 'weights': 'uniform'}",0.8706349206349205,0.8706349206349205,0.0
KNN,755,"{'algorithm': 'brute', 'leaf_size': 30, 'n_neighbors': 43, 'weights': 'distance'}",0.8854497354497355,0.8854497354497355,0.0
KNN,756,"{'algorithm': 'brute', 'leaf_size': 40, 'n_neighbors': 2, 'weights': 'uniform'}",0.9113756613756614,0.9113756613756614,0.0
KNN,757,"{'algorithm': 'brute', 'leaf_size': 40, 'n_neighbors': 2, 'weights': 'distance'}",0.9223544973544971,0.9223544973544971,0.0
KNN,758,"{'algorithm': 'brute', 'leaf_size': 40, 'n_neighbors': 3, 'weights': 'uniform'}",0.91494708994709,0.91494708994709,0.0
KNN,759,"{'algorithm': 'brute', 'leaf_size': 40, 'n_neighbors': 3, 'weights': 'distance'}",0.91494708994709,0.91494708994709,0.0
KNN,760,"{'algorithm': 'brute', 'leaf_size': 40, 'n_neighbors': 5, 'weights': 'uniform'}",0.9112433862433862,0.9112433862433862,0.0
KNN,761,"{'algorithm': 'brute', 'leaf_size': 40, 'n_neighbors': 5, 'weights': 'distance'}",0.9149470899470898,0.9149470899470898,0.0
KNN,762,"{'algorithm': 'brute', 'leaf_size': 40, 'n_neighbors': 7, 'weights': 'uniform'}",0.9038359788359788,0.9038359788359788,0.0
KNN,763,"{'algorithm': 'brute', 'leaf_size': 40, 'n_neighbors': 7, 'weights': 'distance'}",0.9112433862433862,0.9112433862433862,0.0
KNN,764,"{'algorithm': 'brute', 'leaf_size': 40, 'n_neighbors': 11, 'weights': 'uniform'}",0.889021164021164,0.889021164021164,0.0
KNN,765,"{'algorithm': 'brute', 'leaf_size': 40, 'n_neighbors': 11, 'weights': 'distance'}",0.9075396825396826,0.9075396825396826,0.0
KNN,766,"{'algorithm': 'brute', 'leaf_size': 40, 'n_neighbors': 13, 'weights': 'uniform'}",0.8816137566137566,0.8816137566137566,0.0
KNN,767,"{'algorithm': 'brute', 'leaf_size': 40, 'n_neighbors': 13, 'weights': 'distance'}",0.8927248677248677,0.8927248677248677,0.0
KNN,768,"{'algorithm': 'brute', 'leaf_size': 40, 'n_neighbors': 17, 'weights': 'uniform'}",0.8890211640211639,0.8890211640211639,0.0
KNN,769,"{'algorithm': 'brute', 'leaf_size': 40, 'n_neighbors': 17, 'weights': 'distance'}",0.8964285714285716,0.8964285714285716,0.0
KNN,770,"{'algorithm': 'brute', 'leaf_size': 40, 'n_neighbors': 19, 'weights': 'uniform'}",0.8890211640211639,0.8890211640211639,0.0
KNN,771,"{'algorithm': 'brute', 'leaf_size': 40, 'n_neighbors': 19, 'weights': 'distance'}",0.8927248677248677,0.8927248677248677,0.0
KNN,772,"{'algorithm': 'brute', 'leaf_size': 40, 'n_neighbors': 23, 'weights': 'uniform'}",0.8817460317460316,0.8817460317460316,0.0
KNN,773,"{'algorithm': 'brute', 'leaf_size': 40, 'n_neighbors': 23, 'weights': 'distance'}",0.8927248677248677,0.8927248677248677,0.0
KNN,774,"{'algorithm': 'brute', 'leaf_size': 40, 'n_neighbors': 29, 'weights': 'uniform'}",0.8854497354497355,0.8854497354497355,0.0
KNN,775,"{'algorithm': 'brute', 'leaf_size': 40, 'n_neighbors': 29, 'weights': 'distance'}",0.889153439153439,0.889153439153439,0.0
KNN,776,"{'algorithm': 'brute', 'leaf_size': 40, 'n_neighbors': 31, 'weights': 'uniform'}",0.8928571428571429,0.8928571428571429,0.0
KNN,777,"{'algorithm': 'brute', 'leaf_size': 40, 'n_neighbors': 31, 'weights': 'distance'}",0.8965608465608466,0.8965608465608466,0.0
KNN,778,"{'algorithm': 'brute', 'leaf_size': 40, 'n_neighbors': 37, 'weights': 'uniform'}",0.8707671957671957,0.8707671957671957,0.0
KNN,779,"{'algorithm': 'brute', 'leaf_size': 40, 'n_neighbors': 37, 'weights': 'distance'}",0.8891534391534393,0.8891534391534393,0.0
KNN,780,"{'algorithm': 'brute', 'leaf_size': 40, 'n_neighbors': 41, 'weights': 'uniform'}",0.8597883597883598,0.8597883597883598,0.0
KNN,781,"{'algorithm': 'brute', 'leaf_size': 40, 'n_neighbors': 41, 'weights': 'distance'}",0.8781746031746032,0.8781746031746032,0.0
KNN,782,"{'algorithm': 'brute', 'leaf_size': 40, 'n_neighbors': 43, 'weights': 'uniform'}",0.8706349206349205,0.8706349206349205,0.0
KNN,783,"{'algorithm': 'brute', 'leaf_size': 40, 'n_neighbors': 43, 'weights': 'distance'}",0.8854497354497355,0.8854497354497355,0.0
KNN,784,"{'algorithm': 'brute', 'leaf_size': 50, 'n_neighbors': 2, 'weights': 'uniform'}",0.9113756613756614,0.9113756613756614,0.0
KNN,785,"{'algorithm': 'brute', 'leaf_size': 50, 'n_neighbors': 2, 'weights': 'distance'}",0.9223544973544971,0.9223544973544971,0.0
KNN,786,"{'algorithm': 'brute', 'leaf_size': 50, 'n_neighbors': 3, 'weights': 'uniform'}",0.91494708994709,0.91494708994709,0.0
KNN,787,"{'algorithm': 'brute', 'leaf_size': 50, 'n_neighbors': 3, 'weights': 'distance'}",0.91494708994709,0.91494708994709,0.0
KNN,788,"{'algorithm': 'brute', 'leaf_size': 50, 'n_neighbors': 5, 'weights': 'uniform'}",0.9112433862433862,0.9112433862433862,0.0
KNN,789,"{'algorithm': 'brute', 'leaf_size': 50, 'n_neighbors': 5, 'weights': 'distance'}",0.9149470899470898,0.9149470899470898,0.0
KNN,790,"{'algorithm': 'brute', 'leaf_size': 50, 'n_neighbors': 7, 'weights': 'uniform'}",0.9038359788359788,0.9038359788359788,0.0
KNN,791,"{'algorithm': 'brute', 'leaf_size': 50, 'n_neighbors': 7, 'weights': 'distance'}",0.9112433862433862,0.9112433862433862,0.0
KNN,792,"{'algorithm': 'brute', 'leaf_size': 50, 'n_neighbors': 11, 'weights': 'uniform'}",0.889021164021164,0.889021164021164,0.0
KNN,793,"{'algorithm': 'brute', 'leaf_size': 50, 'n_neighbors': 11, 'weights': 'distance'}",0.9075396825396826,0.9075396825396826,0.0
KNN,794,"{'algorithm': 'brute', 'leaf_size': 50, 'n_neighbors': 13, 'weights': 'uniform'}",0.8816137566137566,0.8816137566137566,0.0
KNN,795,"{'algorithm': 'brute', 'leaf_size': 50, 'n_neighbors': 13, 'weights': 'distance'}",0.8927248677248677,0.8927248677248677,0.0
KNN,796,"{'algorithm': 'brute', 'leaf_size': 50, 'n_neighbors': 17, 'weights': 'uniform'}",0.8890211640211639,0.8890211640211639,0.0
KNN,797,"{'algorithm': 'brute', 'leaf_size': 50, 'n_neighbors': 17, 'weights': 'distance'}",0.8964285714285716,0.8964285714285716,0.0
KNN,798,"{'algorithm': 'brute', 'leaf_size': 50, 'n_neighbors': 19, 'weights': 'uniform'}",0.8890211640211639,0.8890211640211639,0.0
KNN,799,"{'algorithm': 'brute', 'leaf_size': 50, 'n_neighbors': 19, 'weights': 'distance'}",0.8927248677248677,0.8927248677248677,0.0
KNN,800,"{'algorithm': 'brute', 'leaf_size': 50, 'n_neighbors': 23, 'weights': 'uniform'}",0.8817460317460316,0.8817460317460316,0.0
KNN,801,"{'algorithm': 'brute', 'leaf_size': 50, 'n_neighbors': 23, 'weights': 'distance'}",0.8927248677248677,0.8927248677248677,0.0
KNN,802,"{'algorithm': 'brute', 'leaf_size': 50, 'n_neighbors': 29, 'weights': 'uniform'}",0.8854497354497355,0.8854497354497355,0.0
KNN,803,"{'algorithm': 'brute', 'leaf_size': 50, 'n_neighbors': 29, 'weights': 'distance'}",0.889153439153439,0.889153439153439,0.0
KNN,804,"{'algorithm': 'brute', 'leaf_size': 50, 'n_neighbors': 31, 'weights': 'uniform'}",0.8928571428571429,0.8928571428571429,0.0
KNN,805,"{'algorithm': 'brute', 'leaf_size': 50, 'n_neighbors': 31, 'weights': 'distance'}",0.8965608465608466,0.8965608465608466,0.0
KNN,806,"{'algorithm': 'brute', 'leaf_size': 50, 'n_neighbors': 37, 'weights': 'uniform'}",0.8707671957671957,0.8707671957671957,0.0
KNN,807,"{'algorithm': 'brute', 'leaf_size': 50, 'n_neighbors': 37, 'weights': 'distance'}",0.8891534391534393,0.8891534391534393,0.0
KNN,808,"{'algorithm': 'brute', 'leaf_size': 50, 'n_neighbors': 41, 'weights': 'uniform'}",0.8597883597883598,0.8597883597883598,0.0
KNN,809,"{'algorithm': 'brute', 'leaf_size': 50, 'n_neighbors': 41, 'weights': 'distance'}",0.8781746031746032,0.8781746031746032,0.0
KNN,810,"{'algorithm': 'brute', 'leaf_size': 50, 'n_neighbors': 43, 'weights': 'uniform'}",0.8706349206349205,0.8706349206349205,0.0
KNN,811,"{'algorithm': 'brute', 'leaf_size': 50, 'n_neighbors': 43, 'weights': 'distance'}",0.8854497354497355,0.8854497354497355,0.0
KNN,812,"{'algorithm': 'brute', 'leaf_size': 60, 'n_neighbors': 2, 'weights': 'uniform'}",0.9113756613756614,0.9113756613756614,0.0
KNN,813,"{'algorithm': 'brute', 'leaf_size': 60, 'n_neighbors': 2, 'weights': 'distance'}",0.9223544973544971,0.9223544973544971,0.0
KNN,814,"{'algorithm': 'brute', 'leaf_size': 60, 'n_neighbors': 3, 'weights': 'uniform'}",0.91494708994709,0.91494708994709,0.0
KNN,815,"{'algorithm': 'brute', 'leaf_size': 60, 'n_neighbors': 3, 'weights': 'distance'}",0.91494708994709,0.91494708994709,0.0
KNN,816,"{'algorithm': 'brute', 'leaf_size': 60, 'n_neighbors': 5, 'weights': 'uniform'}",0.9112433862433862,0.9112433862433862,0.0
KNN,817,"{'algorithm': 'brute', 'leaf_size': 60, 'n_neighbors': 5, 'weights': 'distance'}",0.9149470899470898,0.9149470899470898,0.0
KNN,818,"{'algorithm': 'brute', 'leaf_size': 60, 'n_neighbors': 7, 'weights': 'uniform'}",0.9038359788359788,0.9038359788359788,0.0
KNN,819,"{'algorithm': 'brute', 'leaf_size': 60, 'n_neighbors': 7, 'weights': 'distance'}",0.9112433862433862,0.9112433862433862,0.0
KNN,820,"{'algorithm': 'brute', 'leaf_size': 60, 'n_neighbors': 11, 'weights': 'uniform'}",0.889021164021164,0.889021164021164,0.0
KNN,821,"{'algorithm': 'brute', 'leaf_size': 60, 'n_neighbors': 11, 'weights': 'distance'}",0.9075396825396826,0.9075396825396826,0.0
KNN,822,"{'algorithm': 'brute', 'leaf_size': 60, 'n_neighbors': 13, 'weights': 'uniform'}",0.8816137566137566,0.8816137566137566,0.0
KNN,823,"{'algorithm': 'brute', 'leaf_size': 60, 'n_neighbors': 13, 'weights': 'distance'}",0.8927248677248677,0.8927248677248677,0.0
KNN,824,"{'algorithm': 'brute', 'leaf_size': 60, 'n_neighbors': 17, 'weights': 'uniform'}",0.8890211640211639,0.8890211640211639,0.0
KNN,825,"{'algorithm': 'brute', 'leaf_size': 60, 'n_neighbors': 17, 'weights': 'distance'}",0.8964285714285716,0.8964285714285716,0.0
KNN,826,"{'algorithm': 'brute', 'leaf_size': 60, 'n_neighbors': 19, 'weights': 'uniform'}",0.8890211640211639,0.8890211640211639,0.0
KNN,827,"{'algorithm': 'brute', 'leaf_size': 60, 'n_neighbors': 19, 'weights': 'distance'}",0.8927248677248677,0.8927248677248677,0.0
KNN,828,"{'algorithm': 'brute', 'leaf_size': 60, 'n_neighbors': 23, 'weights': 'uniform'}",0.8817460317460316,0.8817460317460316,0.0
KNN,829,"{'algorithm': 'brute', 'leaf_size': 60, 'n_neighbors': 23, 'weights': 'distance'}",0.8927248677248677,0.8927248677248677,0.0
KNN,830,"{'algorithm': 'brute', 'leaf_size': 60, 'n_neighbors': 29, 'weights': 'uniform'}",0.8854497354497355,0.8854497354497355,0.0
KNN,831,"{'algorithm': 'brute', 'leaf_size': 60, 'n_neighbors': 29, 'weights': 'distance'}",0.889153439153439,0.889153439153439,0.0
KNN,832,"{'algorithm': 'brute', 'leaf_size': 60, 'n_neighbors': 31, 'weights': 'uniform'}",0.8928571428571429,0.8928571428571429,0.0
KNN,833,"{'algorithm': 'brute', 'leaf_size': 60, 'n_neighbors': 31, 'weights': 'distance'}",0.8965608465608466,0.8965608465608466,0.0
KNN,834,"{'algorithm': 'brute', 'leaf_size': 60, 'n_neighbors': 37, 'weights': 'uniform'}",0.8707671957671957,0.8707671957671957,0.0
KNN,835,"{'algorithm': 'brute', 'leaf_size': 60, 'n_neighbors': 37, 'weights': 'distance'}",0.8891534391534393,0.8891534391534393,0.0
KNN,836,"{'algorithm': 'brute', 'leaf_size': 60, 'n_neighbors': 41, 'weights': 'uniform'}",0.8597883597883598,0.8597883597883598,0.0
KNN,837,"{'algorithm': 'brute', 'leaf_size': 60, 'n_neighbors': 41, 'weights': 'distance'}",0.8781746031746032,0.8781746031746032,0.0
KNN,838,"{'algorithm': 'brute', 'leaf_size': 60, 'n_neighbors': 43, 'weights': 'uniform'}",0.8706349206349205,0.8706349206349205,0.0
KNN,839,"{'algorithm': 'brute', 'leaf_size': 60, 'n_neighbors': 43, 'weights': 'distance'}",0.8854497354497355,0.8854497354497355,0.0
KNN,840,"{'algorithm': 'brute', 'leaf_size': 70, 'n_neighbors': 2, 'weights': 'uniform'}",0.9113756613756614,0.9113756613756614,0.0
KNN,841,"{'algorithm': 'brute', 'leaf_size': 70, 'n_neighbors': 2, 'weights': 'distance'}",0.9223544973544971,0.9223544973544971,0.0
KNN,842,"{'algorithm': 'brute', 'leaf_size': 70, 'n_neighbors': 3, 'weights': 'uniform'}",0.91494708994709,0.91494708994709,0.0
KNN,843,"{'algorithm': 'brute', 'leaf_size': 70, 'n_neighbors': 3, 'weights': 'distance'}",0.91494708994709,0.91494708994709,0.0
KNN,844,"{'algorithm': 'brute', 'leaf_size': 70, 'n_neighbors': 5, 'weights': 'uniform'}",0.9112433862433862,0.9112433862433862,0.0
KNN,845,"{'algorithm': 'brute', 'leaf_size': 70, 'n_neighbors': 5, 'weights': 'distance'}",0.9149470899470898,0.9149470899470898,0.0
KNN,846,"{'algorithm': 'brute', 'leaf_size': 70, 'n_neighbors': 7, 'weights': 'uniform'}",0.9038359788359788,0.9038359788359788,0.0
KNN,847,"{'algorithm': 'brute', 'leaf_size': 70, 'n_neighbors': 7, 'weights': 'distance'}",0.9112433862433862,0.9112433862433862,0.0
KNN,848,"{'algorithm': 'brute', 'leaf_size': 70, 'n_neighbors': 11, 'weights': 'uniform'}",0.889021164021164,0.889021164021164,0.0
KNN,849,"{'algorithm': 'brute', 'leaf_size': 70, 'n_neighbors': 11, 'weights': 'distance'}",0.9075396825396826,0.9075396825396826,0.0
KNN,850,"{'algorithm': 'brute', 'leaf_size': 70, 'n_neighbors': 13, 'weights': 'uniform'}",0.8816137566137566,0.8816137566137566,0.0
KNN,851,"{'algorithm': 'brute', 'leaf_size': 70, 'n_neighbors': 13, 'weights': 'distance'}",0.8927248677248677,0.8927248677248677,0.0
KNN,852,"{'algorithm': 'brute', 'leaf_size': 70, 'n_neighbors': 17, 'weights': 'uniform'}",0.8890211640211639,0.8890211640211639,0.0
KNN,853,"{'algorithm': 'brute', 'leaf_size': 70, 'n_neighbors': 17, 'weights': 'distance'}",0.8964285714285716,0.8964285714285716,0.0
KNN,854,"{'algorithm': 'brute', 'leaf_size': 70, 'n_neighbors': 19, 'weights': 'uniform'}",0.8890211640211639,0.8890211640211639,0.0
KNN,855,"{'algorithm': 'brute', 'leaf_size': 70, 'n_neighbors': 19, 'weights': 'distance'}",0.8927248677248677,0.8927248677248677,0.0
KNN,856,"{'algorithm': 'brute', 'leaf_size': 70, 'n_neighbors': 23, 'weights': 'uniform'}",0.8817460317460316,0.8817460317460316,0.0
KNN,857,"{'algorithm': 'brute', 'leaf_size': 70, 'n_neighbors': 23, 'weights': 'distance'}",0.8927248677248677,0.8927248677248677,0.0
KNN,858,"{'algorithm': 'brute', 'leaf_size': 70, 'n_neighbors': 29, 'weights': 'uniform'}",0.8854497354497355,0.8854497354497355,0.0
KNN,859,"{'algorithm': 'brute', 'leaf_size': 70, 'n_neighbors': 29, 'weights': 'distance'}",0.889153439153439,0.889153439153439,0.0
KNN,860,"{'algorithm': 'brute', 'leaf_size': 70, 'n_neighbors': 31, 'weights': 'uniform'}",0.8928571428571429,0.8928571428571429,0.0
KNN,861,"{'algorithm': 'brute', 'leaf_size': 70, 'n_neighbors': 31, 'weights': 'distance'}",0.8965608465608466,0.8965608465608466,0.0
KNN,862,"{'algorithm': 'brute', 'leaf_size': 70, 'n_neighbors': 37, 'weights': 'uniform'}",0.8707671957671957,0.8707671957671957,0.0
KNN,863,"{'algorithm': 'brute', 'leaf_size': 70, 'n_neighbors': 37, 'weights': 'distance'}",0.8891534391534393,0.8891534391534393,0.0
KNN,864,"{'algorithm': 'brute', 'leaf_size': 70, 'n_neighbors': 41, 'weights': 'uniform'}",0.8597883597883598,0.8597883597883598,0.0
KNN,865,"{'algorithm': 'brute', 'leaf_size': 70, 'n_neighbors': 41, 'weights': 'distance'}",0.8781746031746032,0.8781746031746032,0.0
KNN,866,"{'algorithm': 'brute', 'leaf_size': 70, 'n_neighbors': 43, 'weights': 'uniform'}",0.8706349206349205,0.8706349206349205,0.0
KNN,867,"{'algorithm': 'brute', 'leaf_size': 70, 'n_neighbors': 43, 'weights': 'distance'}",0.8854497354497355,0.8854497354497355,0.0
KNN,868,"{'algorithm': 'brute', 'leaf_size': 80, 'n_neighbors': 2, 'weights': 'uniform'}",0.9113756613756614,0.9113756613756614,0.0
KNN,869,"{'algorithm': 'brute', 'leaf_size': 80, 'n_neighbors': 2, 'weights': 'distance'}",0.9223544973544971,0.9223544973544971,0.0
KNN,870,"{'algorithm': 'brute', 'leaf_size': 80, 'n_neighbors': 3, 'weights': 'uniform'}",0.91494708994709,0.91494708994709,0.0
KNN,871,"{'algorithm': 'brute', 'leaf_size': 80, 'n_neighbors': 3, 'weights': 'distance'}",0.91494708994709,0.91494708994709,0.0
KNN,872,"{'algorithm': 'brute', 'leaf_size': 80, 'n_neighbors': 5, 'weights': 'uniform'}",0.9112433862433862,0.9112433862433862,0.0
KNN,873,"{'algorithm': 'brute', 'leaf_size': 80, 'n_neighbors': 5, 'weights': 'distance'}",0.9149470899470898,0.9149470899470898,0.0
KNN,874,"{'algorithm': 'brute', 'leaf_size': 80, 'n_neighbors': 7, 'weights': 'uniform'}",0.9038359788359788,0.9038359788359788,0.0
KNN,875,"{'algorithm': 'brute', 'leaf_size': 80, 'n_neighbors': 7, 'weights': 'distance'}",0.9112433862433862,0.9112433862433862,0.0
KNN,876,"{'algorithm': 'brute', 'leaf_size': 80, 'n_neighbors': 11, 'weights': 'uniform'}",0.889021164021164,0.889021164021164,0.0
KNN,877,"{'algorithm': 'brute', 'leaf_size': 80, 'n_neighbors': 11, 'weights': 'distance'}",0.9075396825396826,0.9075396825396826,0.0
KNN,878,"{'algorithm': 'brute', 'leaf_size': 80, 'n_neighbors': 13, 'weights': 'uniform'}",0.8816137566137566,0.8816137566137566,0.0
KNN,879,"{'algorithm': 'brute', 'leaf_size': 80, 'n_neighbors': 13, 'weights': 'distance'}",0.8927248677248677,0.8927248677248677,0.0
KNN,880,"{'algorithm': 'brute', 'leaf_size': 80, 'n_neighbors': 17, 'weights': 'uniform'}",0.8890211640211639,0.8890211640211639,0.0
KNN,881,"{'algorithm': 'brute', 'leaf_size': 80, 'n_neighbors': 17, 'weights': 'distance'}",0.8964285714285716,0.8964285714285716,0.0
KNN,882,"{'algorithm': 'brute', 'leaf_size': 80, 'n_neighbors': 19, 'weights': 'uniform'}",0.8890211640211639,0.8890211640211639,0.0
KNN,883,"{'algorithm': 'brute', 'leaf_size': 80, 'n_neighbors': 19, 'weights': 'distance'}",0.8927248677248677,0.8927248677248677,0.0
KNN,884,"{'algorithm': 'brute', 'leaf_size': 80, 'n_neighbors': 23, 'weights': 'uniform'}",0.8817460317460316,0.8817460317460316,0.0
KNN,885,"{'algorithm': 'brute', 'leaf_size': 80, 'n_neighbors': 23, 'weights': 'distance'}",0.8927248677248677,0.8927248677248677,0.0
KNN,886,"{'algorithm': 'brute', 'leaf_size': 80, 'n_neighbors': 29, 'weights': 'uniform'}",0.8854497354497355,0.8854497354497355,0.0
KNN,887,"{'algorithm': 'brute', 'leaf_size': 80, 'n_neighbors': 29, 'weights': 'distance'}",0.889153439153439,0.889153439153439,0.0
KNN,888,"{'algorithm': 'brute', 'leaf_size': 80, 'n_neighbors': 31, 'weights': 'uniform'}",0.8928571428571429,0.8928571428571429,0.0
KNN,889,"{'algorithm': 'brute', 'leaf_size': 80, 'n_neighbors': 31, 'weights': 'distance'}",0.8965608465608466,0.8965608465608466,0.0
KNN,890,"{'algorithm': 'brute', 'leaf_size': 80, 'n_neighbors': 37, 'weights': 'uniform'}",0.8707671957671957,0.8707671957671957,0.0
KNN,891,"{'algorithm': 'brute', 'leaf_size': 80, 'n_neighbors': 37, 'weights': 'distance'}",0.8891534391534393,0.8891534391534393,0.0
KNN,892,"{'algorithm': 'brute', 'leaf_size': 80, 'n_neighbors': 41, 'weights': 'uniform'}",0.8597883597883598,0.8597883597883598,0.0
KNN,893,"{'algorithm': 'brute', 'leaf_size': 80, 'n_neighbors': 41, 'weights': 'distance'}",0.8781746031746032,0.8781746031746032,0.0
KNN,894,"{'algorithm': 'brute', 'leaf_size': 80, 'n_neighbors': 43, 'weights': 'uniform'}",0.8706349206349205,0.8706349206349205,0.0
KNN,895,"{'algorithm': 'brute', 'leaf_size': 80, 'n_neighbors': 43, 'weights': 'distance'}",0.8854497354497355,0.8854497354497355,0.0
SVM,0,"{'C': 0.001, 'degree': 1, 'kernel': 'linear', 'tol': 1e-05}",0.5313492063492063,0.5313492063492063,0.0
SVM,1,"{'C': 0.001, 'degree': 1, 'kernel': 'poly', 'tol': 1e-05}",0.5313492063492063,0.5313492063492063,0.0
SVM,2,"{'C': 0.001, 'degree': 1, 'kernel': 'rbf', 'tol': 1e-05}",0.5313492063492063,0.5313492063492063,0.0
SVM,3,"{'C': 0.001, 'degree': 1, 'kernel': 'sigmoid', 'tol': 1e-05}",0.5313492063492063,0.5313492063492063,0.0
SVM,4,"{'C': 0.001, 'degree': 3, 'kernel': 'linear', 'tol': 1e-05}",0.5313492063492063,0.5313492063492063,0.0
SVM,5,"{'C': 0.001, 'degree': 3, 'kernel': 'poly', 'tol': 1e-05}",0.5313492063492063,0.5313492063492063,0.0
SVM,6,"{'C': 0.001, 'degree': 3, 'kernel': 'rbf', 'tol': 1e-05}",0.5313492063492063,0.5313492063492063,0.0
SVM,7,"{'C': 0.001, 'degree': 3, 'kernel': 'sigmoid', 'tol': 1e-05}",0.5313492063492063,0.5313492063492063,0.0
SVM,8,"{'C': 0.001, 'degree': 5, 'kernel': 'linear', 'tol': 1e-05}",0.5313492063492063,0.5313492063492063,0.0
SVM,9,"{'C': 0.001, 'degree': 5, 'kernel': 'poly', 'tol': 1e-05}",0.5313492063492063,0.5313492063492063,0.0
SVM,10,"{'C': 0.001, 'degree': 5, 'kernel': 'rbf', 'tol': 1e-05}",0.5313492063492063,0.5313492063492063,0.0
SVM,11,"{'C': 0.001, 'degree': 5, 'kernel': 'sigmoid', 'tol': 1e-05}",0.5313492063492063,0.5313492063492063,0.0
SVM,12,"{'C': 0.001, 'degree': 7, 'kernel': 'linear', 'tol': 1e-05}",0.5313492063492063,0.5313492063492063,0.0
SVM,13,"{'C': 0.001, 'degree': 7, 'kernel': 'poly', 'tol': 1e-05}",0.5313492063492063,0.5313492063492063,0.0
SVM,14,"{'C': 0.001, 'degree': 7, 'kernel': 'rbf', 'tol': 1e-05}",0.5313492063492063,0.5313492063492063,0.0
SVM,15,"{'C': 0.001, 'degree': 7, 'kernel': 'sigmoid', 'tol': 1e-05}",0.5313492063492063,0.5313492063492063,0.0
SVM,16,"{'C': 0.001, 'degree': 9, 'kernel': 'linear', 'tol': 1e-05}",0.5313492063492063,0.5313492063492063,0.0
SVM,17,"{'C': 0.001, 'degree': 9, 'kernel': 'poly', 'tol': 1e-05}",0.5313492063492063,0.5313492063492063,0.0
SVM,18,"{'C': 0.001, 'degree': 9, 'kernel': 'rbf', 'tol': 1e-05}",0.5313492063492063,0.5313492063492063,0.0
SVM,19,"{'C': 0.001, 'degree': 9, 'kernel': 'sigmoid', 'tol': 1e-05}",0.5313492063492063,0.5313492063492063,0.0
SVM,20,"{'C': 0.01, 'degree': 1, 'kernel': 'linear', 'tol': 1e-05}",0.8194444444444444,0.8194444444444444,0.0
SVM,21,"{'C': 0.01, 'degree': 1, 'kernel': 'poly', 'tol': 1e-05}",0.5313492063492063,0.5313492063492063,0.0
SVM,22,"{'C': 0.01, 'degree': 1, 'kernel': 'rbf', 'tol': 1e-05}",0.5313492063492063,0.5313492063492063,0.0
SVM,23,"{'C': 0.01, 'degree': 1, 'kernel': 'sigmoid', 'tol': 1e-05}",0.5313492063492063,0.5313492063492063,0.0
SVM,24,"{'C': 0.01, 'degree': 3, 'kernel': 'linear', 'tol': 1e-05}",0.8194444444444444,0.8194444444444444,0.0
SVM,25,"{'C': 0.01, 'degree': 3, 'kernel': 'poly', 'tol': 1e-05}",0.5313492063492063,0.5313492063492063,0.0
SVM,26,"{'C': 0.01, 'degree': 3, 'kernel': 'rbf', 'tol': 1e-05}",0.5313492063492063,0.5313492063492063,0.0
SVM,27,"{'C': 0.01, 'degree': 3, 'kernel': 'sigmoid', 'tol': 1e-05}",0.5313492063492063,0.5313492063492063,0.0
SVM,28,"{'C': 0.01, 'degree': 5, 'kernel': 'linear', 'tol': 1e-05}",0.8194444444444444,0.8194444444444444,0.0
SVM,29,"{'C': 0.01, 'degree': 5, 'kernel': 'poly', 'tol': 1e-05}",0.5313492063492063,0.5313492063492063,0.0
SVM,30,"{'C': 0.01, 'degree': 5, 'kernel': 'rbf', 'tol': 1e-05}",0.5313492063492063,0.5313492063492063,0.0
SVM,31,"{'C': 0.01, 'degree': 5, 'kernel': 'sigmoid', 'tol': 1e-05}",0.5313492063492063,0.5313492063492063,0.0
SVM,32,"{'C': 0.01, 'degree': 7, 'kernel': 'linear', 'tol': 1e-05}",0.8194444444444444,0.8194444444444444,0.0
SVM,33,"{'C': 0.01, 'degree': 7, 'kernel': 'poly', 'tol': 1e-05}",0.5313492063492063,0.5313492063492063,0.0
SVM,34,"{'C': 0.01, 'degree': 7, 'kernel': 'rbf', 'tol': 1e-05}",0.5313492063492063,0.5313492063492063,0.0
SVM,35,"{'C': 0.01, 'degree': 7, 'kernel': 'sigmoid', 'tol': 1e-05}",0.5313492063492063,0.5313492063492063,0.0
SVM,36,"{'C': 0.01, 'degree': 9, 'kernel': 'linear', 'tol': 1e-05}",0.8194444444444444,0.8194444444444444,0.0
SVM,37,"{'C': 0.01, 'degree': 9, 'kernel': 'poly', 'tol': 1e-05}",0.5313492063492063,0.5313492063492063,0.0
SVM,38,"{'C': 0.01, 'degree': 9, 'kernel': 'rbf', 'tol': 1e-05}",0.5313492063492063,0.5313492063492063,0.0
SVM,39,"{'C': 0.01, 'degree': 9, 'kernel': 'sigmoid', 'tol': 1e-05}",0.5313492063492063,0.5313492063492063,0.0
SVM,40,"{'C': 0.1, 'degree': 1, 'kernel': 'linear', 'tol': 1e-05}",0.92989417989418,0.92989417989418,0.0
SVM,41,"{'C': 0.1, 'degree': 1, 'kernel': 'poly', 'tol': 1e-05}",0.5313492063492063,0.5313492063492063,0.0
SVM,42,"{'C': 0.1, 'degree': 1, 'kernel': 'rbf', 'tol': 1e-05}",0.5904761904761904,0.5904761904761904,0.0
SVM,43,"{'C': 0.1, 'degree': 1, 'kernel': 'sigmoid', 'tol': 1e-05}",0.5313492063492063,0.5313492063492063,0.0
SVM,44,"{'C': 0.1, 'degree': 3, 'kernel': 'linear', 'tol': 1e-05}",0.92989417989418,0.92989417989418,0.0
SVM,45,"{'C': 0.1, 'degree': 3, 'kernel': 'poly', 'tol': 1e-05}",0.7604497354497355,0.7604497354497355,0.0
SVM,46,"{'C': 0.1, 'degree': 3, 'kernel': 'rbf', 'tol': 1e-05}",0.5904761904761904,0.5904761904761904,0.0
SVM,47,"{'C': 0.1, 'degree': 3, 'kernel': 'sigmoid', 'tol': 1e-05}",0.5313492063492063,0.5313492063492063,0.0
SVM,48,"{'C': 0.1, 'degree': 5, 'kernel': 'linear', 'tol': 1e-05}",0.92989417989418,0.92989417989418,0.0
SVM,49,"{'C': 0.1, 'degree': 5, 'kernel': 'poly', 'tol': 1e-05}",0.8412698412698413,0.8412698412698413,0.0
SVM,50,"{'C': 0.1, 'degree': 5, 'kernel': 'rbf', 'tol': 1e-05}",0.5904761904761904,0.5904761904761904,0.0
SVM,51,"{'C': 0.1, 'degree': 5, 'kernel': 'sigmoid', 'tol': 1e-05}",0.5313492063492063,0.5313492063492063,0.0
SVM,52,"{'C': 0.1, 'degree': 7, 'kernel': 'linear', 'tol': 1e-05}",0.92989417989418,0.92989417989418,0.0
SVM,53,"{'C': 0.1, 'degree': 7, 'kernel': 'poly', 'tol': 1e-05}",0.8744708994708994,0.8744708994708994,0.0
SVM,54,"{'C': 0.1, 'degree': 7, 'kernel': 'rbf', 'tol': 1e-05}",0.5904761904761904,0.5904761904761904,0.0
SVM,55,"{'C': 0.1, 'degree': 7, 'kernel': 'sigmoid', 'tol': 1e-05}",0.5313492063492063,0.5313492063492063,0.0
SVM,56,"{'C': 0.1, 'degree': 9, 'kernel': 'linear', 'tol': 1e-05}",0.92989417989418,0.92989417989418,0.0
SVM,57,"{'C': 0.1, 'degree': 9, 'kernel': 'poly', 'tol': 1e-05}",0.8854497354497353,0.8854497354497353,0.0
SVM,58,"{'C': 0.1, 'degree': 9, 'kernel': 'rbf', 'tol': 1e-05}",0.5904761904761904,0.5904761904761904,0.0
SVM,59,"{'C': 0.1, 'degree': 9, 'kernel': 'sigmoid', 'tol': 1e-05}",0.5313492063492063,0.5313492063492063,0.0
SVM,60,"{'C': 0.5, 'degree': 1, 'kernel': 'linear', 'tol': 1e-05}",0.940873015873016,0.940873015873016,0.0
SVM,61,"{'C': 0.5, 'degree': 1, 'kernel': 'poly', 'tol': 1e-05}",0.8525132275132276,0.8525132275132276,0.0
SVM,62,"{'C': 0.5, 'degree': 1, 'kernel': 'rbf', 'tol': 1e-05}",0.892989417989418,0.892989417989418,0.0
SVM,63,"{'C': 0.5, 'degree': 1, 'kernel': 'sigmoid', 'tol': 1e-05}",0.7123015873015873,0.7123015873015873,0.0
SVM,64,"{'C': 0.5, 'degree': 3, 'kernel': 'linear', 'tol': 1e-05}",0.940873015873016,0.940873015873016,0.0
SVM,65,"{'C': 0.5, 'degree': 3, 'kernel': 'poly', 'tol': 1e-05}",0.9149470899470898,0.9149470899470898,0.0
SVM,66,"{'C': 0.5, 'degree': 3, 'kernel': 'rbf', 'tol': 1e-05}",0.892989417989418,0.892989417989418,0.0
SVM,67,"{'C': 0.5, 'degree': 3, 'kernel': 'sigmoid', 'tol': 1e-05}",0.7123015873015873,0.7123015873015873,0.0
SVM,68,"{'C': 0.5, 'degree': 5, 'kernel': 'linear', 'tol': 1e-05}",0.940873015873016,0.940873015873016,0.0
SVM,69,"{'C': 0.5, 'degree': 5, 'kernel': 'poly', 'tol': 1e-05}",0.9186507936507936,0.9186507936507936,0.0
SVM,70,"{'C': 0.5, 'degree': 5, 'kernel': 'rbf', 'tol': 1e-05}",0.892989417989418,0.892989417989418,0.0
SVM,71,"{'C': 0.5, 'degree': 5, 'kernel': 'sigmoid', 'tol': 1e-05}",0.7123015873015873,0.7123015873015873,0.0
SVM,72,"{'C': 0.5, 'degree': 7, 'kernel': 'linear', 'tol': 1e-05}",0.940873015873016,0.940873015873016,0.0
SVM,73,"{'C': 0.5, 'degree': 7, 'kernel': 'poly', 'tol': 1e-05}",0.9297619047619048,0.9297619047619048,0.0
SVM,74,"{'C': 0.5, 'degree': 7, 'kernel': 'rbf', 'tol': 1e-05}",0.892989417989418,0.892989417989418,0.0
SVM,75,"{'C': 0.5, 'degree': 7, 'kernel': 'sigmoid', 'tol': 1e-05}",0.7123015873015873,0.7123015873015873,0.0
SVM,76,"{'C': 0.5, 'degree': 9, 'kernel': 'linear', 'tol': 1e-05}",0.940873015873016,0.940873015873016,0.0
SVM,77,"{'C': 0.5, 'degree': 9, 'kernel': 'poly', 'tol': 1e-05}",0.9334656084656086,0.9334656084656086,0.0
SVM,78,"{'C': 0.5, 'degree': 9, 'kernel': 'rbf', 'tol': 1e-05}",0.892989417989418,0.892989417989418,0.0
SVM,79,"{'C': 0.5, 'degree': 9, 'kernel': 'sigmoid', 'tol': 1e-05}",0.7123015873015873,0.7123015873015873,0.0
SVM,80,"{'C': 1.1, 'degree': 1, 'kernel': 'linear', 'tol': 1e-05}",0.9371693121693122,0.9371693121693122,0.0
SVM,81,"{'C': 1.1, 'degree': 1, 'kernel': 'poly', 'tol': 1e-05}",0.9003968253968253,0.9003968253968253,0.0
SVM,82,"{'C': 1.1, 'degree': 1, 'kernel': 'rbf', 'tol': 1e-05}",0.9149470899470898,0.9149470899470898,0.0
SVM,83,"{'C': 1.1, 'degree': 1, 'kernel': 'sigmoid', 'tol': 1e-05}",0.8452380952380952,0.8452380952380952,0.0
SVM,84,"{'C': 1.1, 'degree': 3, 'kernel': 'linear', 'tol': 1e-05}",0.9371693121693122,0.9371693121693122,0.0
SVM,85,"{'C': 1.1, 'degree': 3, 'kernel': 'poly', 'tol': 1e-05}",0.9187830687830688,0.9187830687830688,0.0
SVM,86,"{'C': 1.1, 'degree': 3, 'kernel': 'rbf', 'tol': 1e-05}",0.9149470899470898,0.9149470899470898,0.0
SVM,87,"{'C': 1.1, 'degree': 3, 'kernel': 'sigmoid', 'tol': 1e-05}",0.8452380952380952,0.8452380952380952,0.0
SVM,88,"{'C': 1.1, 'degree': 5, 'kernel': 'linear', 'tol': 1e-05}",0.9371693121693122,0.9371693121693122,0.0
SVM,89,"{'C': 1.1, 'degree': 5, 'kernel': 'poly', 'tol': 1e-05}",0.9371693121693122,0.9371693121693122,0.0
SVM,90,"{'C': 1.1, 'degree': 5, 'kernel': 'rbf', 'tol': 1e-05}",0.9149470899470898,0.9149470899470898,0.0
SVM,91,"{'C': 1.1, 'degree': 5, 'kernel': 'sigmoid', 'tol': 1e-05}",0.8452380952380952,0.8452380952380952,0.0
SVM,92,"{'C': 1.1, 'degree': 7, 'kernel': 'linear', 'tol': 1e-05}",0.9371693121693122,0.9371693121693122,0.0
SVM,93,"{'C': 1.1, 'degree': 7, 'kernel': 'poly', 'tol': 1e-05}",0.9334656084656086,0.9334656084656086,0.0
SVM,94,"{'C': 1.1, 'degree': 7, 'kernel': 'rbf', 'tol': 1e-05}",0.9149470899470898,0.9149470899470898,0.0
SVM,95,"{'C': 1.1, 'degree': 7, 'kernel': 'sigmoid', 'tol': 1e-05}",0.8452380952380952,0.8452380952380952,0.0
SVM,96,"{'C': 1.1, 'degree': 9, 'kernel': 'linear', 'tol': 1e-05}",0.9371693121693122,0.9371693121693122,0.0
SVM,97,"{'C': 1.1, 'degree': 9, 'kernel': 'poly', 'tol': 1e-05}",0.9296296296296296,0.9296296296296296,0.0
SVM,98,"{'C': 1.1, 'degree': 9, 'kernel': 'rbf', 'tol': 1e-05}",0.9149470899470898,0.9149470899470898,0.0
SVM,99,"{'C': 1.1, 'degree': 9, 'kernel': 'sigmoid', 'tol': 1e-05}",0.8452380952380952,0.8452380952380952,0.0
SVM,100,"{'C': 1.3, 'degree': 1, 'kernel': 'linear', 'tol': 1e-05}",0.9334656084656084,0.9334656084656084,0.0
SVM,101,"{'C': 1.3, 'degree': 1, 'kernel': 'poly', 'tol': 1e-05}",0.8929894179894179,0.8929894179894179,0.0
SVM,102,"{'C': 1.3, 'degree': 1, 'kernel': 'rbf', 'tol': 1e-05}",0.9149470899470898,0.9149470899470898,0.0
SVM,103,"{'C': 1.3, 'degree': 1, 'kernel': 'sigmoid', 'tol': 1e-05}",0.8489417989417989,0.8489417989417989,0.0
SVM,104,"{'C': 1.3, 'degree': 3, 'kernel': 'linear', 'tol': 1e-05}",0.9334656084656084,0.9334656084656084,0.0
SVM,105,"{'C': 1.3, 'degree': 3, 'kernel': 'poly', 'tol': 1e-05}",0.92989417989418,0.92989417989418,0.0
SVM,106,"{'C': 1.3, 'degree': 3, 'kernel': 'rbf', 'tol': 1e-05}",0.9149470899470898,0.9149470899470898,0.0
SVM,107,"{'C': 1.3, 'degree': 3, 'kernel': 'sigmoid', 'tol': 1e-05}",0.8489417989417989,0.8489417989417989,0.0
SVM,108,"{'C': 1.3, 'degree': 5, 'kernel': 'linear', 'tol': 1e-05}",0.9334656084656084,0.9334656084656084,0.0
SVM,109,"{'C': 1.3, 'degree': 5, 'kernel': 'poly', 'tol': 1e-05}",0.9371693121693122,0.9371693121693122,0.0
SVM,110,"{'C': 1.3, 'degree': 5, 'kernel': 'rbf', 'tol': 1e-05}",0.9149470899470898,0.9149470899470898,0.0
SVM,111,"{'C': 1.3, 'degree': 5, 'kernel': 'sigmoid', 'tol': 1e-05}",0.8489417989417989,0.8489417989417989,0.0
SVM,112,"{'C': 1.3, 'degree': 7, 'kernel': 'linear', 'tol': 1e-05}",0.9334656084656084,0.9334656084656084,0.0
SVM,113,"{'C': 1.3, 'degree': 7, 'kernel': 'poly', 'tol': 1e-05}",0.9260582010582012,0.9260582010582012,0.0
SVM,114,"{'C': 1.3, 'degree': 7, 'kernel': 'rbf', 'tol': 1e-05}",0.9149470899470898,0.9149470899470898,0.0
SVM,115,"{'C': 1.3, 'degree': 7, 'kernel': 'sigmoid', 'tol': 1e-05}",0.8489417989417989,0.8489417989417989,0.0
SVM,116,"{'C': 1.3, 'degree': 9, 'kernel': 'linear', 'tol': 1e-05}",0.9334656084656084,0.9334656084656084,0.0
SVM,117,"{'C': 1.3, 'degree': 9, 'kernel': 'poly', 'tol': 1e-05}",0.9333333333333332,0.9333333333333332,0.0
SVM,118,"{'C': 1.3, 'degree': 9, 'kernel': 'rbf', 'tol': 1e-05}",0.9149470899470898,0.9149470899470898,0.0
SVM,119,"{'C': 1.3, 'degree': 9, 'kernel': 'sigmoid', 'tol': 1e-05}",0.8489417989417989,0.8489417989417989,0.0
SVM,120,"{'C': 5, 'degree': 1, 'kernel': 'linear', 'tol': 1e-05}",0.9373015873015872,0.9373015873015872,0.0
SVM,121,"{'C': 5, 'degree': 1, 'kernel': 'poly', 'tol': 1e-05}",0.9410052910052912,0.9410052910052912,0.0
SVM,122,"{'C': 5, 'degree': 1, 'kernel': 'rbf', 'tol': 1e-05}",0.9334656084656086,0.9334656084656086,0.0
SVM,123,"{'C': 5, 'degree': 1, 'kernel': 'sigmoid', 'tol': 1e-05}",0.9075396825396826,0.9075396825396826,0.0
SVM,124,"{'C': 5, 'degree': 3, 'kernel': 'linear', 'tol': 1e-05}",0.9373015873015872,0.9373015873015872,0.0
SVM,125,"{'C': 5, 'degree': 3, 'kernel': 'poly', 'tol': 1e-05}",0.9334656084656086,0.9334656084656086,0.0
SVM,126,"{'C': 5, 'degree': 3, 'kernel': 'rbf', 'tol': 1e-05}",0.9334656084656086,0.9334656084656086,0.0
SVM,127,"{'C': 5, 'degree': 3, 'kernel': 'sigmoid', 'tol': 1e-05}",0.9075396825396826,0.9075396825396826,0.0
SVM,128,"{'C': 5, 'degree': 5, 'kernel': 'linear', 'tol': 1e-05}",0.9373015873015872,0.9373015873015872,0.0
SVM,129,"{'C': 5, 'degree': 5, 'kernel': 'poly', 'tol': 1e-05}",0.940873015873016,0.940873015873016,0.0
SVM,130,"{'C': 5, 'degree': 5, 'kernel': 'rbf', 'tol': 1e-05}",0.9334656084656086,0.9334656084656086,0.0
SVM,131,"{'C': 5, 'degree': 5, 'kernel': 'sigmoid', 'tol': 1e-05}",0.9075396825396826,0.9075396825396826,0.0
SVM,132,"{'C': 5, 'degree': 7, 'kernel': 'linear', 'tol': 1e-05}",0.9373015873015872,0.9373015873015872,0.0
SVM,133,"{'C': 5, 'degree': 7, 'kernel': 'poly', 'tol': 1e-05}",0.9334656084656084,0.9334656084656084,0.0
SVM,134,"{'C': 5, 'degree': 7, 'kernel': 'rbf', 'tol': 1e-05}",0.9334656084656086,0.9334656084656086,0.0
SVM,135,"{'C': 5, 'degree': 7, 'kernel': 'sigmoid', 'tol': 1e-05}",0.9075396825396826,0.9075396825396826,0.0
SVM,136,"{'C': 5, 'degree': 9, 'kernel': 'linear', 'tol': 1e-05}",0.9373015873015872,0.9373015873015872,0.0
SVM,137,"{'C': 5, 'degree': 9, 'kernel': 'poly', 'tol': 1e-05}",0.9297619047619048,0.9297619047619048,0.0
SVM,138,"{'C': 5, 'degree': 9, 'kernel': 'rbf', 'tol': 1e-05}",0.9334656084656086,0.9334656084656086,0.0
SVM,139,"{'C': 5, 'degree': 9, 'kernel': 'sigmoid', 'tol': 1e-05}",0.9075396825396826,0.9075396825396826,0.0
SVM,140,"{'C': 10, 'degree': 1, 'kernel': 'linear', 'tol': 1e-05}",0.9371693121693122,0.9371693121693122,0.0
SVM,141,"{'C': 10, 'degree': 1, 'kernel': 'poly', 'tol': 1e-05}",0.9334656084656086,0.9334656084656086,0.0
SVM,142,"{'C': 10, 'degree': 1, 'kernel': 'rbf', 'tol': 1e-05}",0.940873015873016,0.940873015873016,0.0
SVM,143,"{'C': 10, 'degree': 1, 'kernel': 'sigmoid', 'tol': 1e-05}",0.9226190476190476,0.9226190476190476,0.0
SVM,144,"{'C': 10, 'degree': 3, 'kernel': 'linear', 'tol': 1e-05}",0.9371693121693122,0.9371693121693122,0.0
SVM,145,"{'C': 10, 'degree': 3, 'kernel': 'poly', 'tol': 1e-05}",0.940873015873016,0.940873015873016,0.0
SVM,146,"{'C': 10, 'degree': 3, 'kernel': 'rbf', 'tol': 1e-05}",0.940873015873016,0.940873015873016,0.0
SVM,147,"{'C': 10, 'degree': 3, 'kernel': 'sigmoid', 'tol': 1e-05}",0.9226190476190476,0.9226190476190476,0.0
SVM,148,"{'C': 10, 'degree': 5, 'kernel': 'linear', 'tol': 1e-05}",0.9371693121693122,0.9371693121693122,0.0
SVM,149,"{'C': 10, 'degree': 5, 'kernel': 'poly', 'tol': 1e-05}",0.940873015873016,0.940873015873016,0.0
SVM,150,"{'C': 10, 'degree': 5, 'kernel': 'rbf', 'tol': 1e-05}",0.940873015873016,0.940873015873016,0.0
SVM,151,"{'C': 10, 'degree': 5, 'kernel': 'sigmoid', 'tol': 1e-05}",0.9226190476190476,0.9226190476190476,0.0
SVM,152,"{'C': 10, 'degree': 7, 'kernel': 'linear', 'tol': 1e-05}",0.9371693121693122,0.9371693121693122,0.0
SVM,153,"{'C': 10, 'degree': 7, 'kernel': 'poly', 'tol': 1e-05}",0.940873015873016,0.940873015873016,0.0
SVM,154,"{'C': 10, 'degree': 7, 'kernel': 'rbf', 'tol': 1e-05}",0.940873015873016,0.940873015873016,0.0
SVM,155,"{'C': 10, 'degree': 7, 'kernel': 'sigmoid', 'tol': 1e-05}",0.9226190476190476,0.9226190476190476,0.0
SVM,156,"{'C': 10, 'degree': 9, 'kernel': 'linear', 'tol': 1e-05}",0.9371693121693122,0.9371693121693122,0.0
SVM,157,"{'C': 10, 'degree': 9, 'kernel': 'poly', 'tol': 1e-05}",0.9371693121693122,0.9371693121693122,0.0
SVM,158,"{'C': 10, 'degree': 9, 'kernel': 'rbf', 'tol': 1e-05}",0.940873015873016,0.940873015873016,0.0
SVM,159,"{'C': 10, 'degree': 9, 'kernel': 'sigmoid', 'tol': 1e-05}",0.9226190476190476,0.9226190476190476,0.0
SVM,160,"{'C': 30, 'degree': 1, 'kernel': 'linear', 'tol': 1e-05}",0.940873015873016,0.940873015873016,0.0
SVM,161,"{'C': 30, 'degree': 1, 'kernel': 'poly', 'tol': 1e-05}",0.940873015873016,0.940873015873016,0.0
SVM,162,"{'C': 30, 'degree': 1, 'kernel': 'rbf', 'tol': 1e-05}",0.940873015873016,0.940873015873016,0.0
SVM,163,"{'C': 30, 'degree': 1, 'kernel': 'sigmoid', 'tol': 1e-05}",0.9297619047619048,0.9297619047619048,0.0
SVM,164,"{'C': 30, 'degree': 3, 'kernel': 'linear', 'tol': 1e-05}",0.940873015873016,0.940873015873016,0.0
SVM,165,"{'C': 30, 'degree': 3, 'kernel': 'poly', 'tol': 1e-05}",0.9482804232804232,0.9482804232804232,0.0
SVM,166,"{'C': 30, 'degree': 3, 'kernel': 'rbf', 'tol': 1e-05}",0.940873015873016,0.940873015873016,0.0
SVM,167,"{'C': 30, 'degree': 3, 'kernel': 'sigmoid', 'tol': 1e-05}",0.9297619047619048,0.9297619047619048,0.0
SVM,168,"{'C': 30, 'degree': 5, 'kernel': 'linear', 'tol': 1e-05}",0.940873015873016,0.940873015873016,0.0
SVM,169,"{'C': 30, 'degree': 5, 'kernel': 'poly', 'tol': 1e-05}",0.951984126984127,0.951984126984127,0.0
SVM,170,"{'C': 30, 'degree': 5, 'kernel': 'rbf', 'tol': 1e-05}",0.940873015873016,0.940873015873016,0.0
SVM,171,"{'C': 30, 'degree': 5, 'kernel': 'sigmoid', 'tol': 1e-05}",0.9297619047619048,0.9297619047619048,0.0
SVM,172,"{'C': 30, 'degree': 7, 'kernel': 'linear', 'tol': 1e-05}",0.940873015873016,0.940873015873016,0.0
SVM,173,"{'C': 30, 'degree': 7, 'kernel': 'poly', 'tol': 1e-05}",0.9445767195767196,0.9445767195767196,0.0
SVM,174,"{'C': 30, 'degree': 7, 'kernel': 'rbf', 'tol': 1e-05}",0.940873015873016,0.940873015873016,0.0
SVM,175,"{'C': 30, 'degree': 7, 'kernel': 'sigmoid', 'tol': 1e-05}",0.9297619047619048,0.9297619047619048,0.0
SVM,176,"{'C': 30, 'degree': 9, 'kernel': 'linear', 'tol': 1e-05}",0.940873015873016,0.940873015873016,0.0
SVM,177,"{'C': 30, 'degree': 9, 'kernel': 'poly', 'tol': 1e-05}",0.940873015873016,0.940873015873016,0.0
SVM,178,"{'C': 30, 'degree': 9, 'kernel': 'rbf', 'tol': 1e-05}",0.940873015873016,0.940873015873016,0.0
SVM,179,"{'C': 30, 'degree': 9, 'kernel': 'sigmoid', 'tol': 1e-05}",0.9297619047619048,0.9297619047619048,0.0
SVM,180,"{'C': 50, 'degree': 1, 'kernel': 'linear', 'tol': 1e-05}",0.940873015873016,0.940873015873016,0.0
SVM,181,"{'C': 50, 'degree': 1, 'kernel': 'poly', 'tol': 1e-05}",0.9334656084656084,0.9334656084656084,0.0
SVM,182,"{'C': 50, 'degree': 1, 'kernel': 'rbf', 'tol': 1e-05}",0.9482804232804232,0.9482804232804232,0.0
SVM,183,"{'C': 50, 'degree': 1, 'kernel': 'sigmoid', 'tol': 1e-05}",0.9260582010582012,0.9260582010582012,0.0
SVM,184,"{'C': 50, 'degree': 3, 'kernel': 'linear', 'tol': 1e-05}",0.940873015873016,0.940873015873016,0.0
SVM,185,"{'C': 50, 'degree': 3, 'kernel': 'poly', 'tol': 1e-05}",0.940873015873016,0.940873015873016,0.0
SVM,186,"{'C': 50, 'degree': 3, 'kernel': 'rbf', 'tol': 1e-05}",0.9482804232804232,0.9482804232804232,0.0
SVM,187,"{'C': 50, 'degree': 3, 'kernel': 'sigmoid', 'tol': 1e-05}",0.9260582010582012,0.9260582010582012,0.0
SVM,188,"{'C': 50, 'degree': 5, 'kernel': 'linear', 'tol': 1e-05}",0.940873015873016,0.940873015873016,0.0
SVM,189,"{'C': 50, 'degree': 5, 'kernel': 'poly', 'tol': 1e-05}",0.9445767195767196,0.9445767195767196,0.0
SVM,190,"{'C': 50, 'degree': 5, 'kernel': 'rbf', 'tol': 1e-05}",0.9482804232804232,0.9482804232804232,0.0
SVM,191,"{'C': 50, 'degree': 5, 'kernel': 'sigmoid', 'tol': 1e-05}",0.9260582010582012,0.9260582010582012,0.0
SVM,192,"{'C': 50, 'degree': 7, 'kernel': 'linear', 'tol': 1e-05}",0.940873015873016,0.940873015873016,0.0
SVM,193,"{'C': 50, 'degree': 7, 'kernel': 'poly', 'tol': 1e-05}",0.9445767195767196,0.9445767195767196,0.0
SVM,194,"{'C': 50, 'degree': 7, 'kernel': 'rbf', 'tol': 1e-05}",0.9482804232804232,0.9482804232804232,0.0
SVM,195,"{'C': 50, 'degree': 7, 'kernel': 'sigmoid', 'tol': 1e-05}",0.9260582010582012,0.9260582010582012,0.0
SVM,196,"{'C': 50, 'degree': 9, 'kernel': 'linear', 'tol': 1e-05}",0.940873015873016,0.940873015873016,0.0
SVM,197,"{'C': 50, 'degree': 9, 'kernel': 'poly', 'tol': 1e-05}",0.940873015873016,0.940873015873016,0.0
SVM,198,"{'C': 50, 'degree': 9, 'kernel': 'rbf', 'tol': 1e-05}",0.9482804232804232,0.9482804232804232,0.0
SVM,199,"{'C': 50, 'degree': 9, 'kernel': 'sigmoid', 'tol': 1e-05}",0.9260582010582012,0.9260582010582012,0.0
SVM,200,"{'C': 100, 'degree': 1, 'kernel': 'linear', 'tol': 1e-05}",0.940873015873016,0.940873015873016,0.0
SVM,201,"{'C': 100, 'degree': 1, 'kernel': 'poly', 'tol': 1e-05}",0.9260582010582012,0.9260582010582012,0.0
SVM,202,"{'C': 100, 'degree': 1, 'kernel': 'rbf', 'tol': 1e-05}",0.9371693121693122,0.9371693121693122,0.0
SVM,203,"{'C': 100, 'degree': 1, 'kernel': 'sigmoid', 'tol': 1e-05}",0.9227513227513228,0.9227513227513228,0.0
SVM,204,"{'C': 100, 'degree': 3, 'kernel': 'linear', 'tol': 1e-05}",0.940873015873016,0.940873015873016,0.0
SVM,205,"{'C': 100, 'degree': 3, 'kernel': 'poly', 'tol': 1e-05}",0.9445767195767196,0.9445767195767196,0.0
SVM,206,"{'C': 100, 'degree': 3, 'kernel': 'rbf', 'tol': 1e-05}",0.9371693121693122,0.9371693121693122,0.0
SVM,207,"{'C': 100, 'degree': 3, 'kernel': 'sigmoid', 'tol': 1e-05}",0.9227513227513228,0.9227513227513228,0.0
SVM,208,"{'C': 100, 'degree': 5, 'kernel': 'linear', 'tol': 1e-05}",0.940873015873016,0.940873015873016,0.0
SVM,209,"{'C': 100, 'degree': 5, 'kernel': 'poly', 'tol': 1e-05}",0.940873015873016,0.940873015873016,0.0
SVM,210,"{'C': 100, 'degree': 5, 'kernel': 'rbf', 'tol': 1e-05}",0.9371693121693122,0.9371693121693122,0.0
SVM,211,"{'C': 100, 'degree': 5, 'kernel': 'sigmoid', 'tol': 1e-05}",0.9227513227513228,0.9227513227513228,0.0
SVM,212,"{'C': 100, 'degree': 7, 'kernel': 'linear', 'tol': 1e-05}",0.940873015873016,0.940873015873016,0.0
SVM,213,"{'C': 100, 'degree': 7, 'kernel': 'poly', 'tol': 1e-05}",0.9445767195767196,0.9445767195767196,0.0
SVM,214,"{'C': 100, 'degree': 7, 'kernel': 'rbf', 'tol': 1e-05}",0.9371693121693122,0.9371693121693122,0.0
SVM,215,"{'C': 100, 'degree': 7, 'kernel': 'sigmoid', 'tol': 1e-05}",0.9227513227513228,0.9227513227513228,0.0
SVM,216,"{'C': 100, 'degree': 9, 'kernel': 'linear', 'tol': 1e-05}",0.940873015873016,0.940873015873016,0.0
SVM,217,"{'C': 100, 'degree': 9, 'kernel': 'poly', 'tol': 1e-05}",0.940873015873016,0.940873015873016,0.0
SVM,218,"{'C': 100, 'degree': 9, 'kernel': 'rbf', 'tol': 1e-05}",0.9371693121693122,0.9371693121693122,0.0
SVM,219,"{'C': 100, 'degree': 9, 'kernel': 'sigmoid', 'tol': 1e-05}",0.9227513227513228,0.9227513227513228,0.0
SVM,220,"{'C': 300, 'degree': 1, 'kernel': 'linear', 'tol': 1e-05}",0.940873015873016,0.940873015873016,0.0
SVM,221,"{'C': 300, 'degree': 1, 'kernel': 'poly', 'tol': 1e-05}",0.9335978835978838,0.9335978835978838,0.0
SVM,222,"{'C': 300, 'degree': 1, 'kernel': 'rbf', 'tol': 1e-05}",0.9407407407407408,0.9407407407407408,0.0
SVM,223,"{'C': 300, 'degree': 1, 'kernel': 'sigmoid', 'tol': 1e-05}",0.9371693121693122,0.9371693121693122,0.0
SVM,224,"{'C': 300, 'degree': 3, 'kernel': 'linear', 'tol': 1e-05}",0.940873015873016,0.940873015873016,0.0
SVM,225,"{'C': 300, 'degree': 3, 'kernel': 'poly', 'tol': 1e-05}",0.948148148148148,0.948148148148148,0.0
SVM,226,"{'C': 300, 'degree': 3, 'kernel': 'rbf', 'tol': 1e-05}",0.9407407407407408,0.9407407407407408,0.0
SVM,227,"{'C': 300, 'degree': 3, 'kernel': 'sigmoid', 'tol': 1e-05}",0.9371693121693122,0.9371693121693122,0.0
SVM,228,"{'C': 300, 'degree': 5, 'kernel': 'linear', 'tol': 1e-05}",0.940873015873016,0.940873015873016,0.0
SVM,229,"{'C': 300, 'degree': 5, 'kernel': 'poly', 'tol': 1e-05}",0.940873015873016,0.940873015873016,0.0
SVM,230,"{'C': 300, 'degree': 5, 'kernel': 'rbf', 'tol': 1e-05}",0.9407407407407408,0.9407407407407408,0.0
SVM,231,"{'C': 300, 'degree': 5, 'kernel': 'sigmoid', 'tol': 1e-05}",0.9371693121693122,0.9371693121693122,0.0
SVM,232,"{'C': 300, 'degree': 7, 'kernel': 'linear', 'tol': 1e-05}",0.940873015873016,0.940873015873016,0.0
SVM,233,"{'C': 300, 'degree': 7, 'kernel': 'poly', 'tol': 1e-05}",0.9445767195767196,0.9445767195767196,0.0
SVM,234,"{'C': 300, 'degree': 7, 'kernel': 'rbf', 'tol': 1e-05}",0.9407407407407408,0.9407407407407408,0.0
SVM,235,"{'C': 300, 'degree': 7, 'kernel': 'sigmoid', 'tol': 1e-05}",0.9371693121693122,0.9371693121693122,0.0
SVM,236,"{'C': 300, 'degree': 9, 'kernel': 'linear', 'tol': 1e-05}",0.940873015873016,0.940873015873016,0.0
SVM,237,"{'C': 300, 'degree': 9, 'kernel': 'poly', 'tol': 1e-05}",0.940873015873016,0.940873015873016,0.0
SVM,238,"{'C': 300, 'degree': 9, 'kernel': 'rbf', 'tol': 1e-05}",0.9407407407407408,0.9407407407407408,0.0
SVM,239,"{'C': 300, 'degree': 9, 'kernel': 'sigmoid', 'tol': 1e-05}",0.9371693121693122,0.9371693121693122,0.0
LightGBM,0,"{'learning_rate': 0.001, 'max_depth': -1, 'n_estimators': 40, 'reg_lambda': 0}",0.5313492063492063,0.5313492063492063,0.0
LightGBM,1,"{'learning_rate': 0.001, 'max_depth': -1, 'n_estimators': 80, 'reg_lambda': 0}",0.819047619047619,0.819047619047619,0.0
LightGBM,2,"{'learning_rate': 0.001, 'max_depth': -1, 'n_estimators': 160, 'reg_lambda': 0}",0.8448412698412697,0.8448412698412697,0.0
LightGBM,3,"{'learning_rate': 0.001, 'max_depth': -1, 'n_estimators': 320, 'reg_lambda': 0}",0.8634920634920634,0.8634920634920634,0.0
LightGBM,4,"{'learning_rate': 0.001, 'max_depth': -1, 'n_estimators': 640, 'reg_lambda': 0}",0.8894179894179894,0.8894179894179894,0.0
LightGBM,5,"{'learning_rate': 0.01, 'max_depth': -1, 'n_estimators': 40, 'reg_lambda': 0}",0.8708994708994708,0.8708994708994708,0.0
LightGBM,6,"{'learning_rate': 0.01, 'max_depth': -1, 'n_estimators': 80, 'reg_lambda': 0}",0.8894179894179894,0.8894179894179894,0.0
LightGBM,7,"{'learning_rate': 0.01, 'max_depth': -1, 'n_estimators': 160, 'reg_lambda': 0}",0.9227513227513228,0.9227513227513228,0.0
LightGBM,8,"{'learning_rate': 0.01, 'max_depth': -1, 'n_estimators': 320, 'reg_lambda': 0}",0.9373015873015876,0.9373015873015876,0.0
LightGBM,9,"{'learning_rate': 0.01, 'max_depth': -1, 'n_estimators': 640, 'reg_lambda': 0}",0.9484126984126984,0.9484126984126984,0.0
LightGBM,10,"{'learning_rate': 0.1, 'max_depth': -1, 'n_estimators': 40, 'reg_lambda': 0}",0.941005291005291,0.941005291005291,0.0
LightGBM,11,"{'learning_rate': 0.1, 'max_depth': -1, 'n_estimators': 80, 'reg_lambda': 0}",0.9410052910052912,0.9410052910052912,0.0
LightGBM,12,"{'learning_rate': 0.1, 'max_depth': -1, 'n_estimators': 160, 'reg_lambda': 0}",0.9445767195767196,0.9445767195767196,0.0
LightGBM,13,"{'learning_rate': 0.1, 'max_depth': -1, 'n_estimators': 320, 'reg_lambda': 0}",0.9482804232804232,0.9482804232804232,0.0
LightGBM,14,"{'learning_rate': 0.1, 'max_depth': -1, 'n_estimators': 640, 'reg_lambda': 0}",0.9482804232804232,0.9482804232804232,0.0
LightGBM,15,"{'learning_rate': 0.2, 'max_depth': -1, 'n_estimators': 40, 'reg_lambda': 0}",0.9374338624338624,0.9374338624338624,0.0
LightGBM,16,"{'learning_rate': 0.2, 'max_depth': -1, 'n_estimators': 80, 'reg_lambda': 0}",0.9484126984126984,0.9484126984126984,0.0
LightGBM,17,"{'learning_rate': 0.2, 'max_depth': -1, 'n_estimators': 160, 'reg_lambda': 0}",0.9484126984126984,0.9484126984126984,0.0
LightGBM,18,"{'learning_rate': 0.2, 'max_depth': -1, 'n_estimators': 320, 'reg_lambda': 0}",0.9484126984126984,0.9484126984126984,0.0
LightGBM,19,"{'learning_rate': 0.2, 'max_depth': -1, 'n_estimators': 640, 'reg_lambda': 0}",0.9484126984126984,0.9484126984126984,0.0
LightGBM,20,"{'learning_rate': 0.5, 'max_depth': -1, 'n_estimators': 40, 'reg_lambda': 0}",0.94484126984127,0.94484126984127,0.0
LightGBM,21,"{'learning_rate': 0.5, 'max_depth': -1, 'n_estimators': 80, 'reg_lambda': 0}",0.9485449735449736,0.9485449735449736,0.0
LightGBM,22,"{'learning_rate': 0.5, 'max_depth': -1, 'n_estimators': 160, 'reg_lambda': 0}",0.9485449735449736,0.9485449735449736,0.0
LightGBM,23,"{'learning_rate': 0.5, 'max_depth': -1, 'n_estimators': 320, 'reg_lambda': 0}",0.9485449735449736,0.9485449735449736,0.0
LightGBM,24,"{'learning_rate': 0.5, 'max_depth': -1, 'n_estimators': 640, 'reg_lambda': 0}",0.9485449735449736,0.9485449735449736,0.0
LightGBM,25,"{'learning_rate': 1, 'max_depth': -1, 'n_estimators': 40, 'reg_lambda': 0}",0.9521164021164022,0.9521164021164022,0.0
LightGBM,26,"{'learning_rate': 1, 'max_depth': -1, 'n_estimators': 80, 'reg_lambda': 0}",0.9521164021164022,0.9521164021164022,0.0
LightGBM,27,"{'learning_rate': 1, 'max_depth': -1, 'n_estimators': 160, 'reg_lambda': 0}",0.9521164021164022,0.9521164021164022,0.0
LightGBM,28,"{'learning_rate': 1, 'max_depth': -1, 'n_estimators': 320, 'reg_lambda': 0}",0.9521164021164022,0.9521164021164022,0.0
LightGBM,29,"{'learning_rate': 1, 'max_depth': -1, 'n_estimators': 640, 'reg_lambda': 0}",0.9521164021164022,0.9521164021164022,0.0
