mean_fit_time,std_fit_time,mean_score_time,std_score_time,param_algorithm,param_leaf_size,param_n_neighbors,param_weights,params,split0_test_score,split1_test_score,split2_test_score,split3_test_score,split4_test_score,split5_test_score,split6_test_score,split7_test_score,split8_test_score,split9_test_score,mean_test_score,std_test_score,rank_test_score
0.0002554178237915039,9.066617199138319e-05,0.0024428367614746094,0.0038184483547967375,auto,10,2,uniform,"{'algorithm': 'auto', 'leaf_size': 10, 'n_neighbors': 2, 'weights': 'uniform'}",0.9285714285714286,1.0,0.9629629629629629,0.8518518518518519,0.9629629629629629,0.9629629629629629,0.9259259259259259,0.8518518518518519,0.8518518518518519,0.8148148148148148,0.9113756613756614,0.06024838242553935,129
0.00021114349365234376,6.264342793523043e-05,0.0005594968795776367,0.0001639033332187177,auto,10,2,distance,"{'algorithm': 'auto', 'leaf_size': 10, 'n_neighbors': 2, 'weights': 'distance'}",0.9642857142857143,0.8888888888888888,0.9629629629629629,0.8518518518518519,0.9259259259259259,0.9629629629629629,1.0,0.8518518518518519,0.8888888888888888,0.9259259259259259,0.9223544973544973,0.04826157492490816,1
0.00018146038055419922,6.30839926842406e-05,0.0003647327423095703,0.00012421931959968088,auto,10,3,uniform,"{'algorithm': 'auto', 'leaf_size': 10, 'n_neighbors': 3, 'weights': 'uniform'}",0.9642857142857143,0.9259259259259259,0.9629629629629629,0.8518518518518519,0.9259259259259259,1.0,1.0,0.8148148148148148,0.8148148148148148,0.8888888888888888,0.9149470899470901,0.06645439983022737,33
0.00019652843475341796,7.349552313180415e-05,0.0004749298095703125,0.00014024862217253486,auto,10,3,distance,"{'algorithm': 'auto', 'leaf_size': 10, 'n_neighbors': 3, 'weights': 'distance'}",0.9642857142857143,0.9259259259259259,0.9629629629629629,0.8518518518518519,0.9259259259259259,1.0,1.0,0.8148148148148148,0.8148148148148148,0.8888888888888888,0.9149470899470901,0.06645439983022737,33
0.00018885135650634766,7.871247394562991e-05,0.0004215240478515625,0.0001604423474878899,auto,10,5,uniform,"{'algorithm': 'auto', 'leaf_size': 10, 'n_neighbors': 5, 'weights': 'uniform'}",0.9642857142857143,0.9259259259259259,0.8888888888888888,0.8518518518518519,0.9259259259259259,0.9629629629629629,1.0,0.8888888888888888,0.8148148148148148,0.8888888888888888,0.9112433862433862,0.053030451638520076,161
0.0001810312271118164,6.538001289370128e-05,0.00043096542358398435,0.00014835400242890293,auto,10,5,distance,"{'algorithm': 'auto', 'leaf_size': 10, 'n_neighbors': 5, 'weights': 'distance'}",0.9642857142857143,0.9259259259259259,0.9259259259259259,0.8518518518518519,0.9259259259259259,0.9629629629629629,1.0,0.8888888888888888,0.8148148148148148,0.8888888888888888,0.9149470899470898,0.05263170833078003,97
0.00012774467468261718,1.4582098187083921e-05,0.0002944707870483398,8.60660326559193e-05,auto,10,7,uniform,"{'algorithm': 'auto', 'leaf_size': 10, 'n_neighbors': 7, 'weights': 'uniform'}",0.9642857142857143,0.9259259259259259,0.9259259259259259,0.8518518518518519,0.9259259259259259,0.9629629629629629,0.9259259259259259,0.8888888888888888,0.8518518518518519,0.8148148148148148,0.9038359788359788,0.04759718045831639,257
0.00024178028106689454,1.740274354561115e-05,0.000513148307800293,6.445456125979426e-05,auto,10,7,distance,"{'algorithm': 'auto', 'leaf_size': 10, 'n_neighbors': 7, 'weights': 'distance'}",0.9642857142857143,0.9629629629629629,0.9259259259259259,0.8518518518518519,0.9259259259259259,0.9629629629629629,0.9629629629629629,0.8888888888888888,0.8518518518518519,0.8148148148148148,0.9112433862433862,0.053030451638520056,161
0.00012273788452148436,7.361538005412995e-06,0.0002651691436767578,2.3132697019995143e-05,auto,10,11,uniform,"{'algorithm': 'auto', 'leaf_size': 10, 'n_neighbors': 11, 'weights': 'uniform'}",0.9642857142857143,0.8518518518518519,0.8518518518518519,0.8518518518518519,0.9259259259259259,0.9259259259259259,0.8888888888888888,0.8148148148148148,0.9259259259259259,0.8888888888888888,0.889021164021164,0.04404761904761906,545
0.00019679069519042968,6.32279778646276e-05,0.0005142927169799804,0.00012011302040657917,auto,10,11,distance,"{'algorithm': 'auto', 'leaf_size': 10, 'n_neighbors': 11, 'weights': 'distance'}",0.9642857142857143,0.8888888888888888,0.8518518518518519,0.8518518518518519,0.9259259259259259,0.9629629629629629,0.9629629629629629,0.8148148148148148,0.9629629629629629,0.8888888888888888,0.9075396825396826,0.053168844616982916,225
0.00013134479522705078,2.2195847775891514e-05,0.00030276775360107424,7.540018756334522e-05,auto,10,13,uniform,"{'algorithm': 'auto', 'leaf_size': 10, 'n_neighbors': 13, 'weights': 'uniform'}",0.9642857142857143,0.8888888888888888,0.8148148148148148,0.8518518518518519,0.9259259259259259,0.8888888888888888,0.8518518518518519,0.8148148148148148,0.9259259259259259,0.8888888888888888,0.8816137566137566,0.04649334482859554,737
0.0002166748046875,8.301143307450822e-05,0.0005053520202636719,0.00013288084492960088,auto,10,13,distance,"{'algorithm': 'auto', 'leaf_size': 10, 'n_neighbors': 13, 'weights': 'distance'}",0.9642857142857143,0.8888888888888888,0.8148148148148148,0.8518518518518519,0.9259259259259259,0.9259259259259259,0.8888888888888888,0.8148148148148148,0.9259259259259259,0.9259259259259259,0.8927248677248677,0.04834271548630229,385
0.00016486644744873047,6.447503606485588e-05,0.0004018545150756836,0.00022052402070419047,auto,10,17,uniform,"{'algorithm': 'auto', 'leaf_size': 10, 'n_neighbors': 17, 'weights': 'uniform'}",0.9642857142857143,0.9259259259259259,0.8888888888888888,0.8518518518518519,0.9629629629629629,0.8888888888888888,0.8518518518518519,0.7777777777777778,0.9259259259259259,0.8518518518518519,0.8890211640211639,0.05511430334995131,577
0.00016062259674072267,6.304375585693978e-05,0.0004263162612915039,0.00014739407758688087,auto,10,17,distance,"{'algorithm': 'auto', 'leaf_size': 10, 'n_neighbors': 17, 'weights': 'distance'}",0.9642857142857143,0.9259259259259259,0.8888888888888888,0.8518518518518519,0.9629629629629629,0.9259259259259259,0.8518518518518519,0.7777777777777778,0.9259259259259259,0.8888888888888888,0.8964285714285716,0.0545963104766419,321
0.00019464492797851562,5.10457685637593e-05,0.0005142927169799804,0.00017608123102295833,auto,10,19,uniform,"{'algorithm': 'auto', 'leaf_size': 10, 'n_neighbors': 19, 'weights': 'uniform'}",0.9642857142857143,0.9259259259259259,0.8888888888888888,0.8888888888888888,0.9629629629629629,0.8888888888888888,0.8148148148148148,0.8148148148148148,0.9259259259259259,0.8148148148148148,0.8890211640211639,0.055114303349951335,577
0.00022134780883789062,7.878817463139708e-05,0.0005056858062744141,0.00017280048347488865,auto,10,19,distance,"{'algorithm': 'auto', 'leaf_size': 10, 'n_neighbors': 19, 'weights': 'distance'}",0.9642857142857143,0.9259259259259259,0.8888888888888888,0.8888888888888888,0.9629629629629629,0.9259259259259259,0.8148148148148148,0.8148148148148148,0.9259259259259259,0.8148148148148148,0.8927248677248677,0.05621444127694664,385
0.00018312931060791016,7.179356675331558e-05,0.0004434823989868164,0.00014229073479086088,auto,10,23,uniform,"{'algorithm': 'auto', 'leaf_size': 10, 'n_neighbors': 23, 'weights': 'uniform'}",0.9285714285714286,0.9629629629629629,0.8518518518518519,0.8888888888888888,0.9629629629629629,0.8888888888888888,0.8148148148148148,0.8148148148148148,0.8888888888888888,0.8148148148148148,0.8817460317460316,0.054654445597923325,705
0.0001440286636352539,4.5304354611518405e-05,0.0003929615020751953,0.00011845856793978621,auto,10,23,distance,"{'algorithm': 'auto', 'leaf_size': 10, 'n_neighbors': 23, 'weights': 'distance'}",0.9642857142857143,0.9629629629629629,0.8888888888888888,0.8888888888888888,0.9629629629629629,0.9259259259259259,0.8148148148148148,0.8148148148148148,0.8888888888888888,0.8148148148148148,0.8927248677248677,0.05860385508288557,385
0.0001771688461303711,7.31852965202103e-05,0.00044889450073242186,0.0001740121744084956,auto,10,29,uniform,"{'algorithm': 'auto', 'leaf_size': 10, 'n_neighbors': 29, 'weights': 'uniform'}",0.9285714285714286,0.9629629629629629,0.9259259259259259,0.8888888888888888,0.9629629629629629,0.8518518518518519,0.8148148148148148,0.8148148148148148,0.8888888888888888,0.8148148148148148,0.8854497354497355,0.056244779905782104,641
0.0001641988754272461,5.7551306662974655e-05,0.00045375823974609376,0.0001428117656516069,auto,10,29,distance,"{'algorithm': 'auto', 'leaf_size': 10, 'n_neighbors': 29, 'weights': 'distance'}",0.9285714285714286,0.9629629629629629,0.9259259259259259,0.8888888888888888,0.9629629629629629,0.8888888888888888,0.8148148148148148,0.8148148148148148,0.8888888888888888,0.8148148148148148,0.889153439153439,0.055118588923675764,513
0.00017771720886230468,7.178016493039246e-05,0.00047881603240966796,0.00018091006502908376,auto,10,31,uniform,"{'algorithm': 'auto', 'leaf_size': 10, 'n_neighbors': 31, 'weights': 'uniform'}",0.9285714285714286,1.0,0.9259259259259259,0.9259259259259259,0.9629629629629629,0.8518518518518519,0.8148148148148148,0.8148148148148148,0.8888888888888888,0.8148148148148148,0.8928571428571429,0.0631078542731494,353
0.00019919872283935547,5.215356690305969e-05,0.0006493091583251953,0.0001860884792088721,auto,10,31,distance,"{'algorithm': 'auto', 'leaf_size': 10, 'n_neighbors': 31, 'weights': 'distance'}",0.9285714285714286,1.0,0.9259259259259259,0.9259259259259259,0.9629629629629629,0.8888888888888888,0.8148148148148148,0.8148148148148148,0.8888888888888888,0.8148148148148148,0.8965608465608466,0.0616629156361344,289
0.0001877307891845703,5.214832955576497e-05,0.0005457878112792968,0.0001258476068099485,auto,10,37,uniform,"{'algorithm': 'auto', 'leaf_size': 10, 'n_neighbors': 37, 'weights': 'uniform'}",0.8928571428571429,1.0,0.8888888888888888,0.8888888888888888,0.9259259259259259,0.8518518518518519,0.8148148148148148,0.7037037037037037,0.8888888888888888,0.8518518518518519,0.8707671957671957,0.072782701265744,801
0.00024154186248779297,4.8983205870365726e-05,0.0006444692611694336,7.962798277879641e-05,auto,10,37,distance,"{'algorithm': 'auto', 'leaf_size': 10, 'n_neighbors': 37, 'weights': 'distance'}",0.9285714285714286,1.0,0.8888888888888888,0.9259259259259259,0.9259259259259259,0.8888888888888888,0.8518518518518519,0.7777777777777778,0.8888888888888888,0.8148148148148148,0.8891534391534393,0.0598895290508307,481
0.0002181529998779297,8.997160319249242e-05,0.0006116867065429687,0.00018192688053144887,auto,10,41,uniform,"{'algorithm': 'auto', 'leaf_size': 10, 'n_neighbors': 41, 'weights': 'uniform'}",0.8571428571428571,1.0,0.8888888888888888,0.8518518518518519,0.9259259259259259,0.8148148148148148,0.8148148148148148,0.7407407407407407,0.8888888888888888,0.8148148148148148,0.8597883597883598,0.06785082532964794,865
0.0001455545425415039,3.9353404177401035e-05,0.00047607421875,0.00011546623354820743,auto,10,41,distance,"{'algorithm': 'auto', 'leaf_size': 10, 'n_neighbors': 41, 'weights': 'distance'}",0.8928571428571429,1.0,0.8888888888888888,0.8888888888888888,0.9259259259259259,0.8518518518518519,0.8518518518518519,0.7777777777777778,0.8888888888888888,0.8148148148148148,0.8781746031746032,0.057585884266853474,769
0.00017008781433105468,6.095446900803891e-05,0.0004909753799438477,0.0001525981366919613,auto,10,43,uniform,"{'algorithm': 'auto', 'leaf_size': 10, 'n_neighbors': 43, 'weights': 'uniform'}",0.9285714285714286,1.0,0.8888888888888888,0.8518518518518519,0.9259259259259259,0.8148148148148148,0.8148148148148148,0.7407407407407407,0.9259259259259259,0.8148148148148148,0.8706349206349205,0.07287819624881071,833
0.00013868808746337892,3.8665444398386996e-05,0.0004062175750732422,9.250080445607735e-05,auto,10,43,distance,"{'algorithm': 'auto', 'leaf_size': 10, 'n_neighbors': 43, 'weights': 'distance'}",0.9285714285714286,1.0,0.8888888888888888,0.8888888888888888,0.9259259259259259,0.8518518518518519,0.8518518518518519,0.7777777777777778,0.9259259259259259,0.8148148148148148,0.8854497354497355,0.060927597290907604,641
0.00011763572692871093,2.507818945370618e-06,0.00022125244140625,7.945457884024897e-06,auto,20,2,uniform,"{'algorithm': 'auto', 'leaf_size': 20, 'n_neighbors': 2, 'weights': 'uniform'}",0.9285714285714286,1.0,0.9629629629629629,0.8518518518518519,0.9629629629629629,0.9629629629629629,0.9259259259259259,0.8518518518518519,0.8518518518518519,0.8148148148148148,0.9113756613756614,0.06024838242553935,129
0.00013475418090820314,4.385603318629657e-05,0.00028750896453857424,0.0001383709811198091,auto,20,2,distance,"{'algorithm': 'auto', 'leaf_size': 20, 'n_neighbors': 2, 'weights': 'distance'}",0.9642857142857143,0.8888888888888888,0.9629629629629629,0.8518518518518519,0.9259259259259259,0.9629629629629629,1.0,0.8518518518518519,0.8888888888888888,0.9259259259259259,0.9223544973544973,0.04826157492490816,1
0.00011587142944335938,2.900487198971853e-06,0.00021967887878417968,8.57922679952737e-06,auto,20,3,uniform,"{'algorithm': 'auto', 'leaf_size': 20, 'n_neighbors': 3, 'weights': 'uniform'}",0.9642857142857143,0.9259259259259259,0.9629629629629629,0.8518518518518519,0.9259259259259259,1.0,1.0,0.8148148148148148,0.8148148148148148,0.8888888888888888,0.9149470899470901,0.06645439983022737,33
0.00014696121215820312,4.237231439441499e-05,0.00035941600799560547,0.00013025355986480246,auto,20,3,distance,"{'algorithm': 'auto', 'leaf_size': 20, 'n_neighbors': 3, 'weights': 'distance'}",0.9642857142857143,0.9259259259259259,0.9629629629629629,0.8518518518518519,0.9259259259259259,1.0,1.0,0.8148148148148148,0.8148148148148148,0.8888888888888888,0.9149470899470901,0.06645439983022737,33
0.00018417835235595703,8.054372803460225e-05,0.00032749176025390623,0.00015458061955530086,auto,20,5,uniform,"{'algorithm': 'auto', 'leaf_size': 20, 'n_neighbors': 5, 'weights': 'uniform'}",0.9642857142857143,0.9259259259259259,0.8888888888888888,0.8518518518518519,0.9259259259259259,0.9629629629629629,1.0,0.8888888888888888,0.8148148148148148,0.8888888888888888,0.9112433862433862,0.053030451638520076,161
0.00017812252044677735,6.0108009605215306e-05,0.0003958225250244141,0.00011104107220462518,auto,20,5,distance,"{'algorithm': 'auto', 'leaf_size': 20, 'n_neighbors': 5, 'weights': 'distance'}",0.9642857142857143,0.9259259259259259,0.9259259259259259,0.8518518518518519,0.9259259259259259,0.9629629629629629,1.0,0.8888888888888888,0.8148148148148148,0.8888888888888888,0.9149470899470898,0.05263170833078003,97
0.00012061595916748046,4.012875792879503e-06,0.00023391246795654297,5.929341121171993e-06,auto,20,7,uniform,"{'algorithm': 'auto', 'leaf_size': 20, 'n_neighbors': 7, 'weights': 'uniform'}",0.9642857142857143,0.9259259259259259,0.9259259259259259,0.8518518518518519,0.9259259259259259,0.9629629629629629,0.9259259259259259,0.8888888888888888,0.8518518518518519,0.8148148148148148,0.9038359788359788,0.04759718045831639,257
0.00015680789947509767,6.364999591605763e-05,0.00036158561706542967,0.00011339946565824004,auto,20,7,distance,"{'algorithm': 'auto', 'leaf_size': 20, 'n_neighbors': 7, 'weights': 'distance'}",0.9642857142857143,0.9629629629629629,0.9259259259259259,0.8518518518518519,0.9259259259259259,0.9629629629629629,0.9629629629629629,0.8888888888888888,0.8518518518518519,0.8148148148148148,0.9112433862433862,0.053030451638520056,161
0.00012733936309814454,1.355444744966865e-05,0.00033164024353027344,0.00010885697302171689,auto,20,11,uniform,"{'algorithm': 'auto', 'leaf_size': 20, 'n_neighbors': 11, 'weights': 'uniform'}",0.9642857142857143,0.8518518518518519,0.8518518518518519,0.8518518518518519,0.9259259259259259,0.9259259259259259,0.8888888888888888,0.8148148148148148,0.9259259259259259,0.8888888888888888,0.889021164021164,0.04404761904761906,545
0.00016787052154541016,5.279972550259728e-05,0.00040585994720458983,0.000114749603890726,auto,20,11,distance,"{'algorithm': 'auto', 'leaf_size': 20, 'n_neighbors': 11, 'weights': 'distance'}",0.9642857142857143,0.8888888888888888,0.8518518518518519,0.8518518518518519,0.9259259259259259,0.9629629629629629,0.9629629629629629,0.8148148148148148,0.9629629629629629,0.8888888888888888,0.9075396825396826,0.053168844616982916,225
0.0001367330551147461,4.601370484065841e-05,0.00033490657806396485,0.0001248642986380135,auto,20,13,uniform,"{'algorithm': 'auto', 'leaf_size': 20, 'n_neighbors': 13, 'weights': 'uniform'}",0.9642857142857143,0.8888888888888888,0.8148148148148148,0.8518518518518519,0.9259259259259259,0.8888888888888888,0.8518518518518519,0.8148148148148148,0.9259259259259259,0.8888888888888888,0.8816137566137566,0.04649334482859554,737
0.00014455318450927733,5.013133186366048e-05,0.0003443002700805664,0.00011589068038972674,auto,20,13,distance,"{'algorithm': 'auto', 'leaf_size': 20, 'n_neighbors': 13, 'weights': 'distance'}",0.9642857142857143,0.8888888888888888,0.8148148148148148,0.8518518518518519,0.9259259259259259,0.9259259259259259,0.8888888888888888,0.8148148148148148,0.9259259259259259,0.9259259259259259,0.8927248677248677,0.04834271548630229,385
0.00013294219970703126,8.553347520743815e-06,0.00034208297729492186,6.777949617123312e-05,auto,20,17,uniform,"{'algorithm': 'auto', 'leaf_size': 20, 'n_neighbors': 17, 'weights': 'uniform'}",0.9642857142857143,0.9259259259259259,0.8888888888888888,0.8518518518518519,0.9629629629629629,0.8888888888888888,0.8518518518518519,0.7777777777777778,0.9259259259259259,0.8518518518518519,0.8890211640211639,0.05511430334995131,577
0.00011811256408691406,4.114637757264065e-06,0.0002694129943847656,1.250913919660471e-05,auto,20,17,distance,"{'algorithm': 'auto', 'leaf_size': 20, 'n_neighbors': 17, 'weights': 'distance'}",0.9642857142857143,0.9259259259259259,0.8888888888888888,0.8518518518518519,0.9629629629629629,0.9259259259259259,0.8518518518518519,0.7777777777777778,0.9259259259259259,0.8888888888888888,0.8964285714285716,0.0545963104766419,321
0.00011506080627441407,1.5236420925779777e-06,0.00028145313262939453,5.315635657446372e-05,auto,20,19,uniform,"{'algorithm': 'auto', 'leaf_size': 20, 'n_neighbors': 19, 'weights': 'uniform'}",0.9642857142857143,0.9259259259259259,0.8888888888888888,0.8888888888888888,0.9629629629629629,0.8888888888888888,0.8148148148148148,0.8148148148148148,0.9259259259259259,0.8148148148148148,0.8890211640211639,0.055114303349951335,577
0.00012426376342773439,1.5348602261768932e-05,0.0002984523773193359,2.0022278145130743e-05,auto,20,19,distance,"{'algorithm': 'auto', 'leaf_size': 20, 'n_neighbors': 19, 'weights': 'distance'}",0.9642857142857143,0.9259259259259259,0.8888888888888888,0.8888888888888888,0.9629629629629629,0.9259259259259259,0.8148148148148148,0.8148148148148148,0.9259259259259259,0.8148148148148148,0.8927248677248677,0.05621444127694664,385
0.00012271404266357423,9.746655325514028e-06,0.00031976699829101564,3.922848621023774e-05,auto,20,23,uniform,"{'algorithm': 'auto', 'leaf_size': 20, 'n_neighbors': 23, 'weights': 'uniform'}",0.9285714285714286,0.9629629629629629,0.8518518518518519,0.8888888888888888,0.9629629629629629,0.8888888888888888,0.8148148148148148,0.8148148148148148,0.8888888888888888,0.8148148148148148,0.8817460317460316,0.054654445597923325,705
0.00013678073883056642,4.581385929845037e-05,0.00035400390625,9.219371161680252e-05,auto,20,23,distance,"{'algorithm': 'auto', 'leaf_size': 20, 'n_neighbors': 23, 'weights': 'distance'}",0.9642857142857143,0.9629629629629629,0.8888888888888888,0.8888888888888888,0.9629629629629629,0.9259259259259259,0.8148148148148148,0.8148148148148148,0.8888888888888888,0.8148148148148148,0.8927248677248677,0.05860385508288557,385
0.00011477470397949218,1.6525004817164855e-06,0.00033018589019775393,7.039685142353235e-05,auto,20,29,uniform,"{'algorithm': 'auto', 'leaf_size': 20, 'n_neighbors': 29, 'weights': 'uniform'}",0.9285714285714286,0.9629629629629629,0.9259259259259259,0.8888888888888888,0.9629629629629629,0.8518518518518519,0.8148148148148148,0.8148148148148148,0.8888888888888888,0.8148148148148148,0.8854497354497355,0.056244779905782104,641
0.00013511180877685548,5.0219244648159114e-05,0.0003581523895263672,0.00010082568081551094,auto,20,29,distance,"{'algorithm': 'auto', 'leaf_size': 20, 'n_neighbors': 29, 'weights': 'distance'}",0.9285714285714286,0.9629629629629629,0.9259259259259259,0.8888888888888888,0.9629629629629629,0.8888888888888888,0.8148148148148148,0.8148148148148148,0.8888888888888888,0.8148148148148148,0.889153439153439,0.055118588923675764,513
0.00012576580047607422,1.5825050025327527e-05,0.0003616809844970703,9.326744662727764e-05,auto,20,31,uniform,"{'algorithm': 'auto', 'leaf_size': 20, 'n_neighbors': 31, 'weights': 'uniform'}",0.9285714285714286,1.0,0.9259259259259259,0.9259259259259259,0.9629629629629629,0.8518518518518519,0.8148148148148148,0.8148148148148148,0.8888888888888888,0.8148148148148148,0.8928571428571429,0.0631078542731494,353
0.00012781620025634766,7.769995285576148e-06,0.0003920555114746094,0.0001122249294624206,auto,20,31,distance,"{'algorithm': 'auto', 'leaf_size': 20, 'n_neighbors': 31, 'weights': 'distance'}",0.9285714285714286,1.0,0.9259259259259259,0.9259259259259259,0.9629629629629629,0.8888888888888888,0.8148148148148148,0.8148148148148148,0.8888888888888888,0.8148148148148148,0.8965608465608466,0.0616629156361344,289
0.0001706838607788086,8.09715583363438e-05,0.0004923105239868164,0.0001699998517583808,auto,20,37,uniform,"{'algorithm': 'auto', 'leaf_size': 20, 'n_neighbors': 37, 'weights': 'uniform'}",0.8928571428571429,1.0,0.8888888888888888,0.8888888888888888,0.9259259259259259,0.8518518518518519,0.8148148148148148,0.7037037037037037,0.8888888888888888,0.8518518518518519,0.8707671957671957,0.072782701265744,801
0.00015616416931152344,4.903383990918281e-05,0.00042345523834228513,0.00013956741172778945,auto,20,37,distance,"{'algorithm': 'auto', 'leaf_size': 20, 'n_neighbors': 37, 'weights': 'distance'}",0.9285714285714286,1.0,0.8888888888888888,0.9259259259259259,0.9259259259259259,0.8888888888888888,0.8518518518518519,0.7777777777777778,0.8888888888888888,0.8148148148148148,0.8891534391534393,0.0598895290508307,481
0.00014531612396240234,4.847410904410894e-05,0.00040998458862304685,9.042416807984445e-05,auto,20,41,uniform,"{'algorithm': 'auto', 'leaf_size': 20, 'n_neighbors': 41, 'weights': 'uniform'}",0.8571428571428571,1.0,0.8888888888888888,0.8518518518518519,0.9259259259259259,0.8148148148148148,0.8148148148148148,0.7407407407407407,0.8888888888888888,0.8148148148148148,0.8597883597883598,0.06785082532964794,865
0.00015327930450439453,5.740864425681928e-05,0.00039353370666503904,8.407608675206097e-05,auto,20,41,distance,"{'algorithm': 'auto', 'leaf_size': 20, 'n_neighbors': 41, 'weights': 'distance'}",0.8928571428571429,1.0,0.8888888888888888,0.8888888888888888,0.9259259259259259,0.8518518518518519,0.8518518518518519,0.7777777777777778,0.8888888888888888,0.8148148148148148,0.8781746031746032,0.057585884266853474,769
0.00011944770812988281,2.489163043239248e-06,0.0003575325012207031,1.9667206250939877e-05,auto,20,43,uniform,"{'algorithm': 'auto', 'leaf_size': 20, 'n_neighbors': 43, 'weights': 'uniform'}",0.9285714285714286,1.0,0.8888888888888888,0.8518518518518519,0.9259259259259259,0.8148148148148148,0.8148148148148148,0.7407407407407407,0.9259259259259259,0.8148148148148148,0.8706349206349205,0.07287819624881071,833
0.00014684200286865234,3.884181118192615e-05,0.0004135847091674805,8.681658589366269e-05,auto,20,43,distance,"{'algorithm': 'auto', 'leaf_size': 20, 'n_neighbors': 43, 'weights': 'distance'}",0.9285714285714286,1.0,0.8888888888888888,0.8888888888888888,0.9259259259259259,0.8518518518518519,0.8518518518518519,0.7777777777777778,0.9259259259259259,0.8148148148148148,0.8854497354497355,0.060927597290907604,641
0.0001397371292114258,4.050709206270227e-05,0.00027253627777099607,7.530423174582852e-05,auto,30,2,uniform,"{'algorithm': 'auto', 'leaf_size': 30, 'n_neighbors': 2, 'weights': 'uniform'}",0.9285714285714286,1.0,0.9629629629629629,0.8518518518518519,0.9629629629629629,0.9629629629629629,0.9259259259259259,0.8518518518518519,0.8518518518518519,0.8148148148148148,0.9113756613756614,0.06024838242553935,129
0.00011851787567138672,2.6365473051868826e-06,0.000255894660949707,1.9110717794339386e-05,auto,30,2,distance,"{'algorithm': 'auto', 'leaf_size': 30, 'n_neighbors': 2, 'weights': 'distance'}",0.9642857142857143,0.8888888888888888,0.9629629629629629,0.8518518518518519,0.9259259259259259,0.9629629629629629,1.0,0.8518518518518519,0.8888888888888888,0.9259259259259259,0.9223544973544973,0.04826157492490816,1
0.00012481212615966797,2.6340937368851127e-05,0.0002579689025878906,2.0799886080207504e-05,auto,30,3,uniform,"{'algorithm': 'auto', 'leaf_size': 30, 'n_neighbors': 3, 'weights': 'uniform'}",0.9642857142857143,0.9259259259259259,0.9629629629629629,0.8518518518518519,0.9259259259259259,1.0,1.0,0.8148148148148148,0.8148148148148148,0.8888888888888888,0.9149470899470901,0.06645439983022737,33
0.00012857913970947265,1.0007362478853266e-05,0.0003317117691040039,4.3941915369603905e-05,auto,30,3,distance,"{'algorithm': 'auto', 'leaf_size': 30, 'n_neighbors': 3, 'weights': 'distance'}",0.9642857142857143,0.9259259259259259,0.9629629629629629,0.8518518518518519,0.9259259259259259,1.0,1.0,0.8148148148148148,0.8148148148148148,0.8888888888888888,0.9149470899470901,0.06645439983022737,33
0.00012471675872802735,1.4277053171392998e-05,0.0003024101257324219,8.356332775529446e-05,auto,30,5,uniform,"{'algorithm': 'auto', 'leaf_size': 30, 'n_neighbors': 5, 'weights': 'uniform'}",0.9642857142857143,0.9259259259259259,0.8888888888888888,0.8518518518518519,0.9259259259259259,0.9629629629629629,1.0,0.8888888888888888,0.8148148148148148,0.8888888888888888,0.9112433862433862,0.053030451638520076,161
0.00013508796691894532,4.6430596622450054e-05,0.0003538370132446289,0.00010036303362707447,auto,30,5,distance,"{'algorithm': 'auto', 'leaf_size': 30, 'n_neighbors': 5, 'weights': 'distance'}",0.9642857142857143,0.9259259259259259,0.9259259259259259,0.8518518518518519,0.9259259259259259,0.9629629629629629,1.0,0.8888888888888888,0.8148148148148148,0.8888888888888888,0.9149470899470898,0.05263170833078003,97
0.00012233257293701172,7.201227853118282e-06,0.0002843618392944336,1.5969435895213007e-05,auto,30,7,uniform,"{'algorithm': 'auto', 'leaf_size': 30, 'n_neighbors': 7, 'weights': 'uniform'}",0.9642857142857143,0.9259259259259259,0.9259259259259259,0.8518518518518519,0.9259259259259259,0.9629629629629629,0.9259259259259259,0.8888888888888888,0.8518518518518519,0.8148148148148148,0.9038359788359788,0.04759718045831639,257
0.0001344919204711914,1.3766252420534038e-05,0.00032830238342285156,7.878512996303514e-05,auto,30,7,distance,"{'algorithm': 'auto', 'leaf_size': 30, 'n_neighbors': 7, 'weights': 'distance'}",0.9642857142857143,0.9629629629629629,0.9259259259259259,0.8518518518518519,0.9259259259259259,0.9629629629629629,0.9629629629629629,0.8888888888888888,0.8518518518518519,0.8148148148148148,0.9112433862433862,0.053030451638520056,161
0.00011792182922363282,3.5797737844702644e-06,0.00025365352630615237,1.792154572449137e-05,auto,30,11,uniform,"{'algorithm': 'auto', 'leaf_size': 30, 'n_neighbors': 11, 'weights': 'uniform'}",0.9642857142857143,0.8518518518518519,0.8518518518518519,0.8518518518518519,0.9259259259259259,0.9259259259259259,0.8888888888888888,0.8148148148148148,0.9259259259259259,0.8888888888888888,0.889021164021164,0.04404761904761906,545
0.0001256704330444336,8.464665441697026e-06,0.00032341480255126953,9.441184574176433e-05,auto,30,11,distance,"{'algorithm': 'auto', 'leaf_size': 30, 'n_neighbors': 11, 'weights': 'distance'}",0.9642857142857143,0.8888888888888888,0.8518518518518519,0.8518518518518519,0.9259259259259259,0.9629629629629629,0.9629629629629629,0.8148148148148148,0.9629629629629629,0.8888888888888888,0.9075396825396826,0.053168844616982916,225
0.00011808872222900391,2.9414514758539854e-06,0.0002566337585449219,9.29905815165254e-06,auto,30,13,uniform,"{'algorithm': 'auto', 'leaf_size': 30, 'n_neighbors': 13, 'weights': 'uniform'}",0.9642857142857143,0.8888888888888888,0.8148148148148148,0.8518518518518519,0.9259259259259259,0.8888888888888888,0.8518518518518519,0.8148148148148148,0.9259259259259259,0.8888888888888888,0.8816137566137566,0.04649334482859554,737
0.00013666152954101564,2.550494938286607e-05,0.0003616571426391602,0.00010191770724135633,auto,30,13,distance,"{'algorithm': 'auto', 'leaf_size': 30, 'n_neighbors': 13, 'weights': 'distance'}",0.9642857142857143,0.8888888888888888,0.8148148148148148,0.8518518518518519,0.9259259259259259,0.9259259259259259,0.8888888888888888,0.8148148148148148,0.9259259259259259,0.9259259259259259,0.8927248677248677,0.04834271548630229,385
0.00014808177947998047,4.966671038826029e-05,0.0003034353256225586,2.4701833208360186e-05,auto,30,17,uniform,"{'algorithm': 'auto', 'leaf_size': 30, 'n_neighbors': 17, 'weights': 'uniform'}",0.9642857142857143,0.9259259259259259,0.8888888888888888,0.8518518518518519,0.9629629629629629,0.8888888888888888,0.8518518518518519,0.7777777777777778,0.9259259259259259,0.8518518518518519,0.8890211640211639,0.05511430334995131,577
0.00012280941009521485,6.680359250327168e-06,0.00030934810638427734,5.184288515728498e-05,auto,30,17,distance,"{'algorithm': 'auto', 'leaf_size': 30, 'n_neighbors': 17, 'weights': 'distance'}",0.9642857142857143,0.9259259259259259,0.8888888888888888,0.8518518518518519,0.9629629629629629,0.9259259259259259,0.8518518518518519,0.7777777777777778,0.9259259259259259,0.8888888888888888,0.8964285714285716,0.0545963104766419,321
0.00017609596252441407,7.29820417218065e-05,0.00042231082916259765,0.0001443878760968968,auto,30,19,uniform,"{'algorithm': 'auto', 'leaf_size': 30, 'n_neighbors': 19, 'weights': 'uniform'}",0.9642857142857143,0.9259259259259259,0.8888888888888888,0.8888888888888888,0.9629629629629629,0.8888888888888888,0.8148148148148148,0.8148148148148148,0.9259259259259259,0.8148148148148148,0.8890211640211639,0.055114303349951335,577
0.00012695789337158203,1.1535246726460706e-05,0.0003916025161743164,0.00010509842801392365,auto,30,19,distance,"{'algorithm': 'auto', 'leaf_size': 30, 'n_neighbors': 19, 'weights': 'distance'}",0.9642857142857143,0.9259259259259259,0.8888888888888888,0.8888888888888888,0.9629629629629629,0.9259259259259259,0.8148148148148148,0.8148148148148148,0.9259259259259259,0.8148148148148148,0.8927248677248677,0.05621444127694664,385
0.0001203775405883789,4.468615513961036e-06,0.00032403469085693357,1.135355682226789e-05,auto,30,23,uniform,"{'algorithm': 'auto', 'leaf_size': 30, 'n_neighbors': 23, 'weights': 'uniform'}",0.9285714285714286,0.9629629629629629,0.8518518518518519,0.8888888888888888,0.9629629629629629,0.8888888888888888,0.8148148148148148,0.8148148148148148,0.8888888888888888,0.8148148148148148,0.8817460317460316,0.054654445597923325,705
0.00011899471282958985,3.240125156441126e-06,0.0003327846527099609,1.927442799592098e-05,auto,30,23,distance,"{'algorithm': 'auto', 'leaf_size': 30, 'n_neighbors': 23, 'weights': 'distance'}",0.9642857142857143,0.9629629629629629,0.8888888888888888,0.8888888888888888,0.9629629629629629,0.9259259259259259,0.8148148148148148,0.8148148148148148,0.8888888888888888,0.8148148148148148,0.8927248677248677,0.05860385508288557,385
0.00012612342834472656,1.0928833044306687e-05,0.00046787261962890627,0.00019507113831919453,auto,30,29,uniform,"{'algorithm': 'auto', 'leaf_size': 30, 'n_neighbors': 29, 'weights': 'uniform'}",0.9285714285714286,0.9629629629629629,0.9259259259259259,0.8888888888888888,0.9629629629629629,0.8518518518518519,0.8148148148148148,0.8148148148148148,0.8888888888888888,0.8148148148148148,0.8854497354497355,0.056244779905782104,641
0.00013132095336914061,1.970635925879039e-05,0.00038025379180908205,4.192269883504286e-05,auto,30,29,distance,"{'algorithm': 'auto', 'leaf_size': 30, 'n_neighbors': 29, 'weights': 'distance'}",0.9285714285714286,0.9629629629629629,0.9259259259259259,0.8888888888888888,0.9629629629629629,0.8888888888888888,0.8148148148148148,0.8148148148148148,0.8888888888888888,0.8148148148148148,0.889153439153439,0.055118588923675764,513
0.00017442703247070313,6.919038614908083e-05,0.0004483938217163086,0.00016348944705492648,auto,30,31,uniform,"{'algorithm': 'auto', 'leaf_size': 30, 'n_neighbors': 31, 'weights': 'uniform'}",0.9285714285714286,1.0,0.9259259259259259,0.9259259259259259,0.9629629629629629,0.8518518518518519,0.8148148148148148,0.8148148148148148,0.8888888888888888,0.8148148148148148,0.8928571428571429,0.0631078542731494,353
0.0001218557357788086,2.052200990009815e-06,0.00033757686614990237,3.275691677150989e-05,auto,30,31,distance,"{'algorithm': 'auto', 'leaf_size': 30, 'n_neighbors': 31, 'weights': 'distance'}",0.9285714285714286,1.0,0.9259259259259259,0.9259259259259259,0.9629629629629629,0.8888888888888888,0.8148148148148148,0.8148148148148148,0.8888888888888888,0.8148148148148148,0.8965608465608466,0.0616629156361344,289
0.00014264583587646483,2.8902203133347927e-05,0.0004067420959472656,6.448479942817713e-05,auto,30,37,uniform,"{'algorithm': 'auto', 'leaf_size': 30, 'n_neighbors': 37, 'weights': 'uniform'}",0.8928571428571429,1.0,0.8888888888888888,0.8888888888888888,0.9259259259259259,0.8518518518518519,0.8148148148148148,0.7037037037037037,0.8888888888888888,0.8518518518518519,0.8707671957671957,0.072782701265744,801
0.00013017654418945312,1.094754147405378e-05,0.0003881931304931641,9.342393614020865e-05,auto,30,37,distance,"{'algorithm': 'auto', 'leaf_size': 30, 'n_neighbors': 37, 'weights': 'distance'}",0.9285714285714286,1.0,0.8888888888888888,0.9259259259259259,0.9259259259259259,0.8888888888888888,0.8518518518518519,0.7777777777777778,0.8888888888888888,0.8148148148148148,0.8891534391534393,0.0598895290508307,481
0.00012562274932861328,4.4609766317455954e-06,0.00034461021423339846,1.0062958814155895e-05,auto,30,41,uniform,"{'algorithm': 'auto', 'leaf_size': 30, 'n_neighbors': 41, 'weights': 'uniform'}",0.8571428571428571,1.0,0.8888888888888888,0.8518518518518519,0.9259259259259259,0.8148148148148148,0.8148148148148148,0.7407407407407407,0.8888888888888888,0.8148148148148148,0.8597883597883598,0.06785082532964794,865
0.00012767314910888672,5.8080742869686606e-06,0.0003805398941040039,3.192378478964517e-05,auto,30,41,distance,"{'algorithm': 'auto', 'leaf_size': 30, 'n_neighbors': 41, 'weights': 'distance'}",0.8928571428571429,1.0,0.8888888888888888,0.8888888888888888,0.9259259259259259,0.8518518518518519,0.8518518518518519,0.7777777777777778,0.8888888888888888,0.8148148148148148,0.8781746031746032,0.057585884266853474,769
0.00012950897216796876,1.6041442685934562e-05,0.00038406848907470705,7.167843141170034e-05,auto,30,43,uniform,"{'algorithm': 'auto', 'leaf_size': 30, 'n_neighbors': 43, 'weights': 'uniform'}",0.9285714285714286,1.0,0.8888888888888888,0.8518518518518519,0.9259259259259259,0.8148148148148148,0.8148148148148148,0.7407407407407407,0.9259259259259259,0.8148148148148148,0.8706349206349205,0.07287819624881071,833
0.0001224517822265625,5.538500027448446e-06,0.0003409862518310547,1.0669224755055998e-05,auto,30,43,distance,"{'algorithm': 'auto', 'leaf_size': 30, 'n_neighbors': 43, 'weights': 'distance'}",0.9285714285714286,1.0,0.8888888888888888,0.8888888888888888,0.9259259259259259,0.8518518518518519,0.8518518518518519,0.7777777777777778,0.9259259259259259,0.8148148148148148,0.8854497354497355,0.060927597290907604,641
0.00012342929840087892,6.767938781654848e-06,0.00023875236511230468,3.4740491403971675e-05,auto,40,2,uniform,"{'algorithm': 'auto', 'leaf_size': 40, 'n_neighbors': 2, 'weights': 'uniform'}",0.9285714285714286,1.0,0.9629629629629629,0.8518518518518519,0.9629629629629629,0.9629629629629629,0.9259259259259259,0.8518518518518519,0.8518518518518519,0.8148148148148148,0.9113756613756614,0.06024838242553935,129
0.0001246929168701172,7.0533226345446e-06,0.0002564430236816406,3.801624428568696e-05,auto,40,2,distance,"{'algorithm': 'auto', 'leaf_size': 40, 'n_neighbors': 2, 'weights': 'distance'}",0.9642857142857143,0.8888888888888888,0.9629629629629629,0.8518518518518519,0.9259259259259259,0.9629629629629629,1.0,0.8518518518518519,0.8888888888888888,0.9259259259259259,0.9223544973544973,0.04826157492490816,1
0.00015811920166015626,6.786280699245894e-05,0.00023777484893798827,2.3343370586050043e-05,auto,40,3,uniform,"{'algorithm': 'auto', 'leaf_size': 40, 'n_neighbors': 3, 'weights': 'uniform'}",0.9642857142857143,0.9259259259259259,0.9629629629629629,0.8518518518518519,0.9259259259259259,1.0,1.0,0.8148148148148148,0.8148148148148148,0.8888888888888888,0.9149470899470901,0.06645439983022737,33
0.00012462139129638673,1.0236489962980578e-05,0.00025668144226074217,3.4460385040766664e-05,auto,40,3,distance,"{'algorithm': 'auto', 'leaf_size': 40, 'n_neighbors': 3, 'weights': 'distance'}",0.9642857142857143,0.9259259259259259,0.9629629629629629,0.8518518518518519,0.9259259259259259,1.0,1.0,0.8148148148148148,0.8148148148148148,0.8888888888888888,0.9149470899470901,0.06645439983022737,33
0.00012593269348144532,4.37262534045868e-06,0.00027544498443603515,3.738811559428524e-05,auto,40,5,uniform,"{'algorithm': 'auto', 'leaf_size': 40, 'n_neighbors': 5, 'weights': 'uniform'}",0.9642857142857143,0.9259259259259259,0.8888888888888888,0.8518518518518519,0.9259259259259259,0.9629629629629629,1.0,0.8888888888888888,0.8148148148148148,0.8888888888888888,0.9112433862433862,0.053030451638520076,161
0.00016527175903320314,5.1070773389876376e-05,0.00036690235137939455,0.00011012473646002933,auto,40,5,distance,"{'algorithm': 'auto', 'leaf_size': 40, 'n_neighbors': 5, 'weights': 'distance'}",0.9642857142857143,0.9259259259259259,0.9259259259259259,0.8518518518518519,0.9259259259259259,0.9629629629629629,1.0,0.8888888888888888,0.8148148148148148,0.8888888888888888,0.9149470899470898,0.05263170833078003,97
0.00014226436614990235,5.091150054457862e-05,0.0002722740173339844,6.733727476707442e-05,auto,40,7,uniform,"{'algorithm': 'auto', 'leaf_size': 40, 'n_neighbors': 7, 'weights': 'uniform'}",0.9642857142857143,0.9259259259259259,0.9259259259259259,0.8518518518518519,0.9259259259259259,0.9629629629629629,0.9259259259259259,0.8888888888888888,0.8518518518518519,0.8148148148148148,0.9038359788359788,0.04759718045831639,257
0.00012331008911132814,3.464542729805511e-06,0.00025260448455810547,5.790430952446252e-06,auto,40,7,distance,"{'algorithm': 'auto', 'leaf_size': 40, 'n_neighbors': 7, 'weights': 'distance'}",0.9642857142857143,0.9629629629629629,0.9259259259259259,0.8518518518518519,0.9259259259259259,0.9629629629629629,0.9629629629629629,0.8888888888888888,0.8518518518518519,0.8148148148148148,0.9112433862433862,0.053030451638520056,161
0.00012412071228027344,3.869732583098122e-06,0.0002442598342895508,2.9379709246372225e-06,auto,40,11,uniform,"{'algorithm': 'auto', 'leaf_size': 40, 'n_neighbors': 11, 'weights': 'uniform'}",0.9642857142857143,0.8518518518518519,0.8518518518518519,0.8518518518518519,0.9259259259259259,0.9259259259259259,0.8888888888888888,0.8148148148148148,0.9259259259259259,0.8888888888888888,0.889021164021164,0.04404761904761906,545
0.00012767314910888672,9.925918382723862e-06,0.0002946376800537109,3.851073396331266e-05,auto,40,11,distance,"{'algorithm': 'auto', 'leaf_size': 40, 'n_neighbors': 11, 'weights': 'distance'}",0.9642857142857143,0.8888888888888888,0.8518518518518519,0.8518518518518519,0.9259259259259259,0.9629629629629629,0.9629629629629629,0.8148148148148148,0.9629629629629629,0.8888888888888888,0.9075396825396826,0.053168844616982916,225
0.00012772083282470704,5.186412463266199e-06,0.00029735565185546876,6.974937874645777e-05,auto,40,13,uniform,"{'algorithm': 'auto', 'leaf_size': 40, 'n_neighbors': 13, 'weights': 'uniform'}",0.9642857142857143,0.8888888888888888,0.8148148148148148,0.8518518518518519,0.9259259259259259,0.8888888888888888,0.8518518518518519,0.8148148148148148,0.9259259259259259,0.8888888888888888,0.8816137566137566,0.04649334482859554,737
0.00012049674987792968,3.1398921266850144e-06,0.0002648591995239258,1.388752920496108e-05,auto,40,13,distance,"{'algorithm': 'auto', 'leaf_size': 40, 'n_neighbors': 13, 'weights': 'distance'}",0.9642857142857143,0.8888888888888888,0.8148148148148148,0.8518518518518519,0.9259259259259259,0.9259259259259259,0.8888888888888888,0.8148148148148148,0.9259259259259259,0.9259259259259259,0.8927248677248677,0.04834271548630229,385
0.00012385845184326172,4.7900778723487526e-06,0.00027153491973876955,4.864498621396224e-06,auto,40,17,uniform,"{'algorithm': 'auto', 'leaf_size': 40, 'n_neighbors': 17, 'weights': 'uniform'}",0.9642857142857143,0.9259259259259259,0.8888888888888888,0.8518518518518519,0.9629629629629629,0.8888888888888888,0.8518518518518519,0.7777777777777778,0.9259259259259259,0.8518518518518519,0.8890211640211639,0.05511430334995131,577
0.00013537406921386718,1.3871700248738541e-05,0.00033197402954101565,4.0880993525884015e-05,auto,40,17,distance,"{'algorithm': 'auto', 'leaf_size': 40, 'n_neighbors': 17, 'weights': 'distance'}",0.9642857142857143,0.9259259259259259,0.8888888888888888,0.8518518518518519,0.9629629629629629,0.9259259259259259,0.8518518518518519,0.7777777777777778,0.9259259259259259,0.8888888888888888,0.8964285714285716,0.0545963104766419,321
0.00012938976287841798,6.711430066646964e-06,0.000304722785949707,4.716958995960686e-05,auto,40,19,uniform,"{'algorithm': 'auto', 'leaf_size': 40, 'n_neighbors': 19, 'weights': 'uniform'}",0.9642857142857143,0.9259259259259259,0.8888888888888888,0.8888888888888888,0.9629629629629629,0.8888888888888888,0.8148148148148148,0.8148148148148148,0.9259259259259259,0.8148148148148148,0.8890211640211639,0.055114303349951335,577
0.00012357234954833983,4.388521248009443e-06,0.0002894878387451172,1.1622410543603668e-05,auto,40,19,distance,"{'algorithm': 'auto', 'leaf_size': 40, 'n_neighbors': 19, 'weights': 'distance'}",0.9642857142857143,0.9259259259259259,0.8888888888888888,0.8888888888888888,0.9629629629629629,0.9259259259259259,0.8148148148148148,0.8148148148148148,0.9259259259259259,0.8148148148148148,0.8927248677248677,0.05621444127694664,385
0.00012645721435546874,7.72873458437353e-06,0.0003201723098754883,2.545489891589193e-05,auto,40,23,uniform,"{'algorithm': 'auto', 'leaf_size': 40, 'n_neighbors': 23, 'weights': 'uniform'}",0.9285714285714286,0.9629629629629629,0.8518518518518519,0.8888888888888888,0.9629629629629629,0.8888888888888888,0.8148148148148148,0.8148148148148148,0.8888888888888888,0.8148148148148148,0.8817460317460316,0.054654445597923325,705
0.00013036727905273436,7.99381621921382e-06,0.00039799213409423827,0.00011715739782545533,auto,40,23,distance,"{'algorithm': 'auto', 'leaf_size': 40, 'n_neighbors': 23, 'weights': 'distance'}",0.9642857142857143,0.9629629629629629,0.8888888888888888,0.8888888888888888,0.9629629629629629,0.9259259259259259,0.8148148148148148,0.8148148148148148,0.8888888888888888,0.8148148148148148,0.8927248677248677,0.05860385508288557,385
0.0001497030258178711,4.187670824951433e-05,0.0003582477569580078,3.328944970701305e-05,auto,40,29,uniform,"{'algorithm': 'auto', 'leaf_size': 40, 'n_neighbors': 29, 'weights': 'uniform'}",0.9285714285714286,0.9629629629629629,0.9259259259259259,0.8888888888888888,0.9629629629629629,0.8518518518518519,0.8148148148148148,0.8148148148148148,0.8888888888888888,0.8148148148148148,0.8854497354497355,0.056244779905782104,641
0.00012443065643310546,4.0858712271963135e-06,0.00033562183380126954,2.079497999700648e-05,auto,40,29,distance,"{'algorithm': 'auto', 'leaf_size': 40, 'n_neighbors': 29, 'weights': 'distance'}",0.9285714285714286,0.9629629629629629,0.9259259259259259,0.8888888888888888,0.9629629629629629,0.8888888888888888,0.8148148148148148,0.8148148148148148,0.8888888888888888,0.8148148148148148,0.889153439153439,0.055118588923675764,513
0.00013179779052734374,2.1485152132300466e-05,0.00035216808319091795,2.372197768446283e-05,auto,40,31,uniform,"{'algorithm': 'auto', 'leaf_size': 40, 'n_neighbors': 31, 'weights': 'uniform'}",0.9285714285714286,1.0,0.9259259259259259,0.9259259259259259,0.9629629629629629,0.8518518518518519,0.8148148148148148,0.8148148148148148,0.8888888888888888,0.8148148148148148,0.8928571428571429,0.0631078542731494,353
0.00013475418090820314,8.656137764936664e-06,0.00038447380065917967,6.88134175762075e-05,auto,40,31,distance,"{'algorithm': 'auto', 'leaf_size': 40, 'n_neighbors': 31, 'weights': 'distance'}",0.9285714285714286,1.0,0.9259259259259259,0.9259259259259259,0.9629629629629629,0.8888888888888888,0.8148148148148148,0.8148148148148148,0.8888888888888888,0.8148148148148148,0.8965608465608466,0.0616629156361344,289
0.00012533664703369142,3.6048542253147103e-06,0.0003387928009033203,1.1970892153390114e-05,auto,40,37,uniform,"{'algorithm': 'auto', 'leaf_size': 40, 'n_neighbors': 37, 'weights': 'uniform'}",0.8928571428571429,1.0,0.8888888888888888,0.8888888888888888,0.9259259259259259,0.8518518518518519,0.8148148148148148,0.7037037037037037,0.8888888888888888,0.8518518518518519,0.8707671957671957,0.072782701265744,801
0.00012581348419189454,8.629336425348539e-06,0.00036568641662597655,3.6762227603380185e-05,auto,40,37,distance,"{'algorithm': 'auto', 'leaf_size': 40, 'n_neighbors': 37, 'weights': 'distance'}",0.9285714285714286,1.0,0.8888888888888888,0.9259259259259259,0.9259259259259259,0.8888888888888888,0.8518518518518519,0.7777777777777778,0.8888888888888888,0.8148148148148148,0.8891534391534393,0.0598895290508307,481
0.0001271963119506836,1.513394679007795e-05,0.0003948211669921875,7.544499675607639e-05,auto,40,41,uniform,"{'algorithm': 'auto', 'leaf_size': 40, 'n_neighbors': 41, 'weights': 'uniform'}",0.8571428571428571,1.0,0.8888888888888888,0.8518518518518519,0.9259259259259259,0.8148148148148148,0.8148148148148148,0.7407407407407407,0.8888888888888888,0.8148148148148148,0.8597883597883598,0.06785082532964794,865
0.00012559890747070311,5.475120580447129e-06,0.0003562211990356445,1.6979504341586168e-05,auto,40,41,distance,"{'algorithm': 'auto', 'leaf_size': 40, 'n_neighbors': 41, 'weights': 'distance'}",0.8928571428571429,1.0,0.8888888888888888,0.8888888888888888,0.9259259259259259,0.8518518518518519,0.8518518518518519,0.7777777777777778,0.8888888888888888,0.8148148148148148,0.8781746031746032,0.057585884266853474,769
0.0001224994659423828,2.9755555652280225e-06,0.0003551483154296875,5.07355632637781e-06,auto,40,43,uniform,"{'algorithm': 'auto', 'leaf_size': 40, 'n_neighbors': 43, 'weights': 'uniform'}",0.9285714285714286,1.0,0.8888888888888888,0.8518518518518519,0.9259259259259259,0.8148148148148148,0.8148148148148148,0.7407407407407407,0.9259259259259259,0.8148148148148148,0.8706349206349205,0.07287819624881071,833
0.0001331329345703125,2.255727052033094e-05,0.00039298534393310546,6.499957321923433e-05,auto,40,43,distance,"{'algorithm': 'auto', 'leaf_size': 40, 'n_neighbors': 43, 'weights': 'distance'}",0.9285714285714286,1.0,0.8888888888888888,0.8888888888888888,0.9259259259259259,0.8518518518518519,0.8518518518518519,0.7777777777777778,0.9259259259259259,0.8148148148148148,0.8854497354497355,0.060927597290907604,641
0.00014142990112304689,4.605427465737111e-05,0.00023427009582519532,2.0221831280515498e-05,auto,50,2,uniform,"{'algorithm': 'auto', 'leaf_size': 50, 'n_neighbors': 2, 'weights': 'uniform'}",0.9285714285714286,1.0,0.9629629629629629,0.8518518518518519,0.9629629629629629,0.9629629629629629,0.9259259259259259,0.8518518518518519,0.8518518518518519,0.8148148148148148,0.9113756613756614,0.06024838242553935,129
0.00012259483337402345,3.4016240743659606e-06,0.00024080276489257812,7.721965189314673e-06,auto,50,2,distance,"{'algorithm': 'auto', 'leaf_size': 50, 'n_neighbors': 2, 'weights': 'distance'}",0.9642857142857143,0.8888888888888888,0.9629629629629629,0.8518518518518519,0.9259259259259259,0.9629629629629629,1.0,0.8518518518518519,0.8888888888888888,0.9259259259259259,0.9223544973544973,0.04826157492490816,1
0.00012409687042236328,3.776131833137409e-06,0.00026268959045410155,2.8887202769110052e-05,auto,50,3,uniform,"{'algorithm': 'auto', 'leaf_size': 50, 'n_neighbors': 3, 'weights': 'uniform'}",0.9642857142857143,0.9259259259259259,0.9629629629629629,0.8518518518518519,0.9259259259259259,1.0,1.0,0.8148148148148148,0.8148148148148148,0.8888888888888888,0.9149470899470901,0.06645439983022737,33
0.00013153553009033204,1.6932436460366004e-05,0.00033428668975830076,7.466023272254739e-05,auto,50,3,distance,"{'algorithm': 'auto', 'leaf_size': 50, 'n_neighbors': 3, 'weights': 'distance'}",0.9642857142857143,0.9259259259259259,0.9629629629629629,0.8518518518518519,0.9259259259259259,1.0,1.0,0.8148148148148148,0.8148148148148148,0.8888888888888888,0.9149470899470901,0.06645439983022737,33
0.00012836456298828124,1.0539179958173848e-05,0.0002788543701171875,2.104824248373531e-05,auto,50,5,uniform,"{'algorithm': 'auto', 'leaf_size': 50, 'n_neighbors': 5, 'weights': 'uniform'}",0.9642857142857143,0.9259259259259259,0.8888888888888888,0.8518518518518519,0.9259259259259259,0.9629629629629629,1.0,0.8888888888888888,0.8148148148148148,0.8888888888888888,0.9112433862433862,0.053030451638520076,161
0.00011997222900390625,1.7086480014008444e-06,0.0002850770950317383,7.226915087608199e-06,auto,50,5,distance,"{'algorithm': 'auto', 'leaf_size': 50, 'n_neighbors': 5, 'weights': 'distance'}",0.9642857142857143,0.9259259259259259,0.9259259259259259,0.8518518518518519,0.9259259259259259,0.9629629629629629,1.0,0.8888888888888888,0.8148148148148148,0.8888888888888888,0.9149470899470898,0.05263170833078003,97
0.0001440763473510742,2.924902376102699e-05,0.00035469532012939454,9.10338240953125e-05,auto,50,7,uniform,"{'algorithm': 'auto', 'leaf_size': 50, 'n_neighbors': 7, 'weights': 'uniform'}",0.9642857142857143,0.9259259259259259,0.9259259259259259,0.8518518518518519,0.9259259259259259,0.9629629629629629,0.9259259259259259,0.8888888888888888,0.8518518518518519,0.8148148148148148,0.9038359788359788,0.04759718045831639,257
0.00014951229095458985,5.3772608353619365e-05,0.00036940574645996096,9.111659403972887e-05,auto,50,7,distance,"{'algorithm': 'auto', 'leaf_size': 50, 'n_neighbors': 7, 'weights': 'distance'}",0.9642857142857143,0.9629629629629629,0.9259259259259259,0.8518518518518519,0.9259259259259259,0.9629629629629629,0.9629629629629629,0.8888888888888888,0.8518518518518519,0.8148148148148148,0.9112433862433862,0.053030451638520056,161
0.00014631748199462892,3.7926251401099356e-05,0.0003783702850341797,0.00011017033348836611,auto,50,11,uniform,"{'algorithm': 'auto', 'leaf_size': 50, 'n_neighbors': 11, 'weights': 'uniform'}",0.9642857142857143,0.8518518518518519,0.8518518518518519,0.8518518518518519,0.9259259259259259,0.9259259259259259,0.8888888888888888,0.8148148148148148,0.9259259259259259,0.8888888888888888,0.889021164021164,0.04404761904761906,545
0.0001478910446166992,2.7950762933654636e-05,0.00040118694305419923,8.720144782246172e-05,auto,50,11,distance,"{'algorithm': 'auto', 'leaf_size': 50, 'n_neighbors': 11, 'weights': 'distance'}",0.9642857142857143,0.8888888888888888,0.8518518518518519,0.8518518518518519,0.9259259259259259,0.9629629629629629,0.9629629629629629,0.8148148148148148,0.9629629629629629,0.8888888888888888,0.9075396825396826,0.053168844616982916,225
0.00013091564178466797,8.5395464529647e-06,0.0003368854522705078,5.3187973570132834e-05,auto,50,13,uniform,"{'algorithm': 'auto', 'leaf_size': 50, 'n_neighbors': 13, 'weights': 'uniform'}",0.9642857142857143,0.8888888888888888,0.8148148148148148,0.8518518518518519,0.9259259259259259,0.8888888888888888,0.8518518518518519,0.8148148148148148,0.9259259259259259,0.8888888888888888,0.8816137566137566,0.04649334482859554,737
0.00013096332550048827,9.050521256403575e-06,0.00035016536712646485,4.036308248536074e-05,auto,50,13,distance,"{'algorithm': 'auto', 'leaf_size': 50, 'n_neighbors': 13, 'weights': 'distance'}",0.9642857142857143,0.8888888888888888,0.8148148148148148,0.8518518518518519,0.9259259259259259,0.9259259259259259,0.8888888888888888,0.8148148148148148,0.9259259259259259,0.9259259259259259,0.8927248677248677,0.04834271548630229,385
0.00013175010681152344,7.488165469663145e-06,0.00036089420318603517,2.6312609337707846e-05,auto,50,17,uniform,"{'algorithm': 'auto', 'leaf_size': 50, 'n_neighbors': 17, 'weights': 'uniform'}",0.9642857142857143,0.9259259259259259,0.8888888888888888,0.8518518518518519,0.9629629629629629,0.8888888888888888,0.8518518518518519,0.7777777777777778,0.9259259259259259,0.8518518518518519,0.8890211640211639,0.05511430334995131,577
0.00013024806976318358,1.1064291902007319e-05,0.00034501552581787107,3.2689343498887454e-05,auto,50,17,distance,"{'algorithm': 'auto', 'leaf_size': 50, 'n_neighbors': 17, 'weights': 'distance'}",0.9642857142857143,0.9259259259259259,0.8888888888888888,0.8518518518518519,0.9629629629629629,0.9259259259259259,0.8518518518518519,0.7777777777777778,0.9259259259259259,0.8888888888888888,0.8964285714285716,0.0545963104766419,321
0.00012135505676269531,1.6993074113088094e-06,0.0003216028213500977,5.087262542186838e-06,auto,50,19,uniform,"{'algorithm': 'auto', 'leaf_size': 50, 'n_neighbors': 19, 'weights': 'uniform'}",0.9642857142857143,0.9259259259259259,0.8888888888888888,0.8888888888888888,0.9629629629629629,0.8888888888888888,0.8148148148148148,0.8148148148148148,0.9259259259259259,0.8148148148148148,0.8890211640211639,0.055114303349951335,577
0.00013096332550048827,1.7250057898069398e-05,0.000322723388671875,2.2103395444176155e-05,auto,50,19,distance,"{'algorithm': 'auto', 'leaf_size': 50, 'n_neighbors': 19, 'weights': 'distance'}",0.9642857142857143,0.9259259259259259,0.8888888888888888,0.8888888888888888,0.9629629629629629,0.9259259259259259,0.8148148148148148,0.8148148148148148,0.9259259259259259,0.8148148148148148,0.8927248677248677,0.05621444127694664,385
0.00013992786407470703,2.647422275462417e-05,0.000330352783203125,4.3549644950835616e-05,auto,50,23,uniform,"{'algorithm': 'auto', 'leaf_size': 50, 'n_neighbors': 23, 'weights': 'uniform'}",0.9285714285714286,0.9629629629629629,0.8518518518518519,0.8888888888888888,0.9629629629629629,0.8888888888888888,0.8148148148148148,0.8148148148148148,0.8888888888888888,0.8148148148148148,0.8817460317460316,0.054654445597923325,705
0.00014801025390625,4.6973760663995366e-05,0.0003245353698730469,2.3449724766805475e-05,auto,50,23,distance,"{'algorithm': 'auto', 'leaf_size': 50, 'n_neighbors': 23, 'weights': 'distance'}",0.9642857142857143,0.9629629629629629,0.8888888888888888,0.8888888888888888,0.9629629629629629,0.9259259259259259,0.8148148148148148,0.8148148148148148,0.8888888888888888,0.8148148148148148,0.8927248677248677,0.05860385508288557,385
0.00012047290802001953,3.3311265055260706e-06,0.0003130674362182617,8.304670473271638e-06,auto,50,29,uniform,"{'algorithm': 'auto', 'leaf_size': 50, 'n_neighbors': 29, 'weights': 'uniform'}",0.9285714285714286,0.9629629629629629,0.9259259259259259,0.8888888888888888,0.9629629629629629,0.8518518518518519,0.8148148148148148,0.8148148148148148,0.8888888888888888,0.8148148148148148,0.8854497354497355,0.056244779905782104,641
0.0001233816146850586,4.052063861533329e-06,0.0003120899200439453,1.1624464517383706e-05,auto,50,29,distance,"{'algorithm': 'auto', 'leaf_size': 50, 'n_neighbors': 29, 'weights': 'distance'}",0.9285714285714286,0.9629629629629629,0.9259259259259259,0.8888888888888888,0.9629629629629629,0.8888888888888888,0.8148148148148148,0.8148148148148148,0.8888888888888888,0.8148148148148148,0.889153439153439,0.055118588923675764,513
0.00013148784637451172,1.0748024840866209e-05,0.0003424644470214844,2.4698876012223186e-05,auto,50,31,uniform,"{'algorithm': 'auto', 'leaf_size': 50, 'n_neighbors': 31, 'weights': 'uniform'}",0.9285714285714286,1.0,0.9259259259259259,0.9259259259259259,0.9629629629629629,0.8518518518518519,0.8148148148148148,0.8148148148148148,0.8888888888888888,0.8148148148148148,0.8928571428571429,0.0631078542731494,353
0.00012552738189697266,6.252069815639828e-06,0.00033593177795410156,5.129990022406309e-05,auto,50,31,distance,"{'algorithm': 'auto', 'leaf_size': 50, 'n_neighbors': 31, 'weights': 'distance'}",0.9285714285714286,1.0,0.9259259259259259,0.9259259259259259,0.9629629629629629,0.8888888888888888,0.8148148148148148,0.8148148148148148,0.8888888888888888,0.8148148148148148,0.8965608465608466,0.0616629156361344,289
0.00011827945709228516,1.955759099465926e-06,0.0003351449966430664,4.972670875760842e-06,auto,50,37,uniform,"{'algorithm': 'auto', 'leaf_size': 50, 'n_neighbors': 37, 'weights': 'uniform'}",0.8928571428571429,1.0,0.8888888888888888,0.8888888888888888,0.9259259259259259,0.8518518518518519,0.8148148148148148,0.7037037037037037,0.8888888888888888,0.8518518518518519,0.8707671957671957,0.072782701265744,801
0.00012786388397216796,1.0739453678040055e-05,0.00034880638122558594,1.5552495489036807e-05,auto,50,37,distance,"{'algorithm': 'auto', 'leaf_size': 50, 'n_neighbors': 37, 'weights': 'distance'}",0.9285714285714286,1.0,0.8888888888888888,0.9259259259259259,0.9259259259259259,0.8888888888888888,0.8518518518518519,0.7777777777777778,0.8888888888888888,0.8148148148148148,0.8891534391534393,0.0598895290508307,481
0.0001397371292114258,3.677701446509131e-05,0.0003746986389160156,2.9741836202243877e-05,auto,50,41,uniform,"{'algorithm': 'auto', 'leaf_size': 50, 'n_neighbors': 41, 'weights': 'uniform'}",0.8571428571428571,1.0,0.8888888888888888,0.8518518518518519,0.9259259259259259,0.8148148148148148,0.8148148148148148,0.7407407407407407,0.8888888888888888,0.8148148148148148,0.8597883597883598,0.06785082532964794,865
0.00012042522430419922,2.7854188626329946e-06,0.00033679008483886717,8.436245263770255e-06,auto,50,41,distance,"{'algorithm': 'auto', 'leaf_size': 50, 'n_neighbors': 41, 'weights': 'distance'}",0.8928571428571429,1.0,0.8888888888888888,0.8888888888888888,0.9259259259259259,0.8518518518518519,0.8518518518518519,0.7777777777777778,0.8888888888888888,0.8148148148148148,0.8781746031746032,0.057585884266853474,769
0.00012311935424804687,3.819462660694272e-06,0.0003593206405639648,7.070588267880689e-06,auto,50,43,uniform,"{'algorithm': 'auto', 'leaf_size': 50, 'n_neighbors': 43, 'weights': 'uniform'}",0.9285714285714286,1.0,0.8888888888888888,0.8518518518518519,0.9259259259259259,0.8148148148148148,0.8148148148148148,0.7407407407407407,0.9259259259259259,0.8148148148148148,0.8706349206349205,0.07287819624881071,833
0.00015201568603515626,3.950549092588684e-05,0.00041937828063964844,4.232987419459678e-05,auto,50,43,distance,"{'algorithm': 'auto', 'leaf_size': 50, 'n_neighbors': 43, 'weights': 'distance'}",0.9285714285714286,1.0,0.8888888888888888,0.8888888888888888,0.9259259259259259,0.8518518518518519,0.8518518518518519,0.7777777777777778,0.9259259259259259,0.8148148148148148,0.8854497354497355,0.060927597290907604,641
0.0001268148422241211,5.242444523789647e-06,0.0002482175827026367,1.8847573028182143e-05,auto,60,2,uniform,"{'algorithm': 'auto', 'leaf_size': 60, 'n_neighbors': 2, 'weights': 'uniform'}",0.9285714285714286,1.0,0.9629629629629629,0.8518518518518519,0.9629629629629629,0.9629629629629629,0.9259259259259259,0.8518518518518519,0.8518518518518519,0.8148148148148148,0.9113756613756614,0.06024838242553935,129
0.0001244068145751953,6.4043686115966684e-06,0.0003336191177368164,9.09933526271669e-05,auto,60,2,distance,"{'algorithm': 'auto', 'leaf_size': 60, 'n_neighbors': 2, 'weights': 'distance'}",0.9642857142857143,0.8888888888888888,0.9629629629629629,0.8518518518518519,0.9259259259259259,0.9629629629629629,1.0,0.8518518518518519,0.8888888888888888,0.9259259259259259,0.9223544973544973,0.04826157492490816,1
0.00014188289642333985,2.0978247417934446e-05,0.00031962394714355467,6.111158860294513e-05,auto,60,3,uniform,"{'algorithm': 'auto', 'leaf_size': 60, 'n_neighbors': 3, 'weights': 'uniform'}",0.9642857142857143,0.9259259259259259,0.9629629629629629,0.8518518518518519,0.9259259259259259,1.0,1.0,0.8148148148148148,0.8148148148148148,0.8888888888888888,0.9149470899470901,0.06645439983022737,33
0.00015003681182861327,5.408876882491144e-05,0.0003220319747924805,1.9859294478259964e-05,auto,60,3,distance,"{'algorithm': 'auto', 'leaf_size': 60, 'n_neighbors': 3, 'weights': 'distance'}",0.9642857142857143,0.9259259259259259,0.9629629629629629,0.8518518518518519,0.9259259259259259,1.0,1.0,0.8148148148148148,0.8148148148148148,0.8888888888888888,0.9149470899470901,0.06645439983022737,33
0.00014972686767578125,5.267173121897901e-05,0.0003443241119384766,0.00010046302600166014,auto,60,5,uniform,"{'algorithm': 'auto', 'leaf_size': 60, 'n_neighbors': 5, 'weights': 'uniform'}",0.9642857142857143,0.9259259259259259,0.8888888888888888,0.8518518518518519,0.9259259259259259,0.9629629629629629,1.0,0.8888888888888888,0.8148148148148148,0.8888888888888888,0.9112433862433862,0.053030451638520076,161
0.00013990402221679686,2.5316820099889568e-05,0.0003587007522583008,9.271063640199223e-05,auto,60,5,distance,"{'algorithm': 'auto', 'leaf_size': 60, 'n_neighbors': 5, 'weights': 'distance'}",0.9642857142857143,0.9259259259259259,0.9259259259259259,0.8518518518518519,0.9259259259259259,0.9629629629629629,1.0,0.8888888888888888,0.8148148148148148,0.8888888888888888,0.9149470899470898,0.05263170833078003,97
0.0001347064971923828,2.271116867849323e-05,0.0003308773040771484,8.463864930916813e-05,auto,60,7,uniform,"{'algorithm': 'auto', 'leaf_size': 60, 'n_neighbors': 7, 'weights': 'uniform'}",0.9642857142857143,0.9259259259259259,0.9259259259259259,0.8518518518518519,0.9259259259259259,0.9629629629629629,0.9259259259259259,0.8888888888888888,0.8518518518518519,0.8148148148148148,0.9038359788359788,0.04759718045831639,257
0.00014700889587402344,2.9169263547938625e-05,0.000324249267578125,3.3266355612687046e-05,auto,60,7,distance,"{'algorithm': 'auto', 'leaf_size': 60, 'n_neighbors': 7, 'weights': 'distance'}",0.9642857142857143,0.9629629629629629,0.9259259259259259,0.8518518518518519,0.9259259259259259,0.9629629629629629,0.9629629629629629,0.8888888888888888,0.8518518518518519,0.8148148148148148,0.9112433862433862,0.053030451638520056,161
0.00013339519500732422,1.4718847785518219e-05,0.00032358169555664064,3.4788824727381656e-05,auto,60,11,uniform,"{'algorithm': 'auto', 'leaf_size': 60, 'n_neighbors': 11, 'weights': 'uniform'}",0.9642857142857143,0.8518518518518519,0.8518518518518519,0.8518518518518519,0.9259259259259259,0.9259259259259259,0.8888888888888888,0.8148148148148148,0.9259259259259259,0.8888888888888888,0.889021164021164,0.04404761904761906,545
0.00013296604156494142,1.2885658497981733e-05,0.00033972263336181643,7.108452634764509e-05,auto,60,11,distance,"{'algorithm': 'auto', 'leaf_size': 60, 'n_neighbors': 11, 'weights': 'distance'}",0.9642857142857143,0.8888888888888888,0.8518518518518519,0.8518518518518519,0.9259259259259259,0.9629629629629629,0.9629629629629629,0.8148148148148148,0.9629629629629629,0.8888888888888888,0.9075396825396826,0.053168844616982916,225
0.00012803077697753906,6.320566017009543e-06,0.0003008127212524414,1.4754257870307777e-05,auto,60,13,uniform,"{'algorithm': 'auto', 'leaf_size': 60, 'n_neighbors': 13, 'weights': 'uniform'}",0.9642857142857143,0.8888888888888888,0.8148148148148148,0.8518518518518519,0.9259259259259259,0.8888888888888888,0.8518518518518519,0.8148148148148148,0.9259259259259259,0.8888888888888888,0.8816137566137566,0.04649334482859554,737
0.00012135505676269531,1.966049969490843e-06,0.0003144502639770508,1.04347017395654e-05,auto,60,13,distance,"{'algorithm': 'auto', 'leaf_size': 60, 'n_neighbors': 13, 'weights': 'distance'}",0.9642857142857143,0.8888888888888888,0.8148148148148148,0.8518518518518519,0.9259259259259259,0.9259259259259259,0.8888888888888888,0.8148148148148148,0.9259259259259259,0.9259259259259259,0.8927248677248677,0.04834271548630229,385
0.0001379251480102539,1.8384298790912187e-05,0.00035414695739746096,3.137650097877169e-05,auto,60,17,uniform,"{'algorithm': 'auto', 'leaf_size': 60, 'n_neighbors': 17, 'weights': 'uniform'}",0.9642857142857143,0.9259259259259259,0.8888888888888888,0.8518518518518519,0.9629629629629629,0.8888888888888888,0.8518518518518519,0.7777777777777778,0.9259259259259259,0.8518518518518519,0.8890211640211639,0.05511430334995131,577
0.00015709400177001953,3.999772074768824e-05,0.000461125373840332,9.709617929101568e-05,auto,60,17,distance,"{'algorithm': 'auto', 'leaf_size': 60, 'n_neighbors': 17, 'weights': 'distance'}",0.9642857142857143,0.9259259259259259,0.8888888888888888,0.8518518518518519,0.9629629629629629,0.9259259259259259,0.8518518518518519,0.7777777777777778,0.9259259259259259,0.8888888888888888,0.8964285714285716,0.0545963104766419,321
0.00013942718505859374,3.1684528507837636e-05,0.00031261444091796876,4.319889385269058e-05,auto,60,19,uniform,"{'algorithm': 'auto', 'leaf_size': 60, 'n_neighbors': 19, 'weights': 'uniform'}",0.9642857142857143,0.9259259259259259,0.8888888888888888,0.8888888888888888,0.9629629629629629,0.8888888888888888,0.8148148148148148,0.8148148148148148,0.9259259259259259,0.8148148148148148,0.8890211640211639,0.055114303349951335,577
0.00012216567993164062,3.119914589491956e-06,0.00028529167175292967,8.417357721094284e-06,auto,60,19,distance,"{'algorithm': 'auto', 'leaf_size': 60, 'n_neighbors': 19, 'weights': 'distance'}",0.9642857142857143,0.9259259259259259,0.8888888888888888,0.8888888888888888,0.9629629629629629,0.9259259259259259,0.8148148148148148,0.8148148148148148,0.9259259259259259,0.8148148148148148,0.8927248677248677,0.05621444127694664,385
0.0001263856887817383,3.4293344730592507e-06,0.00031006336212158203,5.964516216260687e-06,auto,60,23,uniform,"{'algorithm': 'auto', 'leaf_size': 60, 'n_neighbors': 23, 'weights': 'uniform'}",0.9285714285714286,0.9629629629629629,0.8518518518518519,0.8888888888888888,0.9629629629629629,0.8888888888888888,0.8148148148148148,0.8148148148148148,0.8888888888888888,0.8148148148148148,0.8817460317460316,0.054654445597923325,705
0.0001463651657104492,2.6748492675754945e-05,0.0004033803939819336,0.00012950130190277824,auto,60,23,distance,"{'algorithm': 'auto', 'leaf_size': 60, 'n_neighbors': 23, 'weights': 'distance'}",0.9642857142857143,0.9629629629629629,0.8888888888888888,0.8888888888888888,0.9629629629629629,0.9259259259259259,0.8148148148148148,0.8148148148148148,0.8888888888888888,0.8148148148148148,0.8927248677248677,0.05860385508288557,385
0.0001234769821166992,2.5376743137646604e-06,0.0003176689147949219,8.945114315939612e-06,auto,60,29,uniform,"{'algorithm': 'auto', 'leaf_size': 60, 'n_neighbors': 29, 'weights': 'uniform'}",0.9285714285714286,0.9629629629629629,0.9259259259259259,0.8888888888888888,0.9629629629629629,0.8518518518518519,0.8148148148148148,0.8148148148148148,0.8888888888888888,0.8148148148148148,0.8854497354497355,0.056244779905782104,641
0.0001232624053955078,3.61265123841778e-06,0.0003091335296630859,4.779326253252344e-06,auto,60,29,distance,"{'algorithm': 'auto', 'leaf_size': 60, 'n_neighbors': 29, 'weights': 'distance'}",0.9285714285714286,0.9629629629629629,0.9259259259259259,0.8888888888888888,0.9629629629629629,0.8888888888888888,0.8148148148148148,0.8148148148148148,0.8888888888888888,0.8148148148148148,0.889153439153439,0.055118588923675764,513
0.0001302957534790039,2.002240590010795e-05,0.0003518342971801758,4.510310527288827e-05,auto,60,31,uniform,"{'algorithm': 'auto', 'leaf_size': 60, 'n_neighbors': 31, 'weights': 'uniform'}",0.9285714285714286,1.0,0.9259259259259259,0.9259259259259259,0.9629629629629629,0.8518518518518519,0.8148148148148148,0.8148148148148148,0.8888888888888888,0.8148148148148148,0.8928571428571429,0.0631078542731494,353
0.00012280941009521485,3.828752968005873e-06,0.00032274723052978517,8.725631418777375e-06,auto,60,31,distance,"{'algorithm': 'auto', 'leaf_size': 60, 'n_neighbors': 31, 'weights': 'distance'}",0.9285714285714286,1.0,0.9259259259259259,0.9259259259259259,0.9629629629629629,0.8888888888888888,0.8148148148148148,0.8148148148148148,0.8888888888888888,0.8148148148148148,0.8965608465608466,0.0616629156361344,289
0.00012273788452148436,3.723911984094512e-06,0.00033621788024902345,8.138983143097868e-06,auto,60,37,uniform,"{'algorithm': 'auto', 'leaf_size': 60, 'n_neighbors': 37, 'weights': 'uniform'}",0.8928571428571429,1.0,0.8888888888888888,0.8888888888888888,0.9259259259259259,0.8518518518518519,0.8148148148148148,0.7037037037037037,0.8888888888888888,0.8518518518518519,0.8707671957671957,0.072782701265744,801
0.00013611316680908203,1.6179278715743738e-05,0.00037021636962890624,4.9312294021975405e-05,auto,60,37,distance,"{'algorithm': 'auto', 'leaf_size': 60, 'n_neighbors': 37, 'weights': 'distance'}",0.9285714285714286,1.0,0.8888888888888888,0.9259259259259259,0.9259259259259259,0.8888888888888888,0.8518518518518519,0.7777777777777778,0.8888888888888888,0.8148148148148148,0.8891534391534393,0.0598895290508307,481
0.00013256072998046875,1.1526249978266153e-05,0.0004102468490600586,6.154146985251761e-05,auto,60,41,uniform,"{'algorithm': 'auto', 'leaf_size': 60, 'n_neighbors': 41, 'weights': 'uniform'}",0.8571428571428571,1.0,0.8888888888888888,0.8518518518518519,0.9259259259259259,0.8148148148148148,0.8148148148148148,0.7407407407407407,0.8888888888888888,0.8148148148148148,0.8597883597883598,0.06785082532964794,865
0.00012540817260742188,4.767179340086866e-06,0.00036089420318603517,2.928514924248711e-05,auto,60,41,distance,"{'algorithm': 'auto', 'leaf_size': 60, 'n_neighbors': 41, 'weights': 'distance'}",0.8928571428571429,1.0,0.8888888888888888,0.8888888888888888,0.9259259259259259,0.8518518518518519,0.8518518518518519,0.7777777777777778,0.8888888888888888,0.8148148148148148,0.8781746031746032,0.057585884266853474,769
0.00013358592987060546,1.2418861964259563e-05,0.00039288997650146487,2.889638096581734e-05,auto,60,43,uniform,"{'algorithm': 'auto', 'leaf_size': 60, 'n_neighbors': 43, 'weights': 'uniform'}",0.9285714285714286,1.0,0.8888888888888888,0.8518518518518519,0.9259259259259259,0.8148148148148148,0.8148148148148148,0.7407407407407407,0.9259259259259259,0.8148148148148148,0.8706349206349205,0.07287819624881071,833
0.000124359130859375,3.880001424110099e-06,0.00038313865661621094,5.8617136275531005e-05,auto,60,43,distance,"{'algorithm': 'auto', 'leaf_size': 60, 'n_neighbors': 43, 'weights': 'distance'}",0.9285714285714286,1.0,0.8888888888888888,0.8888888888888888,0.9259259259259259,0.8518518518518519,0.8518518518518519,0.7777777777777778,0.9259259259259259,0.8148148148148148,0.8854497354497355,0.060927597290907604,641
0.00014281272888183594,3.999325092944328e-05,0.0002442598342895508,1.8193149851349435e-05,auto,70,2,uniform,"{'algorithm': 'auto', 'leaf_size': 70, 'n_neighbors': 2, 'weights': 'uniform'}",0.9285714285714286,1.0,0.9629629629629629,0.8518518518518519,0.9629629629629629,0.9629629629629629,0.9259259259259259,0.8518518518518519,0.8518518518518519,0.8148148148148148,0.9113756613756614,0.06024838242553935,129
0.00012171268463134766,2.78705098398458e-06,0.0002409219741821289,1.5348398568381772e-05,auto,70,2,distance,"{'algorithm': 'auto', 'leaf_size': 70, 'n_neighbors': 2, 'weights': 'distance'}",0.9642857142857143,0.8888888888888888,0.9629629629629629,0.8518518518518519,0.9259259259259259,0.9629629629629629,1.0,0.8518518518518519,0.8888888888888888,0.9259259259259259,0.9223544973544973,0.04826157492490816,1
0.00014481544494628906,5.303323193526261e-05,0.00028822422027587893,7.361912111158861e-05,auto,70,3,uniform,"{'algorithm': 'auto', 'leaf_size': 70, 'n_neighbors': 3, 'weights': 'uniform'}",0.9642857142857143,0.9259259259259259,0.9629629629629629,0.8518518518518519,0.9259259259259259,1.0,1.0,0.8148148148148148,0.8148148148148148,0.8888888888888888,0.9149470899470901,0.06645439983022737,33
0.00015196800231933593,5.9692242150248235e-05,0.0003330469131469727,0.00013121123195547054,auto,70,3,distance,"{'algorithm': 'auto', 'leaf_size': 70, 'n_neighbors': 3, 'weights': 'distance'}",0.9642857142857143,0.9259259259259259,0.9629629629629629,0.8518518518518519,0.9259259259259259,1.0,1.0,0.8148148148148148,0.8148148148148148,0.8888888888888888,0.9149470899470901,0.06645439983022737,33
0.00012013912200927734,2.3564875532266947e-06,0.00023565292358398437,7.439423790834685e-06,auto,70,5,uniform,"{'algorithm': 'auto', 'leaf_size': 70, 'n_neighbors': 5, 'weights': 'uniform'}",0.9642857142857143,0.9259259259259259,0.8888888888888888,0.8518518518518519,0.9259259259259259,0.9629629629629629,1.0,0.8888888888888888,0.8148148148148148,0.8888888888888888,0.9112433862433862,0.053030451638520076,161
0.00012915134429931642,1.1810771283815949e-05,0.00028221607208251954,3.223257829645263e-05,auto,70,5,distance,"{'algorithm': 'auto', 'leaf_size': 70, 'n_neighbors': 5, 'weights': 'distance'}",0.9642857142857143,0.9259259259259259,0.9259259259259259,0.8518518518518519,0.9259259259259259,0.9629629629629629,1.0,0.8888888888888888,0.8148148148148148,0.8888888888888888,0.9149470899470898,0.05263170833078003,97
0.00012803077697753906,1.6255531886602547e-05,0.00029239654541015627,6.460722948302529e-05,auto,70,7,uniform,"{'algorithm': 'auto', 'leaf_size': 70, 'n_neighbors': 7, 'weights': 'uniform'}",0.9642857142857143,0.9259259259259259,0.9259259259259259,0.8518518518518519,0.9259259259259259,0.9629629629629629,0.9259259259259259,0.8888888888888888,0.8518518518518519,0.8148148148148148,0.9038359788359788,0.04759718045831639,257
0.0001479625701904297,4.2053847505525406e-05,0.00035350322723388673,0.00013888990579018166,auto,70,7,distance,"{'algorithm': 'auto', 'leaf_size': 70, 'n_neighbors': 7, 'weights': 'distance'}",0.9642857142857143,0.9629629629629629,0.9259259259259259,0.8518518518518519,0.9259259259259259,0.9629629629629629,0.9629629629629629,0.8888888888888888,0.8518518518518519,0.8148148148148148,0.9112433862433862,0.053030451638520056,161
0.00012438297271728517,3.975303620793416e-06,0.00025482177734375,8.009444973876374e-06,auto,70,11,uniform,"{'algorithm': 'auto', 'leaf_size': 70, 'n_neighbors': 11, 'weights': 'uniform'}",0.9642857142857143,0.8518518518518519,0.8518518518518519,0.8518518518518519,0.9259259259259259,0.9259259259259259,0.8888888888888888,0.8148148148148148,0.9259259259259259,0.8888888888888888,0.889021164021164,0.04404761904761906,545
0.0001323223114013672,1.0376550679592065e-05,0.00029430389404296877,3.42515818355507e-05,auto,70,11,distance,"{'algorithm': 'auto', 'leaf_size': 70, 'n_neighbors': 11, 'weights': 'distance'}",0.9642857142857143,0.8888888888888888,0.8518518518518519,0.8518518518518519,0.9259259259259259,0.9629629629629629,0.9629629629629629,0.8148148148148148,0.9629629629629629,0.8888888888888888,0.9075396825396826,0.053168844616982916,225
0.0001409769058227539,2.283249726793876e-05,0.0003197193145751953,5.6302233213928486e-05,auto,70,13,uniform,"{'algorithm': 'auto', 'leaf_size': 70, 'n_neighbors': 13, 'weights': 'uniform'}",0.9642857142857143,0.8888888888888888,0.8148148148148148,0.8518518518518519,0.9259259259259259,0.8888888888888888,0.8518518518518519,0.8148148148148148,0.9259259259259259,0.8888888888888888,0.8816137566137566,0.04649334482859554,737
0.00013937950134277344,2.5478503039369913e-05,0.0003185272216796875,4.0933213690412204e-05,auto,70,13,distance,"{'algorithm': 'auto', 'leaf_size': 70, 'n_neighbors': 13, 'weights': 'distance'}",0.9642857142857143,0.8888888888888888,0.8148148148148148,0.8518518518518519,0.9259259259259259,0.9259259259259259,0.8888888888888888,0.8148148148148148,0.9259259259259259,0.9259259259259259,0.8927248677248677,0.04834271548630229,385
0.0001511812210083008,7.14419551667793e-05,0.0003323078155517578,0.00011405665735511017,auto,70,17,uniform,"{'algorithm': 'auto', 'leaf_size': 70, 'n_neighbors': 17, 'weights': 'uniform'}",0.9642857142857143,0.9259259259259259,0.8888888888888888,0.8518518518518519,0.9629629629629629,0.8888888888888888,0.8518518518518519,0.7777777777777778,0.9259259259259259,0.8518518518518519,0.8890211640211639,0.05511430334995131,577
0.00012433528900146484,6.525225122376104e-06,0.00029613971710205076,1.6980508641888794e-05,auto,70,17,distance,"{'algorithm': 'auto', 'leaf_size': 70, 'n_neighbors': 17, 'weights': 'distance'}",0.9642857142857143,0.9259259259259259,0.8888888888888888,0.8518518518518519,0.9629629629629629,0.9259259259259259,0.8518518518518519,0.7777777777777778,0.9259259259259259,0.8888888888888888,0.8964285714285716,0.0545963104766419,321
0.00012359619140625,3.0647685936396435e-06,0.0002809286117553711,7.5755979378568115e-06,auto,70,19,uniform,"{'algorithm': 'auto', 'leaf_size': 70, 'n_neighbors': 19, 'weights': 'uniform'}",0.9642857142857143,0.9259259259259259,0.8888888888888888,0.8888888888888888,0.9629629629629629,0.8888888888888888,0.8148148148148148,0.8148148148148148,0.9259259259259259,0.8148148148148148,0.8890211640211639,0.055114303349951335,577
0.0001306295394897461,1.1419453523456847e-05,0.00032935142517089846,7.519596500353592e-05,auto,70,19,distance,"{'algorithm': 'auto', 'leaf_size': 70, 'n_neighbors': 19, 'weights': 'distance'}",0.9642857142857143,0.9259259259259259,0.8888888888888888,0.8888888888888888,0.9629629629629629,0.9259259259259259,0.8148148148148148,0.8148148148148148,0.9259259259259259,0.8148148148148148,0.8927248677248677,0.05621444127694664,385
0.00012481212615966797,5.0387610614296744e-06,0.00029952526092529296,1.4350362583681427e-05,auto,70,23,uniform,"{'algorithm': 'auto', 'leaf_size': 70, 'n_neighbors': 23, 'weights': 'uniform'}",0.9285714285714286,0.9629629629629629,0.8518518518518519,0.8888888888888888,0.9629629629629629,0.8888888888888888,0.8148148148148148,0.8148148148148148,0.8888888888888888,0.8148148148148148,0.8817460317460316,0.054654445597923325,705
0.00012428760528564452,3.5460305534779788e-06,0.00029964447021484374,8.517117905336802e-06,auto,70,23,distance,"{'algorithm': 'auto', 'leaf_size': 70, 'n_neighbors': 23, 'weights': 'distance'}",0.9642857142857143,0.9629629629629629,0.8888888888888888,0.8888888888888888,0.9629629629629629,0.9259259259259259,0.8148148148148148,0.8148148148148148,0.8888888888888888,0.8148148148148148,0.8927248677248677,0.05860385508288557,385
0.00013132095336914061,8.119404131955172e-06,0.00035631656646728516,4.79418502883715e-05,auto,70,29,uniform,"{'algorithm': 'auto', 'leaf_size': 70, 'n_neighbors': 29, 'weights': 'uniform'}",0.9285714285714286,0.9629629629629629,0.9259259259259259,0.8888888888888888,0.9629629629629629,0.8518518518518519,0.8148148148148148,0.8148148148148148,0.8888888888888888,0.8148148148148148,0.8854497354497355,0.056244779905782104,641
0.000127410888671875,1.2130891001225516e-05,0.00037212371826171874,8.652090335644828e-05,auto,70,29,distance,"{'algorithm': 'auto', 'leaf_size': 70, 'n_neighbors': 29, 'weights': 'distance'}",0.9285714285714286,0.9629629629629629,0.9259259259259259,0.8888888888888888,0.9629629629629629,0.8888888888888888,0.8148148148148148,0.8148148148148148,0.8888888888888888,0.8148148148148148,0.889153439153439,0.055118588923675764,513
0.00012197494506835938,2.762365027992294e-06,0.00032169818878173827,6.133477238587533e-06,auto,70,31,uniform,"{'algorithm': 'auto', 'leaf_size': 70, 'n_neighbors': 31, 'weights': 'uniform'}",0.9285714285714286,1.0,0.9259259259259259,0.9259259259259259,0.9629629629629629,0.8518518518518519,0.8148148148148148,0.8148148148148148,0.8888888888888888,0.8148148148148148,0.8928571428571429,0.0631078542731494,353
0.0001455545425415039,2.5438770800687793e-05,0.0003899812698364258,6.764259471786068e-05,auto,70,31,distance,"{'algorithm': 'auto', 'leaf_size': 70, 'n_neighbors': 31, 'weights': 'distance'}",0.9285714285714286,1.0,0.9259259259259259,0.9259259259259259,0.9629629629629629,0.8888888888888888,0.8148148148148148,0.8148148148148148,0.8888888888888888,0.8148148148148148,0.8965608465608466,0.0616629156361344,289
0.0001409292221069336,1.4227597494694417e-05,0.0003728151321411133,4.879864556233813e-05,auto,70,37,uniform,"{'algorithm': 'auto', 'leaf_size': 70, 'n_neighbors': 37, 'weights': 'uniform'}",0.8928571428571429,1.0,0.8888888888888888,0.8888888888888888,0.9259259259259259,0.8518518518518519,0.8148148148148148,0.7037037037037037,0.8888888888888888,0.8518518518518519,0.8707671957671957,0.072782701265744,801
0.00013837814331054687,1.134842383363439e-05,0.0003993511199951172,4.9517765344001405e-05,auto,70,37,distance,"{'algorithm': 'auto', 'leaf_size': 70, 'n_neighbors': 37, 'weights': 'distance'}",0.9285714285714286,1.0,0.8888888888888888,0.9259259259259259,0.9259259259259259,0.8888888888888888,0.8518518518518519,0.7777777777777778,0.8888888888888888,0.8148148148148148,0.8891534391534393,0.0598895290508307,481
0.00012497901916503907,2.593836358825521e-06,0.0003701448440551758,1.2003256708724805e-05,auto,70,41,uniform,"{'algorithm': 'auto', 'leaf_size': 70, 'n_neighbors': 41, 'weights': 'uniform'}",0.8571428571428571,1.0,0.8888888888888888,0.8518518518518519,0.9259259259259259,0.8148148148148148,0.8148148148148148,0.7407407407407407,0.8888888888888888,0.8148148148148148,0.8597883597883598,0.06785082532964794,865
0.00014448165893554688,2.3308754337969904e-05,0.00044388771057128905,6.45498038120902e-05,auto,70,41,distance,"{'algorithm': 'auto', 'leaf_size': 70, 'n_neighbors': 41, 'weights': 'distance'}",0.8928571428571429,1.0,0.8888888888888888,0.8888888888888888,0.9259259259259259,0.8518518518518519,0.8518518518518519,0.7777777777777778,0.8888888888888888,0.8148148148148148,0.8781746031746032,0.057585884266853474,769
0.00012819766998291017,5.802003195755679e-06,0.0003783941268920898,2.6775043340701356e-05,auto,70,43,uniform,"{'algorithm': 'auto', 'leaf_size': 70, 'n_neighbors': 43, 'weights': 'uniform'}",0.9285714285714286,1.0,0.8888888888888888,0.8518518518518519,0.9259259259259259,0.8148148148148148,0.8148148148148148,0.7407407407407407,0.9259259259259259,0.8148148148148148,0.8706349206349205,0.07287819624881071,833
0.0001707792282104492,6.080740012373705e-05,0.0005056381225585938,0.000156013867797365,auto,70,43,distance,"{'algorithm': 'auto', 'leaf_size': 70, 'n_neighbors': 43, 'weights': 'distance'}",0.9285714285714286,1.0,0.8888888888888888,0.8888888888888888,0.9259259259259259,0.8518518518518519,0.8518518518518519,0.7777777777777778,0.9259259259259259,0.8148148148148148,0.8854497354497355,0.060927597290907604,641
0.00017547607421875,8.090740717155783e-05,0.00032167434692382814,0.00012508683864375684,auto,80,2,uniform,"{'algorithm': 'auto', 'leaf_size': 80, 'n_neighbors': 2, 'weights': 'uniform'}",0.9285714285714286,1.0,0.9629629629629629,0.8518518518518519,0.9629629629629629,0.9629629629629629,0.9259259259259259,0.8518518518518519,0.8518518518518519,0.8148148148148148,0.9113756613756614,0.06024838242553935,129
0.00012247562408447267,2.4221497188704075e-06,0.00024187564849853516,1.0777073609628264e-05,auto,80,2,distance,"{'algorithm': 'auto', 'leaf_size': 80, 'n_neighbors': 2, 'weights': 'distance'}",0.9642857142857143,0.8888888888888888,0.9629629629629629,0.8518518518518519,0.9259259259259259,0.9629629629629629,1.0,0.8518518518518519,0.8888888888888888,0.9259259259259259,0.9223544973544973,0.04826157492490816,1
0.00012009143829345703,3.0177614444634376e-06,0.0002409219741821289,3.577522220578584e-05,auto,80,3,uniform,"{'algorithm': 'auto', 'leaf_size': 80, 'n_neighbors': 3, 'weights': 'uniform'}",0.9642857142857143,0.9259259259259259,0.9629629629629629,0.8518518518518519,0.9259259259259259,1.0,1.0,0.8148148148148148,0.8148148148148148,0.8888888888888888,0.9149470899470901,0.06645439983022737,33
0.0001324892044067383,1.3469721331717137e-05,0.0002633810043334961,3.220982060537345e-05,auto,80,3,distance,"{'algorithm': 'auto', 'leaf_size': 80, 'n_neighbors': 3, 'weights': 'distance'}",0.9642857142857143,0.9259259259259259,0.9629629629629629,0.8518518518518519,0.9259259259259259,1.0,1.0,0.8148148148148148,0.8148148148148148,0.8888888888888888,0.9149470899470901,0.06645439983022737,33
0.00012764930725097656,1.0754343018099917e-05,0.00025699138641357424,3.412409588480143e-05,auto,80,5,uniform,"{'algorithm': 'auto', 'leaf_size': 80, 'n_neighbors': 5, 'weights': 'uniform'}",0.9642857142857143,0.9259259259259259,0.8888888888888888,0.8518518518518519,0.9259259259259259,0.9629629629629629,1.0,0.8888888888888888,0.8148148148148148,0.8888888888888888,0.9112433862433862,0.053030451638520076,161
0.00012433528900146484,2.317080255710474e-06,0.00026259422302246096,7.84407995316806e-06,auto,80,5,distance,"{'algorithm': 'auto', 'leaf_size': 80, 'n_neighbors': 5, 'weights': 'distance'}",0.9642857142857143,0.9259259259259259,0.9259259259259259,0.8518518518518519,0.9259259259259259,0.9629629629629629,1.0,0.8888888888888888,0.8148148148148148,0.8888888888888888,0.9149470899470898,0.05263170833078003,97
0.0001650094985961914,7.511702263219572e-05,0.00031535625457763673,0.00012060474227472792,auto,80,7,uniform,"{'algorithm': 'auto', 'leaf_size': 80, 'n_neighbors': 7, 'weights': 'uniform'}",0.9642857142857143,0.9259259259259259,0.9259259259259259,0.8518518518518519,0.9259259259259259,0.9629629629629629,0.9259259259259259,0.8888888888888888,0.8518518518518519,0.8148148148148148,0.9038359788359788,0.04759718045831639,257
0.0001574277877807617,7.689337759917091e-05,0.0002825498580932617,4.271492917589719e-05,auto,80,7,distance,"{'algorithm': 'auto', 'leaf_size': 80, 'n_neighbors': 7, 'weights': 'distance'}",0.9642857142857143,0.9629629629629629,0.9259259259259259,0.8518518518518519,0.9259259259259259,0.9629629629629629,0.9629629629629629,0.8888888888888888,0.8518518518518519,0.8148148148148148,0.9112433862433862,0.053030451638520056,161
0.00012996196746826172,1.3999231649352018e-05,0.00030670166015625,8.548163593109285e-05,auto,80,11,uniform,"{'algorithm': 'auto', 'leaf_size': 80, 'n_neighbors': 11, 'weights': 'uniform'}",0.9642857142857143,0.8518518518518519,0.8518518518518519,0.8518518518518519,0.9259259259259259,0.9259259259259259,0.8888888888888888,0.8148148148148148,0.9259259259259259,0.8888888888888888,0.889021164021164,0.04404761904761906,545
0.00015192031860351564,5.140227156217246e-05,0.00034940242767333984,9.302360013560788e-05,auto,80,11,distance,"{'algorithm': 'auto', 'leaf_size': 80, 'n_neighbors': 11, 'weights': 'distance'}",0.9642857142857143,0.8888888888888888,0.8518518518518519,0.8518518518518519,0.9259259259259259,0.9629629629629629,0.9629629629629629,0.8148148148148148,0.9629629629629629,0.8888888888888888,0.9075396825396826,0.053168844616982916,225
0.00015234947204589844,5.344672420281888e-05,0.0003524303436279297,0.00012604880694416624,auto,80,13,uniform,"{'algorithm': 'auto', 'leaf_size': 80, 'n_neighbors': 13, 'weights': 'uniform'}",0.9642857142857143,0.8888888888888888,0.8148148148148148,0.8518518518518519,0.9259259259259259,0.8888888888888888,0.8518518518518519,0.8148148148148148,0.9259259259259259,0.8888888888888888,0.8816137566137566,0.04649334482859554,737
0.0001299142837524414,6.820980127766299e-06,0.0003203868865966797,7.079352234242818e-05,auto,80,13,distance,"{'algorithm': 'auto', 'leaf_size': 80, 'n_neighbors': 13, 'weights': 'distance'}",0.9642857142857143,0.8888888888888888,0.8148148148148148,0.8518518518518519,0.9259259259259259,0.9259259259259259,0.8888888888888888,0.8148148148148148,0.9259259259259259,0.9259259259259259,0.8927248677248677,0.04834271548630229,385
0.00012233257293701172,2.1654130372351717e-06,0.0002755165100097656,9.110709849254683e-06,auto,80,17,uniform,"{'algorithm': 'auto', 'leaf_size': 80, 'n_neighbors': 17, 'weights': 'uniform'}",0.9642857142857143,0.9259259259259259,0.8888888888888888,0.8518518518518519,0.9629629629629629,0.8888888888888888,0.8518518518518519,0.7777777777777778,0.9259259259259259,0.8518518518518519,0.8890211640211639,0.05511430334995131,577
0.00013096332550048827,4.989788161357406e-06,0.0003118753433227539,2.574820207473332e-05,auto,80,17,distance,"{'algorithm': 'auto', 'leaf_size': 80, 'n_neighbors': 17, 'weights': 'distance'}",0.9642857142857143,0.9259259259259259,0.8888888888888888,0.8518518518518519,0.9629629629629629,0.9259259259259259,0.8518518518518519,0.7777777777777778,0.9259259259259259,0.8888888888888888,0.8964285714285716,0.0545963104766419,321
0.0001438140869140625,5.0783023028128915e-05,0.000308990478515625,3.8540420464338504e-05,auto,80,19,uniform,"{'algorithm': 'auto', 'leaf_size': 80, 'n_neighbors': 19, 'weights': 'uniform'}",0.9642857142857143,0.9259259259259259,0.8888888888888888,0.8888888888888888,0.9629629629629629,0.8888888888888888,0.8148148148148148,0.8148148148148148,0.9259259259259259,0.8148148148148148,0.8890211640211639,0.055114303349951335,577
0.00012662410736083985,6.563616283758351e-06,0.0002966880798339844,1.4046557606852258e-05,auto,80,19,distance,"{'algorithm': 'auto', 'leaf_size': 80, 'n_neighbors': 19, 'weights': 'distance'}",0.9642857142857143,0.9259259259259259,0.8888888888888888,0.8888888888888888,0.9629629629629629,0.9259259259259259,0.8148148148148148,0.8148148148148148,0.9259259259259259,0.8148148148148148,0.8927248677248677,0.05621444127694664,385
0.0001248598098754883,1.5563091202132787e-06,0.00030138492584228513,2.2879489598528656e-06,auto,80,23,uniform,"{'algorithm': 'auto', 'leaf_size': 80, 'n_neighbors': 23, 'weights': 'uniform'}",0.9285714285714286,0.9629629629629629,0.8518518518518519,0.8888888888888888,0.9629629629629629,0.8888888888888888,0.8148148148148148,0.8148148148148148,0.8888888888888888,0.8148148148148148,0.8817460317460316,0.054654445597923325,705
0.00012662410736083985,5.127329986351093e-06,0.0003223419189453125,2.5374279039070256e-05,auto,80,23,distance,"{'algorithm': 'auto', 'leaf_size': 80, 'n_neighbors': 23, 'weights': 'distance'}",0.9642857142857143,0.9629629629629629,0.8888888888888888,0.8888888888888888,0.9629629629629629,0.9259259259259259,0.8148148148148148,0.8148148148148148,0.8888888888888888,0.8148148148148148,0.8927248677248677,0.05860385508288557,385
0.00013539791107177734,3.0483183626801945e-05,0.00034580230712890627,5.286834015954461e-05,auto,80,29,uniform,"{'algorithm': 'auto', 'leaf_size': 80, 'n_neighbors': 29, 'weights': 'uniform'}",0.9285714285714286,0.9629629629629629,0.9259259259259259,0.8888888888888888,0.9629629629629629,0.8518518518518519,0.8148148148148148,0.8148148148148148,0.8888888888888888,0.8148148148148148,0.8854497354497355,0.056244779905782104,641
0.0001207590103149414,1.9782996205243105e-06,0.0003106117248535156,1.2088927005916736e-05,auto,80,29,distance,"{'algorithm': 'auto', 'leaf_size': 80, 'n_neighbors': 29, 'weights': 'distance'}",0.9285714285714286,0.9629629629629629,0.9259259259259259,0.8888888888888888,0.9629629629629629,0.8888888888888888,0.8148148148148148,0.8148148148148148,0.8888888888888888,0.8148148148148148,0.889153439153439,0.055118588923675764,513
0.00012576580047607422,6.5487034869153e-06,0.0003618001937866211,5.3830591143009913e-05,auto,80,31,uniform,"{'algorithm': 'auto', 'leaf_size': 80, 'n_neighbors': 31, 'weights': 'uniform'}",0.9285714285714286,1.0,0.9259259259259259,0.9259259259259259,0.9629629629629629,0.8518518518518519,0.8148148148148148,0.8148148148148148,0.8888888888888888,0.8148148148148148,0.8928571428571429,0.0631078542731494,353
0.00012197494506835938,3.2061758945492245e-06,0.0003429889678955078,4.3376353804183765e-05,auto,80,31,distance,"{'algorithm': 'auto', 'leaf_size': 80, 'n_neighbors': 31, 'weights': 'distance'}",0.9285714285714286,1.0,0.9259259259259259,0.9259259259259259,0.9629629629629629,0.8888888888888888,0.8148148148148148,0.8148148148148148,0.8888888888888888,0.8148148148148148,0.8965608465608466,0.0616629156361344,289
0.00012083053588867188,1.122341374963743e-06,0.0003353118896484375,7.846253651457459e-06,auto,80,37,uniform,"{'algorithm': 'auto', 'leaf_size': 80, 'n_neighbors': 37, 'weights': 'uniform'}",0.8928571428571429,1.0,0.8888888888888888,0.8888888888888888,0.9259259259259259,0.8518518518518519,0.8148148148148148,0.7037037037037037,0.8888888888888888,0.8518518518518519,0.8707671957671957,0.072782701265744,801
0.00013737678527832032,3.1007397207097606e-05,0.0003988027572631836,0.00012756682045688493,auto,80,37,distance,"{'algorithm': 'auto', 'leaf_size': 80, 'n_neighbors': 37, 'weights': 'distance'}",0.9285714285714286,1.0,0.8888888888888888,0.9259259259259259,0.9259259259259259,0.8888888888888888,0.8518518518518519,0.7777777777777778,0.8888888888888888,0.8148148148148148,0.8891534391534393,0.0598895290508307,481
0.00011856555938720703,8.501252329734715e-06,0.00035626888275146483,5.186445891357396e-05,auto,80,41,uniform,"{'algorithm': 'auto', 'leaf_size': 80, 'n_neighbors': 41, 'weights': 'uniform'}",0.8571428571428571,1.0,0.8888888888888888,0.8518518518518519,0.9259259259259259,0.8148148148148148,0.8148148148148148,0.7407407407407407,0.8888888888888888,0.8148148148148148,0.8597883597883598,0.06785082532964794,865
0.00011734962463378906,1.8056961277734266e-06,0.0003296375274658203,6.484108753422327e-06,auto,80,41,distance,"{'algorithm': 'auto', 'leaf_size': 80, 'n_neighbors': 41, 'weights': 'distance'}",0.8928571428571429,1.0,0.8888888888888888,0.8888888888888888,0.9259259259259259,0.8518518518518519,0.8518518518518519,0.7777777777777778,0.8888888888888888,0.8148148148148148,0.8781746031746032,0.057585884266853474,769
0.0001186370849609375,1.1243654367972943e-06,0.0003481626510620117,4.246327930911238e-06,auto,80,43,uniform,"{'algorithm': 'auto', 'leaf_size': 80, 'n_neighbors': 43, 'weights': 'uniform'}",0.9285714285714286,1.0,0.8888888888888888,0.8518518518518519,0.9259259259259259,0.8148148148148148,0.8148148148148148,0.7407407407407407,0.9259259259259259,0.8148148148148148,0.8706349206349205,0.07287819624881071,833
0.00013184547424316406,1.718136324125499e-05,0.00039372444152832033,4.903166043470741e-05,auto,80,43,distance,"{'algorithm': 'auto', 'leaf_size': 80, 'n_neighbors': 43, 'weights': 'distance'}",0.9285714285714286,1.0,0.8888888888888888,0.8888888888888888,0.9259259259259259,0.8518518518518519,0.8518518518518519,0.7777777777777778,0.9259259259259259,0.8148148148148148,0.8854497354497355,0.060927597290907604,641
0.0005356788635253907,1.3982309576500896e-05,0.015491771697998046,0.0017620654253397837,ball_tree,10,2,uniform,"{'algorithm': 'ball_tree', 'leaf_size': 10, 'n_neighbors': 2, 'weights': 'uniform'}",0.9285714285714286,1.0,0.9629629629629629,0.8518518518518519,0.9629629629629629,0.9629629629629629,0.9259259259259259,0.8518518518518519,0.8518518518518519,0.8148148148148148,0.9113756613756614,0.06024838242553935,129
0.0005625724792480469,6.277758131259284e-05,0.015059113502502441,0.001180480816675185,ball_tree,10,2,distance,"{'algorithm': 'ball_tree', 'leaf_size': 10, 'n_neighbors': 2, 'weights': 'distance'}",0.9642857142857143,0.8888888888888888,0.9629629629629629,0.8518518518518519,0.9259259259259259,0.9629629629629629,1.0,0.8518518518518519,0.8888888888888888,0.9259259259259259,0.9223544973544973,0.04826157492490816,1
0.0008339643478393555,7.361332992033332e-05,0.015893173217773438,0.001513634973146365,ball_tree,10,3,uniform,"{'algorithm': 'ball_tree', 'leaf_size': 10, 'n_neighbors': 3, 'weights': 'uniform'}",0.9642857142857143,0.9259259259259259,0.9629629629629629,0.8518518518518519,0.9259259259259259,1.0,1.0,0.8148148148148148,0.8148148148148148,0.8888888888888888,0.9149470899470901,0.06645439983022737,33
0.0009298324584960938,9.348933336333944e-05,0.014751362800598144,0.0018690818541738912,ball_tree,10,3,distance,"{'algorithm': 'ball_tree', 'leaf_size': 10, 'n_neighbors': 3, 'weights': 'distance'}",0.9642857142857143,0.9259259259259259,0.9629629629629629,0.8518518518518519,0.9259259259259259,1.0,1.0,0.8148148148148148,0.8148148148148148,0.8888888888888888,0.9149470899470901,0.06645439983022737,33
0.0008717536926269531,5.083084106445313e-05,0.01595628261566162,0.0013200638974800642,ball_tree,10,5,uniform,"{'algorithm': 'ball_tree', 'leaf_size': 10, 'n_neighbors': 5, 'weights': 'uniform'}",0.9642857142857143,0.9259259259259259,0.8888888888888888,0.8518518518518519,0.9259259259259259,0.9629629629629629,1.0,0.8888888888888888,0.8148148148148148,0.8888888888888888,0.9112433862433862,0.053030451638520076,161
0.0008112668991088867,4.5500116710975155e-05,0.014527416229248047,0.0016540048801981693,ball_tree,10,5,distance,"{'algorithm': 'ball_tree', 'leaf_size': 10, 'n_neighbors': 5, 'weights': 'distance'}",0.9642857142857143,0.9259259259259259,0.9259259259259259,0.8518518518518519,0.9259259259259259,0.9629629629629629,1.0,0.8888888888888888,0.8148148148148148,0.8888888888888888,0.9149470899470898,0.05263170833078003,97
0.0009056568145751953,7.28399155914314e-05,0.01504209041595459,0.0012360241315132227,ball_tree,10,7,uniform,"{'algorithm': 'ball_tree', 'leaf_size': 10, 'n_neighbors': 7, 'weights': 'uniform'}",0.9642857142857143,0.9259259259259259,0.9259259259259259,0.8518518518518519,0.9259259259259259,0.9629629629629629,0.9259259259259259,0.8888888888888888,0.8518518518518519,0.8148148148148148,0.9038359788359788,0.04759718045831639,257
0.0009650468826293945,4.850784632211362e-05,0.015574812889099121,0.0006718493779752899,ball_tree,10,7,distance,"{'algorithm': 'ball_tree', 'leaf_size': 10, 'n_neighbors': 7, 'weights': 'distance'}",0.9642857142857143,0.9629629629629629,0.9259259259259259,0.8518518518518519,0.9259259259259259,0.9629629629629629,0.9629629629629629,0.8888888888888888,0.8518518518518519,0.8148148148148148,0.9112433862433862,0.053030451638520056,161
0.0008828878402709961,7.452344304186373e-05,0.015379667282104492,0.001357037372895894,ball_tree,10,11,uniform,"{'algorithm': 'ball_tree', 'leaf_size': 10, 'n_neighbors': 11, 'weights': 'uniform'}",0.9642857142857143,0.8518518518518519,0.8518518518518519,0.8518518518518519,0.9259259259259259,0.9259259259259259,0.8888888888888888,0.8148148148148148,0.9259259259259259,0.8888888888888888,0.889021164021164,0.04404761904761906,545
0.0008209466934204102,3.374495578757233e-05,0.015176963806152344,0.0015121765536909844,ball_tree,10,11,distance,"{'algorithm': 'ball_tree', 'leaf_size': 10, 'n_neighbors': 11, 'weights': 'distance'}",0.9642857142857143,0.8888888888888888,0.8518518518518519,0.8518518518518519,0.9259259259259259,0.9629629629629629,0.9629629629629629,0.8148148148148148,0.9629629629629629,0.8888888888888888,0.9075396825396826,0.053168844616982916,225
0.0008737802505493164,6.38062151586561e-05,0.015245294570922852,0.0015727946770045036,ball_tree,10,13,uniform,"{'algorithm': 'ball_tree', 'leaf_size': 10, 'n_neighbors': 13, 'weights': 'uniform'}",0.9642857142857143,0.8888888888888888,0.8148148148148148,0.8518518518518519,0.9259259259259259,0.8888888888888888,0.8518518518518519,0.8148148148148148,0.9259259259259259,0.8888888888888888,0.8816137566137566,0.04649334482859554,737
0.0008373737335205078,5.92068559089475e-05,0.0145538330078125,0.0014090398636078466,ball_tree,10,13,distance,"{'algorithm': 'ball_tree', 'leaf_size': 10, 'n_neighbors': 13, 'weights': 'distance'}",0.9642857142857143,0.8888888888888888,0.8148148148148148,0.8518518518518519,0.9259259259259259,0.9259259259259259,0.8888888888888888,0.8148148148148148,0.9259259259259259,0.9259259259259259,0.8927248677248677,0.04834271548630229,385
0.0008525848388671875,4.86647304658525e-05,0.015333795547485351,0.001689601603082659,ball_tree,10,17,uniform,"{'algorithm': 'ball_tree', 'leaf_size': 10, 'n_neighbors': 17, 'weights': 'uniform'}",0.9642857142857143,0.9259259259259259,0.8888888888888888,0.8518518518518519,0.9629629629629629,0.8888888888888888,0.8518518518518519,0.7777777777777778,0.9259259259259259,0.8518518518518519,0.8890211640211639,0.05511430334995131,577
0.0009687900543212891,9.362556443341504e-05,0.01549060344696045,0.001525933067470685,ball_tree,10,17,distance,"{'algorithm': 'ball_tree', 'leaf_size': 10, 'n_neighbors': 17, 'weights': 'distance'}",0.9642857142857143,0.9259259259259259,0.8888888888888888,0.8518518518518519,0.9629629629629629,0.9259259259259259,0.8518518518518519,0.7777777777777778,0.9259259259259259,0.8888888888888888,0.8964285714285716,0.0545963104766419,321
0.0009655952453613281,8.89505178894911e-05,0.01584010124206543,0.0018376872233793994,ball_tree,10,19,uniform,"{'algorithm': 'ball_tree', 'leaf_size': 10, 'n_neighbors': 19, 'weights': 'uniform'}",0.9642857142857143,0.9259259259259259,0.8888888888888888,0.8888888888888888,0.9629629629629629,0.8888888888888888,0.8148148148148148,0.8148148148148148,0.9259259259259259,0.8148148148148148,0.8890211640211639,0.055114303349951335,577
0.0008857965469360352,7.576101030116322e-05,0.014882087707519531,0.0018001645260108717,ball_tree,10,19,distance,"{'algorithm': 'ball_tree', 'leaf_size': 10, 'n_neighbors': 19, 'weights': 'distance'}",0.9642857142857143,0.9259259259259259,0.8888888888888888,0.8888888888888888,0.9629629629629629,0.9259259259259259,0.8148148148148148,0.8148148148148148,0.9259259259259259,0.8148148148148148,0.8927248677248677,0.05621444127694664,385
0.000829315185546875,3.924013471590145e-05,0.014920330047607422,0.0015939678695871505,ball_tree,10,23,uniform,"{'algorithm': 'ball_tree', 'leaf_size': 10, 'n_neighbors': 23, 'weights': 'uniform'}",0.9285714285714286,0.9629629629629629,0.8518518518518519,0.8888888888888888,0.9629629629629629,0.8888888888888888,0.8148148148148148,0.8148148148148148,0.8888888888888888,0.8148148148148148,0.8817460317460316,0.054654445597923325,705
0.0009076595306396484,6.998119382605915e-05,0.015264201164245605,0.0012089824418951415,ball_tree,10,23,distance,"{'algorithm': 'ball_tree', 'leaf_size': 10, 'n_neighbors': 23, 'weights': 'distance'}",0.9642857142857143,0.9629629629629629,0.8888888888888888,0.8888888888888888,0.9629629629629629,0.9259259259259259,0.8148148148148148,0.8148148148148148,0.8888888888888888,0.8148148148148148,0.8927248677248677,0.05860385508288557,385
0.0008375167846679688,4.973914430967245e-05,0.01581594944000244,0.0013551460547080079,ball_tree,10,29,uniform,"{'algorithm': 'ball_tree', 'leaf_size': 10, 'n_neighbors': 29, 'weights': 'uniform'}",0.9285714285714286,0.9629629629629629,0.9259259259259259,0.8888888888888888,0.9629629629629629,0.8518518518518519,0.8148148148148148,0.8148148148148148,0.8888888888888888,0.8148148148148148,0.8854497354497355,0.056244779905782104,641
0.0008400678634643555,9.618558709962461e-05,0.01381230354309082,0.0017194671658459456,ball_tree,10,29,distance,"{'algorithm': 'ball_tree', 'leaf_size': 10, 'n_neighbors': 29, 'weights': 'distance'}",0.9285714285714286,0.9629629629629629,0.9259259259259259,0.8888888888888888,0.9629629629629629,0.8888888888888888,0.8148148148148148,0.8148148148148148,0.8888888888888888,0.8148148148148148,0.889153439153439,0.055118588923675764,513
0.0008272171020507812,3.4826940386788264e-05,0.015403103828430176,0.0015016459987240442,ball_tree,10,31,uniform,"{'algorithm': 'ball_tree', 'leaf_size': 10, 'n_neighbors': 31, 'weights': 'uniform'}",0.9285714285714286,1.0,0.9259259259259259,0.9259259259259259,0.9629629629629629,0.8518518518518519,0.8148148148148148,0.8148148148148148,0.8888888888888888,0.8148148148148148,0.8928571428571429,0.0631078542731494,353
0.000896286964416504,9.00436650611554e-05,0.014804720878601074,0.0017126048159849872,ball_tree,10,31,distance,"{'algorithm': 'ball_tree', 'leaf_size': 10, 'n_neighbors': 31, 'weights': 'distance'}",0.9285714285714286,1.0,0.9259259259259259,0.9259259259259259,0.9629629629629629,0.8888888888888888,0.8148148148148148,0.8148148148148148,0.8888888888888888,0.8148148148148148,0.8965608465608466,0.0616629156361344,289
0.0009745121002197266,5.9477116532475306e-05,0.01581254005432129,0.0016768250855745716,ball_tree,10,37,uniform,"{'algorithm': 'ball_tree', 'leaf_size': 10, 'n_neighbors': 37, 'weights': 'uniform'}",0.8928571428571429,1.0,0.8888888888888888,0.8888888888888888,0.9259259259259259,0.8518518518518519,0.8148148148148148,0.7037037037037037,0.8888888888888888,0.8518518518518519,0.8707671957671957,0.072782701265744,801
0.0009436845779418945,5.972311167912297e-05,0.01602771282196045,0.0008223639474073933,ball_tree,10,37,distance,"{'algorithm': 'ball_tree', 'leaf_size': 10, 'n_neighbors': 37, 'weights': 'distance'}",0.9285714285714286,1.0,0.8888888888888888,0.9259259259259259,0.9259259259259259,0.8888888888888888,0.8518518518518519,0.7777777777777778,0.8888888888888888,0.8148148148148148,0.8891534391534393,0.0598895290508307,481
0.0008777379989624023,6.651683944677724e-05,0.016189265251159667,0.0012033388778910558,ball_tree,10,41,uniform,"{'algorithm': 'ball_tree', 'leaf_size': 10, 'n_neighbors': 41, 'weights': 'uniform'}",0.8571428571428571,1.0,0.8888888888888888,0.8518518518518519,0.9259259259259259,0.8148148148148148,0.8148148148148148,0.7407407407407407,0.8888888888888888,0.8148148148148148,0.8597883597883598,0.06785082532964794,865
0.0008706092834472656,7.207312805878309e-05,0.014106440544128417,0.0020081126218144765,ball_tree,10,41,distance,"{'algorithm': 'ball_tree', 'leaf_size': 10, 'n_neighbors': 41, 'weights': 'distance'}",0.8928571428571429,1.0,0.8888888888888888,0.8888888888888888,0.9259259259259259,0.8518518518518519,0.8518518518518519,0.7777777777777778,0.8888888888888888,0.8148148148148148,0.8781746031746032,0.057585884266853474,769
0.000835418701171875,5.73268537021377e-05,0.01464686393737793,0.0016281736917723312,ball_tree,10,43,uniform,"{'algorithm': 'ball_tree', 'leaf_size': 10, 'n_neighbors': 43, 'weights': 'uniform'}",0.9285714285714286,1.0,0.8888888888888888,0.8518518518518519,0.9259259259259259,0.8148148148148148,0.8148148148148148,0.7407407407407407,0.9259259259259259,0.8148148148148148,0.8706349206349205,0.07287819624881071,833
0.0009369134902954101,7.317532294260655e-05,0.015552663803100586,0.00134547521749284,ball_tree,10,43,distance,"{'algorithm': 'ball_tree', 'leaf_size': 10, 'n_neighbors': 43, 'weights': 'distance'}",0.9285714285714286,1.0,0.8888888888888888,0.8888888888888888,0.9259259259259259,0.8518518518518519,0.8518518518518519,0.7777777777777778,0.9259259259259259,0.8148148148148148,0.8854497354497355,0.060927597290907604,641
0.0008338212966918946,3.6058955893648435e-05,0.015771079063415527,0.0015017560743369833,ball_tree,20,2,uniform,"{'algorithm': 'ball_tree', 'leaf_size': 20, 'n_neighbors': 2, 'weights': 'uniform'}",0.9285714285714286,1.0,0.9629629629629629,0.8518518518518519,0.9629629629629629,0.9629629629629629,0.9259259259259259,0.8518518518518519,0.8518518518518519,0.8148148148148148,0.9113756613756614,0.06024838242553935,129
0.0007781267166137695,3.418194954115878e-05,0.014919638633728027,0.0011794539697456009,ball_tree,20,2,distance,"{'algorithm': 'ball_tree', 'leaf_size': 20, 'n_neighbors': 2, 'weights': 'distance'}",0.9642857142857143,0.8888888888888888,0.9629629629629629,0.8518518518518519,0.9259259259259259,0.9629629629629629,1.0,0.8518518518518519,0.8888888888888888,0.9259259259259259,0.9223544973544973,0.04826157492490816,1
0.000826263427734375,3.618644275551411e-05,0.015846562385559083,0.0012953480985003695,ball_tree,20,3,uniform,"{'algorithm': 'ball_tree', 'leaf_size': 20, 'n_neighbors': 3, 'weights': 'uniform'}",0.9642857142857143,0.9259259259259259,0.9629629629629629,0.8518518518518519,0.9259259259259259,1.0,1.0,0.8148148148148148,0.8148148148148148,0.8888888888888888,0.9149470899470901,0.06645439983022737,33
0.0007149934768676758,0.00015613178652698699,0.014455389976501466,0.0018168466461021553,ball_tree,20,3,distance,"{'algorithm': 'ball_tree', 'leaf_size': 20, 'n_neighbors': 3, 'weights': 'distance'}",0.9642857142857143,0.9259259259259259,0.9629629629629629,0.8518518518518519,0.9259259259259259,1.0,1.0,0.8148148148148148,0.8148148148148148,0.8888888888888888,0.9149470899470901,0.06645439983022737,33
0.00048115253448486326,1.4978095766276914e-05,0.015138792991638183,0.001404407946200066,ball_tree,20,5,uniform,"{'algorithm': 'ball_tree', 'leaf_size': 20, 'n_neighbors': 5, 'weights': 'uniform'}",0.9642857142857143,0.9259259259259259,0.8888888888888888,0.8518518518518519,0.9259259259259259,0.9629629629629629,1.0,0.8888888888888888,0.8148148148148148,0.8888888888888888,0.9112433862433862,0.053030451638520076,161
0.00047502517700195315,4.081934963656701e-05,0.014941906929016114,0.0010437149164173377,ball_tree,20,5,distance,"{'algorithm': 'ball_tree', 'leaf_size': 20, 'n_neighbors': 5, 'weights': 'distance'}",0.9642857142857143,0.9259259259259259,0.9259259259259259,0.8518518518518519,0.9259259259259259,0.9629629629629629,1.0,0.8888888888888888,0.8148148148148148,0.8888888888888888,0.9149470899470898,0.05263170833078003,97
0.0006669044494628906,6.62224331171524e-05,0.01568481922149658,0.001383223088457576,ball_tree,20,7,uniform,"{'algorithm': 'ball_tree', 'leaf_size': 20, 'n_neighbors': 7, 'weights': 'uniform'}",0.9642857142857143,0.9259259259259259,0.9259259259259259,0.8518518518518519,0.9259259259259259,0.9629629629629629,0.9259259259259259,0.8888888888888888,0.8518518518518519,0.8148148148148148,0.9038359788359788,0.04759718045831639,257
0.0008329629898071289,6.966067434172345e-05,0.014951157569885253,0.001402836835527138,ball_tree,20,7,distance,"{'algorithm': 'ball_tree', 'leaf_size': 20, 'n_neighbors': 7, 'weights': 'distance'}",0.9642857142857143,0.9629629629629629,0.9259259259259259,0.8518518518518519,0.9259259259259259,0.9629629629629629,0.9629629629629629,0.8888888888888888,0.8518518518518519,0.8148148148148148,0.9112433862433862,0.053030451638520056,161
0.0007660627365112304,3.86062113971066e-05,0.01576199531555176,0.0017534546429303199,ball_tree,20,11,uniform,"{'algorithm': 'ball_tree', 'leaf_size': 20, 'n_neighbors': 11, 'weights': 'uniform'}",0.9642857142857143,0.8518518518518519,0.8518518518518519,0.8518518518518519,0.9259259259259259,0.9259259259259259,0.8888888888888888,0.8148148148148148,0.9259259259259259,0.8888888888888888,0.889021164021164,0.04404761904761906,545
0.0007123708724975586,4.8547133914856134e-05,0.014246416091918946,0.0020044707853575485,ball_tree,20,11,distance,"{'algorithm': 'ball_tree', 'leaf_size': 20, 'n_neighbors': 11, 'weights': 'distance'}",0.9642857142857143,0.8888888888888888,0.8518518518518519,0.8518518518518519,0.9259259259259259,0.9629629629629629,0.9629629629629629,0.8148148148148148,0.9629629629629629,0.8888888888888888,0.9075396825396826,0.053168844616982916,225
0.0007468223571777344,5.7802734504702286e-05,0.01589081287384033,0.0015303228844503654,ball_tree,20,13,uniform,"{'algorithm': 'ball_tree', 'leaf_size': 20, 'n_neighbors': 13, 'weights': 'uniform'}",0.9642857142857143,0.8888888888888888,0.8148148148148148,0.8518518518518519,0.9259259259259259,0.8888888888888888,0.8518518518518519,0.8148148148148148,0.9259259259259259,0.8888888888888888,0.8816137566137566,0.04649334482859554,737
0.0007913112640380859,5.764762064077919e-05,0.014792394638061524,0.0016904764992790736,ball_tree,20,13,distance,"{'algorithm': 'ball_tree', 'leaf_size': 20, 'n_neighbors': 13, 'weights': 'distance'}",0.9642857142857143,0.8888888888888888,0.8148148148148148,0.8518518518518519,0.9259259259259259,0.9259259259259259,0.8888888888888888,0.8148148148148148,0.9259259259259259,0.9259259259259259,0.8927248677248677,0.04834271548630229,385
0.0008129119873046875,5.158401809391946e-05,0.015432024002075195,0.0016947579291797562,ball_tree,20,17,uniform,"{'algorithm': 'ball_tree', 'leaf_size': 20, 'n_neighbors': 17, 'weights': 'uniform'}",0.9642857142857143,0.9259259259259259,0.8888888888888888,0.8518518518518519,0.9629629629629629,0.8888888888888888,0.8518518518518519,0.7777777777777778,0.9259259259259259,0.8518518518518519,0.8890211640211639,0.05511430334995131,577
0.0007273435592651367,3.219728819143806e-05,0.015350794792175293,0.0012844799409056393,ball_tree,20,17,distance,"{'algorithm': 'ball_tree', 'leaf_size': 20, 'n_neighbors': 17, 'weights': 'distance'}",0.9642857142857143,0.9259259259259259,0.8888888888888888,0.8518518518518519,0.9629629629629629,0.9259259259259259,0.8518518518518519,0.7777777777777778,0.9259259259259259,0.8888888888888888,0.8964285714285716,0.0545963104766419,321
0.0006695747375488281,4.0972244958040566e-05,0.015240979194641114,0.0013224392452858176,ball_tree,20,19,uniform,"{'algorithm': 'ball_tree', 'leaf_size': 20, 'n_neighbors': 19, 'weights': 'uniform'}",0.9642857142857143,0.9259259259259259,0.8888888888888888,0.8888888888888888,0.9629629629629629,0.8888888888888888,0.8148148148148148,0.8148148148148148,0.9259259259259259,0.8148148148148148,0.8890211640211639,0.055114303349951335,577
0.0007061958312988281,4.400072850569155e-05,0.015437126159667969,0.0013043707367256304,ball_tree,20,19,distance,"{'algorithm': 'ball_tree', 'leaf_size': 20, 'n_neighbors': 19, 'weights': 'distance'}",0.9642857142857143,0.9259259259259259,0.8888888888888888,0.8888888888888888,0.9629629629629629,0.9259259259259259,0.8148148148148148,0.8148148148148148,0.9259259259259259,0.8148148148148148,0.8927248677248677,0.05621444127694664,385
0.0007269859313964843,3.362898917872485e-05,0.015248370170593262,0.0016645656605330566,ball_tree,20,23,uniform,"{'algorithm': 'ball_tree', 'leaf_size': 20, 'n_neighbors': 23, 'weights': 'uniform'}",0.9285714285714286,0.9629629629629629,0.8518518518518519,0.8888888888888888,0.9629629629629629,0.8888888888888888,0.8148148148148148,0.8148148148148148,0.8888888888888888,0.8148148148148148,0.8817460317460316,0.054654445597923325,705
0.0007876873016357422,6.080887243303947e-05,0.01585371494293213,0.0007040224112677822,ball_tree,20,23,distance,"{'algorithm': 'ball_tree', 'leaf_size': 20, 'n_neighbors': 23, 'weights': 'distance'}",0.9642857142857143,0.9629629629629629,0.8888888888888888,0.8888888888888888,0.9629629629629629,0.9259259259259259,0.8148148148148148,0.8148148148148148,0.8888888888888888,0.8148148148148148,0.8927248677248677,0.05860385508288557,385
0.000847315788269043,5.3419006144399095e-05,0.015700316429138182,0.0016473880615476217,ball_tree,20,29,uniform,"{'algorithm': 'ball_tree', 'leaf_size': 20, 'n_neighbors': 29, 'weights': 'uniform'}",0.9285714285714286,0.9629629629629629,0.9259259259259259,0.8888888888888888,0.9629629629629629,0.8518518518518519,0.8148148148148148,0.8148148148148148,0.8888888888888888,0.8148148148148148,0.8854497354497355,0.056244779905782104,641
0.0007452964782714844,9.294888277138647e-05,0.014125347137451172,0.0013072637534199518,ball_tree,20,29,distance,"{'algorithm': 'ball_tree', 'leaf_size': 20, 'n_neighbors': 29, 'weights': 'distance'}",0.9285714285714286,0.9629629629629629,0.9259259259259259,0.8888888888888888,0.9629629629629629,0.8888888888888888,0.8148148148148148,0.8148148148148148,0.8888888888888888,0.8148148148148148,0.889153439153439,0.055118588923675764,513
0.0007029056549072265,7.417338025774812e-05,0.015936565399169923,0.0011090326907759465,ball_tree,20,31,uniform,"{'algorithm': 'ball_tree', 'leaf_size': 20, 'n_neighbors': 31, 'weights': 'uniform'}",0.9285714285714286,1.0,0.9259259259259259,0.9259259259259259,0.9629629629629629,0.8518518518518519,0.8148148148148148,0.8148148148148148,0.8888888888888888,0.8148148148148148,0.8928571428571429,0.0631078542731494,353
0.0007013559341430664,9.017235570029625e-05,0.014829754829406738,0.0016732002711426172,ball_tree,20,31,distance,"{'algorithm': 'ball_tree', 'leaf_size': 20, 'n_neighbors': 31, 'weights': 'distance'}",0.9285714285714286,1.0,0.9259259259259259,0.9259259259259259,0.9629629629629629,0.8888888888888888,0.8148148148148148,0.8148148148148148,0.8888888888888888,0.8148148148148148,0.8965608465608466,0.0616629156361344,289
0.000764775276184082,6.646621243502947e-05,0.01450650691986084,0.001413770364524513,ball_tree,20,37,uniform,"{'algorithm': 'ball_tree', 'leaf_size': 20, 'n_neighbors': 37, 'weights': 'uniform'}",0.8928571428571429,1.0,0.8888888888888888,0.8888888888888888,0.9259259259259259,0.8518518518518519,0.8148148148148148,0.7037037037037037,0.8888888888888888,0.8518518518518519,0.8707671957671957,0.072782701265744,801
0.0006863355636596679,5.171200050895603e-05,0.014949584007263183,0.001071751884832819,ball_tree,20,37,distance,"{'algorithm': 'ball_tree', 'leaf_size': 20, 'n_neighbors': 37, 'weights': 'distance'}",0.9285714285714286,1.0,0.8888888888888888,0.9259259259259259,0.9259259259259259,0.8888888888888888,0.8518518518518519,0.7777777777777778,0.8888888888888888,0.8148148148148148,0.8891534391534393,0.0598895290508307,481
0.0006662368774414063,3.859483550446464e-05,0.0151123046875,0.0017394017797987544,ball_tree,20,41,uniform,"{'algorithm': 'ball_tree', 'leaf_size': 20, 'n_neighbors': 41, 'weights': 'uniform'}",0.8571428571428571,1.0,0.8888888888888888,0.8518518518518519,0.9259259259259259,0.8148148148148148,0.8148148148148148,0.7407407407407407,0.8888888888888888,0.8148148148148148,0.8597883597883598,0.06785082532964794,865
0.0007308244705200196,4.9443788495103236e-05,0.015174126625061036,0.0015399953208763552,ball_tree,20,41,distance,"{'algorithm': 'ball_tree', 'leaf_size': 20, 'n_neighbors': 41, 'weights': 'distance'}",0.8928571428571429,1.0,0.8888888888888888,0.8888888888888888,0.9259259259259259,0.8518518518518519,0.8518518518518519,0.7777777777777778,0.8888888888888888,0.8148148148148148,0.8781746031746032,0.057585884266853474,769
0.0008262872695922851,5.160229083013102e-05,0.01621851921081543,0.0015116273941199,ball_tree,20,43,uniform,"{'algorithm': 'ball_tree', 'leaf_size': 20, 'n_neighbors': 43, 'weights': 'uniform'}",0.9285714285714286,1.0,0.8888888888888888,0.8518518518518519,0.9259259259259259,0.8148148148148148,0.8148148148148148,0.7407407407407407,0.9259259259259259,0.8148148148148148,0.8706349206349205,0.07287819624881071,833
0.0007668733596801758,5.0443900709513354e-05,0.015209269523620606,0.0016364842028450059,ball_tree,20,43,distance,"{'algorithm': 'ball_tree', 'leaf_size': 20, 'n_neighbors': 43, 'weights': 'distance'}",0.9285714285714286,1.0,0.8888888888888888,0.8888888888888888,0.9259259259259259,0.8518518518518519,0.8518518518518519,0.7777777777777778,0.9259259259259259,0.8148148148148148,0.8854497354497355,0.060927597290907604,641
0.0007765769958496093,6.51049330630244e-05,0.015497517585754395,0.0018645469273877325,ball_tree,30,2,uniform,"{'algorithm': 'ball_tree', 'leaf_size': 30, 'n_neighbors': 2, 'weights': 'uniform'}",0.9285714285714286,1.0,0.9629629629629629,0.8518518518518519,0.9629629629629629,0.9629629629629629,0.9259259259259259,0.8518518518518519,0.8518518518518519,0.8148148148148148,0.9113756613756614,0.06024838242553935,129
0.0008321046829223633,0.0001015757418676596,0.015355062484741212,0.001601499265469692,ball_tree,30,2,distance,"{'algorithm': 'ball_tree', 'leaf_size': 30, 'n_neighbors': 2, 'weights': 'distance'}",0.9642857142857143,0.8888888888888888,0.9629629629629629,0.8518518518518519,0.9259259259259259,0.9629629629629629,1.0,0.8518518518518519,0.8888888888888888,0.9259259259259259,0.9223544973544973,0.04826157492490816,1
0.0008070707321166992,6.036986761761536e-05,0.015333771705627441,0.001641240423858119,ball_tree,30,3,uniform,"{'algorithm': 'ball_tree', 'leaf_size': 30, 'n_neighbors': 3, 'weights': 'uniform'}",0.9642857142857143,0.9259259259259259,0.9629629629629629,0.8518518518518519,0.9259259259259259,1.0,1.0,0.8148148148148148,0.8148148148148148,0.8888888888888888,0.9149470899470901,0.06645439983022737,33
0.0008107900619506836,7.098967142004201e-05,0.015496158599853515,0.0013143748315771304,ball_tree,30,3,distance,"{'algorithm': 'ball_tree', 'leaf_size': 30, 'n_neighbors': 3, 'weights': 'distance'}",0.9642857142857143,0.9259259259259259,0.9629629629629629,0.8518518518518519,0.9259259259259259,1.0,1.0,0.8148148148148148,0.8148148148148148,0.8888888888888888,0.9149470899470901,0.06645439983022737,33
0.0008589744567871094,5.257438360826398e-05,0.015770387649536134,0.0013779815392796575,ball_tree,30,5,uniform,"{'algorithm': 'ball_tree', 'leaf_size': 30, 'n_neighbors': 5, 'weights': 'uniform'}",0.9642857142857143,0.9259259259259259,0.8888888888888888,0.8518518518518519,0.9259259259259259,0.9629629629629629,1.0,0.8888888888888888,0.8148148148148148,0.8888888888888888,0.9112433862433862,0.053030451638520076,161
0.0008240938186645508,8.776474175710391e-05,0.014963603019714356,0.0018019906532683596,ball_tree,30,5,distance,"{'algorithm': 'ball_tree', 'leaf_size': 30, 'n_neighbors': 5, 'weights': 'distance'}",0.9642857142857143,0.9259259259259259,0.9259259259259259,0.8518518518518519,0.9259259259259259,0.9629629629629629,1.0,0.8888888888888888,0.8148148148148148,0.8888888888888888,0.9149470899470898,0.05263170833078003,97
0.0008041620254516602,2.3967281883094435e-05,0.015537548065185546,0.0012999925391691729,ball_tree,30,7,uniform,"{'algorithm': 'ball_tree', 'leaf_size': 30, 'n_neighbors': 7, 'weights': 'uniform'}",0.9642857142857143,0.9259259259259259,0.9259259259259259,0.8518518518518519,0.9259259259259259,0.9629629629629629,0.9259259259259259,0.8888888888888888,0.8518518518518519,0.8148148148148148,0.9038359788359788,0.04759718045831639,257
0.0008533000946044922,6.711015041291781e-05,0.015205454826354981,0.00105609723849562,ball_tree,30,7,distance,"{'algorithm': 'ball_tree', 'leaf_size': 30, 'n_neighbors': 7, 'weights': 'distance'}",0.9642857142857143,0.9629629629629629,0.9259259259259259,0.8518518518518519,0.9259259259259259,0.9629629629629629,0.9629629629629629,0.8888888888888888,0.8518518518518519,0.8148148148148148,0.9112433862433862,0.053030451638520056,161
0.0005922079086303711,9.455474347732292e-05,0.015702462196350096,0.0014952693085326131,ball_tree,30,11,uniform,"{'algorithm': 'ball_tree', 'leaf_size': 30, 'n_neighbors': 11, 'weights': 'uniform'}",0.9642857142857143,0.8518518518518519,0.8518518518518519,0.8518518518518519,0.9259259259259259,0.9259259259259259,0.8888888888888888,0.8148148148148148,0.9259259259259259,0.8888888888888888,0.889021164021164,0.04404761904761906,545
0.00048055648803710935,8.516717454697289e-06,0.015463662147521973,0.0014848720018646822,ball_tree,30,11,distance,"{'algorithm': 'ball_tree', 'leaf_size': 30, 'n_neighbors': 11, 'weights': 'distance'}",0.9642857142857143,0.8888888888888888,0.8518518518518519,0.8518518518518519,0.9259259259259259,0.9629629629629629,0.9629629629629629,0.8148148148148148,0.9629629629629629,0.8888888888888888,0.9075396825396826,0.053168844616982916,225
0.0004895687103271485,2.1665730036293143e-05,0.015712833404541014,0.001259811235841794,ball_tree,30,13,uniform,"{'algorithm': 'ball_tree', 'leaf_size': 30, 'n_neighbors': 13, 'weights': 'uniform'}",0.9642857142857143,0.8888888888888888,0.8148148148148148,0.8518518518518519,0.9259259259259259,0.8888888888888888,0.8518518518518519,0.8148148148148148,0.9259259259259259,0.8888888888888888,0.8816137566137566,0.04649334482859554,737
0.0004943609237670898,3.575901170514352e-05,0.015403413772583007,0.0009020739723593494,ball_tree,30,13,distance,"{'algorithm': 'ball_tree', 'leaf_size': 30, 'n_neighbors': 13, 'weights': 'distance'}",0.9642857142857143,0.8888888888888888,0.8148148148148148,0.8518518518518519,0.9259259259259259,0.9259259259259259,0.8888888888888888,0.8148148148148148,0.9259259259259259,0.9259259259259259,0.8927248677248677,0.04834271548630229,385
0.0006577968597412109,0.00010420304863835144,0.01446537971496582,0.0017664955622861604,ball_tree,30,17,uniform,"{'algorithm': 'ball_tree', 'leaf_size': 30, 'n_neighbors': 17, 'weights': 'uniform'}",0.9642857142857143,0.9259259259259259,0.8888888888888888,0.8518518518518519,0.9629629629629629,0.8888888888888888,0.8518518518518519,0.7777777777777778,0.9259259259259259,0.8518518518518519,0.8890211640211639,0.05511430334995131,577
0.0008515119552612305,4.6386263134955556e-05,0.015842080116271973,0.0010000463264720075,ball_tree,30,17,distance,"{'algorithm': 'ball_tree', 'leaf_size': 30, 'n_neighbors': 17, 'weights': 'distance'}",0.9642857142857143,0.9259259259259259,0.8888888888888888,0.8518518518518519,0.9629629629629629,0.9259259259259259,0.8518518518518519,0.7777777777777778,0.9259259259259259,0.8888888888888888,0.8964285714285716,0.0545963104766419,321
0.000913548469543457,5.4215782022940764e-05,0.016237759590148927,0.0012495176108748452,ball_tree,30,19,uniform,"{'algorithm': 'ball_tree', 'leaf_size': 30, 'n_neighbors': 19, 'weights': 'uniform'}",0.9642857142857143,0.9259259259259259,0.8888888888888888,0.8888888888888888,0.9629629629629629,0.8888888888888888,0.8148148148148148,0.8148148148148148,0.9259259259259259,0.8148148148148148,0.8890211640211639,0.055114303349951335,577
0.0008489370346069336,8.114586409546706e-05,0.01522207260131836,0.0017136779190618755,ball_tree,30,19,distance,"{'algorithm': 'ball_tree', 'leaf_size': 30, 'n_neighbors': 19, 'weights': 'distance'}",0.9642857142857143,0.9259259259259259,0.8888888888888888,0.8888888888888888,0.9629629629629629,0.9259259259259259,0.8148148148148148,0.8148148148148148,0.9259259259259259,0.8148148148148148,0.8927248677248677,0.05621444127694664,385
0.0008380651473999023,4.60715080164016e-05,0.015900683403015137,0.0012964606580501434,ball_tree,30,23,uniform,"{'algorithm': 'ball_tree', 'leaf_size': 30, 'n_neighbors': 23, 'weights': 'uniform'}",0.9285714285714286,0.9629629629629629,0.8518518518518519,0.8888888888888888,0.9629629629629629,0.8888888888888888,0.8148148148148148,0.8148148148148148,0.8888888888888888,0.8148148148148148,0.8817460317460316,0.054654445597923325,705
0.0007933616638183594,4.53495953613372e-05,0.015415167808532715,0.0013235992912889883,ball_tree,30,23,distance,"{'algorithm': 'ball_tree', 'leaf_size': 30, 'n_neighbors': 23, 'weights': 'distance'}",0.9642857142857143,0.9629629629629629,0.8888888888888888,0.8888888888888888,0.9629629629629629,0.9259259259259259,0.8148148148148148,0.8148148148148148,0.8888888888888888,0.8148148148148148,0.8927248677248677,0.05860385508288557,385
0.0007952213287353516,4.6877870481115885e-05,0.016324377059936522,0.001014133952083192,ball_tree,30,29,uniform,"{'algorithm': 'ball_tree', 'leaf_size': 30, 'n_neighbors': 29, 'weights': 'uniform'}",0.9285714285714286,0.9629629629629629,0.9259259259259259,0.8888888888888888,0.9629629629629629,0.8518518518518519,0.8148148148148148,0.8148148148148148,0.8888888888888888,0.8148148148148148,0.8854497354497355,0.056244779905782104,641
0.0007603883743286133,5.151331760926769e-05,0.015424418449401855,0.0015903134993580288,ball_tree,30,29,distance,"{'algorithm': 'ball_tree', 'leaf_size': 30, 'n_neighbors': 29, 'weights': 'distance'}",0.9285714285714286,0.9629629629629629,0.9259259259259259,0.8888888888888888,0.9629629629629629,0.8888888888888888,0.8148148148148148,0.8148148148148148,0.8888888888888888,0.8148148148148148,0.889153439153439,0.055118588923675764,513
0.0008327245712280273,6.816570637099706e-05,0.015786147117614745,0.0014035010634682833,ball_tree,30,31,uniform,"{'algorithm': 'ball_tree', 'leaf_size': 30, 'n_neighbors': 31, 'weights': 'uniform'}",0.9285714285714286,1.0,0.9259259259259259,0.9259259259259259,0.9629629629629629,0.8518518518518519,0.8148148148148148,0.8148148148148148,0.8888888888888888,0.8148148148148148,0.8928571428571429,0.0631078542731494,353
0.000873732566833496,4.569285070800598e-05,0.015661454200744628,0.0011396095262108748,ball_tree,30,31,distance,"{'algorithm': 'ball_tree', 'leaf_size': 30, 'n_neighbors': 31, 'weights': 'distance'}",0.9285714285714286,1.0,0.9259259259259259,0.9259259259259259,0.9629629629629629,0.8888888888888888,0.8148148148148148,0.8148148148148148,0.8888888888888888,0.8148148148148148,0.8965608465608466,0.0616629156361344,289
0.0008680582046508789,0.00011486285875050716,0.016046953201293946,0.0015766882984373203,ball_tree,30,37,uniform,"{'algorithm': 'ball_tree', 'leaf_size': 30, 'n_neighbors': 37, 'weights': 'uniform'}",0.8928571428571429,1.0,0.8888888888888888,0.8888888888888888,0.9259259259259259,0.8518518518518519,0.8148148148148148,0.7037037037037037,0.8888888888888888,0.8518518518518519,0.8707671957671957,0.072782701265744,801
0.0007170438766479492,3.505276134935524e-05,0.01482994556427002,0.0014244198281847043,ball_tree,30,37,distance,"{'algorithm': 'ball_tree', 'leaf_size': 30, 'n_neighbors': 37, 'weights': 'distance'}",0.9285714285714286,1.0,0.8888888888888888,0.9259259259259259,0.9259259259259259,0.8888888888888888,0.8518518518518519,0.7777777777777778,0.8888888888888888,0.8148148148148148,0.8891534391534393,0.0598895290508307,481
0.0008160829544067383,2.246061195990876e-05,0.015696287155151367,0.001186732327375006,ball_tree,30,41,uniform,"{'algorithm': 'ball_tree', 'leaf_size': 30, 'n_neighbors': 41, 'weights': 'uniform'}",0.8571428571428571,1.0,0.8888888888888888,0.8518518518518519,0.9259259259259259,0.8148148148148148,0.8148148148148148,0.7407407407407407,0.8888888888888888,0.8148148148148148,0.8597883597883598,0.06785082532964794,865
0.0007994413375854492,0.00015698213063292476,0.015206384658813476,0.0014459429723617102,ball_tree,30,41,distance,"{'algorithm': 'ball_tree', 'leaf_size': 30, 'n_neighbors': 41, 'weights': 'distance'}",0.8928571428571429,1.0,0.8888888888888888,0.8888888888888888,0.9259259259259259,0.8518518518518519,0.8518518518518519,0.7777777777777778,0.8888888888888888,0.8148148148148148,0.8781746031746032,0.057585884266853474,769
0.0007539510726928711,0.0001348667562915704,0.015414977073669433,0.001535005460800444,ball_tree,30,43,uniform,"{'algorithm': 'ball_tree', 'leaf_size': 30, 'n_neighbors': 43, 'weights': 'uniform'}",0.9285714285714286,1.0,0.8888888888888888,0.8518518518518519,0.9259259259259259,0.8148148148148148,0.8148148148148148,0.7407407407407407,0.9259259259259259,0.8148148148148148,0.8706349206349205,0.07287819624881071,833
0.0006632089614868164,0.00010579425441578668,0.014397835731506348,0.0014507413648558482,ball_tree,30,43,distance,"{'algorithm': 'ball_tree', 'leaf_size': 30, 'n_neighbors': 43, 'weights': 'distance'}",0.9285714285714286,1.0,0.8888888888888888,0.8888888888888888,0.9259259259259259,0.8518518518518519,0.8518518518518519,0.7777777777777778,0.9259259259259259,0.8148148148148148,0.8854497354497355,0.060927597290907604,641
0.000726318359375,4.04556637189984e-05,0.01609654426574707,0.0013461344247710258,ball_tree,40,2,uniform,"{'algorithm': 'ball_tree', 'leaf_size': 40, 'n_neighbors': 2, 'weights': 'uniform'}",0.9285714285714286,1.0,0.9629629629629629,0.8518518518518519,0.9629629629629629,0.9629629629629629,0.9259259259259259,0.8518518518518519,0.8518518518518519,0.8148148148148148,0.9113756613756614,0.06024838242553935,129
0.000774550437927246,5.666874605642861e-05,0.01474001407623291,0.0019115080554956117,ball_tree,40,2,distance,"{'algorithm': 'ball_tree', 'leaf_size': 40, 'n_neighbors': 2, 'weights': 'distance'}",0.9642857142857143,0.8888888888888888,0.9629629629629629,0.8518518518518519,0.9259259259259259,0.9629629629629629,1.0,0.8518518518518519,0.8888888888888888,0.9259259259259259,0.9223544973544973,0.04826157492490816,1
0.0007775545120239258,0.0001414601965711078,0.015474367141723632,0.0012906006370175058,ball_tree,40,3,uniform,"{'algorithm': 'ball_tree', 'leaf_size': 40, 'n_neighbors': 3, 'weights': 'uniform'}",0.9642857142857143,0.9259259259259259,0.9629629629629629,0.8518518518518519,0.9259259259259259,1.0,1.0,0.8148148148148148,0.8148148148148148,0.8888888888888888,0.9149470899470901,0.06645439983022737,33
0.0007400274276733399,5.660786637943352e-05,0.014967942237854004,0.0016388573005578161,ball_tree,40,3,distance,"{'algorithm': 'ball_tree', 'leaf_size': 40, 'n_neighbors': 3, 'weights': 'distance'}",0.9642857142857143,0.9259259259259259,0.9629629629629629,0.8518518518518519,0.9259259259259259,1.0,1.0,0.8148148148148148,0.8148148148148148,0.8888888888888888,0.9149470899470901,0.06645439983022737,33
0.0007153987884521484,6.583610364123754e-05,0.014658212661743164,0.0014389812309217632,ball_tree,40,5,uniform,"{'algorithm': 'ball_tree', 'leaf_size': 40, 'n_neighbors': 5, 'weights': 'uniform'}",0.9642857142857143,0.9259259259259259,0.8888888888888888,0.8518518518518519,0.9259259259259259,0.9629629629629629,1.0,0.8888888888888888,0.8148148148148148,0.8888888888888888,0.9112433862433862,0.053030451638520076,161
0.0006798028945922852,4.8656559186652416e-05,0.014804863929748535,0.0016875674048339138,ball_tree,40,5,distance,"{'algorithm': 'ball_tree', 'leaf_size': 40, 'n_neighbors': 5, 'weights': 'distance'}",0.9642857142857143,0.9259259259259259,0.9259259259259259,0.8518518518518519,0.9259259259259259,0.9629629629629629,1.0,0.8888888888888888,0.8148148148148148,0.8888888888888888,0.9149470899470898,0.05263170833078003,97
0.0006354808807373047,2.867893076663699e-05,0.015255951881408691,0.0015795130403667035,ball_tree,40,7,uniform,"{'algorithm': 'ball_tree', 'leaf_size': 40, 'n_neighbors': 7, 'weights': 'uniform'}",0.9642857142857143,0.9259259259259259,0.9259259259259259,0.8518518518518519,0.9259259259259259,0.9629629629629629,0.9259259259259259,0.8888888888888888,0.8518518518518519,0.8148148148148148,0.9038359788359788,0.04759718045831639,257
0.000712442398071289,5.837310704815636e-05,0.015970230102539062,0.0006833110501110823,ball_tree,40,7,distance,"{'algorithm': 'ball_tree', 'leaf_size': 40, 'n_neighbors': 7, 'weights': 'distance'}",0.9642857142857143,0.9629629629629629,0.9259259259259259,0.8518518518518519,0.9259259259259259,0.9629629629629629,0.9629629629629629,0.8888888888888888,0.8518518518518519,0.8148148148148148,0.9112433862433862,0.053030451638520056,161
0.0007408618927001953,5.4797096355624736e-05,0.0162045955657959,0.0006080411791417597,ball_tree,40,11,uniform,"{'algorithm': 'ball_tree', 'leaf_size': 40, 'n_neighbors': 11, 'weights': 'uniform'}",0.9642857142857143,0.8518518518518519,0.8518518518518519,0.8518518518518519,0.9259259259259259,0.9259259259259259,0.8888888888888888,0.8148148148148148,0.9259259259259259,0.8888888888888888,0.889021164021164,0.04404761904761906,545
0.0007273197174072265,3.5103312366749355e-05,0.015523314476013184,0.001434394827530214,ball_tree,40,11,distance,"{'algorithm': 'ball_tree', 'leaf_size': 40, 'n_neighbors': 11, 'weights': 'distance'}",0.9642857142857143,0.8888888888888888,0.8518518518518519,0.8518518518518519,0.9259259259259259,0.9629629629629629,0.9629629629629629,0.8148148148148148,0.9629629629629629,0.8888888888888888,0.9075396825396826,0.053168844616982916,225
0.000662994384765625,0.00014365675209820927,0.01600470542907715,0.0014232351186962537,ball_tree,40,13,uniform,"{'algorithm': 'ball_tree', 'leaf_size': 40, 'n_neighbors': 13, 'weights': 'uniform'}",0.9642857142857143,0.8888888888888888,0.8148148148148148,0.8518518518518519,0.9259259259259259,0.8888888888888888,0.8518518518518519,0.8148148148148148,0.9259259259259259,0.8888888888888888,0.8816137566137566,0.04649334482859554,737
0.0006680965423583984,3.8063703492370055e-05,0.015585803985595703,0.0008369905958266071,ball_tree,40,13,distance,"{'algorithm': 'ball_tree', 'leaf_size': 40, 'n_neighbors': 13, 'weights': 'distance'}",0.9642857142857143,0.8888888888888888,0.8148148148148148,0.8518518518518519,0.9259259259259259,0.9259259259259259,0.8888888888888888,0.8148148148148148,0.9259259259259259,0.9259259259259259,0.8927248677248677,0.04834271548630229,385
0.0006782054901123047,8.459171823764497e-05,0.01490170955657959,0.001983429761076641,ball_tree,40,17,uniform,"{'algorithm': 'ball_tree', 'leaf_size': 40, 'n_neighbors': 17, 'weights': 'uniform'}",0.9642857142857143,0.9259259259259259,0.8888888888888888,0.8518518518518519,0.9629629629629629,0.8888888888888888,0.8518518518518519,0.7777777777777778,0.9259259259259259,0.8518518518518519,0.8890211640211639,0.05511430334995131,577
0.000636601448059082,6.50981792483562e-05,0.015665125846862794,0.0013568985286236386,ball_tree,40,17,distance,"{'algorithm': 'ball_tree', 'leaf_size': 40, 'n_neighbors': 17, 'weights': 'distance'}",0.9642857142857143,0.9259259259259259,0.8888888888888888,0.8518518518518519,0.9629629629629629,0.9259259259259259,0.8518518518518519,0.7777777777777778,0.9259259259259259,0.8888888888888888,0.8964285714285716,0.0545963104766419,321
0.0005208253860473633,0.00011558823111713436,0.015595841407775878,0.0015738255362431237,ball_tree,40,19,uniform,"{'algorithm': 'ball_tree', 'leaf_size': 40, 'n_neighbors': 19, 'weights': 'uniform'}",0.9642857142857143,0.9259259259259259,0.8888888888888888,0.8888888888888888,0.9629629629629629,0.8888888888888888,0.8148148148148148,0.8148148148148148,0.9259259259259259,0.8148148148148148,0.8890211640211639,0.055114303349951335,577
0.0004226922988891602,2.1167072149179872e-05,0.01510317325592041,0.0016738789006345764,ball_tree,40,19,distance,"{'algorithm': 'ball_tree', 'leaf_size': 40, 'n_neighbors': 19, 'weights': 'distance'}",0.9642857142857143,0.9259259259259259,0.8888888888888888,0.8888888888888888,0.9629629629629629,0.9259259259259259,0.8148148148148148,0.8148148148148148,0.9259259259259259,0.8148148148148148,0.8927248677248677,0.05621444127694664,385
0.0004055500030517578,8.862631447931506e-06,0.016084766387939452,0.000458125939669552,ball_tree,40,23,uniform,"{'algorithm': 'ball_tree', 'leaf_size': 40, 'n_neighbors': 23, 'weights': 'uniform'}",0.9285714285714286,0.9629629629629629,0.8518518518518519,0.8888888888888888,0.9629629629629629,0.8888888888888888,0.8148148148148148,0.8148148148148148,0.8888888888888888,0.8148148148148148,0.8817460317460316,0.054654445597923325,705
0.0004075765609741211,1.2297060828688477e-05,0.01553795337677002,0.00112060101666417,ball_tree,40,23,distance,"{'algorithm': 'ball_tree', 'leaf_size': 40, 'n_neighbors': 23, 'weights': 'distance'}",0.9642857142857143,0.9629629629629629,0.8888888888888888,0.8888888888888888,0.9629629629629629,0.9259259259259259,0.8148148148148148,0.8148148148148148,0.8888888888888888,0.8148148148148148,0.8927248677248677,0.05860385508288557,385
0.0005053281784057617,6.48636356252191e-05,0.014566540718078613,0.0019203202832256412,ball_tree,40,29,uniform,"{'algorithm': 'ball_tree', 'leaf_size': 40, 'n_neighbors': 29, 'weights': 'uniform'}",0.9285714285714286,0.9629629629629629,0.9259259259259259,0.8888888888888888,0.9629629629629629,0.8518518518518519,0.8148148148148148,0.8148148148148148,0.8888888888888888,0.8148148148148148,0.8854497354497355,0.056244779905782104,641
0.0006474733352661132,4.473892078896137e-05,0.014723062515258789,0.0015732934136289223,ball_tree,40,29,distance,"{'algorithm': 'ball_tree', 'leaf_size': 40, 'n_neighbors': 29, 'weights': 'distance'}",0.9285714285714286,0.9629629629629629,0.9259259259259259,0.8888888888888888,0.9629629629629629,0.8888888888888888,0.8148148148148148,0.8148148148148148,0.8888888888888888,0.8148148148148148,0.889153439153439,0.055118588923675764,513
0.0006640911102294922,4.2023017860666946e-05,0.01547534465789795,0.001908140113793511,ball_tree,40,31,uniform,"{'algorithm': 'ball_tree', 'leaf_size': 40, 'n_neighbors': 31, 'weights': 'uniform'}",0.9285714285714286,1.0,0.9259259259259259,0.9259259259259259,0.9629629629629629,0.8518518518518519,0.8148148148148148,0.8148148148148148,0.8888888888888888,0.8148148148148148,0.8928571428571429,0.0631078542731494,353
0.000796818733215332,0.00010179990057898772,0.015559983253479005,0.0014397458051438126,ball_tree,40,31,distance,"{'algorithm': 'ball_tree', 'leaf_size': 40, 'n_neighbors': 31, 'weights': 'distance'}",0.9285714285714286,1.0,0.9259259259259259,0.9259259259259259,0.9629629629629629,0.8888888888888888,0.8148148148148148,0.8148148148148148,0.8888888888888888,0.8148148148148148,0.8965608465608466,0.0616629156361344,289
0.0007541894912719727,0.00010838174258863891,0.015587091445922852,0.0015134726031650946,ball_tree,40,37,uniform,"{'algorithm': 'ball_tree', 'leaf_size': 40, 'n_neighbors': 37, 'weights': 'uniform'}",0.8928571428571429,1.0,0.8888888888888888,0.8888888888888888,0.9259259259259259,0.8518518518518519,0.8148148148148148,0.7037037037037037,0.8888888888888888,0.8518518518518519,0.8707671957671957,0.072782701265744,801
0.0006817340850830078,2.9468034844929882e-05,0.014466571807861327,0.0014516127623481999,ball_tree,40,37,distance,"{'algorithm': 'ball_tree', 'leaf_size': 40, 'n_neighbors': 37, 'weights': 'distance'}",0.9285714285714286,1.0,0.8888888888888888,0.9259259259259259,0.9259259259259259,0.8888888888888888,0.8518518518518519,0.7777777777777778,0.8888888888888888,0.8148148148148148,0.8891534391534393,0.0598895290508307,481
0.000726318359375,6.315826513550236e-05,0.01542227268218994,0.0016269979309686566,ball_tree,40,41,uniform,"{'algorithm': 'ball_tree', 'leaf_size': 40, 'n_neighbors': 41, 'weights': 'uniform'}",0.8571428571428571,1.0,0.8888888888888888,0.8518518518518519,0.9259259259259259,0.8148148148148148,0.8148148148148148,0.7407407407407407,0.8888888888888888,0.8148148148148148,0.8597883597883598,0.06785082532964794,865
0.0007164716720581054,4.7192601491737316e-05,0.015191602706909179,0.0014359847299111608,ball_tree,40,41,distance,"{'algorithm': 'ball_tree', 'leaf_size': 40, 'n_neighbors': 41, 'weights': 'distance'}",0.8928571428571429,1.0,0.8888888888888888,0.8888888888888888,0.9259259259259259,0.8518518518518519,0.8518518518518519,0.7777777777777778,0.8888888888888888,0.8148148148148148,0.8781746031746032,0.057585884266853474,769
0.0007422208786010742,5.1402454027794704e-05,0.015572857856750489,0.0015358634780260145,ball_tree,40,43,uniform,"{'algorithm': 'ball_tree', 'leaf_size': 40, 'n_neighbors': 43, 'weights': 'uniform'}",0.9285714285714286,1.0,0.8888888888888888,0.8518518518518519,0.9259259259259259,0.8148148148148148,0.8148148148148148,0.7407407407407407,0.9259259259259259,0.8148148148148148,0.8706349206349205,0.07287819624881071,833
0.0007352352142333985,6.291276778385354e-05,0.015106892585754395,0.001389594750272002,ball_tree,40,43,distance,"{'algorithm': 'ball_tree', 'leaf_size': 40, 'n_neighbors': 43, 'weights': 'distance'}",0.9285714285714286,1.0,0.8888888888888888,0.8888888888888888,0.9259259259259259,0.8518518518518519,0.8518518518518519,0.7777777777777778,0.9259259259259259,0.8148148148148148,0.8854497354497355,0.060927597290907604,641
0.0006493806838989257,5.763697525139558e-05,0.015816903114318846,0.0015883372855856677,ball_tree,50,2,uniform,"{'algorithm': 'ball_tree', 'leaf_size': 50, 'n_neighbors': 2, 'weights': 'uniform'}",0.9285714285714286,1.0,0.9629629629629629,0.8518518518518519,0.9629629629629629,0.9629629629629629,0.9259259259259259,0.8518518518518519,0.8518518518518519,0.8148148148148148,0.9113756613756614,0.06024838242553935,129
0.0006854772567749023,5.026861671689235e-05,0.016304826736450194,0.005568696477018085,ball_tree,50,2,distance,"{'algorithm': 'ball_tree', 'leaf_size': 50, 'n_neighbors': 2, 'weights': 'distance'}",0.9642857142857143,0.8888888888888888,0.9629629629629629,0.8518518518518519,0.9259259259259259,0.9629629629629629,1.0,0.8518518518518519,0.8888888888888888,0.9259259259259259,0.9223544973544973,0.04826157492490816,1
0.0006217241287231445,2.9415877136351936e-05,0.015478563308715821,0.0016056278837175337,ball_tree,50,3,uniform,"{'algorithm': 'ball_tree', 'leaf_size': 50, 'n_neighbors': 3, 'weights': 'uniform'}",0.9642857142857143,0.9259259259259259,0.9629629629629629,0.8518518518518519,0.9259259259259259,1.0,1.0,0.8148148148148148,0.8148148148148148,0.8888888888888888,0.9149470899470901,0.06645439983022737,33
0.000685572624206543,6.315583954709772e-05,0.014386796951293945,0.0019189998934828559,ball_tree,50,3,distance,"{'algorithm': 'ball_tree', 'leaf_size': 50, 'n_neighbors': 3, 'weights': 'distance'}",0.9642857142857143,0.9259259259259259,0.9629629629629629,0.8518518518518519,0.9259259259259259,1.0,1.0,0.8148148148148148,0.8148148148148148,0.8888888888888888,0.9149470899470901,0.06645439983022737,33
0.0007860422134399414,4.731842430579877e-05,0.01570875644683838,0.0017767801134308135,ball_tree,50,5,uniform,"{'algorithm': 'ball_tree', 'leaf_size': 50, 'n_neighbors': 5, 'weights': 'uniform'}",0.9642857142857143,0.9259259259259259,0.8888888888888888,0.8518518518518519,0.9259259259259259,0.9629629629629629,1.0,0.8888888888888888,0.8148148148148148,0.8888888888888888,0.9112433862433862,0.053030451638520076,161
0.0007602930068969727,3.337816680898186e-05,0.015753912925720214,0.00064936299812381,ball_tree,50,5,distance,"{'algorithm': 'ball_tree', 'leaf_size': 50, 'n_neighbors': 5, 'weights': 'distance'}",0.9642857142857143,0.9259259259259259,0.9259259259259259,0.8518518518518519,0.9259259259259259,0.9629629629629629,1.0,0.8888888888888888,0.8148148148148148,0.8888888888888888,0.9149470899470898,0.05263170833078003,97
0.0007272720336914063,3.820537031115033e-05,0.016065454483032225,0.0014227944050168053,ball_tree,50,7,uniform,"{'algorithm': 'ball_tree', 'leaf_size': 50, 'n_neighbors': 7, 'weights': 'uniform'}",0.9642857142857143,0.9259259259259259,0.9259259259259259,0.8518518518518519,0.9259259259259259,0.9629629629629629,0.9259259259259259,0.8888888888888888,0.8518518518518519,0.8148148148148148,0.9038359788359788,0.04759718045831639,257
0.0009006977081298829,0.00024885287510838347,0.01566348075866699,0.0014891693319368472,ball_tree,50,7,distance,"{'algorithm': 'ball_tree', 'leaf_size': 50, 'n_neighbors': 7, 'weights': 'distance'}",0.9642857142857143,0.9629629629629629,0.9259259259259259,0.8518518518518519,0.9259259259259259,0.9629629629629629,0.9629629629629629,0.8888888888888888,0.8518518518518519,0.8148148148148148,0.9112433862433862,0.053030451638520056,161
0.000713968276977539,0.0001025380185264281,0.014677596092224122,0.0022567135368601996,ball_tree,50,11,uniform,"{'algorithm': 'ball_tree', 'leaf_size': 50, 'n_neighbors': 11, 'weights': 'uniform'}",0.9642857142857143,0.8518518518518519,0.8518518518518519,0.8518518518518519,0.9259259259259259,0.9259259259259259,0.8888888888888888,0.8148148148148148,0.9259259259259259,0.8888888888888888,0.889021164021164,0.04404761904761906,545
0.0007489442825317383,6.356223668696603e-05,0.014516496658325195,0.0018839903922841215,ball_tree,50,11,distance,"{'algorithm': 'ball_tree', 'leaf_size': 50, 'n_neighbors': 11, 'weights': 'distance'}",0.9642857142857143,0.8888888888888888,0.8518518518518519,0.8518518518518519,0.9259259259259259,0.9629629629629629,0.9629629629629629,0.8148148148148148,0.9629629629629629,0.8888888888888888,0.9075396825396826,0.053168844616982916,225
0.0008359193801879883,0.000100787204001993,0.015117812156677245,0.0013919863818189888,ball_tree,50,13,uniform,"{'algorithm': 'ball_tree', 'leaf_size': 50, 'n_neighbors': 13, 'weights': 'uniform'}",0.9642857142857143,0.8888888888888888,0.8148148148148148,0.8518518518518519,0.9259259259259259,0.8888888888888888,0.8518518518518519,0.8148148148148148,0.9259259259259259,0.8888888888888888,0.8816137566137566,0.04649334482859554,737
0.0006860971450805664,4.9252806448508696e-05,0.014542746543884277,0.0017329935674131357,ball_tree,50,13,distance,"{'algorithm': 'ball_tree', 'leaf_size': 50, 'n_neighbors': 13, 'weights': 'distance'}",0.9642857142857143,0.8888888888888888,0.8148148148148148,0.8518518518518519,0.9259259259259259,0.9259259259259259,0.8888888888888888,0.8148148148148148,0.9259259259259259,0.9259259259259259,0.8927248677248677,0.04834271548630229,385
0.0007246494293212891,4.199798594718659e-05,0.015594816207885743,0.0016342901915000472,ball_tree,50,17,uniform,"{'algorithm': 'ball_tree', 'leaf_size': 50, 'n_neighbors': 17, 'weights': 'uniform'}",0.9642857142857143,0.9259259259259259,0.8888888888888888,0.8518518518518519,0.9629629629629629,0.8888888888888888,0.8518518518518519,0.7777777777777778,0.9259259259259259,0.8518518518518519,0.8890211640211639,0.05511430334995131,577
0.0006868839263916016,4.223173108193308e-05,0.015572452545166015,0.0014503536852591308,ball_tree,50,17,distance,"{'algorithm': 'ball_tree', 'leaf_size': 50, 'n_neighbors': 17, 'weights': 'distance'}",0.9642857142857143,0.9259259259259259,0.8888888888888888,0.8518518518518519,0.9629629629629629,0.9259259259259259,0.8518518518518519,0.7777777777777778,0.9259259259259259,0.8888888888888888,0.8964285714285716,0.0545963104766419,321
0.000763702392578125,6.434005317194829e-05,0.015831542015075684,0.0016664777383330791,ball_tree,50,19,uniform,"{'algorithm': 'ball_tree', 'leaf_size': 50, 'n_neighbors': 19, 'weights': 'uniform'}",0.9642857142857143,0.9259259259259259,0.8888888888888888,0.8888888888888888,0.9629629629629629,0.8888888888888888,0.8148148148148148,0.8148148148148148,0.9259259259259259,0.8148148148148148,0.8890211640211639,0.055114303349951335,577
0.0007101058959960938,5.8431447145424654e-05,0.014577698707580567,0.001668325859954882,ball_tree,50,19,distance,"{'algorithm': 'ball_tree', 'leaf_size': 50, 'n_neighbors': 19, 'weights': 'distance'}",0.9642857142857143,0.9259259259259259,0.8888888888888888,0.8888888888888888,0.9629629629629629,0.9259259259259259,0.8148148148148148,0.8148148148148148,0.9259259259259259,0.8148148148148148,0.8927248677248677,0.05621444127694664,385
0.0006413698196411133,3.420263058151496e-05,0.014896512031555176,0.001724473903159762,ball_tree,50,23,uniform,"{'algorithm': 'ball_tree', 'leaf_size': 50, 'n_neighbors': 23, 'weights': 'uniform'}",0.9285714285714286,0.9629629629629629,0.8518518518518519,0.8888888888888888,0.9629629629629629,0.8888888888888888,0.8148148148148148,0.8148148148148148,0.8888888888888888,0.8148148148148148,0.8817460317460316,0.054654445597923325,705
0.0006956815719604492,4.857358885113888e-05,0.014975976943969727,0.0012970602269082618,ball_tree,50,23,distance,"{'algorithm': 'ball_tree', 'leaf_size': 50, 'n_neighbors': 23, 'weights': 'distance'}",0.9642857142857143,0.9629629629629629,0.8888888888888888,0.8888888888888888,0.9629629629629629,0.9259259259259259,0.8148148148148148,0.8148148148148148,0.8888888888888888,0.8148148148148148,0.8927248677248677,0.05860385508288557,385
0.0007131576538085937,3.699681763427712e-05,0.016188573837280274,0.0008305494869173037,ball_tree,50,29,uniform,"{'algorithm': 'ball_tree', 'leaf_size': 50, 'n_neighbors': 29, 'weights': 'uniform'}",0.9285714285714286,0.9629629629629629,0.9259259259259259,0.8888888888888888,0.9629629629629629,0.8518518518518519,0.8148148148148148,0.8148148148148148,0.8888888888888888,0.8148148148148148,0.8854497354497355,0.056244779905782104,641
0.0007611989974975586,6.879911300970641e-05,0.015633988380432128,0.0014829970324210422,ball_tree,50,29,distance,"{'algorithm': 'ball_tree', 'leaf_size': 50, 'n_neighbors': 29, 'weights': 'distance'}",0.9285714285714286,0.9629629629629629,0.9259259259259259,0.8888888888888888,0.9629629629629629,0.8888888888888888,0.8148148148148148,0.8148148148148148,0.8888888888888888,0.8148148148148148,0.889153439153439,0.055118588923675764,513
0.000776362419128418,4.316035504860598e-05,0.016039657592773437,0.0014434406595020231,ball_tree,50,31,uniform,"{'algorithm': 'ball_tree', 'leaf_size': 50, 'n_neighbors': 31, 'weights': 'uniform'}",0.9285714285714286,1.0,0.9259259259259259,0.9259259259259259,0.9629629629629629,0.8518518518518519,0.8148148148148148,0.8148148148148148,0.8888888888888888,0.8148148148148148,0.8928571428571429,0.0631078542731494,353
0.0006646394729614257,6.5202233349156e-05,0.01474142074584961,0.0016624888439616685,ball_tree,50,31,distance,"{'algorithm': 'ball_tree', 'leaf_size': 50, 'n_neighbors': 31, 'weights': 'distance'}",0.9285714285714286,1.0,0.9259259259259259,0.9259259259259259,0.9629629629629629,0.8888888888888888,0.8148148148148148,0.8148148148148148,0.8888888888888888,0.8148148148148148,0.8965608465608466,0.0616629156361344,289
0.00047130584716796874,4.1845388119874005e-05,0.014132404327392578,0.0017164164906629349,ball_tree,50,37,uniform,"{'algorithm': 'ball_tree', 'leaf_size': 50, 'n_neighbors': 37, 'weights': 'uniform'}",0.8928571428571429,1.0,0.8888888888888888,0.8888888888888888,0.9259259259259259,0.8518518518518519,0.8148148148148148,0.7037037037037037,0.8888888888888888,0.8518518518518519,0.8707671957671957,0.072782701265744,801
0.0006062507629394532,5.9088070652886266e-05,0.015621757507324219,0.0009969076203803198,ball_tree,50,37,distance,"{'algorithm': 'ball_tree', 'leaf_size': 50, 'n_neighbors': 37, 'weights': 'distance'}",0.9285714285714286,1.0,0.8888888888888888,0.9259259259259259,0.9259259259259259,0.8888888888888888,0.8518518518518519,0.7777777777777778,0.8888888888888888,0.8148148148148148,0.8891534391534393,0.0598895290508307,481
0.0006755828857421875,2.1115650181729196e-05,0.015247154235839843,0.0015111622219971138,ball_tree,50,41,uniform,"{'algorithm': 'ball_tree', 'leaf_size': 50, 'n_neighbors': 41, 'weights': 'uniform'}",0.8571428571428571,1.0,0.8888888888888888,0.8518518518518519,0.9259259259259259,0.8148148148148148,0.8148148148148148,0.7407407407407407,0.8888888888888888,0.8148148148148148,0.8597883597883598,0.06785082532964794,865
0.000782918930053711,0.00011590241971440744,0.015587425231933594,0.0012130238208610121,ball_tree,50,41,distance,"{'algorithm': 'ball_tree', 'leaf_size': 50, 'n_neighbors': 41, 'weights': 'distance'}",0.8928571428571429,1.0,0.8888888888888888,0.8888888888888888,0.9259259259259259,0.8518518518518519,0.8518518518518519,0.7777777777777778,0.8888888888888888,0.8148148148148148,0.8781746031746032,0.057585884266853474,769
0.000787663459777832,0.00014005548513930326,0.015810775756835937,0.0017273008639002592,ball_tree,50,43,uniform,"{'algorithm': 'ball_tree', 'leaf_size': 50, 'n_neighbors': 43, 'weights': 'uniform'}",0.9285714285714286,1.0,0.8888888888888888,0.8518518518518519,0.9259259259259259,0.8148148148148148,0.8148148148148148,0.7407407407407407,0.9259259259259259,0.8148148148148148,0.8706349206349205,0.07287819624881071,833
0.0006730079650878907,5.0763542793023387e-05,0.0145005464553833,0.0017257390336993593,ball_tree,50,43,distance,"{'algorithm': 'ball_tree', 'leaf_size': 50, 'n_neighbors': 43, 'weights': 'distance'}",0.9285714285714286,1.0,0.8888888888888888,0.8888888888888888,0.9259259259259259,0.8518518518518519,0.8518518518518519,0.7777777777777778,0.9259259259259259,0.8148148148148148,0.8854497354497355,0.060927597290907604,641
0.0007218122482299805,5.923655818678332e-05,0.01491403579711914,0.0015671380193553602,ball_tree,60,2,uniform,"{'algorithm': 'ball_tree', 'leaf_size': 60, 'n_neighbors': 2, 'weights': 'uniform'}",0.9285714285714286,1.0,0.9629629629629629,0.8518518518518519,0.9629629629629629,0.9629629629629629,0.9259259259259259,0.8518518518518519,0.8518518518518519,0.8148148148148148,0.9113756613756614,0.06024838242553935,129
0.0007100820541381836,5.0717191207601234e-05,0.015297579765319824,0.0015082401941684228,ball_tree,60,2,distance,"{'algorithm': 'ball_tree', 'leaf_size': 60, 'n_neighbors': 2, 'weights': 'distance'}",0.9642857142857143,0.8888888888888888,0.9629629629629629,0.8518518518518519,0.9259259259259259,0.9629629629629629,1.0,0.8518518518518519,0.8888888888888888,0.9259259259259259,0.9223544973544973,0.04826157492490816,1
0.0007466316223144531,2.4617269592946913e-05,0.015315675735473632,0.0011971975524714593,ball_tree,60,3,uniform,"{'algorithm': 'ball_tree', 'leaf_size': 60, 'n_neighbors': 3, 'weights': 'uniform'}",0.9642857142857143,0.9259259259259259,0.9629629629629629,0.8518518518518519,0.9259259259259259,1.0,1.0,0.8148148148148148,0.8148148148148148,0.8888888888888888,0.9149470899470901,0.06645439983022737,33
0.0007387161254882813,8.398645639352792e-05,0.014757823944091798,0.0018521761122662326,ball_tree,60,3,distance,"{'algorithm': 'ball_tree', 'leaf_size': 60, 'n_neighbors': 3, 'weights': 'distance'}",0.9642857142857143,0.9259259259259259,0.9629629629629629,0.8518518518518519,0.9259259259259259,1.0,1.0,0.8148148148148148,0.8148148148148148,0.8888888888888888,0.9149470899470901,0.06645439983022737,33
0.000645756721496582,3.448743495435283e-05,0.015050029754638672,0.0012824356441664417,ball_tree,60,5,uniform,"{'algorithm': 'ball_tree', 'leaf_size': 60, 'n_neighbors': 5, 'weights': 'uniform'}",0.9642857142857143,0.9259259259259259,0.8888888888888888,0.8518518518518519,0.9259259259259259,0.9629629629629629,1.0,0.8888888888888888,0.8148148148148148,0.8888888888888888,0.9112433862433862,0.053030451638520076,161
0.0006816387176513672,6.269030546463992e-05,0.015979933738708495,0.0012097703031245216,ball_tree,60,5,distance,"{'algorithm': 'ball_tree', 'leaf_size': 60, 'n_neighbors': 5, 'weights': 'distance'}",0.9642857142857143,0.9259259259259259,0.9259259259259259,0.8518518518518519,0.9259259259259259,0.9629629629629629,1.0,0.8888888888888888,0.8148148148148148,0.8888888888888888,0.9149470899470898,0.05263170833078003,97
0.0006039619445800781,4.3170988744020335e-05,0.014592862129211426,0.0017190709358164626,ball_tree,60,7,uniform,"{'algorithm': 'ball_tree', 'leaf_size': 60, 'n_neighbors': 7, 'weights': 'uniform'}",0.9642857142857143,0.9259259259259259,0.9259259259259259,0.8518518518518519,0.9259259259259259,0.9629629629629629,0.9259259259259259,0.8888888888888888,0.8518518518518519,0.8148148148148148,0.9038359788359788,0.04759718045831639,257
0.0006996631622314453,0.00010498510836659071,0.013551783561706544,0.0015028297779052136,ball_tree,60,7,distance,"{'algorithm': 'ball_tree', 'leaf_size': 60, 'n_neighbors': 7, 'weights': 'distance'}",0.9642857142857143,0.9629629629629629,0.9259259259259259,0.8518518518518519,0.9259259259259259,0.9629629629629629,0.9629629629629629,0.8888888888888888,0.8518518518518519,0.8148148148148148,0.9112433862433862,0.053030451638520056,161
0.0007692575454711914,3.7954597881008885e-05,0.01609654426574707,0.0016086313545375672,ball_tree,60,11,uniform,"{'algorithm': 'ball_tree', 'leaf_size': 60, 'n_neighbors': 11, 'weights': 'uniform'}",0.9642857142857143,0.8518518518518519,0.8518518518518519,0.8518518518518519,0.9259259259259259,0.9259259259259259,0.8888888888888888,0.8148148148148148,0.9259259259259259,0.8888888888888888,0.889021164021164,0.04404761904761906,545
0.0007242441177368164,4.392160109783342e-05,0.015673017501831053,0.0012769835363121106,ball_tree,60,11,distance,"{'algorithm': 'ball_tree', 'leaf_size': 60, 'n_neighbors': 11, 'weights': 'distance'}",0.9642857142857143,0.8888888888888888,0.8518518518518519,0.8518518518518519,0.9259259259259259,0.9629629629629629,0.9629629629629629,0.8148148148148148,0.9629629629629629,0.8888888888888888,0.9075396825396826,0.053168844616982916,225
0.0007267475128173828,3.7285921722676665e-05,0.01613905429840088,0.0010540326585265927,ball_tree,60,13,uniform,"{'algorithm': 'ball_tree', 'leaf_size': 60, 'n_neighbors': 13, 'weights': 'uniform'}",0.9642857142857143,0.8888888888888888,0.8148148148148148,0.8518518518518519,0.9259259259259259,0.8888888888888888,0.8518518518518519,0.8148148148148148,0.9259259259259259,0.8888888888888888,0.8816137566137566,0.04649334482859554,737
0.0007734298706054688,0.00018666335511008993,0.015896129608154296,0.0014307667973274159,ball_tree,60,13,distance,"{'algorithm': 'ball_tree', 'leaf_size': 60, 'n_neighbors': 13, 'weights': 'distance'}",0.9642857142857143,0.8888888888888888,0.8148148148148148,0.8518518518518519,0.9259259259259259,0.9259259259259259,0.8888888888888888,0.8148148148148148,0.9259259259259259,0.9259259259259259,0.8927248677248677,0.04834271548630229,385
0.0008661985397338867,0.00018048514619188602,0.015812039375305176,0.0016149375063030233,ball_tree,60,17,uniform,"{'algorithm': 'ball_tree', 'leaf_size': 60, 'n_neighbors': 17, 'weights': 'uniform'}",0.9642857142857143,0.9259259259259259,0.8888888888888888,0.8518518518518519,0.9629629629629629,0.8888888888888888,0.8518518518518519,0.7777777777777778,0.9259259259259259,0.8518518518518519,0.8890211640211639,0.05511430334995131,577
0.0007334709167480469,5.330233265584057e-05,0.014698052406311035,0.0017614713130256893,ball_tree,60,17,distance,"{'algorithm': 'ball_tree', 'leaf_size': 60, 'n_neighbors': 17, 'weights': 'distance'}",0.9642857142857143,0.9259259259259259,0.8888888888888888,0.8518518518518519,0.9629629629629629,0.9259259259259259,0.8518518518518519,0.7777777777777778,0.9259259259259259,0.8888888888888888,0.8964285714285716,0.0545963104766419,321
0.0008490800857543946,0.00010765469052277195,0.015964818000793458,0.0014687698303830282,ball_tree,60,19,uniform,"{'algorithm': 'ball_tree', 'leaf_size': 60, 'n_neighbors': 19, 'weights': 'uniform'}",0.9642857142857143,0.9259259259259259,0.8888888888888888,0.8888888888888888,0.9629629629629629,0.8888888888888888,0.8148148148148148,0.8148148148148148,0.9259259259259259,0.8148148148148148,0.8890211640211639,0.055114303349951335,577
0.0007258415222167969,8.296330745495406e-05,0.01490941047668457,0.0013467461166429412,ball_tree,60,19,distance,"{'algorithm': 'ball_tree', 'leaf_size': 60, 'n_neighbors': 19, 'weights': 'distance'}",0.9642857142857143,0.9259259259259259,0.8888888888888888,0.8888888888888888,0.9629629629629629,0.9259259259259259,0.8148148148148148,0.8148148148148148,0.9259259259259259,0.8148148148148148,0.8927248677248677,0.05621444127694664,385
0.0006964445114135742,5.0634790894101204e-05,0.015658879280090333,0.0009878633372392284,ball_tree,60,23,uniform,"{'algorithm': 'ball_tree', 'leaf_size': 60, 'n_neighbors': 23, 'weights': 'uniform'}",0.9285714285714286,0.9629629629629629,0.8518518518518519,0.8888888888888888,0.9629629629629629,0.8888888888888888,0.8148148148148148,0.8148148148148148,0.8888888888888888,0.8148148148148148,0.8817460317460316,0.054654445597923325,705
0.0007008552551269531,4.6883084308164696e-05,0.014621591567993164,0.0014418365461563042,ball_tree,60,23,distance,"{'algorithm': 'ball_tree', 'leaf_size': 60, 'n_neighbors': 23, 'weights': 'distance'}",0.9642857142857143,0.9629629629629629,0.8888888888888888,0.8888888888888888,0.9629629629629629,0.9259259259259259,0.8148148148148148,0.8148148148148148,0.8888888888888888,0.8148148148148148,0.8927248677248677,0.05860385508288557,385
0.0007268667221069336,6.380742673836659e-05,0.01527400016784668,0.0019457001286412516,ball_tree,60,29,uniform,"{'algorithm': 'ball_tree', 'leaf_size': 60, 'n_neighbors': 29, 'weights': 'uniform'}",0.9285714285714286,0.9629629629629629,0.9259259259259259,0.8888888888888888,0.9629629629629629,0.8518518518518519,0.8148148148148148,0.8148148148148148,0.8888888888888888,0.8148148148148148,0.8854497354497355,0.056244779905782104,641
0.000675368309020996,3.41453446900811e-05,0.01602311134338379,0.0005179197563261211,ball_tree,60,29,distance,"{'algorithm': 'ball_tree', 'leaf_size': 60, 'n_neighbors': 29, 'weights': 'distance'}",0.9285714285714286,0.9629629629629629,0.9259259259259259,0.8888888888888888,0.9629629629629629,0.8888888888888888,0.8148148148148148,0.8148148148148148,0.8888888888888888,0.8148148148148148,0.889153439153439,0.055118588923675764,513
0.0006464719772338867,3.772596405140436e-05,0.016210365295410156,0.0008233550248399836,ball_tree,60,31,uniform,"{'algorithm': 'ball_tree', 'leaf_size': 60, 'n_neighbors': 31, 'weights': 'uniform'}",0.9285714285714286,1.0,0.9259259259259259,0.9259259259259259,0.9629629629629629,0.8518518518518519,0.8148148148148148,0.8148148148148148,0.8888888888888888,0.8148148148148148,0.8928571428571429,0.0631078542731494,353
0.0006923198699951172,4.445426774030566e-05,0.014768290519714355,0.0016069725853168747,ball_tree,60,31,distance,"{'algorithm': 'ball_tree', 'leaf_size': 60, 'n_neighbors': 31, 'weights': 'distance'}",0.9285714285714286,1.0,0.9259259259259259,0.9259259259259259,0.9629629629629629,0.8888888888888888,0.8148148148148148,0.8148148148148148,0.8888888888888888,0.8148148148148148,0.8965608465608466,0.0616629156361344,289
0.0007025718688964844,5.117795722570869e-05,0.015380501747131348,0.0017664365728725427,ball_tree,60,37,uniform,"{'algorithm': 'ball_tree', 'leaf_size': 60, 'n_neighbors': 37, 'weights': 'uniform'}",0.8928571428571429,1.0,0.8888888888888888,0.8888888888888888,0.9259259259259259,0.8518518518518519,0.8148148148148148,0.7037037037037037,0.8888888888888888,0.8518518518518519,0.8707671957671957,0.072782701265744,801
0.0007553577423095703,5.913144146612464e-05,0.015613174438476563,0.0011588607320754485,ball_tree,60,37,distance,"{'algorithm': 'ball_tree', 'leaf_size': 60, 'n_neighbors': 37, 'weights': 'distance'}",0.9285714285714286,1.0,0.8888888888888888,0.9259259259259259,0.9259259259259259,0.8888888888888888,0.8518518518518519,0.7777777777777778,0.8888888888888888,0.8148148148148148,0.8891534391534393,0.0598895290508307,481
0.0007719516754150391,2.0834782905893023e-05,0.016042447090148924,0.001483686175451497,ball_tree,60,41,uniform,"{'algorithm': 'ball_tree', 'leaf_size': 60, 'n_neighbors': 41, 'weights': 'uniform'}",0.8571428571428571,1.0,0.8888888888888888,0.8518518518518519,0.9259259259259259,0.8148148148148148,0.8148148148148148,0.7407407407407407,0.8888888888888888,0.8148148148148148,0.8597883597883598,0.06785082532964794,865
0.000649714469909668,6.283326585615321e-05,0.017001962661743163,0.005545240125839446,ball_tree,60,41,distance,"{'algorithm': 'ball_tree', 'leaf_size': 60, 'n_neighbors': 41, 'weights': 'distance'}",0.8928571428571429,1.0,0.8888888888888888,0.8888888888888888,0.9259259259259259,0.8518518518518519,0.8518518518518519,0.7777777777777778,0.8888888888888888,0.8148148148148148,0.8781746031746032,0.057585884266853474,769
0.0006651878356933594,0.0001213715435288058,0.014960551261901855,0.0016109258056864184,ball_tree,60,43,uniform,"{'algorithm': 'ball_tree', 'leaf_size': 60, 'n_neighbors': 43, 'weights': 'uniform'}",0.9285714285714286,1.0,0.8888888888888888,0.8518518518518519,0.9259259259259259,0.8148148148148148,0.8148148148148148,0.7407407407407407,0.9259259259259259,0.8148148148148148,0.8706349206349205,0.07287819624881071,833
0.0007164478302001953,3.924589973661231e-05,0.015105652809143066,0.001726075343509356,ball_tree,60,43,distance,"{'algorithm': 'ball_tree', 'leaf_size': 60, 'n_neighbors': 43, 'weights': 'distance'}",0.9285714285714286,1.0,0.8888888888888888,0.8888888888888888,0.9259259259259259,0.8518518518518519,0.8518518518518519,0.7777777777777778,0.9259259259259259,0.8148148148148148,0.8854497354497355,0.060927597290907604,641
0.0005881547927856446,5.106594816703771e-05,0.014850020408630371,0.0017485537230047742,ball_tree,70,2,uniform,"{'algorithm': 'ball_tree', 'leaf_size': 70, 'n_neighbors': 2, 'weights': 'uniform'}",0.9285714285714286,1.0,0.9629629629629629,0.8518518518518519,0.9629629629629629,0.9629629629629629,0.9259259259259259,0.8518518518518519,0.8518518518518519,0.8148148148148148,0.9113756613756614,0.06024838242553935,129
0.0006238222122192383,8.338225820774331e-05,0.015919804573059082,0.0013432596533115807,ball_tree,70,2,distance,"{'algorithm': 'ball_tree', 'leaf_size': 70, 'n_neighbors': 2, 'weights': 'distance'}",0.9642857142857143,0.8888888888888888,0.9629629629629629,0.8518518518518519,0.9259259259259259,0.9629629629629629,1.0,0.8518518518518519,0.8888888888888888,0.9259259259259259,0.9223544973544973,0.04826157492490816,1
0.0006634950637817383,3.2646190356805174e-05,0.016184663772583006,0.001820190621394911,ball_tree,70,3,uniform,"{'algorithm': 'ball_tree', 'leaf_size': 70, 'n_neighbors': 3, 'weights': 'uniform'}",0.9642857142857143,0.9259259259259259,0.9629629629629629,0.8518518518518519,0.9259259259259259,1.0,1.0,0.8148148148148148,0.8148148148148148,0.8888888888888888,0.9149470899470901,0.06645439983022737,33
0.0005815029144287109,3.5153281335693566e-05,0.01572110652923584,0.0013494267960993892,ball_tree,70,3,distance,"{'algorithm': 'ball_tree', 'leaf_size': 70, 'n_neighbors': 3, 'weights': 'distance'}",0.9642857142857143,0.9259259259259259,0.9629629629629629,0.8518518518518519,0.9259259259259259,1.0,1.0,0.8148148148148148,0.8148148148148148,0.8888888888888888,0.9149470899470901,0.06645439983022737,33
0.0006053924560546875,3.3187797699780836e-05,0.016180777549743654,0.0015601641692260938,ball_tree,70,5,uniform,"{'algorithm': 'ball_tree', 'leaf_size': 70, 'n_neighbors': 5, 'weights': 'uniform'}",0.9642857142857143,0.9259259259259259,0.8888888888888888,0.8518518518518519,0.9259259259259259,0.9629629629629629,1.0,0.8888888888888888,0.8148148148148148,0.8888888888888888,0.9112433862433862,0.053030451638520076,161
0.000599360466003418,4.904142673895466e-05,0.01582663059234619,0.0008731395662034933,ball_tree,70,5,distance,"{'algorithm': 'ball_tree', 'leaf_size': 70, 'n_neighbors': 5, 'weights': 'distance'}",0.9642857142857143,0.9259259259259259,0.9259259259259259,0.8518518518518519,0.9259259259259259,0.9629629629629629,1.0,0.8888888888888888,0.8148148148148148,0.8888888888888888,0.9149470899470898,0.05263170833078003,97
0.0005848169326782227,3.383115952299103e-05,0.016076254844665527,0.001306507730963284,ball_tree,70,7,uniform,"{'algorithm': 'ball_tree', 'leaf_size': 70, 'n_neighbors': 7, 'weights': 'uniform'}",0.9642857142857143,0.9259259259259259,0.9259259259259259,0.8518518518518519,0.9259259259259259,0.9629629629629629,0.9259259259259259,0.8888888888888888,0.8518518518518519,0.8148148148148148,0.9038359788359788,0.04759718045831639,257
0.0006273984909057617,3.300702664671857e-05,0.01451559066772461,0.0016598455515745704,ball_tree,70,7,distance,"{'algorithm': 'ball_tree', 'leaf_size': 70, 'n_neighbors': 7, 'weights': 'distance'}",0.9642857142857143,0.9629629629629629,0.9259259259259259,0.8518518518518519,0.9259259259259259,0.9629629629629629,0.9629629629629629,0.8888888888888888,0.8518518518518519,0.8148148148148148,0.9112433862433862,0.053030451638520056,161
0.0005752801895141602,4.595179644290452e-05,0.01588485240936279,0.0012612471347741806,ball_tree,70,11,uniform,"{'algorithm': 'ball_tree', 'leaf_size': 70, 'n_neighbors': 11, 'weights': 'uniform'}",0.9642857142857143,0.8518518518518519,0.8518518518518519,0.8518518518518519,0.9259259259259259,0.9259259259259259,0.8888888888888888,0.8148148148148148,0.9259259259259259,0.8888888888888888,0.889021164021164,0.04404761904761906,545
0.0006388425827026367,8.886524433560939e-05,0.015329575538635254,0.0011603865773815044,ball_tree,70,11,distance,"{'algorithm': 'ball_tree', 'leaf_size': 70, 'n_neighbors': 11, 'weights': 'distance'}",0.9642857142857143,0.8888888888888888,0.8518518518518519,0.8518518518518519,0.9259259259259259,0.9629629629629629,0.9629629629629629,0.8148148148148148,0.9629629629629629,0.8888888888888888,0.9075396825396826,0.053168844616982916,225
0.0006040334701538086,7.549901803308412e-05,0.015322470664978027,0.0011736031493379175,ball_tree,70,13,uniform,"{'algorithm': 'ball_tree', 'leaf_size': 70, 'n_neighbors': 13, 'weights': 'uniform'}",0.9642857142857143,0.8888888888888888,0.8148148148148148,0.8518518518518519,0.9259259259259259,0.8888888888888888,0.8518518518518519,0.8148148148148148,0.9259259259259259,0.8888888888888888,0.8816137566137566,0.04649334482859554,737
0.0005867242813110352,7.323980094702034e-05,0.015490126609802247,0.0012968418875676422,ball_tree,70,13,distance,"{'algorithm': 'ball_tree', 'leaf_size': 70, 'n_neighbors': 13, 'weights': 'distance'}",0.9642857142857143,0.8888888888888888,0.8148148148148148,0.8518518518518519,0.9259259259259259,0.9259259259259259,0.8888888888888888,0.8148148148148148,0.9259259259259259,0.9259259259259259,0.8927248677248677,0.04834271548630229,385
0.00047168731689453127,2.0203832917944474e-05,0.015326952934265137,0.00102847677567611,ball_tree,70,17,uniform,"{'algorithm': 'ball_tree', 'leaf_size': 70, 'n_neighbors': 17, 'weights': 'uniform'}",0.9642857142857143,0.9259259259259259,0.8888888888888888,0.8518518518518519,0.9629629629629629,0.8888888888888888,0.8518518518518519,0.7777777777777778,0.9259259259259259,0.8518518518518519,0.8890211640211639,0.05511430334995131,577
0.0006078720092773437,0.00010765300877809065,0.015017008781433106,0.0019067176951000156,ball_tree,70,17,distance,"{'algorithm': 'ball_tree', 'leaf_size': 70, 'n_neighbors': 17, 'weights': 'distance'}",0.9642857142857143,0.9259259259259259,0.8888888888888888,0.8518518518518519,0.9629629629629629,0.9259259259259259,0.8518518518518519,0.7777777777777778,0.9259259259259259,0.8888888888888888,0.8964285714285716,0.0545963104766419,321
0.0005969047546386719,5.503764702541457e-05,0.015210795402526855,0.0018819289450921228,ball_tree,70,19,uniform,"{'algorithm': 'ball_tree', 'leaf_size': 70, 'n_neighbors': 19, 'weights': 'uniform'}",0.9642857142857143,0.9259259259259259,0.8888888888888888,0.8888888888888888,0.9629629629629629,0.8888888888888888,0.8148148148148148,0.8148148148148148,0.9259259259259259,0.8148148148148148,0.8890211640211639,0.055114303349951335,577
0.0006055831909179688,5.705621113844402e-05,0.014830994606018066,0.0019167096411218856,ball_tree,70,19,distance,"{'algorithm': 'ball_tree', 'leaf_size': 70, 'n_neighbors': 19, 'weights': 'distance'}",0.9642857142857143,0.9259259259259259,0.8888888888888888,0.8888888888888888,0.9629629629629629,0.9259259259259259,0.8148148148148148,0.8148148148148148,0.9259259259259259,0.8148148148148148,0.8927248677248677,0.05621444127694664,385
0.0005756378173828125,4.961595460846552e-05,0.015454912185668945,0.000760334688445669,ball_tree,70,23,uniform,"{'algorithm': 'ball_tree', 'leaf_size': 70, 'n_neighbors': 23, 'weights': 'uniform'}",0.9285714285714286,0.9629629629629629,0.8518518518518519,0.8888888888888888,0.9629629629629629,0.8888888888888888,0.8148148148148148,0.8148148148148148,0.8888888888888888,0.8148148148148148,0.8817460317460316,0.054654445597923325,705
0.0005713939666748047,0.00011029286761761712,0.014862251281738282,0.001695945061870791,ball_tree,70,23,distance,"{'algorithm': 'ball_tree', 'leaf_size': 70, 'n_neighbors': 23, 'weights': 'distance'}",0.9642857142857143,0.9629629629629629,0.8888888888888888,0.8888888888888888,0.9629629629629629,0.9259259259259259,0.8148148148148148,0.8148148148148148,0.8888888888888888,0.8148148148148148,0.8927248677248677,0.05860385508288557,385
0.0005560636520385743,4.274400974141883e-05,0.015775156021118165,0.0014412014130106938,ball_tree,70,29,uniform,"{'algorithm': 'ball_tree', 'leaf_size': 70, 'n_neighbors': 29, 'weights': 'uniform'}",0.9285714285714286,0.9629629629629629,0.9259259259259259,0.8888888888888888,0.9629629629629629,0.8518518518518519,0.8148148148148148,0.8148148148148148,0.8888888888888888,0.8148148148148148,0.8854497354497355,0.056244779905782104,641
0.0005215644836425781,2.013591348280792e-05,0.014828920364379883,0.0016481534003000692,ball_tree,70,29,distance,"{'algorithm': 'ball_tree', 'leaf_size': 70, 'n_neighbors': 29, 'weights': 'distance'}",0.9285714285714286,0.9629629629629629,0.9259259259259259,0.8888888888888888,0.9629629629629629,0.8888888888888888,0.8148148148148148,0.8148148148148148,0.8888888888888888,0.8148148148148148,0.889153439153439,0.055118588923675764,513
0.0005380630493164063,5.8224511611405954e-05,0.01581130027770996,0.0018266089530393668,ball_tree,70,31,uniform,"{'algorithm': 'ball_tree', 'leaf_size': 70, 'n_neighbors': 31, 'weights': 'uniform'}",0.9285714285714286,1.0,0.9259259259259259,0.9259259259259259,0.9629629629629629,0.8518518518518519,0.8148148148148148,0.8148148148148148,0.8888888888888888,0.8148148148148148,0.8928571428571429,0.0631078542731494,353
0.0006018877029418945,4.69348334465073e-05,0.016141724586486817,0.0009095548929572106,ball_tree,70,31,distance,"{'algorithm': 'ball_tree', 'leaf_size': 70, 'n_neighbors': 31, 'weights': 'distance'}",0.9285714285714286,1.0,0.9259259259259259,0.9259259259259259,0.9629629629629629,0.8888888888888888,0.8148148148148148,0.8148148148148148,0.8888888888888888,0.8148148148148148,0.8965608465608466,0.0616629156361344,289
0.0005391359329223633,2.0444876245290756e-05,0.01578216552734375,0.0013504947648571434,ball_tree,70,37,uniform,"{'algorithm': 'ball_tree', 'leaf_size': 70, 'n_neighbors': 37, 'weights': 'uniform'}",0.8928571428571429,1.0,0.8888888888888888,0.8888888888888888,0.9259259259259259,0.8518518518518519,0.8148148148148148,0.7037037037037037,0.8888888888888888,0.8518518518518519,0.8707671957671957,0.072782701265744,801
0.0006371498107910156,7.849145185854825e-05,0.01506352424621582,0.0016462087477567544,ball_tree,70,37,distance,"{'algorithm': 'ball_tree', 'leaf_size': 70, 'n_neighbors': 37, 'weights': 'distance'}",0.9285714285714286,1.0,0.8888888888888888,0.9259259259259259,0.9259259259259259,0.8888888888888888,0.8518518518518519,0.7777777777777778,0.8888888888888888,0.8148148148148148,0.8891534391534393,0.0598895290508307,481
0.0005460023880004883,1.5689120060053345e-05,0.015214896202087403,0.0015856334839464087,ball_tree,70,41,uniform,"{'algorithm': 'ball_tree', 'leaf_size': 70, 'n_neighbors': 41, 'weights': 'uniform'}",0.8571428571428571,1.0,0.8888888888888888,0.8518518518518519,0.9259259259259259,0.8148148148148148,0.8148148148148148,0.7407407407407407,0.8888888888888888,0.8148148148148148,0.8597883597883598,0.06785082532964794,865
0.0005775928497314453,8.131081694801475e-05,0.015314865112304687,0.0016798764569149487,ball_tree,70,41,distance,"{'algorithm': 'ball_tree', 'leaf_size': 70, 'n_neighbors': 41, 'weights': 'distance'}",0.8928571428571429,1.0,0.8888888888888888,0.8888888888888888,0.9259259259259259,0.8518518518518519,0.8518518518518519,0.7777777777777778,0.8888888888888888,0.8148148148148148,0.8781746031746032,0.057585884266853474,769
0.0005920886993408203,4.5372402403702955e-05,0.016070008277893066,0.0010003677322026174,ball_tree,70,43,uniform,"{'algorithm': 'ball_tree', 'leaf_size': 70, 'n_neighbors': 43, 'weights': 'uniform'}",0.9285714285714286,1.0,0.8888888888888888,0.8518518518518519,0.9259259259259259,0.8148148148148148,0.8148148148148148,0.7407407407407407,0.9259259259259259,0.8148148148148148,0.8706349206349205,0.07287819624881071,833
0.0005228281021118164,4.012287183262306e-05,0.015008258819580077,0.0015960751482345336,ball_tree,70,43,distance,"{'algorithm': 'ball_tree', 'leaf_size': 70, 'n_neighbors': 43, 'weights': 'distance'}",0.9285714285714286,1.0,0.8888888888888888,0.8888888888888888,0.9259259259259259,0.8518518518518519,0.8518518518518519,0.7777777777777778,0.9259259259259259,0.8148148148148148,0.8854497354497355,0.060927597290907604,641
0.0005592107772827148,6.643440764266643e-05,0.01580069065093994,0.00180458487173978,ball_tree,80,2,uniform,"{'algorithm': 'ball_tree', 'leaf_size': 80, 'n_neighbors': 2, 'weights': 'uniform'}",0.9285714285714286,1.0,0.9629629629629629,0.8518518518518519,0.9629629629629629,0.9629629629629629,0.9259259259259259,0.8518518518518519,0.8518518518518519,0.8148148148148148,0.9113756613756614,0.06024838242553935,129
0.0005663394927978516,6.489420874564609e-05,0.015204548835754395,0.0012642770267950617,ball_tree,80,2,distance,"{'algorithm': 'ball_tree', 'leaf_size': 80, 'n_neighbors': 2, 'weights': 'distance'}",0.9642857142857143,0.8888888888888888,0.9629629629629629,0.8518518518518519,0.9259259259259259,0.9629629629629629,1.0,0.8518518518518519,0.8888888888888888,0.9259259259259259,0.9223544973544973,0.04826157492490816,1
0.0006019353866577148,0.00010662243328719631,0.015908145904541017,0.0015439895849917926,ball_tree,80,3,uniform,"{'algorithm': 'ball_tree', 'leaf_size': 80, 'n_neighbors': 3, 'weights': 'uniform'}",0.9642857142857143,0.9259259259259259,0.9629629629629629,0.8518518518518519,0.9259259259259259,1.0,1.0,0.8148148148148148,0.8148148148148148,0.8888888888888888,0.9149470899470901,0.06645439983022737,33
0.0004518747329711914,4.1180079099303607e-05,0.015169429779052734,0.0015237145563770313,ball_tree,80,3,distance,"{'algorithm': 'ball_tree', 'leaf_size': 80, 'n_neighbors': 3, 'weights': 'distance'}",0.9642857142857143,0.9259259259259259,0.9629629629629629,0.8518518518518519,0.9259259259259259,1.0,1.0,0.8148148148148148,0.8148148148148148,0.8888888888888888,0.9149470899470901,0.06645439983022737,33
0.0005932092666625976,0.0001412062269285203,0.015150904655456543,0.001367915465116392,ball_tree,80,5,uniform,"{'algorithm': 'ball_tree', 'leaf_size': 80, 'n_neighbors': 5, 'weights': 'uniform'}",0.9642857142857143,0.9259259259259259,0.8888888888888888,0.8518518518518519,0.9259259259259259,0.9629629629629629,1.0,0.8888888888888888,0.8148148148148148,0.8888888888888888,0.9112433862433862,0.053030451638520076,161
0.000655221939086914,0.00011656512312630748,0.014946985244750976,0.0012799022110364146,ball_tree,80,5,distance,"{'algorithm': 'ball_tree', 'leaf_size': 80, 'n_neighbors': 5, 'weights': 'distance'}",0.9642857142857143,0.9259259259259259,0.9259259259259259,0.8518518518518519,0.9259259259259259,0.9629629629629629,1.0,0.8888888888888888,0.8148148148148148,0.8888888888888888,0.9149470899470898,0.05263170833078003,97
0.0005365610122680664,4.263031534682609e-05,0.01590132713317871,0.001411782936202557,ball_tree,80,7,uniform,"{'algorithm': 'ball_tree', 'leaf_size': 80, 'n_neighbors': 7, 'weights': 'uniform'}",0.9642857142857143,0.9259259259259259,0.9259259259259259,0.8518518518518519,0.9259259259259259,0.9629629629629629,0.9259259259259259,0.8888888888888888,0.8518518518518519,0.8148148148148148,0.9038359788359788,0.04759718045831639,257
0.000533437728881836,2.1329123834878287e-05,0.013814830780029297,0.0018607934321430097,ball_tree,80,7,distance,"{'algorithm': 'ball_tree', 'leaf_size': 80, 'n_neighbors': 7, 'weights': 'distance'}",0.9642857142857143,0.9629629629629629,0.9259259259259259,0.8518518518518519,0.9259259259259259,0.9629629629629629,0.9629629629629629,0.8888888888888888,0.8518518518518519,0.8148148148148148,0.9112433862433862,0.053030451638520056,161
0.0004777669906616211,3.3124647341429955e-05,0.015543627738952636,0.0015265679928757202,ball_tree,80,11,uniform,"{'algorithm': 'ball_tree', 'leaf_size': 80, 'n_neighbors': 11, 'weights': 'uniform'}",0.9642857142857143,0.8518518518518519,0.8518518518518519,0.8518518518518519,0.9259259259259259,0.9259259259259259,0.8888888888888888,0.8148148148148148,0.9259259259259259,0.8888888888888888,0.889021164021164,0.04404761904761906,545
0.0004907846450805664,4.2580283349870696e-05,0.014519524574279786,0.0020305415718898327,ball_tree,80,11,distance,"{'algorithm': 'ball_tree', 'leaf_size': 80, 'n_neighbors': 11, 'weights': 'distance'}",0.9642857142857143,0.8888888888888888,0.8518518518518519,0.8518518518518519,0.9259259259259259,0.9629629629629629,0.9629629629629629,0.8148148148148148,0.9629629629629629,0.8888888888888888,0.9075396825396826,0.053168844616982916,225
0.00061492919921875,0.00011341097416638502,0.015203094482421875,0.0017492746166218166,ball_tree,80,13,uniform,"{'algorithm': 'ball_tree', 'leaf_size': 80, 'n_neighbors': 13, 'weights': 'uniform'}",0.9642857142857143,0.8888888888888888,0.8148148148148148,0.8518518518518519,0.9259259259259259,0.8888888888888888,0.8518518518518519,0.8148148148148148,0.9259259259259259,0.8888888888888888,0.8816137566137566,0.04649334482859554,737
0.0005709648132324219,4.3097454026792167e-05,0.015012359619140625,0.0015892210561660252,ball_tree,80,13,distance,"{'algorithm': 'ball_tree', 'leaf_size': 80, 'n_neighbors': 13, 'weights': 'distance'}",0.9642857142857143,0.8888888888888888,0.8148148148148148,0.8518518518518519,0.9259259259259259,0.9259259259259259,0.8888888888888888,0.8148148148148148,0.9259259259259259,0.9259259259259259,0.8927248677248677,0.04834271548630229,385
0.0005662918090820312,3.8579161469157494e-05,0.01650059223175049,0.0007284894119857645,ball_tree,80,17,uniform,"{'algorithm': 'ball_tree', 'leaf_size': 80, 'n_neighbors': 17, 'weights': 'uniform'}",0.9642857142857143,0.9259259259259259,0.8888888888888888,0.8518518518518519,0.9629629629629629,0.8888888888888888,0.8518518518518519,0.7777777777777778,0.9259259259259259,0.8518518518518519,0.8890211640211639,0.05511430334995131,577
0.000564408302307129,3.016349334411188e-05,0.015793967247009277,0.0011225537946863674,ball_tree,80,17,distance,"{'algorithm': 'ball_tree', 'leaf_size': 80, 'n_neighbors': 17, 'weights': 'distance'}",0.9642857142857143,0.9259259259259259,0.8888888888888888,0.8518518518518519,0.9629629629629629,0.9259259259259259,0.8518518518518519,0.7777777777777778,0.9259259259259259,0.8888888888888888,0.8964285714285716,0.0545963104766419,321
0.0005313873291015625,3.3708508766177736e-05,0.01596825122833252,0.0013751106328879204,ball_tree,80,19,uniform,"{'algorithm': 'ball_tree', 'leaf_size': 80, 'n_neighbors': 19, 'weights': 'uniform'}",0.9642857142857143,0.9259259259259259,0.8888888888888888,0.8888888888888888,0.9629629629629629,0.8888888888888888,0.8148148148148148,0.8148148148148148,0.9259259259259259,0.8148148148148148,0.8890211640211639,0.055114303349951335,577
0.0005385637283325196,6.313173160451539e-05,0.0154099702835083,0.001136021990795234,ball_tree,80,19,distance,"{'algorithm': 'ball_tree', 'leaf_size': 80, 'n_neighbors': 19, 'weights': 'distance'}",0.9642857142857143,0.9259259259259259,0.8888888888888888,0.8888888888888888,0.9629629629629629,0.9259259259259259,0.8148148148148148,0.8148148148148148,0.9259259259259259,0.8148148148148148,0.8927248677248677,0.05621444127694664,385
0.0005822896957397461,3.921373951528972e-05,0.015748476982116698,0.0014089876990860514,ball_tree,80,23,uniform,"{'algorithm': 'ball_tree', 'leaf_size': 80, 'n_neighbors': 23, 'weights': 'uniform'}",0.9285714285714286,0.9629629629629629,0.8518518518518519,0.8888888888888888,0.9629629629629629,0.8888888888888888,0.8148148148148148,0.8148148148148148,0.8888888888888888,0.8148148148148148,0.8817460317460316,0.054654445597923325,705
0.0005732536315917969,3.554247708210287e-05,0.014948415756225585,0.0020164960765001127,ball_tree,80,23,distance,"{'algorithm': 'ball_tree', 'leaf_size': 80, 'n_neighbors': 23, 'weights': 'distance'}",0.9642857142857143,0.9629629629629629,0.8888888888888888,0.8888888888888888,0.9629629629629629,0.9259259259259259,0.8148148148148148,0.8148148148148148,0.8888888888888888,0.8148148148148148,0.8927248677248677,0.05860385508288557,385
0.0005721092224121094,5.1113429233405496e-05,0.016643476486206055,0.0007939222395105401,ball_tree,80,29,uniform,"{'algorithm': 'ball_tree', 'leaf_size': 80, 'n_neighbors': 29, 'weights': 'uniform'}",0.9285714285714286,0.9629629629629629,0.9259259259259259,0.8888888888888888,0.9629629629629629,0.8518518518518519,0.8148148148148148,0.8148148148148148,0.8888888888888888,0.8148148148148148,0.8854497354497355,0.056244779905782104,641
0.0005702733993530274,3.305730989441541e-05,0.014798426628112793,0.0022093843904481053,ball_tree,80,29,distance,"{'algorithm': 'ball_tree', 'leaf_size': 80, 'n_neighbors': 29, 'weights': 'distance'}",0.9285714285714286,0.9629629629629629,0.9259259259259259,0.8888888888888888,0.9629629629629629,0.8888888888888888,0.8148148148148148,0.8148148148148148,0.8888888888888888,0.8148148148148148,0.889153439153439,0.055118588923675764,513
0.0005598783493041993,2.3688550625656972e-05,0.016235995292663574,0.0006748402487104893,ball_tree,80,31,uniform,"{'algorithm': 'ball_tree', 'leaf_size': 80, 'n_neighbors': 31, 'weights': 'uniform'}",0.9285714285714286,1.0,0.9259259259259259,0.9259259259259259,0.9629629629629629,0.8518518518518519,0.8148148148148148,0.8148148148148148,0.8888888888888888,0.8148148148148148,0.8928571428571429,0.0631078542731494,353
0.0005985736846923828,5.7867700975539875e-05,0.015746879577636718,0.0011631197334009066,ball_tree,80,31,distance,"{'algorithm': 'ball_tree', 'leaf_size': 80, 'n_neighbors': 31, 'weights': 'distance'}",0.9285714285714286,1.0,0.9259259259259259,0.9259259259259259,0.9629629629629629,0.8888888888888888,0.8148148148148148,0.8148148148148148,0.8888888888888888,0.8148148148148148,0.8965608465608466,0.0616629156361344,289
0.0006000757217407227,7.773326534252623e-05,0.016353297233581542,0.0012895631705880954,ball_tree,80,37,uniform,"{'algorithm': 'ball_tree', 'leaf_size': 80, 'n_neighbors': 37, 'weights': 'uniform'}",0.8928571428571429,1.0,0.8888888888888888,0.8888888888888888,0.9259259259259259,0.8518518518518519,0.8148148148148148,0.7037037037037037,0.8888888888888888,0.8518518518518519,0.8707671957671957,0.072782701265744,801
0.0005695819854736328,4.077515368775173e-05,0.013702082633972167,0.0019300761188046074,ball_tree,80,37,distance,"{'algorithm': 'ball_tree', 'leaf_size': 80, 'n_neighbors': 37, 'weights': 'distance'}",0.9285714285714286,1.0,0.8888888888888888,0.9259259259259259,0.9259259259259259,0.8888888888888888,0.8518518518518519,0.7777777777777778,0.8888888888888888,0.8148148148148148,0.8891534391534393,0.0598895290508307,481
0.0005403041839599609,2.5537690567807185e-05,0.0152787446975708,0.0016796900482008636,ball_tree,80,41,uniform,"{'algorithm': 'ball_tree', 'leaf_size': 80, 'n_neighbors': 41, 'weights': 'uniform'}",0.8571428571428571,1.0,0.8888888888888888,0.8518518518518519,0.9259259259259259,0.8148148148148148,0.8148148148148148,0.7407407407407407,0.8888888888888888,0.8148148148148148,0.8597883597883598,0.06785082532964794,865
0.0005683183670043945,5.362563872442422e-05,0.014710712432861327,0.0017080612741648838,ball_tree,80,41,distance,"{'algorithm': 'ball_tree', 'leaf_size': 80, 'n_neighbors': 41, 'weights': 'distance'}",0.8928571428571429,1.0,0.8888888888888888,0.8888888888888888,0.9259259259259259,0.8518518518518519,0.8518518518518519,0.7777777777777778,0.8888888888888888,0.8148148148148148,0.8781746031746032,0.057585884266853474,769
0.000520014762878418,3.740216108826043e-05,0.015829038619995118,0.0012009587042110254,ball_tree,80,43,uniform,"{'algorithm': 'ball_tree', 'leaf_size': 80, 'n_neighbors': 43, 'weights': 'uniform'}",0.9285714285714286,1.0,0.8888888888888888,0.8518518518518519,0.9259259259259259,0.8148148148148148,0.8148148148148148,0.7407407407407407,0.9259259259259259,0.8148148148148148,0.8706349206349205,0.07287819624881071,833
0.0005191326141357422,8.635218134204835e-05,0.014682769775390625,0.0016648666574629733,ball_tree,80,43,distance,"{'algorithm': 'ball_tree', 'leaf_size': 80, 'n_neighbors': 43, 'weights': 'distance'}",0.9285714285714286,1.0,0.8888888888888888,0.8888888888888888,0.9259259259259259,0.8518518518518519,0.8518518518518519,0.7777777777777778,0.9259259259259259,0.8148148148148148,0.8854497354497355,0.060927597290907604,641
0.0007100343704223633,8.217064074889225e-05,0.015066027641296387,0.0015508552039526441,kd_tree,10,2,uniform,"{'algorithm': 'kd_tree', 'leaf_size': 10, 'n_neighbors': 2, 'weights': 'uniform'}",0.9285714285714286,1.0,0.9629629629629629,0.8518518518518519,0.9629629629629629,0.9629629629629629,0.9259259259259259,0.8518518518518519,0.8518518518518519,0.8148148148148148,0.9113756613756614,0.06024838242553935,129
0.0006951332092285156,6.853223343612458e-05,0.014484453201293945,0.0014264115342289808,kd_tree,10,2,distance,"{'algorithm': 'kd_tree', 'leaf_size': 10, 'n_neighbors': 2, 'weights': 'distance'}",0.9642857142857143,0.8888888888888888,0.9629629629629629,0.8518518518518519,0.9259259259259259,0.9629629629629629,1.0,0.8518518518518519,0.8888888888888888,0.9259259259259259,0.9223544973544973,0.04826157492490816,1
0.0007580041885375977,8.089687139248719e-05,0.015121817588806152,0.001637841445631286,kd_tree,10,3,uniform,"{'algorithm': 'kd_tree', 'leaf_size': 10, 'n_neighbors': 3, 'weights': 'uniform'}",0.9642857142857143,0.9259259259259259,0.9629629629629629,0.8518518518518519,0.9259259259259259,1.0,1.0,0.8148148148148148,0.8148148148148148,0.8888888888888888,0.9149470899470901,0.06645439983022737,33
0.0007395505905151367,3.1549985614308585e-05,0.01541433334350586,0.001712214027763311,kd_tree,10,3,distance,"{'algorithm': 'kd_tree', 'leaf_size': 10, 'n_neighbors': 3, 'weights': 'distance'}",0.9642857142857143,0.9259259259259259,0.9629629629629629,0.8518518518518519,0.9259259259259259,1.0,1.0,0.8148148148148148,0.8148148148148148,0.8888888888888888,0.9149470899470901,0.06645439983022737,33
0.0007013559341430664,4.886243800124843e-05,0.016141581535339355,0.0009238713605940093,kd_tree,10,5,uniform,"{'algorithm': 'kd_tree', 'leaf_size': 10, 'n_neighbors': 5, 'weights': 'uniform'}",0.9642857142857143,0.9259259259259259,0.8888888888888888,0.8518518518518519,0.9259259259259259,0.9629629629629629,1.0,0.8888888888888888,0.8148148148148148,0.8888888888888888,0.9112433862433862,0.053030451638520076,161
0.0007327795028686523,8.48722757934915e-05,0.015534424781799316,0.0012228302260190432,kd_tree,10,5,distance,"{'algorithm': 'kd_tree', 'leaf_size': 10, 'n_neighbors': 5, 'weights': 'distance'}",0.9642857142857143,0.9259259259259259,0.9259259259259259,0.8518518518518519,0.9259259259259259,0.9629629629629629,1.0,0.8888888888888888,0.8148148148148148,0.8888888888888888,0.9149470899470898,0.05263170833078003,97
0.0007404804229736329,4.744143925609123e-05,0.016034150123596193,0.0013830704124664004,kd_tree,10,7,uniform,"{'algorithm': 'kd_tree', 'leaf_size': 10, 'n_neighbors': 7, 'weights': 'uniform'}",0.9642857142857143,0.9259259259259259,0.9259259259259259,0.8518518518518519,0.9259259259259259,0.9629629629629629,0.9259259259259259,0.8888888888888888,0.8518518518518519,0.8148148148148148,0.9038359788359788,0.04759718045831639,257
0.0008119583129882812,4.015880535579069e-05,0.01590116024017334,0.0009623265339043477,kd_tree,10,7,distance,"{'algorithm': 'kd_tree', 'leaf_size': 10, 'n_neighbors': 7, 'weights': 'distance'}",0.9642857142857143,0.9629629629629629,0.9259259259259259,0.8518518518518519,0.9259259259259259,0.9629629629629629,0.9629629629629629,0.8888888888888888,0.8518518518518519,0.8148148148148148,0.9112433862433862,0.053030451638520056,161
0.0007725000381469726,6.322907915845403e-05,0.015964508056640625,0.001417157671651758,kd_tree,10,11,uniform,"{'algorithm': 'kd_tree', 'leaf_size': 10, 'n_neighbors': 11, 'weights': 'uniform'}",0.9642857142857143,0.8518518518518519,0.8518518518518519,0.8518518518518519,0.9259259259259259,0.9259259259259259,0.8888888888888888,0.8148148148148148,0.9259259259259259,0.8888888888888888,0.889021164021164,0.04404761904761906,545
0.0006819486618041993,2.9512917098083505e-05,0.015305423736572265,0.0015167477285782868,kd_tree,10,11,distance,"{'algorithm': 'kd_tree', 'leaf_size': 10, 'n_neighbors': 11, 'weights': 'distance'}",0.9642857142857143,0.8888888888888888,0.8518518518518519,0.8518518518518519,0.9259259259259259,0.9629629629629629,0.9629629629629629,0.8148148148148148,0.9629629629629629,0.8888888888888888,0.9075396825396826,0.053168844616982916,225
0.0007263898849487304,6.143969067935794e-05,0.015967631340026857,0.0010053532658709952,kd_tree,10,13,uniform,"{'algorithm': 'kd_tree', 'leaf_size': 10, 'n_neighbors': 13, 'weights': 'uniform'}",0.9642857142857143,0.8888888888888888,0.8148148148148148,0.8518518518518519,0.9259259259259259,0.8888888888888888,0.8518518518518519,0.8148148148148148,0.9259259259259259,0.8888888888888888,0.8816137566137566,0.04649334482859554,737
0.000744032859802246,4.1167792043892516e-05,0.014968347549438477,0.002009223155571272,kd_tree,10,13,distance,"{'algorithm': 'kd_tree', 'leaf_size': 10, 'n_neighbors': 13, 'weights': 'distance'}",0.9642857142857143,0.8888888888888888,0.8148148148148148,0.8518518518518519,0.9259259259259259,0.9259259259259259,0.8888888888888888,0.8148148148148148,0.9259259259259259,0.9259259259259259,0.8927248677248677,0.04834271548630229,385
0.0007134437561035156,3.675084547649342e-05,0.014566850662231446,0.0014926668643943427,kd_tree,10,17,uniform,"{'algorithm': 'kd_tree', 'leaf_size': 10, 'n_neighbors': 17, 'weights': 'uniform'}",0.9642857142857143,0.9259259259259259,0.8888888888888888,0.8518518518518519,0.9629629629629629,0.8888888888888888,0.8518518518518519,0.7777777777777778,0.9259259259259259,0.8518518518518519,0.8890211640211639,0.05511430334995131,577
0.0007413864135742187,6.042170320965739e-05,0.01426239013671875,0.002086605332391045,kd_tree,10,17,distance,"{'algorithm': 'kd_tree', 'leaf_size': 10, 'n_neighbors': 17, 'weights': 'distance'}",0.9642857142857143,0.9259259259259259,0.8888888888888888,0.8518518518518519,0.9629629629629629,0.9259259259259259,0.8518518518518519,0.7777777777777778,0.9259259259259259,0.8888888888888888,0.8964285714285716,0.0545963104766419,321
0.0007173776626586914,8.116186214703045e-05,0.01568942070007324,0.0017983900266407618,kd_tree,10,19,uniform,"{'algorithm': 'kd_tree', 'leaf_size': 10, 'n_neighbors': 19, 'weights': 'uniform'}",0.9642857142857143,0.9259259259259259,0.8888888888888888,0.8888888888888888,0.9629629629629629,0.8888888888888888,0.8148148148148148,0.8148148148148148,0.9259259259259259,0.8148148148148148,0.8890211640211639,0.055114303349951335,577
0.0007114171981811524,4.50686102889492e-05,0.01529388427734375,0.0014321043833557998,kd_tree,10,19,distance,"{'algorithm': 'kd_tree', 'leaf_size': 10, 'n_neighbors': 19, 'weights': 'distance'}",0.9642857142857143,0.9259259259259259,0.8888888888888888,0.8888888888888888,0.9629629629629629,0.9259259259259259,0.8148148148148148,0.8148148148148148,0.9259259259259259,0.8148148148148148,0.8927248677248677,0.05621444127694664,385
0.0006674289703369141,6.87865656672257e-05,0.01475198268890381,0.0016800355761299706,kd_tree,10,23,uniform,"{'algorithm': 'kd_tree', 'leaf_size': 10, 'n_neighbors': 23, 'weights': 'uniform'}",0.9285714285714286,0.9629629629629629,0.8518518518518519,0.8888888888888888,0.9629629629629629,0.8888888888888888,0.8148148148148148,0.8148148148148148,0.8888888888888888,0.8148148148148148,0.8817460317460316,0.054654445597923325,705
0.0007126092910766602,0.0001323519256891531,0.015365910530090333,0.0010828408454325715,kd_tree,10,23,distance,"{'algorithm': 'kd_tree', 'leaf_size': 10, 'n_neighbors': 23, 'weights': 'distance'}",0.9642857142857143,0.9629629629629629,0.8888888888888888,0.8888888888888888,0.9629629629629629,0.9259259259259259,0.8148148148148148,0.8148148148148148,0.8888888888888888,0.8148148148148148,0.8927248677248677,0.05860385508288557,385
0.0007604837417602539,6.733609715388809e-05,0.015827465057373046,0.00097992729813612,kd_tree,10,29,uniform,"{'algorithm': 'kd_tree', 'leaf_size': 10, 'n_neighbors': 29, 'weights': 'uniform'}",0.9285714285714286,0.9629629629629629,0.9259259259259259,0.8888888888888888,0.9629629629629629,0.8518518518518519,0.8148148148148148,0.8148148148148148,0.8888888888888888,0.8148148148148148,0.8854497354497355,0.056244779905782104,641
0.0007919073104858398,4.783050474011684e-05,0.015955138206481933,0.0005619290525574856,kd_tree,10,29,distance,"{'algorithm': 'kd_tree', 'leaf_size': 10, 'n_neighbors': 29, 'weights': 'distance'}",0.9285714285714286,0.9629629629629629,0.9259259259259259,0.8888888888888888,0.9629629629629629,0.8888888888888888,0.8148148148148148,0.8148148148148148,0.8888888888888888,0.8148148148148148,0.889153439153439,0.055118588923675764,513
0.0007401704788208008,5.998568333802882e-05,0.015672683715820312,0.0012072933591220495,kd_tree,10,31,uniform,"{'algorithm': 'kd_tree', 'leaf_size': 10, 'n_neighbors': 31, 'weights': 'uniform'}",0.9285714285714286,1.0,0.9259259259259259,0.9259259259259259,0.9629629629629629,0.8518518518518519,0.8148148148148148,0.8148148148148148,0.8888888888888888,0.8148148148148148,0.8928571428571429,0.0631078542731494,353
0.0007331609725952148,4.881616186016713e-05,0.015041351318359375,0.0014355240777212716,kd_tree,10,31,distance,"{'algorithm': 'kd_tree', 'leaf_size': 10, 'n_neighbors': 31, 'weights': 'distance'}",0.9285714285714286,1.0,0.9259259259259259,0.9259259259259259,0.9629629629629629,0.8888888888888888,0.8148148148148148,0.8148148148148148,0.8888888888888888,0.8148148148148148,0.8965608465608466,0.0616629156361344,289
0.0006406068801879883,4.215527029567978e-05,0.015291094779968262,0.001329549889701617,kd_tree,10,37,uniform,"{'algorithm': 'kd_tree', 'leaf_size': 10, 'n_neighbors': 37, 'weights': 'uniform'}",0.8928571428571429,1.0,0.8888888888888888,0.8888888888888888,0.9259259259259259,0.8518518518518519,0.8148148148148148,0.7037037037037037,0.8888888888888888,0.8518518518518519,0.8707671957671957,0.072782701265744,801
0.0006354808807373047,2.8493603784742692e-05,0.014708328247070312,0.001797638548704471,kd_tree,10,37,distance,"{'algorithm': 'kd_tree', 'leaf_size': 10, 'n_neighbors': 37, 'weights': 'distance'}",0.9285714285714286,1.0,0.8888888888888888,0.9259259259259259,0.9259259259259259,0.8888888888888888,0.8518518518518519,0.7777777777777778,0.8888888888888888,0.8148148148148148,0.8891534391534393,0.0598895290508307,481
0.0006197452545166016,4.1536485370679626e-05,0.01537477970123291,0.0019353993764536753,kd_tree,10,41,uniform,"{'algorithm': 'kd_tree', 'leaf_size': 10, 'n_neighbors': 41, 'weights': 'uniform'}",0.8571428571428571,1.0,0.8888888888888888,0.8518518518518519,0.9259259259259259,0.8148148148148148,0.8148148148148148,0.7407407407407407,0.8888888888888888,0.8148148148148148,0.8597883597883598,0.06785082532964794,865
0.0006613731384277344,5.43443759334584e-05,0.01457216739654541,0.001368970438213331,kd_tree,10,41,distance,"{'algorithm': 'kd_tree', 'leaf_size': 10, 'n_neighbors': 41, 'weights': 'distance'}",0.8928571428571429,1.0,0.8888888888888888,0.8888888888888888,0.9259259259259259,0.8518518518518519,0.8518518518518519,0.7777777777777778,0.8888888888888888,0.8148148148148148,0.8781746031746032,0.057585884266853474,769
0.0006467580795288086,3.6288537406889404e-05,0.015852904319763182,0.0010552993100158758,kd_tree,10,43,uniform,"{'algorithm': 'kd_tree', 'leaf_size': 10, 'n_neighbors': 43, 'weights': 'uniform'}",0.9285714285714286,1.0,0.8888888888888888,0.8518518518518519,0.9259259259259259,0.8148148148148148,0.8148148148148148,0.7407407407407407,0.9259259259259259,0.8148148148148148,0.8706349206349205,0.07287819624881071,833
0.000647282600402832,4.2915006477298364e-05,0.014647579193115235,0.0016730947275194038,kd_tree,10,43,distance,"{'algorithm': 'kd_tree', 'leaf_size': 10, 'n_neighbors': 43, 'weights': 'distance'}",0.9285714285714286,1.0,0.8888888888888888,0.8888888888888888,0.9259259259259259,0.8518518518518519,0.8518518518518519,0.7777777777777778,0.9259259259259259,0.8148148148148148,0.8854497354497355,0.060927597290907604,641
0.0006249189376831054,5.1831612368704694e-05,0.016142559051513673,0.0012517098099243435,kd_tree,20,2,uniform,"{'algorithm': 'kd_tree', 'leaf_size': 20, 'n_neighbors': 2, 'weights': 'uniform'}",0.9285714285714286,1.0,0.9629629629629629,0.8518518518518519,0.9629629629629629,0.9629629629629629,0.9259259259259259,0.8518518518518519,0.8518518518518519,0.8148148148148148,0.9113756613756614,0.06024838242553935,129
0.0007231712341308593,7.661460011459512e-05,0.014560556411743164,0.001756578203292468,kd_tree,20,2,distance,"{'algorithm': 'kd_tree', 'leaf_size': 20, 'n_neighbors': 2, 'weights': 'distance'}",0.9642857142857143,0.8888888888888888,0.9629629629629629,0.8518518518518519,0.9259259259259259,0.9629629629629629,1.0,0.8518518518518519,0.8888888888888888,0.9259259259259259,0.9223544973544973,0.04826157492490816,1
0.0006542682647705078,5.7792368500966576e-05,0.014790105819702148,0.001743475289347224,kd_tree,20,3,uniform,"{'algorithm': 'kd_tree', 'leaf_size': 20, 'n_neighbors': 3, 'weights': 'uniform'}",0.9642857142857143,0.9259259259259259,0.9629629629629629,0.8518518518518519,0.9259259259259259,1.0,1.0,0.8148148148148148,0.8148148148148148,0.8888888888888888,0.9149470899470901,0.06645439983022737,33
0.0006100177764892578,2.1924451927186668e-05,0.015106201171875,0.0014524376869590866,kd_tree,20,3,distance,"{'algorithm': 'kd_tree', 'leaf_size': 20, 'n_neighbors': 3, 'weights': 'distance'}",0.9642857142857143,0.9259259259259259,0.9629629629629629,0.8518518518518519,0.9259259259259259,1.0,1.0,0.8148148148148148,0.8148148148148148,0.8888888888888888,0.9149470899470901,0.06645439983022737,33
0.0006283760070800781,2.468483312799728e-05,0.016176009178161622,0.0006397218724952066,kd_tree,20,5,uniform,"{'algorithm': 'kd_tree', 'leaf_size': 20, 'n_neighbors': 5, 'weights': 'uniform'}",0.9642857142857143,0.9259259259259259,0.8888888888888888,0.8518518518518519,0.9259259259259259,0.9629629629629629,1.0,0.8888888888888888,0.8148148148148148,0.8888888888888888,0.9112433862433862,0.053030451638520076,161
0.0006624937057495117,3.406384120500597e-05,0.014655137062072754,0.0016495570197869402,kd_tree,20,5,distance,"{'algorithm': 'kd_tree', 'leaf_size': 20, 'n_neighbors': 5, 'weights': 'distance'}",0.9642857142857143,0.9259259259259259,0.9259259259259259,0.8518518518518519,0.9259259259259259,0.9629629629629629,1.0,0.8888888888888888,0.8148148148148148,0.8888888888888888,0.9149470899470898,0.05263170833078003,97
0.0007410764694213868,0.00015884343452302358,0.014338803291320801,0.0013257807767772028,kd_tree,20,7,uniform,"{'algorithm': 'kd_tree', 'leaf_size': 20, 'n_neighbors': 7, 'weights': 'uniform'}",0.9642857142857143,0.9259259259259259,0.9259259259259259,0.8518518518518519,0.9259259259259259,0.9629629629629629,0.9259259259259259,0.8888888888888888,0.8518518518518519,0.8148148148148148,0.9038359788359788,0.04759718045831639,257
0.0006113529205322265,7.836008813416517e-05,0.014920473098754883,0.0014089962984669975,kd_tree,20,7,distance,"{'algorithm': 'kd_tree', 'leaf_size': 20, 'n_neighbors': 7, 'weights': 'distance'}",0.9642857142857143,0.9629629629629629,0.9259259259259259,0.8518518518518519,0.9259259259259259,0.9629629629629629,0.9629629629629629,0.8888888888888888,0.8518518518518519,0.8148148148148148,0.9112433862433862,0.053030451638520056,161
0.000645303726196289,2.6744826614316384e-05,0.016193056106567384,0.0014356825753048476,kd_tree,20,11,uniform,"{'algorithm': 'kd_tree', 'leaf_size': 20, 'n_neighbors': 11, 'weights': 'uniform'}",0.9642857142857143,0.8518518518518519,0.8518518518518519,0.8518518518518519,0.9259259259259259,0.9259259259259259,0.8888888888888888,0.8148148148148148,0.9259259259259259,0.8888888888888888,0.889021164021164,0.04404761904761906,545
0.0006379365921020507,5.3643443844296475e-05,0.01556711196899414,0.001222052800321508,kd_tree,20,11,distance,"{'algorithm': 'kd_tree', 'leaf_size': 20, 'n_neighbors': 11, 'weights': 'distance'}",0.9642857142857143,0.8888888888888888,0.8518518518518519,0.8518518518518519,0.9259259259259259,0.9629629629629629,0.9629629629629629,0.8148148148148148,0.9629629629629629,0.8888888888888888,0.9075396825396826,0.053168844616982916,225
0.000662684440612793,3.67011697930791e-05,0.01607635021209717,0.0010266111964441743,kd_tree,20,13,uniform,"{'algorithm': 'kd_tree', 'leaf_size': 20, 'n_neighbors': 13, 'weights': 'uniform'}",0.9642857142857143,0.8888888888888888,0.8148148148148148,0.8518518518518519,0.9259259259259259,0.8888888888888888,0.8518518518518519,0.8148148148148148,0.9259259259259259,0.8888888888888888,0.8816137566137566,0.04649334482859554,737
0.0007012128829956054,5.0420140819439106e-05,0.01566922664642334,0.0010282849935592914,kd_tree,20,13,distance,"{'algorithm': 'kd_tree', 'leaf_size': 20, 'n_neighbors': 13, 'weights': 'distance'}",0.9642857142857143,0.8888888888888888,0.8148148148148148,0.8518518518518519,0.9259259259259259,0.9259259259259259,0.8888888888888888,0.8148148148148148,0.9259259259259259,0.9259259259259259,0.8927248677248677,0.04834271548630229,385
0.0006605148315429688,4.226714264940966e-05,0.01623356342315674,0.001305437869402205,kd_tree,20,17,uniform,"{'algorithm': 'kd_tree', 'leaf_size': 20, 'n_neighbors': 17, 'weights': 'uniform'}",0.9642857142857143,0.9259259259259259,0.8888888888888888,0.8518518518518519,0.9629629629629629,0.8888888888888888,0.8518518518518519,0.7777777777777778,0.9259259259259259,0.8518518518518519,0.8890211640211639,0.05511430334995131,577
0.0006532907485961914,3.742601418030528e-05,0.01533524990081787,0.0014453388993636886,kd_tree,20,17,distance,"{'algorithm': 'kd_tree', 'leaf_size': 20, 'n_neighbors': 17, 'weights': 'distance'}",0.9642857142857143,0.9259259259259259,0.8888888888888888,0.8518518518518519,0.9629629629629629,0.9259259259259259,0.8518518518518519,0.7777777777777778,0.9259259259259259,0.8888888888888888,0.8964285714285716,0.0545963104766419,321
0.0007071018218994141,7.874794954418128e-05,0.016018152236938477,0.001036836228841489,kd_tree,20,19,uniform,"{'algorithm': 'kd_tree', 'leaf_size': 20, 'n_neighbors': 19, 'weights': 'uniform'}",0.9642857142857143,0.9259259259259259,0.8888888888888888,0.8888888888888888,0.9629629629629629,0.8888888888888888,0.8148148148148148,0.8148148148148148,0.9259259259259259,0.8148148148148148,0.8890211640211639,0.055114303349951335,577
0.000693202018737793,2.3989518198611984e-05,0.01594102382659912,0.0009047152316931552,kd_tree,20,19,distance,"{'algorithm': 'kd_tree', 'leaf_size': 20, 'n_neighbors': 19, 'weights': 'distance'}",0.9642857142857143,0.9259259259259259,0.8888888888888888,0.8888888888888888,0.9629629629629629,0.9259259259259259,0.8148148148148148,0.8148148148148148,0.9259259259259259,0.8148148148148148,0.8927248677248677,0.05621444127694664,385
0.0007454156875610352,8.536438970134761e-05,0.01587338447570801,0.0016925437357069079,kd_tree,20,23,uniform,"{'algorithm': 'kd_tree', 'leaf_size': 20, 'n_neighbors': 23, 'weights': 'uniform'}",0.9285714285714286,0.9629629629629629,0.8518518518518519,0.8888888888888888,0.9629629629629629,0.8888888888888888,0.8148148148148148,0.8148148148148148,0.8888888888888888,0.8148148148148148,0.8817460317460316,0.054654445597923325,705
0.0007165908813476562,9.524654833357409e-05,0.01546628475189209,0.0012059105156249953,kd_tree,20,23,distance,"{'algorithm': 'kd_tree', 'leaf_size': 20, 'n_neighbors': 23, 'weights': 'distance'}",0.9642857142857143,0.9629629629629629,0.8888888888888888,0.8888888888888888,0.9629629629629629,0.9259259259259259,0.8148148148148148,0.8148148148148148,0.8888888888888888,0.8148148148148148,0.8927248677248677,0.05860385508288557,385
0.0007253170013427734,9.923992856993271e-05,0.016054654121398927,0.0015128791917327035,kd_tree,20,29,uniform,"{'algorithm': 'kd_tree', 'leaf_size': 20, 'n_neighbors': 29, 'weights': 'uniform'}",0.9285714285714286,0.9629629629629629,0.9259259259259259,0.8888888888888888,0.9629629629629629,0.8518518518518519,0.8148148148148148,0.8148148148148148,0.8888888888888888,0.8148148148148148,0.8854497354497355,0.056244779905782104,641
0.0006805658340454102,6.074700003974019e-05,0.014943790435791016,0.0016381638442903561,kd_tree,20,29,distance,"{'algorithm': 'kd_tree', 'leaf_size': 20, 'n_neighbors': 29, 'weights': 'distance'}",0.9285714285714286,0.9629629629629629,0.9259259259259259,0.8888888888888888,0.9629629629629629,0.8888888888888888,0.8148148148148148,0.8148148148148148,0.8888888888888888,0.8148148148148148,0.889153439153439,0.055118588923675764,513
0.0006566524505615234,0.00010842719185337924,0.015514016151428223,0.0014237600798356139,kd_tree,20,31,uniform,"{'algorithm': 'kd_tree', 'leaf_size': 20, 'n_neighbors': 31, 'weights': 'uniform'}",0.9285714285714286,1.0,0.9259259259259259,0.9259259259259259,0.9629629629629629,0.8518518518518519,0.8148148148148148,0.8148148148148148,0.8888888888888888,0.8148148148148148,0.8928571428571429,0.0631078542731494,353
0.0005942106246948243,4.27124805030158e-05,0.015167641639709472,0.0014270360892263386,kd_tree,20,31,distance,"{'algorithm': 'kd_tree', 'leaf_size': 20, 'n_neighbors': 31, 'weights': 'distance'}",0.9285714285714286,1.0,0.9259259259259259,0.9259259259259259,0.9629629629629629,0.8888888888888888,0.8148148148148148,0.8148148148148148,0.8888888888888888,0.8148148148148148,0.8965608465608466,0.0616629156361344,289
0.0006344318389892578,3.921489191377408e-05,0.015993690490722655,0.0011678797034397432,kd_tree,20,37,uniform,"{'algorithm': 'kd_tree', 'leaf_size': 20, 'n_neighbors': 37, 'weights': 'uniform'}",0.8928571428571429,1.0,0.8888888888888888,0.8888888888888888,0.9259259259259259,0.8518518518518519,0.8148148148148148,0.7037037037037037,0.8888888888888888,0.8518518518518519,0.8707671957671957,0.072782701265744,801
0.0005810022354125977,6.674088977014609e-05,0.014069962501525878,0.0017901426920161388,kd_tree,20,37,distance,"{'algorithm': 'kd_tree', 'leaf_size': 20, 'n_neighbors': 37, 'weights': 'distance'}",0.9285714285714286,1.0,0.8888888888888888,0.9259259259259259,0.9259259259259259,0.8888888888888888,0.8518518518518519,0.7777777777777778,0.8888888888888888,0.8148148148148148,0.8891534391534393,0.0598895290508307,481
0.0005544424057006836,1.4774739905670691e-05,0.01489408016204834,0.001660652957022803,kd_tree,20,41,uniform,"{'algorithm': 'kd_tree', 'leaf_size': 20, 'n_neighbors': 41, 'weights': 'uniform'}",0.8571428571428571,1.0,0.8888888888888888,0.8518518518518519,0.9259259259259259,0.8148148148148148,0.8148148148148148,0.7407407407407407,0.8888888888888888,0.8148148148148148,0.8597883597883598,0.06785082532964794,865
0.0005747556686401367,3.027015649809392e-05,0.015007686614990235,0.0014950312188036095,kd_tree,20,41,distance,"{'algorithm': 'kd_tree', 'leaf_size': 20, 'n_neighbors': 41, 'weights': 'distance'}",0.8928571428571429,1.0,0.8888888888888888,0.8888888888888888,0.9259259259259259,0.8518518518518519,0.8518518518518519,0.7777777777777778,0.8888888888888888,0.8148148148148148,0.8781746031746032,0.057585884266853474,769
0.0005595207214355469,2.384586300588537e-05,0.015317511558532716,0.0014237882697002008,kd_tree,20,43,uniform,"{'algorithm': 'kd_tree', 'leaf_size': 20, 'n_neighbors': 43, 'weights': 'uniform'}",0.9285714285714286,1.0,0.8888888888888888,0.8518518518518519,0.9259259259259259,0.8148148148148148,0.8148148148148148,0.7407407407407407,0.9259259259259259,0.8148148148148148,0.8706349206349205,0.07287819624881071,833
0.0005378961563110351,3.693310034295744e-05,0.013757991790771484,0.001681483490618561,kd_tree,20,43,distance,"{'algorithm': 'kd_tree', 'leaf_size': 20, 'n_neighbors': 43, 'weights': 'distance'}",0.9285714285714286,1.0,0.8888888888888888,0.8888888888888888,0.9259259259259259,0.8518518518518519,0.8518518518518519,0.7777777777777778,0.9259259259259259,0.8148148148148148,0.8854497354497355,0.060927597290907604,641
0.0005543947219848633,4.381703453216646e-05,0.015550065040588378,0.0015803596766045304,kd_tree,30,2,uniform,"{'algorithm': 'kd_tree', 'leaf_size': 30, 'n_neighbors': 2, 'weights': 'uniform'}",0.9285714285714286,1.0,0.9629629629629629,0.8518518518518519,0.9629629629629629,0.9629629629629629,0.9259259259259259,0.8518518518518519,0.8518518518518519,0.8148148148148148,0.9113756613756614,0.06024838242553935,129
0.0006010532379150391,5.7253927138789e-05,0.014809393882751464,0.001498403940549523,kd_tree,30,2,distance,"{'algorithm': 'kd_tree', 'leaf_size': 30, 'n_neighbors': 2, 'weights': 'distance'}",0.9642857142857143,0.8888888888888888,0.9629629629629629,0.8518518518518519,0.9259259259259259,0.9629629629629629,1.0,0.8518518518518519,0.8888888888888888,0.9259259259259259,0.9223544973544973,0.04826157492490816,1
0.000628209114074707,3.5568895851925976e-05,0.015819859504699708,0.0010292748099773005,kd_tree,30,3,uniform,"{'algorithm': 'kd_tree', 'leaf_size': 30, 'n_neighbors': 3, 'weights': 'uniform'}",0.9642857142857143,0.9259259259259259,0.9629629629629629,0.8518518518518519,0.9259259259259259,1.0,1.0,0.8148148148148148,0.8148148148148148,0.8888888888888888,0.9149470899470901,0.06645439983022737,33
0.0007797956466674804,0.00010250551931156223,0.015481662750244141,0.000923784392110637,kd_tree,30,3,distance,"{'algorithm': 'kd_tree', 'leaf_size': 30, 'n_neighbors': 3, 'weights': 'distance'}",0.9642857142857143,0.9259259259259259,0.9629629629629629,0.8518518518518519,0.9259259259259259,1.0,1.0,0.8148148148148148,0.8148148148148148,0.8888888888888888,0.9149470899470901,0.06645439983022737,33
0.0008062124252319336,0.00012578862331185858,0.016118931770324706,0.0016543245319400133,kd_tree,30,5,uniform,"{'algorithm': 'kd_tree', 'leaf_size': 30, 'n_neighbors': 5, 'weights': 'uniform'}",0.9642857142857143,0.9259259259259259,0.8888888888888888,0.8518518518518519,0.9259259259259259,0.9629629629629629,1.0,0.8888888888888888,0.8148148148148148,0.8888888888888888,0.9112433862433862,0.053030451638520076,161
0.0007490396499633789,0.00016743880838520405,0.014783263206481934,0.0014268231816014388,kd_tree,30,5,distance,"{'algorithm': 'kd_tree', 'leaf_size': 30, 'n_neighbors': 5, 'weights': 'distance'}",0.9642857142857143,0.9259259259259259,0.9259259259259259,0.8518518518518519,0.9259259259259259,0.9629629629629629,1.0,0.8888888888888888,0.8148148148148148,0.8888888888888888,0.9149470899470898,0.05263170833078003,97
0.0006184101104736329,5.005266320985737e-05,0.015274238586425782,0.0015907821093161894,kd_tree,30,7,uniform,"{'algorithm': 'kd_tree', 'leaf_size': 30, 'n_neighbors': 7, 'weights': 'uniform'}",0.9642857142857143,0.9259259259259259,0.9259259259259259,0.8518518518518519,0.9259259259259259,0.9629629629629629,0.9259259259259259,0.8888888888888888,0.8518518518518519,0.8148148148148148,0.9038359788359788,0.04759718045831639,257
0.0006261825561523438,4.8612747307390626e-05,0.01587092876434326,0.0007950751464969011,kd_tree,30,7,distance,"{'algorithm': 'kd_tree', 'leaf_size': 30, 'n_neighbors': 7, 'weights': 'distance'}",0.9642857142857143,0.9629629629629629,0.9259259259259259,0.8518518518518519,0.9259259259259259,0.9629629629629629,0.9629629629629629,0.8888888888888888,0.8518518518518519,0.8148148148148148,0.9112433862433862,0.053030451638520056,161
0.0006572723388671875,5.1131953519446074e-05,0.015706706047058105,0.0014774716900494975,kd_tree,30,11,uniform,"{'algorithm': 'kd_tree', 'leaf_size': 30, 'n_neighbors': 11, 'weights': 'uniform'}",0.9642857142857143,0.8518518518518519,0.8518518518518519,0.8518518518518519,0.9259259259259259,0.9259259259259259,0.8888888888888888,0.8148148148148148,0.9259259259259259,0.8888888888888888,0.889021164021164,0.04404761904761906,545
0.0006555795669555664,6.283820516440606e-05,0.014692902565002441,0.0018051876855207471,kd_tree,30,11,distance,"{'algorithm': 'kd_tree', 'leaf_size': 30, 'n_neighbors': 11, 'weights': 'distance'}",0.9642857142857143,0.8888888888888888,0.8518518518518519,0.8518518518518519,0.9259259259259259,0.9629629629629629,0.9629629629629629,0.8148148148148148,0.9629629629629629,0.8888888888888888,0.9075396825396826,0.053168844616982916,225
0.0006054162979125977,4.116337332979976e-05,0.014558243751525878,0.0018184873482685899,kd_tree,30,13,uniform,"{'algorithm': 'kd_tree', 'leaf_size': 30, 'n_neighbors': 13, 'weights': 'uniform'}",0.9642857142857143,0.8888888888888888,0.8148148148148148,0.8518518518518519,0.9259259259259259,0.8888888888888888,0.8518518518518519,0.8148148148148148,0.9259259259259259,0.8888888888888888,0.8816137566137566,0.04649334482859554,737
0.000577998161315918,4.014448536524947e-05,0.01492922306060791,0.0017356168425144937,kd_tree,30,13,distance,"{'algorithm': 'kd_tree', 'leaf_size': 30, 'n_neighbors': 13, 'weights': 'distance'}",0.9642857142857143,0.8888888888888888,0.8148148148148148,0.8518518518518519,0.9259259259259259,0.9259259259259259,0.8888888888888888,0.8148148148148148,0.9259259259259259,0.9259259259259259,0.8927248677248677,0.04834271548630229,385
0.0005592823028564454,3.656719259359883e-05,0.015295886993408203,0.0014735177553688108,kd_tree,30,17,uniform,"{'algorithm': 'kd_tree', 'leaf_size': 30, 'n_neighbors': 17, 'weights': 'uniform'}",0.9642857142857143,0.9259259259259259,0.8888888888888888,0.8518518518518519,0.9629629629629629,0.8888888888888888,0.8518518518518519,0.7777777777777778,0.9259259259259259,0.8518518518518519,0.8890211640211639,0.05511430334995131,577
0.0005718708038330078,3.4156188806015896e-05,0.01349482536315918,0.0019267363168121606,kd_tree,30,17,distance,"{'algorithm': 'kd_tree', 'leaf_size': 30, 'n_neighbors': 17, 'weights': 'distance'}",0.9642857142857143,0.9259259259259259,0.8888888888888888,0.8518518518518519,0.9629629629629629,0.9259259259259259,0.8518518518518519,0.7777777777777778,0.9259259259259259,0.8888888888888888,0.8964285714285716,0.0545963104766419,321
0.0005948543548583984,3.818167657601744e-05,0.01616387367248535,0.0010907450804428986,kd_tree,30,19,uniform,"{'algorithm': 'kd_tree', 'leaf_size': 30, 'n_neighbors': 19, 'weights': 'uniform'}",0.9642857142857143,0.9259259259259259,0.8888888888888888,0.8888888888888888,0.9629629629629629,0.8888888888888888,0.8148148148148148,0.8148148148148148,0.9259259259259259,0.8148148148148148,0.8890211640211639,0.055114303349951335,577
0.0006368160247802734,3.386131423677112e-05,0.0149855375289917,0.001692615311894257,kd_tree,30,19,distance,"{'algorithm': 'kd_tree', 'leaf_size': 30, 'n_neighbors': 19, 'weights': 'distance'}",0.9642857142857143,0.9259259259259259,0.8888888888888888,0.8888888888888888,0.9629629629629629,0.9259259259259259,0.8148148148148148,0.8148148148148148,0.9259259259259259,0.8148148148148148,0.8927248677248677,0.05621444127694664,385
0.0006906032562255859,5.2924864845264126e-05,0.015538978576660156,0.0018994908112906794,kd_tree,30,23,uniform,"{'algorithm': 'kd_tree', 'leaf_size': 30, 'n_neighbors': 23, 'weights': 'uniform'}",0.9285714285714286,0.9629629629629629,0.8518518518518519,0.8888888888888888,0.9629629629629629,0.8888888888888888,0.8148148148148148,0.8148148148148148,0.8888888888888888,0.8148148148148148,0.8817460317460316,0.054654445597923325,705
0.0007924079895019531,0.00011033975779178546,0.015085768699645997,0.0016140898716103063,kd_tree,30,23,distance,"{'algorithm': 'kd_tree', 'leaf_size': 30, 'n_neighbors': 23, 'weights': 'distance'}",0.9642857142857143,0.9629629629629629,0.8888888888888888,0.8888888888888888,0.9629629629629629,0.9259259259259259,0.8148148148148148,0.8148148148148148,0.8888888888888888,0.8148148148148148,0.8927248677248677,0.05860385508288557,385
0.0007085323333740235,5.4793112811290164e-05,0.015852642059326173,0.0011348210190897884,kd_tree,30,29,uniform,"{'algorithm': 'kd_tree', 'leaf_size': 30, 'n_neighbors': 29, 'weights': 'uniform'}",0.9285714285714286,0.9629629629629629,0.9259259259259259,0.8888888888888888,0.9629629629629629,0.8518518518518519,0.8148148148148148,0.8148148148148148,0.8888888888888888,0.8148148148148148,0.8854497354497355,0.056244779905782104,641
0.0007274627685546875,8.878778309855217e-05,0.015159988403320312,0.0012036393980852803,kd_tree,30,29,distance,"{'algorithm': 'kd_tree', 'leaf_size': 30, 'n_neighbors': 29, 'weights': 'distance'}",0.9285714285714286,0.9629629629629629,0.9259259259259259,0.8888888888888888,0.9629629629629629,0.8888888888888888,0.8148148148148148,0.8148148148148148,0.8888888888888888,0.8148148148148148,0.889153439153439,0.055118588923675764,513
0.0007249116897583008,0.00012837140228407975,0.0159656286239624,0.0012502016940911965,kd_tree,30,31,uniform,"{'algorithm': 'kd_tree', 'leaf_size': 30, 'n_neighbors': 31, 'weights': 'uniform'}",0.9285714285714286,1.0,0.9259259259259259,0.9259259259259259,0.9629629629629629,0.8518518518518519,0.8148148148148148,0.8148148148148148,0.8888888888888888,0.8148148148148148,0.8928571428571429,0.0631078542731494,353
0.0007144927978515625,7.105368078553225e-05,0.014580941200256348,0.001465571384096845,kd_tree,30,31,distance,"{'algorithm': 'kd_tree', 'leaf_size': 30, 'n_neighbors': 31, 'weights': 'distance'}",0.9285714285714286,1.0,0.9259259259259259,0.9259259259259259,0.9629629629629629,0.8888888888888888,0.8148148148148148,0.8148148148148148,0.8888888888888888,0.8148148148148148,0.8965608465608466,0.0616629156361344,289
0.0005876064300537109,2.9667779493269766e-05,0.014937710762023926,0.0015323629302779044,kd_tree,30,37,uniform,"{'algorithm': 'kd_tree', 'leaf_size': 30, 'n_neighbors': 37, 'weights': 'uniform'}",0.8928571428571429,1.0,0.8888888888888888,0.8888888888888888,0.9259259259259259,0.8518518518518519,0.8148148148148148,0.7037037037037037,0.8888888888888888,0.8518518518518519,0.8707671957671957,0.072782701265744,801
0.0006060600280761719,2.8387834528009974e-05,0.01549856662750244,0.0012448808157098866,kd_tree,30,37,distance,"{'algorithm': 'kd_tree', 'leaf_size': 30, 'n_neighbors': 37, 'weights': 'distance'}",0.9285714285714286,1.0,0.8888888888888888,0.9259259259259259,0.9259259259259259,0.8888888888888888,0.8518518518518519,0.7777777777777778,0.8888888888888888,0.8148148148148148,0.8891534391534393,0.0598895290508307,481
0.0006183624267578125,3.5777597539462395e-05,0.015716981887817384,0.00137600483986093,kd_tree,30,41,uniform,"{'algorithm': 'kd_tree', 'leaf_size': 30, 'n_neighbors': 41, 'weights': 'uniform'}",0.8571428571428571,1.0,0.8888888888888888,0.8518518518518519,0.9259259259259259,0.8148148148148148,0.8148148148148148,0.7407407407407407,0.8888888888888888,0.8148148148148148,0.8597883597883598,0.06785082532964794,865
0.0006333827972412109,5.1363596349015284e-05,0.015983152389526366,0.0006714652568223535,kd_tree,30,41,distance,"{'algorithm': 'kd_tree', 'leaf_size': 30, 'n_neighbors': 41, 'weights': 'distance'}",0.8928571428571429,1.0,0.8888888888888888,0.8888888888888888,0.9259259259259259,0.8518518518518519,0.8518518518518519,0.7777777777777778,0.8888888888888888,0.8148148148148148,0.8781746031746032,0.057585884266853474,769
0.0006616353988647461,5.1659804677524674e-05,0.015331649780273437,0.001739729508382645,kd_tree,30,43,uniform,"{'algorithm': 'kd_tree', 'leaf_size': 30, 'n_neighbors': 43, 'weights': 'uniform'}",0.9285714285714286,1.0,0.8888888888888888,0.8518518518518519,0.9259259259259259,0.8148148148148148,0.8148148148148148,0.7407407407407407,0.9259259259259259,0.8148148148148148,0.8706349206349205,0.07287819624881071,833
0.0006562232971191406,4.857917649085464e-05,0.01581230163574219,0.0008128258510926091,kd_tree,30,43,distance,"{'algorithm': 'kd_tree', 'leaf_size': 30, 'n_neighbors': 43, 'weights': 'distance'}",0.9285714285714286,1.0,0.8888888888888888,0.8888888888888888,0.9259259259259259,0.8518518518518519,0.8518518518518519,0.7777777777777778,0.9259259259259259,0.8148148148148148,0.8854497354497355,0.060927597290907604,641
0.0006439685821533203,9.133659867798615e-05,0.016152095794677735,0.0014499495927637897,kd_tree,40,2,uniform,"{'algorithm': 'kd_tree', 'leaf_size': 40, 'n_neighbors': 2, 'weights': 'uniform'}",0.9285714285714286,1.0,0.9629629629629629,0.8518518518518519,0.9629629629629629,0.9629629629629629,0.9259259259259259,0.8518518518518519,0.8518518518518519,0.8148148148148148,0.9113756613756614,0.06024838242553935,129
0.000609135627746582,6.69466846232091e-05,0.01460886001586914,0.0012289201464833158,kd_tree,40,2,distance,"{'algorithm': 'kd_tree', 'leaf_size': 40, 'n_neighbors': 2, 'weights': 'distance'}",0.9642857142857143,0.8888888888888888,0.9629629629629629,0.8518518518518519,0.9259259259259259,0.9629629629629629,1.0,0.8518518518518519,0.8888888888888888,0.9259259259259259,0.9223544973544973,0.04826157492490816,1
0.000535273551940918,5.721056872565613e-05,0.015225887298583984,0.001715955087996691,kd_tree,40,3,uniform,"{'algorithm': 'kd_tree', 'leaf_size': 40, 'n_neighbors': 3, 'weights': 'uniform'}",0.9642857142857143,0.9259259259259259,0.9629629629629629,0.8518518518518519,0.9259259259259259,1.0,1.0,0.8148148148148148,0.8148148148148148,0.8888888888888888,0.9149470899470901,0.06645439983022737,33
0.0005851507186889649,4.500317886227249e-05,0.015617060661315917,0.0014073190121553871,kd_tree,40,3,distance,"{'algorithm': 'kd_tree', 'leaf_size': 40, 'n_neighbors': 3, 'weights': 'distance'}",0.9642857142857143,0.9259259259259259,0.9629629629629629,0.8518518518518519,0.9259259259259259,1.0,1.0,0.8148148148148148,0.8148148148148148,0.8888888888888888,0.9149470899470901,0.06645439983022737,33
0.00056610107421875,4.965019826906221e-05,0.015800786018371583,0.0016873628572700017,kd_tree,40,5,uniform,"{'algorithm': 'kd_tree', 'leaf_size': 40, 'n_neighbors': 5, 'weights': 'uniform'}",0.9642857142857143,0.9259259259259259,0.8888888888888888,0.8518518518518519,0.9259259259259259,0.9629629629629629,1.0,0.8888888888888888,0.8148148148148148,0.8888888888888888,0.9112433862433862,0.053030451638520076,161
0.0005361795425415039,5.9271400622578645e-05,0.014813637733459473,0.001543855246087476,kd_tree,40,5,distance,"{'algorithm': 'kd_tree', 'leaf_size': 40, 'n_neighbors': 5, 'weights': 'distance'}",0.9642857142857143,0.9259259259259259,0.9259259259259259,0.8518518518518519,0.9259259259259259,0.9629629629629629,1.0,0.8888888888888888,0.8148148148148148,0.8888888888888888,0.9149470899470898,0.05263170833078003,97
0.0006200790405273438,0.00011072158813476563,0.015798401832580567,0.0015550193732487825,kd_tree,40,7,uniform,"{'algorithm': 'kd_tree', 'leaf_size': 40, 'n_neighbors': 7, 'weights': 'uniform'}",0.9642857142857143,0.9259259259259259,0.9259259259259259,0.8518518518518519,0.9259259259259259,0.9629629629629629,0.9259259259259259,0.8888888888888888,0.8518518518518519,0.8148148148148148,0.9038359788359788,0.04759718045831639,257
0.0006066322326660156,7.922417992890062e-05,0.014760375022888184,0.0013068685844522204,kd_tree,40,7,distance,"{'algorithm': 'kd_tree', 'leaf_size': 40, 'n_neighbors': 7, 'weights': 'distance'}",0.9642857142857143,0.9629629629629629,0.9259259259259259,0.8518518518518519,0.9259259259259259,0.9629629629629629,0.9629629629629629,0.8888888888888888,0.8518518518518519,0.8148148148148148,0.9112433862433862,0.053030451638520056,161
0.0005208969116210938,3.833334812601453e-05,0.015508151054382325,0.0010810394366701983,kd_tree,40,11,uniform,"{'algorithm': 'kd_tree', 'leaf_size': 40, 'n_neighbors': 11, 'weights': 'uniform'}",0.9642857142857143,0.8518518518518519,0.8518518518518519,0.8518518518518519,0.9259259259259259,0.9259259259259259,0.8888888888888888,0.8148148148148148,0.9259259259259259,0.8888888888888888,0.889021164021164,0.04404761904761906,545
0.0005087852478027344,3.9149172840051096e-05,0.01510162353515625,0.001329832567770886,kd_tree,40,11,distance,"{'algorithm': 'kd_tree', 'leaf_size': 40, 'n_neighbors': 11, 'weights': 'distance'}",0.9642857142857143,0.8888888888888888,0.8518518518518519,0.8518518518518519,0.9259259259259259,0.9629629629629629,0.9629629629629629,0.8148148148148148,0.9629629629629629,0.8888888888888888,0.9075396825396826,0.053168844616982916,225
0.0005293846130371094,4.5498886131170344e-05,0.015847015380859374,0.0012290637304785545,kd_tree,40,13,uniform,"{'algorithm': 'kd_tree', 'leaf_size': 40, 'n_neighbors': 13, 'weights': 'uniform'}",0.9642857142857143,0.8888888888888888,0.8148148148148148,0.8518518518518519,0.9259259259259259,0.8888888888888888,0.8518518518518519,0.8148148148148148,0.9259259259259259,0.8888888888888888,0.8816137566137566,0.04649334482859554,737
0.0005822420120239258,0.00010385095407942347,0.015003108978271484,0.0016130076427858205,kd_tree,40,13,distance,"{'algorithm': 'kd_tree', 'leaf_size': 40, 'n_neighbors': 13, 'weights': 'distance'}",0.9642857142857143,0.8888888888888888,0.8148148148148148,0.8518518518518519,0.9259259259259259,0.9259259259259259,0.8888888888888888,0.8148148148148148,0.9259259259259259,0.9259259259259259,0.8927248677248677,0.04834271548630229,385
0.0006016254425048828,0.00012365083531430438,0.01656630039215088,0.0014467042822703317,kd_tree,40,17,uniform,"{'algorithm': 'kd_tree', 'leaf_size': 40, 'n_neighbors': 17, 'weights': 'uniform'}",0.9642857142857143,0.9259259259259259,0.8888888888888888,0.8518518518518519,0.9629629629629629,0.8888888888888888,0.8518518518518519,0.7777777777777778,0.9259259259259259,0.8518518518518519,0.8890211640211639,0.05511430334995131,577
0.0006331205368041992,6.92070657281383e-05,0.015399932861328125,0.0011966005502991948,kd_tree,40,17,distance,"{'algorithm': 'kd_tree', 'leaf_size': 40, 'n_neighbors': 17, 'weights': 'distance'}",0.9642857142857143,0.9259259259259259,0.8888888888888888,0.8518518518518519,0.9629629629629629,0.9259259259259259,0.8518518518518519,0.7777777777777778,0.9259259259259259,0.8888888888888888,0.8964285714285716,0.0545963104766419,321
0.000603795051574707,9.709809949602921e-05,0.014378809928894043,0.0016578566779801365,kd_tree,40,19,uniform,"{'algorithm': 'kd_tree', 'leaf_size': 40, 'n_neighbors': 19, 'weights': 'uniform'}",0.9642857142857143,0.9259259259259259,0.8888888888888888,0.8888888888888888,0.9629629629629629,0.8888888888888888,0.8148148148148148,0.8148148148148148,0.9259259259259259,0.8148148148148148,0.8890211640211639,0.055114303349951335,577
0.0005005121231079102,5.828152285142035e-05,0.014865779876708984,0.00189213206283512,kd_tree,40,19,distance,"{'algorithm': 'kd_tree', 'leaf_size': 40, 'n_neighbors': 19, 'weights': 'distance'}",0.9642857142857143,0.9259259259259259,0.8888888888888888,0.8888888888888888,0.9629629629629629,0.9259259259259259,0.8148148148148148,0.8148148148148148,0.9259259259259259,0.8148148148148148,0.8927248677248677,0.05621444127694664,385
0.0005115270614624023,4.8628653181014765e-05,0.015871882438659668,0.0009215058159024802,kd_tree,40,23,uniform,"{'algorithm': 'kd_tree', 'leaf_size': 40, 'n_neighbors': 23, 'weights': 'uniform'}",0.9285714285714286,0.9629629629629629,0.8518518518518519,0.8888888888888888,0.9629629629629629,0.8888888888888888,0.8148148148148148,0.8148148148148148,0.8888888888888888,0.8148148148148148,0.8817460317460316,0.054654445597923325,705
0.0005072116851806641,4.457091064903513e-05,0.01582009792327881,0.0009652105085927097,kd_tree,40,23,distance,"{'algorithm': 'kd_tree', 'leaf_size': 40, 'n_neighbors': 23, 'weights': 'distance'}",0.9642857142857143,0.9629629629629629,0.8888888888888888,0.8888888888888888,0.9629629629629629,0.9259259259259259,0.8148148148148148,0.8148148148148148,0.8888888888888888,0.8148148148148148,0.8927248677248677,0.05860385508288557,385
0.0005980253219604493,4.1189602496324005e-05,0.01584782600402832,0.0010378360485389752,kd_tree,40,29,uniform,"{'algorithm': 'kd_tree', 'leaf_size': 40, 'n_neighbors': 29, 'weights': 'uniform'}",0.9285714285714286,0.9629629629629629,0.9259259259259259,0.8888888888888888,0.9629629629629629,0.8518518518518519,0.8148148148148148,0.8148148148148148,0.8888888888888888,0.8148148148148148,0.8854497354497355,0.056244779905782104,641
0.0006169795989990235,4.5905923296345766e-05,0.015998363494873047,0.001154695244916136,kd_tree,40,29,distance,"{'algorithm': 'kd_tree', 'leaf_size': 40, 'n_neighbors': 29, 'weights': 'distance'}",0.9285714285714286,0.9629629629629629,0.9259259259259259,0.8888888888888888,0.9629629629629629,0.8888888888888888,0.8148148148148148,0.8148148148148148,0.8888888888888888,0.8148148148148148,0.889153439153439,0.055118588923675764,513
0.0006308555603027344,2.601801119473951e-05,0.01594851016998291,0.001359980651830659,kd_tree,40,31,uniform,"{'algorithm': 'kd_tree', 'leaf_size': 40, 'n_neighbors': 31, 'weights': 'uniform'}",0.9285714285714286,1.0,0.9259259259259259,0.9259259259259259,0.9629629629629629,0.8518518518518519,0.8148148148148148,0.8148148148148148,0.8888888888888888,0.8148148148148148,0.8928571428571429,0.0631078542731494,353
0.0005540847778320312,5.7296801343559605e-05,0.015373158454895019,0.0012586083868731223,kd_tree,40,31,distance,"{'algorithm': 'kd_tree', 'leaf_size': 40, 'n_neighbors': 31, 'weights': 'distance'}",0.9285714285714286,1.0,0.9259259259259259,0.9259259259259259,0.9629629629629629,0.8888888888888888,0.8148148148148148,0.8148148148148148,0.8888888888888888,0.8148148148148148,0.8965608465608466,0.0616629156361344,289
0.0006250381469726562,0.00011858520224284715,0.01607701778411865,0.0014187097998188674,kd_tree,40,37,uniform,"{'algorithm': 'kd_tree', 'leaf_size': 40, 'n_neighbors': 37, 'weights': 'uniform'}",0.8928571428571429,1.0,0.8888888888888888,0.8888888888888888,0.9259259259259259,0.8518518518518519,0.8148148148148148,0.7037037037037037,0.8888888888888888,0.8518518518518519,0.8707671957671957,0.072782701265744,801
0.0005849599838256836,4.000948627546204e-05,0.015225529670715332,0.0015121266381810884,kd_tree,40,37,distance,"{'algorithm': 'kd_tree', 'leaf_size': 40, 'n_neighbors': 37, 'weights': 'distance'}",0.9285714285714286,1.0,0.8888888888888888,0.9259259259259259,0.9259259259259259,0.8888888888888888,0.8518518518518519,0.7777777777777778,0.8888888888888888,0.8148148148148148,0.8891534391534393,0.0598895290508307,481
0.000567483901977539,5.078134399185285e-05,0.015665674209594728,0.0016583292875326737,kd_tree,40,41,uniform,"{'algorithm': 'kd_tree', 'leaf_size': 40, 'n_neighbors': 41, 'weights': 'uniform'}",0.8571428571428571,1.0,0.8888888888888888,0.8518518518518519,0.9259259259259259,0.8148148148148148,0.8148148148148148,0.7407407407407407,0.8888888888888888,0.8148148148148148,0.8597883597883598,0.06785082532964794,865
0.0005275726318359375,8.242098209869345e-05,0.01480851173400879,0.0016134510852635713,kd_tree,40,41,distance,"{'algorithm': 'kd_tree', 'leaf_size': 40, 'n_neighbors': 41, 'weights': 'distance'}",0.8928571428571429,1.0,0.8888888888888888,0.8888888888888888,0.9259259259259259,0.8518518518518519,0.8518518518518519,0.7777777777777778,0.8888888888888888,0.8148148148148148,0.8781746031746032,0.057585884266853474,769
0.0004988431930541993,2.996250022729201e-05,0.015062212944030762,0.0016809286892629318,kd_tree,40,43,uniform,"{'algorithm': 'kd_tree', 'leaf_size': 40, 'n_neighbors': 43, 'weights': 'uniform'}",0.9285714285714286,1.0,0.8888888888888888,0.8518518518518519,0.9259259259259259,0.8148148148148148,0.8148148148148148,0.7407407407407407,0.9259259259259259,0.8148148148148148,0.8706349206349205,0.07287819624881071,833
0.0005585670471191407,9.302039504713801e-05,0.014823555946350098,0.001528839246906764,kd_tree,40,43,distance,"{'algorithm': 'kd_tree', 'leaf_size': 40, 'n_neighbors': 43, 'weights': 'distance'}",0.9285714285714286,1.0,0.8888888888888888,0.8888888888888888,0.9259259259259259,0.8518518518518519,0.8518518518518519,0.7777777777777778,0.9259259259259259,0.8148148148148148,0.8854497354497355,0.060927597290907604,641
0.0005442142486572265,3.5013811927228736e-05,0.01603093147277832,0.0015243422444733532,kd_tree,50,2,uniform,"{'algorithm': 'kd_tree', 'leaf_size': 50, 'n_neighbors': 2, 'weights': 'uniform'}",0.9285714285714286,1.0,0.9629629629629629,0.8518518518518519,0.9629629629629629,0.9629629629629629,0.9259259259259259,0.8518518518518519,0.8518518518518519,0.8148148148148148,0.9113756613756614,0.06024838242553935,129
0.0005764007568359375,4.9527430054841356e-05,0.014686131477355957,0.00172483622537326,kd_tree,50,2,distance,"{'algorithm': 'kd_tree', 'leaf_size': 50, 'n_neighbors': 2, 'weights': 'distance'}",0.9642857142857143,0.8888888888888888,0.9629629629629629,0.8518518518518519,0.9259259259259259,0.9629629629629629,1.0,0.8518518518518519,0.8888888888888888,0.9259259259259259,0.9223544973544973,0.04826157492490816,1
0.000569295883178711,3.0371719721686255e-05,0.015021228790283203,0.0021216771007360915,kd_tree,50,3,uniform,"{'algorithm': 'kd_tree', 'leaf_size': 50, 'n_neighbors': 3, 'weights': 'uniform'}",0.9642857142857143,0.9259259259259259,0.9629629629629629,0.8518518518518519,0.9259259259259259,1.0,1.0,0.8148148148148148,0.8148148148148148,0.8888888888888888,0.9149470899470901,0.06645439983022737,33
0.0006156206130981445,9.417337403481298e-05,0.015140867233276368,0.0016557240449736508,kd_tree,50,3,distance,"{'algorithm': 'kd_tree', 'leaf_size': 50, 'n_neighbors': 3, 'weights': 'distance'}",0.9642857142857143,0.9259259259259259,0.9629629629629629,0.8518518518518519,0.9259259259259259,1.0,1.0,0.8148148148148148,0.8148148148148148,0.8888888888888888,0.9149470899470901,0.06645439983022737,33
0.0005583047866821289,5.1258891115954874e-05,0.015314030647277831,0.0017161978941392607,kd_tree,50,5,uniform,"{'algorithm': 'kd_tree', 'leaf_size': 50, 'n_neighbors': 5, 'weights': 'uniform'}",0.9642857142857143,0.9259259259259259,0.8888888888888888,0.8518518518518519,0.9259259259259259,0.9629629629629629,1.0,0.8888888888888888,0.8148148148148148,0.8888888888888888,0.9112433862433862,0.053030451638520076,161
0.0005893945693969726,5.483030722133204e-05,0.01593019962310791,0.0011385480949704847,kd_tree,50,5,distance,"{'algorithm': 'kd_tree', 'leaf_size': 50, 'n_neighbors': 5, 'weights': 'distance'}",0.9642857142857143,0.9259259259259259,0.9259259259259259,0.8518518518518519,0.9259259259259259,0.9629629629629629,1.0,0.8888888888888888,0.8148148148148148,0.8888888888888888,0.9149470899470898,0.05263170833078003,97
0.0006026983261108399,5.240345455938095e-05,0.01613762378692627,0.0012742720995248247,kd_tree,50,7,uniform,"{'algorithm': 'kd_tree', 'leaf_size': 50, 'n_neighbors': 7, 'weights': 'uniform'}",0.9642857142857143,0.9259259259259259,0.9259259259259259,0.8518518518518519,0.9259259259259259,0.9629629629629629,0.9259259259259259,0.8888888888888888,0.8518518518518519,0.8148148148148148,0.9038359788359788,0.04759718045831639,257
0.0006035327911376953,7.345886515330958e-05,0.015334033966064453,0.0012936903861564123,kd_tree,50,7,distance,"{'algorithm': 'kd_tree', 'leaf_size': 50, 'n_neighbors': 7, 'weights': 'distance'}",0.9642857142857143,0.9629629629629629,0.9259259259259259,0.8518518518518519,0.9259259259259259,0.9629629629629629,0.9629629629629629,0.8888888888888888,0.8518518518518519,0.8148148148148148,0.9112433862433862,0.053030451638520056,161
0.0006172418594360352,7.27707598676533e-05,0.015497827529907226,0.001916470860030069,kd_tree,50,11,uniform,"{'algorithm': 'kd_tree', 'leaf_size': 50, 'n_neighbors': 11, 'weights': 'uniform'}",0.9642857142857143,0.8518518518518519,0.8518518518518519,0.8518518518518519,0.9259259259259259,0.9259259259259259,0.8888888888888888,0.8148148148148148,0.9259259259259259,0.8888888888888888,0.889021164021164,0.04404761904761906,545
0.0006007194519042969,4.4513355295944926e-05,0.01589534282684326,0.0009327979327365902,kd_tree,50,11,distance,"{'algorithm': 'kd_tree', 'leaf_size': 50, 'n_neighbors': 11, 'weights': 'distance'}",0.9642857142857143,0.8888888888888888,0.8518518518518519,0.8518518518518519,0.9259259259259259,0.9629629629629629,0.9629629629629629,0.8148148148148148,0.9629629629629629,0.8888888888888888,0.9075396825396826,0.053168844616982916,225
0.000606083869934082,5.443075274420294e-05,0.01631624698638916,0.0014273622699513277,kd_tree,50,13,uniform,"{'algorithm': 'kd_tree', 'leaf_size': 50, 'n_neighbors': 13, 'weights': 'uniform'}",0.9642857142857143,0.8888888888888888,0.8148148148148148,0.8518518518518519,0.9259259259259259,0.8888888888888888,0.8518518518518519,0.8148148148148148,0.9259259259259259,0.8888888888888888,0.8816137566137566,0.04649334482859554,737
0.0006084680557250976,5.868347263712355e-05,0.01576230525970459,0.0011073422218682027,kd_tree,50,13,distance,"{'algorithm': 'kd_tree', 'leaf_size': 50, 'n_neighbors': 13, 'weights': 'distance'}",0.9642857142857143,0.8888888888888888,0.8148148148148148,0.8518518518518519,0.9259259259259259,0.9259259259259259,0.8888888888888888,0.8148148148148148,0.9259259259259259,0.9259259259259259,0.8927248677248677,0.04834271548630229,385
0.0006334543228149414,8.574557388939204e-05,0.0157545804977417,0.0013662792313447283,kd_tree,50,17,uniform,"{'algorithm': 'kd_tree', 'leaf_size': 50, 'n_neighbors': 17, 'weights': 'uniform'}",0.9642857142857143,0.9259259259259259,0.8888888888888888,0.8518518518518519,0.9629629629629629,0.8888888888888888,0.8518518518518519,0.7777777777777778,0.9259259259259259,0.8518518518518519,0.8890211640211639,0.05511430334995131,577
0.0006211996078491211,5.1920346694319735e-05,0.015797019004821777,0.0008627357938265901,kd_tree,50,17,distance,"{'algorithm': 'kd_tree', 'leaf_size': 50, 'n_neighbors': 17, 'weights': 'distance'}",0.9642857142857143,0.9259259259259259,0.8888888888888888,0.8518518518518519,0.9629629629629629,0.9259259259259259,0.8518518518518519,0.7777777777777778,0.9259259259259259,0.8888888888888888,0.8964285714285716,0.0545963104766419,321
0.0006003618240356445,2.894257199365856e-05,0.01492307186126709,0.0013310699140522096,kd_tree,50,19,uniform,"{'algorithm': 'kd_tree', 'leaf_size': 50, 'n_neighbors': 19, 'weights': 'uniform'}",0.9642857142857143,0.9259259259259259,0.8888888888888888,0.8888888888888888,0.9629629629629629,0.8888888888888888,0.8148148148148148,0.8148148148148148,0.9259259259259259,0.8148148148148148,0.8890211640211639,0.055114303349951335,577
0.0006567239761352539,9.072346991972689e-05,0.015084505081176758,0.0015158482975406828,kd_tree,50,19,distance,"{'algorithm': 'kd_tree', 'leaf_size': 50, 'n_neighbors': 19, 'weights': 'distance'}",0.9642857142857143,0.9259259259259259,0.8888888888888888,0.8888888888888888,0.9629629629629629,0.9259259259259259,0.8148148148148148,0.8148148148148148,0.9259259259259259,0.8148148148148148,0.8927248677248677,0.05621444127694664,385
0.0006952285766601562,0.00011373885695968918,0.015672826766967775,0.0018888682526095788,kd_tree,50,23,uniform,"{'algorithm': 'kd_tree', 'leaf_size': 50, 'n_neighbors': 23, 'weights': 'uniform'}",0.9285714285714286,0.9629629629629629,0.8518518518518519,0.8888888888888888,0.9629629629629629,0.8888888888888888,0.8148148148148148,0.8148148148148148,0.8888888888888888,0.8148148148148148,0.8817460317460316,0.054654445597923325,705
0.0005998611450195312,4.446656707803811e-05,0.01495208740234375,0.0016505294430967609,kd_tree,50,23,distance,"{'algorithm': 'kd_tree', 'leaf_size': 50, 'n_neighbors': 23, 'weights': 'distance'}",0.9642857142857143,0.9629629629629629,0.8888888888888888,0.8888888888888888,0.9629629629629629,0.9259259259259259,0.8148148148148148,0.8148148148148148,0.8888888888888888,0.8148148148148148,0.8927248677248677,0.05860385508288557,385
0.0005176305770874023,5.1097440246122925e-05,0.01448960304260254,0.001541849484815074,kd_tree,50,29,uniform,"{'algorithm': 'kd_tree', 'leaf_size': 50, 'n_neighbors': 29, 'weights': 'uniform'}",0.9285714285714286,0.9629629629629629,0.9259259259259259,0.8888888888888888,0.9629629629629629,0.8518518518518519,0.8148148148148148,0.8148148148148148,0.8888888888888888,0.8148148148148148,0.8854497354497355,0.056244779905782104,641
0.0005211114883422851,4.548862167405517e-05,0.015227627754211426,0.0013365972565391097,kd_tree,50,29,distance,"{'algorithm': 'kd_tree', 'leaf_size': 50, 'n_neighbors': 29, 'weights': 'distance'}",0.9285714285714286,0.9629629629629629,0.9259259259259259,0.8888888888888888,0.9629629629629629,0.8888888888888888,0.8148148148148148,0.8148148148148148,0.8888888888888888,0.8148148148148148,0.889153439153439,0.055118588923675764,513
0.0005277395248413086,4.449049756680633e-05,0.015200304985046386,0.0016723917619734811,kd_tree,50,31,uniform,"{'algorithm': 'kd_tree', 'leaf_size': 50, 'n_neighbors': 31, 'weights': 'uniform'}",0.9285714285714286,1.0,0.9259259259259259,0.9259259259259259,0.9629629629629629,0.8518518518518519,0.8148148148148148,0.8148148148148148,0.8888888888888888,0.8148148148148148,0.8928571428571429,0.0631078542731494,353
0.0005170345306396484,2.90521036358093e-05,0.01493692398071289,0.0013370926083008782,kd_tree,50,31,distance,"{'algorithm': 'kd_tree', 'leaf_size': 50, 'n_neighbors': 31, 'weights': 'distance'}",0.9285714285714286,1.0,0.9259259259259259,0.9259259259259259,0.9629629629629629,0.8888888888888888,0.8148148148148148,0.8148148148148148,0.8888888888888888,0.8148148148148148,0.8965608465608466,0.0616629156361344,289
0.0005826950073242188,3.454338836944502e-05,0.016289615631103517,0.0015761086291395552,kd_tree,50,37,uniform,"{'algorithm': 'kd_tree', 'leaf_size': 50, 'n_neighbors': 37, 'weights': 'uniform'}",0.8928571428571429,1.0,0.8888888888888888,0.8888888888888888,0.9259259259259259,0.8518518518518519,0.8148148148148148,0.7037037037037037,0.8888888888888888,0.8518518518518519,0.8707671957671957,0.072782701265744,801
0.0005598306655883789,9.166990979819302e-05,0.015146327018737794,0.00172895862724715,kd_tree,50,37,distance,"{'algorithm': 'kd_tree', 'leaf_size': 50, 'n_neighbors': 37, 'weights': 'distance'}",0.9285714285714286,1.0,0.8888888888888888,0.9259259259259259,0.9259259259259259,0.8888888888888888,0.8518518518518519,0.7777777777777778,0.8888888888888888,0.8148148148148148,0.8891534391534393,0.0598895290508307,481
0.0005244731903076172,2.9870108760870963e-05,0.016022253036499023,0.0010572877674485104,kd_tree,50,41,uniform,"{'algorithm': 'kd_tree', 'leaf_size': 50, 'n_neighbors': 41, 'weights': 'uniform'}",0.8571428571428571,1.0,0.8888888888888888,0.8518518518518519,0.9259259259259259,0.8148148148148148,0.8148148148148148,0.7407407407407407,0.8888888888888888,0.8148148148148148,0.8597883597883598,0.06785082532964794,865
0.0005316972732543945,3.463631190356847e-05,0.015176200866699218,0.0013739006118354497,kd_tree,50,41,distance,"{'algorithm': 'kd_tree', 'leaf_size': 50, 'n_neighbors': 41, 'weights': 'distance'}",0.8928571428571429,1.0,0.8888888888888888,0.8888888888888888,0.9259259259259259,0.8518518518518519,0.8518518518518519,0.7777777777777778,0.8888888888888888,0.8148148148148148,0.8781746031746032,0.057585884266853474,769
0.000557565689086914,5.358981450602382e-05,0.014887619018554687,0.0018985726063512015,kd_tree,50,43,uniform,"{'algorithm': 'kd_tree', 'leaf_size': 50, 'n_neighbors': 43, 'weights': 'uniform'}",0.9285714285714286,1.0,0.8888888888888888,0.8518518518518519,0.9259259259259259,0.8148148148148148,0.8148148148148148,0.7407407407407407,0.9259259259259259,0.8148148148148148,0.8706349206349205,0.07287819624881071,833
0.0005381584167480468,0.00010682561474900334,0.015292859077453614,0.0015674964138453224,kd_tree,50,43,distance,"{'algorithm': 'kd_tree', 'leaf_size': 50, 'n_neighbors': 43, 'weights': 'distance'}",0.9285714285714286,1.0,0.8888888888888888,0.8888888888888888,0.9259259259259259,0.8518518518518519,0.8518518518518519,0.7777777777777778,0.9259259259259259,0.8148148148148148,0.8854497354497355,0.060927597290907604,641
0.0006250143051147461,9.486790306657319e-05,0.015869808197021485,0.0017003424319239195,kd_tree,60,2,uniform,"{'algorithm': 'kd_tree', 'leaf_size': 60, 'n_neighbors': 2, 'weights': 'uniform'}",0.9285714285714286,1.0,0.9629629629629629,0.8518518518518519,0.9629629629629629,0.9629629629629629,0.9259259259259259,0.8518518518518519,0.8518518518518519,0.8148148148148148,0.9113756613756614,0.06024838242553935,129
0.000580596923828125,6.101296811324118e-05,0.014192461967468262,0.001473366558091086,kd_tree,60,2,distance,"{'algorithm': 'kd_tree', 'leaf_size': 60, 'n_neighbors': 2, 'weights': 'distance'}",0.9642857142857143,0.8888888888888888,0.9629629629629629,0.8518518518518519,0.9259259259259259,0.9629629629629629,1.0,0.8518518518518519,0.8888888888888888,0.9259259259259259,0.9223544973544973,0.04826157492490816,1
0.0006675004959106445,0.0001026136530456476,0.016270375251770018,0.00168072190516209,kd_tree,60,3,uniform,"{'algorithm': 'kd_tree', 'leaf_size': 60, 'n_neighbors': 3, 'weights': 'uniform'}",0.9642857142857143,0.9259259259259259,0.9629629629629629,0.8518518518518519,0.9259259259259259,1.0,1.0,0.8148148148148148,0.8148148148148148,0.8888888888888888,0.9149470899470901,0.06645439983022737,33
0.0006021738052368164,6.315780162580856e-05,0.01443638801574707,0.0014162585308278334,kd_tree,60,3,distance,"{'algorithm': 'kd_tree', 'leaf_size': 60, 'n_neighbors': 3, 'weights': 'distance'}",0.9642857142857143,0.9259259259259259,0.9629629629629629,0.8518518518518519,0.9259259259259259,1.0,1.0,0.8148148148148148,0.8148148148148148,0.8888888888888888,0.9149470899470901,0.06645439983022737,33
0.0005827665328979493,6.729108760799824e-05,0.015608716011047363,0.001450937069717167,kd_tree,60,5,uniform,"{'algorithm': 'kd_tree', 'leaf_size': 60, 'n_neighbors': 5, 'weights': 'uniform'}",0.9642857142857143,0.9259259259259259,0.8888888888888888,0.8518518518518519,0.9259259259259259,0.9629629629629629,1.0,0.8888888888888888,0.8148148148148148,0.8888888888888888,0.9112433862433862,0.053030451638520076,161
0.0005640983581542969,3.741394520093696e-05,0.015489959716796875,0.0009782456734699063,kd_tree,60,5,distance,"{'algorithm': 'kd_tree', 'leaf_size': 60, 'n_neighbors': 5, 'weights': 'distance'}",0.9642857142857143,0.9259259259259259,0.9259259259259259,0.8518518518518519,0.9259259259259259,0.9629629629629629,1.0,0.8888888888888888,0.8148148148148148,0.8888888888888888,0.9149470899470898,0.05263170833078003,97
0.0006371736526489258,0.00014312619982276983,0.015552759170532227,0.0015637412880828974,kd_tree,60,7,uniform,"{'algorithm': 'kd_tree', 'leaf_size': 60, 'n_neighbors': 7, 'weights': 'uniform'}",0.9642857142857143,0.9259259259259259,0.9259259259259259,0.8518518518518519,0.9259259259259259,0.9629629629629629,0.9259259259259259,0.8888888888888888,0.8518518518518519,0.8148148148148148,0.9038359788359788,0.04759718045831639,257
0.0005593061447143555,2.8910344333291402e-05,0.015080666542053223,0.0017597188997454764,kd_tree,60,7,distance,"{'algorithm': 'kd_tree', 'leaf_size': 60, 'n_neighbors': 7, 'weights': 'distance'}",0.9642857142857143,0.9629629629629629,0.9259259259259259,0.8518518518518519,0.9259259259259259,0.9629629629629629,0.9629629629629629,0.8888888888888888,0.8518518518518519,0.8148148148148148,0.9112433862433862,0.053030451638520056,161
0.0005677223205566406,4.284227296251874e-05,0.01603744029998779,0.001231274015124035,kd_tree,60,11,uniform,"{'algorithm': 'kd_tree', 'leaf_size': 60, 'n_neighbors': 11, 'weights': 'uniform'}",0.9642857142857143,0.8518518518518519,0.8518518518518519,0.8518518518518519,0.9259259259259259,0.9259259259259259,0.8888888888888888,0.8148148148148148,0.9259259259259259,0.8888888888888888,0.889021164021164,0.04404761904761906,545
0.0005686998367309571,7.453729345627551e-05,0.015408062934875488,0.0016036272701170913,kd_tree,60,11,distance,"{'algorithm': 'kd_tree', 'leaf_size': 60, 'n_neighbors': 11, 'weights': 'distance'}",0.9642857142857143,0.8888888888888888,0.8518518518518519,0.8518518518518519,0.9259259259259259,0.9629629629629629,0.9629629629629629,0.8148148148148148,0.9629629629629629,0.8888888888888888,0.9075396825396826,0.053168844616982916,225
0.0005567073822021484,2.2741183451958504e-05,0.016277623176574708,0.0009126331736012193,kd_tree,60,13,uniform,"{'algorithm': 'kd_tree', 'leaf_size': 60, 'n_neighbors': 13, 'weights': 'uniform'}",0.9642857142857143,0.8888888888888888,0.8148148148148148,0.8518518518518519,0.9259259259259259,0.8888888888888888,0.8518518518518519,0.8148148148148148,0.9259259259259259,0.8888888888888888,0.8816137566137566,0.04649334482859554,737
0.0005904197692871094,5.7512590620486127e-05,0.015734243392944335,0.0010609113691546583,kd_tree,60,13,distance,"{'algorithm': 'kd_tree', 'leaf_size': 60, 'n_neighbors': 13, 'weights': 'distance'}",0.9642857142857143,0.8888888888888888,0.8148148148148148,0.8518518518518519,0.9259259259259259,0.9259259259259259,0.8888888888888888,0.8148148148148148,0.9259259259259259,0.9259259259259259,0.8927248677248677,0.04834271548630229,385
0.0005754709243774414,5.477269778839269e-05,0.016434669494628906,0.000994121939079303,kd_tree,60,17,uniform,"{'algorithm': 'kd_tree', 'leaf_size': 60, 'n_neighbors': 17, 'weights': 'uniform'}",0.9642857142857143,0.9259259259259259,0.8888888888888888,0.8518518518518519,0.9629629629629629,0.8888888888888888,0.8518518518518519,0.7777777777777778,0.9259259259259259,0.8518518518518519,0.8890211640211639,0.05511430334995131,577
0.0005820274353027343,4.09795418430721e-05,0.015522098541259766,0.001315654814228971,kd_tree,60,17,distance,"{'algorithm': 'kd_tree', 'leaf_size': 60, 'n_neighbors': 17, 'weights': 'distance'}",0.9642857142857143,0.9259259259259259,0.8888888888888888,0.8518518518518519,0.9629629629629629,0.9259259259259259,0.8518518518518519,0.7777777777777778,0.9259259259259259,0.8888888888888888,0.8964285714285716,0.0545963104766419,321
0.0006009101867675781,7.048817771943061e-05,0.016137981414794923,0.0013048899238856093,kd_tree,60,19,uniform,"{'algorithm': 'kd_tree', 'leaf_size': 60, 'n_neighbors': 19, 'weights': 'uniform'}",0.9642857142857143,0.9259259259259259,0.8888888888888888,0.8888888888888888,0.9629629629629629,0.8888888888888888,0.8148148148148148,0.8148148148148148,0.9259259259259259,0.8148148148148148,0.8890211640211639,0.055114303349951335,577
0.0005892276763916016,4.898317685866943e-05,0.015680527687072753,0.0009831244239690488,kd_tree,60,19,distance,"{'algorithm': 'kd_tree', 'leaf_size': 60, 'n_neighbors': 19, 'weights': 'distance'}",0.9642857142857143,0.9259259259259259,0.8888888888888888,0.8888888888888888,0.9629629629629629,0.9259259259259259,0.8148148148148148,0.8148148148148148,0.9259259259259259,0.8148148148148148,0.8927248677248677,0.05621444127694664,385
0.000587630271911621,4.501997492948421e-05,0.015886211395263673,0.001012486923554546,kd_tree,60,23,uniform,"{'algorithm': 'kd_tree', 'leaf_size': 60, 'n_neighbors': 23, 'weights': 'uniform'}",0.9285714285714286,0.9629629629629629,0.8518518518518519,0.8888888888888888,0.9629629629629629,0.8888888888888888,0.8148148148148148,0.8148148148148148,0.8888888888888888,0.8148148148148148,0.8817460317460316,0.054654445597923325,705
0.0006277084350585938,6.044198298349583e-05,0.01589510440826416,0.0009013728896991669,kd_tree,60,23,distance,"{'algorithm': 'kd_tree', 'leaf_size': 60, 'n_neighbors': 23, 'weights': 'distance'}",0.9642857142857143,0.9629629629629629,0.8888888888888888,0.8888888888888888,0.9629629629629629,0.9259259259259259,0.8148148148148148,0.8148148148148148,0.8888888888888888,0.8148148148148148,0.8927248677248677,0.05860385508288557,385
0.0006476640701293945,6.785505435273499e-05,0.015968132019042968,0.0015928074600359114,kd_tree,60,29,uniform,"{'algorithm': 'kd_tree', 'leaf_size': 60, 'n_neighbors': 29, 'weights': 'uniform'}",0.9285714285714286,0.9629629629629629,0.9259259259259259,0.8888888888888888,0.9629629629629629,0.8518518518518519,0.8148148148148148,0.8148148148148148,0.8888888888888888,0.8148148148148148,0.8854497354497355,0.056244779905782104,641
0.0006788015365600586,8.590539025907172e-05,0.015798521041870118,0.0014615454940657207,kd_tree,60,29,distance,"{'algorithm': 'kd_tree', 'leaf_size': 60, 'n_neighbors': 29, 'weights': 'distance'}",0.9285714285714286,0.9629629629629629,0.9259259259259259,0.8888888888888888,0.9629629629629629,0.8888888888888888,0.8148148148148148,0.8148148148148148,0.8888888888888888,0.8148148148148148,0.889153439153439,0.055118588923675764,513
0.0006606101989746094,0.00013628719216403264,0.0158977746963501,0.0013889202679332492,kd_tree,60,31,uniform,"{'algorithm': 'kd_tree', 'leaf_size': 60, 'n_neighbors': 31, 'weights': 'uniform'}",0.9285714285714286,1.0,0.9259259259259259,0.9259259259259259,0.9629629629629629,0.8518518518518519,0.8148148148148148,0.8148148148148148,0.8888888888888888,0.8148148148148148,0.8928571428571429,0.0631078542731494,353
0.0007190227508544922,0.00010234761717710047,0.015487980842590333,0.001274233510768455,kd_tree,60,31,distance,"{'algorithm': 'kd_tree', 'leaf_size': 60, 'n_neighbors': 31, 'weights': 'distance'}",0.9285714285714286,1.0,0.9259259259259259,0.9259259259259259,0.9629629629629629,0.8888888888888888,0.8148148148148148,0.8148148148148148,0.8888888888888888,0.8148148148148148,0.8965608465608466,0.0616629156361344,289
0.0007330179214477539,0.00011866307290198123,0.01677050590515137,0.0015247715537984549,kd_tree,60,37,uniform,"{'algorithm': 'kd_tree', 'leaf_size': 60, 'n_neighbors': 37, 'weights': 'uniform'}",0.8928571428571429,1.0,0.8888888888888888,0.8888888888888888,0.9259259259259259,0.8518518518518519,0.8148148148148148,0.7037037037037037,0.8888888888888888,0.8518518518518519,0.8707671957671957,0.072782701265744,801
0.0005833864212036133,8.139838300415447e-05,0.01527252197265625,0.0016761408689909335,kd_tree,60,37,distance,"{'algorithm': 'kd_tree', 'leaf_size': 60, 'n_neighbors': 37, 'weights': 'distance'}",0.9285714285714286,1.0,0.8888888888888888,0.9259259259259259,0.9259259259259259,0.8888888888888888,0.8518518518518519,0.7777777777777778,0.8888888888888888,0.8148148148148148,0.8891534391534393,0.0598895290508307,481
0.0005943775177001953,6.0209542747375443e-05,0.016209673881530762,0.0014515909908691803,kd_tree,60,41,uniform,"{'algorithm': 'kd_tree', 'leaf_size': 60, 'n_neighbors': 41, 'weights': 'uniform'}",0.8571428571428571,1.0,0.8888888888888888,0.8518518518518519,0.9259259259259259,0.8148148148148148,0.8148148148148148,0.7407407407407407,0.8888888888888888,0.8148148148148148,0.8597883597883598,0.06785082532964794,865
0.0006441593170166016,0.00012316943781778359,0.015624094009399413,0.001558168479353379,kd_tree,60,41,distance,"{'algorithm': 'kd_tree', 'leaf_size': 60, 'n_neighbors': 41, 'weights': 'distance'}",0.8928571428571429,1.0,0.8888888888888888,0.8888888888888888,0.9259259259259259,0.8518518518518519,0.8518518518518519,0.7777777777777778,0.8888888888888888,0.8148148148148148,0.8781746031746032,0.057585884266853474,769
0.0006193399429321289,4.150607261412114e-05,0.016636252403259277,0.0009080576734254615,kd_tree,60,43,uniform,"{'algorithm': 'kd_tree', 'leaf_size': 60, 'n_neighbors': 43, 'weights': 'uniform'}",0.9285714285714286,1.0,0.8888888888888888,0.8518518518518519,0.9259259259259259,0.8148148148148148,0.8148148148148148,0.7407407407407407,0.9259259259259259,0.8148148148148148,0.8706349206349205,0.07287819624881071,833
0.00060272216796875,4.336544932150344e-05,0.015243816375732421,0.0017137505998847437,kd_tree,60,43,distance,"{'algorithm': 'kd_tree', 'leaf_size': 60, 'n_neighbors': 43, 'weights': 'distance'}",0.9285714285714286,1.0,0.8888888888888888,0.8888888888888888,0.9259259259259259,0.8518518518518519,0.8518518518518519,0.7777777777777778,0.9259259259259259,0.8148148148148148,0.8854497354497355,0.060927597290907604,641
0.0004667520523071289,4.188791886802831e-05,0.015195846557617188,0.0018385430133242085,kd_tree,70,2,uniform,"{'algorithm': 'kd_tree', 'leaf_size': 70, 'n_neighbors': 2, 'weights': 'uniform'}",0.9285714285714286,1.0,0.9629629629629629,0.8518518518518519,0.9629629629629629,0.9629629629629629,0.9259259259259259,0.8518518518518519,0.8518518518518519,0.8148148148148148,0.9113756613756614,0.06024838242553935,129
0.00048573017120361327,3.125030996880899e-05,0.014361262321472168,0.001625736030381359,kd_tree,70,2,distance,"{'algorithm': 'kd_tree', 'leaf_size': 70, 'n_neighbors': 2, 'weights': 'distance'}",0.9642857142857143,0.8888888888888888,0.9629629629629629,0.8518518518518519,0.9259259259259259,0.9629629629629629,1.0,0.8518518518518519,0.8888888888888888,0.9259259259259259,0.9223544973544973,0.04826157492490816,1
0.0005278587341308594,0.0001315852852105526,0.016218042373657225,0.0011487010614957558,kd_tree,70,3,uniform,"{'algorithm': 'kd_tree', 'leaf_size': 70, 'n_neighbors': 3, 'weights': 'uniform'}",0.9642857142857143,0.9259259259259259,0.9629629629629629,0.8518518518518519,0.9259259259259259,1.0,1.0,0.8148148148148148,0.8148148148148148,0.8888888888888888,0.9149470899470901,0.06645439983022737,33
0.0004792928695678711,6.255097151998347e-05,0.014411711692810058,0.0020048526749700635,kd_tree,70,3,distance,"{'algorithm': 'kd_tree', 'leaf_size': 70, 'n_neighbors': 3, 'weights': 'distance'}",0.9642857142857143,0.9259259259259259,0.9629629629629629,0.8518518518518519,0.9259259259259259,1.0,1.0,0.8148148148148148,0.8148148148148148,0.8888888888888888,0.9149470899470901,0.06645439983022737,33
0.0004863739013671875,4.9158534647220586e-05,0.015490484237670899,0.0018272607329063292,kd_tree,70,5,uniform,"{'algorithm': 'kd_tree', 'leaf_size': 70, 'n_neighbors': 5, 'weights': 'uniform'}",0.9642857142857143,0.9259259259259259,0.8888888888888888,0.8518518518518519,0.9259259259259259,0.9629629629629629,1.0,0.8888888888888888,0.8148148148148148,0.8888888888888888,0.9112433862433862,0.053030451638520076,161
0.0004828214645385742,6.872259524510728e-05,0.01482245922088623,0.0013619695479769646,kd_tree,70,5,distance,"{'algorithm': 'kd_tree', 'leaf_size': 70, 'n_neighbors': 5, 'weights': 'distance'}",0.9642857142857143,0.9259259259259259,0.9259259259259259,0.8518518518518519,0.9259259259259259,0.9629629629629629,1.0,0.8888888888888888,0.8148148148148148,0.8888888888888888,0.9149470899470898,0.05263170833078003,97
0.0005092620849609375,2.9731284353974368e-05,0.016600441932678223,0.0011467765573411864,kd_tree,70,7,uniform,"{'algorithm': 'kd_tree', 'leaf_size': 70, 'n_neighbors': 7, 'weights': 'uniform'}",0.9642857142857143,0.9259259259259259,0.9259259259259259,0.8518518518518519,0.9259259259259259,0.9629629629629629,0.9259259259259259,0.8888888888888888,0.8518518518518519,0.8148148148148148,0.9038359788359788,0.04759718045831639,257
0.0005263090133666992,9.542804520316087e-05,0.015556144714355468,0.00111873241508706,kd_tree,70,7,distance,"{'algorithm': 'kd_tree', 'leaf_size': 70, 'n_neighbors': 7, 'weights': 'distance'}",0.9642857142857143,0.9629629629629629,0.9259259259259259,0.8518518518518519,0.9259259259259259,0.9629629629629629,0.9629629629629629,0.8888888888888888,0.8518518518518519,0.8148148148148148,0.9112433862433862,0.053030451638520056,161
0.000497746467590332,4.1499498394891875e-05,0.014954590797424316,0.0018855231798468666,kd_tree,70,11,uniform,"{'algorithm': 'kd_tree', 'leaf_size': 70, 'n_neighbors': 11, 'weights': 'uniform'}",0.9642857142857143,0.8518518518518519,0.8518518518518519,0.8518518518518519,0.9259259259259259,0.9259259259259259,0.8888888888888888,0.8148148148148148,0.9259259259259259,0.8888888888888888,0.889021164021164,0.04404761904761906,545
0.0004910469055175781,2.9258185596734785e-05,0.015590524673461914,0.0015504445410559847,kd_tree,70,11,distance,"{'algorithm': 'kd_tree', 'leaf_size': 70, 'n_neighbors': 11, 'weights': 'distance'}",0.9642857142857143,0.8888888888888888,0.8518518518518519,0.8518518518518519,0.9259259259259259,0.9629629629629629,0.9629629629629629,0.8148148148148148,0.9629629629629629,0.8888888888888888,0.9075396825396826,0.053168844616982916,225
0.0005424261093139648,0.000109083962315508,0.016304373741149902,0.0013227974544246061,kd_tree,70,13,uniform,"{'algorithm': 'kd_tree', 'leaf_size': 70, 'n_neighbors': 13, 'weights': 'uniform'}",0.9642857142857143,0.8888888888888888,0.8148148148148148,0.8518518518518519,0.9259259259259259,0.8888888888888888,0.8518518518518519,0.8148148148148148,0.9259259259259259,0.8888888888888888,0.8816137566137566,0.04649334482859554,737
0.0004733085632324219,3.049611290385916e-05,0.015724444389343263,0.0007505125918832088,kd_tree,70,13,distance,"{'algorithm': 'kd_tree', 'leaf_size': 70, 'n_neighbors': 13, 'weights': 'distance'}",0.9642857142857143,0.8888888888888888,0.8148148148148148,0.8518518518518519,0.9259259259259259,0.9259259259259259,0.8888888888888888,0.8148148148148148,0.9259259259259259,0.9259259259259259,0.8927248677248677,0.04834271548630229,385
0.0005037784576416016,2.7450666618252013e-05,0.016478967666625977,0.000971963292616879,kd_tree,70,17,uniform,"{'algorithm': 'kd_tree', 'leaf_size': 70, 'n_neighbors': 17, 'weights': 'uniform'}",0.9642857142857143,0.9259259259259259,0.8888888888888888,0.8518518518518519,0.9629629629629629,0.8888888888888888,0.8518518518518519,0.7777777777777778,0.9259259259259259,0.8518518518518519,0.8890211640211639,0.05511430334995131,577
0.0005364179611206055,5.298317993805866e-05,0.014758133888244629,0.0014990647533805741,kd_tree,70,17,distance,"{'algorithm': 'kd_tree', 'leaf_size': 70, 'n_neighbors': 17, 'weights': 'distance'}",0.9642857142857143,0.9259259259259259,0.8888888888888888,0.8518518518518519,0.9629629629629629,0.9259259259259259,0.8518518518518519,0.7777777777777778,0.9259259259259259,0.8888888888888888,0.8964285714285716,0.0545963104766419,321
0.0005084991455078125,3.823163650913064e-05,0.015749573707580566,0.0012486579056952285,kd_tree,70,19,uniform,"{'algorithm': 'kd_tree', 'leaf_size': 70, 'n_neighbors': 19, 'weights': 'uniform'}",0.9642857142857143,0.9259259259259259,0.8888888888888888,0.8888888888888888,0.9629629629629629,0.8888888888888888,0.8148148148148148,0.8148148148148148,0.9259259259259259,0.8148148148148148,0.8890211640211639,0.055114303349951335,577
0.0005433559417724609,6.934202614095667e-05,0.015542006492614746,0.0014497577588164696,kd_tree,70,19,distance,"{'algorithm': 'kd_tree', 'leaf_size': 70, 'n_neighbors': 19, 'weights': 'distance'}",0.9642857142857143,0.9259259259259259,0.8888888888888888,0.8888888888888888,0.9629629629629629,0.9259259259259259,0.8148148148148148,0.8148148148148148,0.9259259259259259,0.8148148148148148,0.8927248677248677,0.05621444127694664,385
0.0005121469497680664,5.3595992803751384e-05,0.015943074226379396,0.0016064303264095667,kd_tree,70,23,uniform,"{'algorithm': 'kd_tree', 'leaf_size': 70, 'n_neighbors': 23, 'weights': 'uniform'}",0.9285714285714286,0.9629629629629629,0.8518518518518519,0.8888888888888888,0.9629629629629629,0.8888888888888888,0.8148148148148148,0.8148148148148148,0.8888888888888888,0.8148148148148148,0.8817460317460316,0.054654445597923325,705
0.0005554437637329101,0.0001401800704289661,0.015483760833740234,0.0008903396504368248,kd_tree,70,23,distance,"{'algorithm': 'kd_tree', 'leaf_size': 70, 'n_neighbors': 23, 'weights': 'distance'}",0.9642857142857143,0.9629629629629629,0.8888888888888888,0.8888888888888888,0.9629629629629629,0.9259259259259259,0.8148148148148148,0.8148148148148148,0.8888888888888888,0.8148148148148148,0.8927248677248677,0.05860385508288557,385
0.00047924518585205076,1.9147387033022674e-05,0.015967822074890135,0.0014404690813142802,kd_tree,70,29,uniform,"{'algorithm': 'kd_tree', 'leaf_size': 70, 'n_neighbors': 29, 'weights': 'uniform'}",0.9285714285714286,0.9629629629629629,0.9259259259259259,0.8888888888888888,0.9629629629629629,0.8518518518518519,0.8148148148148148,0.8148148148148148,0.8888888888888888,0.8148148148148148,0.8854497354497355,0.056244779905782104,641
0.0005264997482299805,6.045141038491459e-05,0.015410876274108887,0.001522610544542912,kd_tree,70,29,distance,"{'algorithm': 'kd_tree', 'leaf_size': 70, 'n_neighbors': 29, 'weights': 'distance'}",0.9285714285714286,0.9629629629629629,0.9259259259259259,0.8888888888888888,0.9629629629629629,0.8888888888888888,0.8148148148148148,0.8148148148148148,0.8888888888888888,0.8148148148148148,0.889153439153439,0.055118588923675764,513
0.0005016803741455078,4.239747388954683e-05,0.01620020866394043,0.00100231866058311,kd_tree,70,31,uniform,"{'algorithm': 'kd_tree', 'leaf_size': 70, 'n_neighbors': 31, 'weights': 'uniform'}",0.9285714285714286,1.0,0.9259259259259259,0.9259259259259259,0.9629629629629629,0.8518518518518519,0.8148148148148148,0.8148148148148148,0.8888888888888888,0.8148148148148148,0.8928571428571429,0.0631078542731494,353
0.0005212545394897461,6.744322210799616e-05,0.014716267585754395,0.0014310490243944712,kd_tree,70,31,distance,"{'algorithm': 'kd_tree', 'leaf_size': 70, 'n_neighbors': 31, 'weights': 'distance'}",0.9285714285714286,1.0,0.9259259259259259,0.9259259259259259,0.9629629629629629,0.8888888888888888,0.8148148148148148,0.8148148148148148,0.8888888888888888,0.8148148148148148,0.8965608465608466,0.0616629156361344,289
0.0004903078079223633,4.380564284150927e-05,0.015017318725585937,0.0020666008227437187,kd_tree,70,37,uniform,"{'algorithm': 'kd_tree', 'leaf_size': 70, 'n_neighbors': 37, 'weights': 'uniform'}",0.8928571428571429,1.0,0.8888888888888888,0.8888888888888888,0.9259259259259259,0.8518518518518519,0.8148148148148148,0.7037037037037037,0.8888888888888888,0.8518518518518519,0.8707671957671957,0.072782701265744,801
0.0004921197891235351,5.090730227767717e-05,0.015151286125183105,0.0015334905581032077,kd_tree,70,37,distance,"{'algorithm': 'kd_tree', 'leaf_size': 70, 'n_neighbors': 37, 'weights': 'distance'}",0.9285714285714286,1.0,0.8888888888888888,0.9259259259259259,0.9259259259259259,0.8888888888888888,0.8518518518518519,0.7777777777777778,0.8888888888888888,0.8148148148148148,0.8891534391534393,0.0598895290508307,481
0.00046622753143310547,4.46579383260675e-05,0.01573050022125244,0.0013608403363079412,kd_tree,70,41,uniform,"{'algorithm': 'kd_tree', 'leaf_size': 70, 'n_neighbors': 41, 'weights': 'uniform'}",0.8571428571428571,1.0,0.8888888888888888,0.8518518518518519,0.9259259259259259,0.8148148148148148,0.8148148148148148,0.7407407407407407,0.8888888888888888,0.8148148148148148,0.8597883597883598,0.06785082532964794,865
0.0004523038864135742,5.365535301842847e-05,0.015217757225036621,0.0016956574448757317,kd_tree,70,41,distance,"{'algorithm': 'kd_tree', 'leaf_size': 70, 'n_neighbors': 41, 'weights': 'distance'}",0.8928571428571429,1.0,0.8888888888888888,0.8888888888888888,0.9259259259259259,0.8518518518518519,0.8518518518518519,0.7777777777777778,0.8888888888888888,0.8148148148148148,0.8781746031746032,0.057585884266853474,769
0.000499105453491211,4.45860847064772e-05,0.015935373306274415,0.0013675995938677622,kd_tree,70,43,uniform,"{'algorithm': 'kd_tree', 'leaf_size': 70, 'n_neighbors': 43, 'weights': 'uniform'}",0.9285714285714286,1.0,0.8888888888888888,0.8518518518518519,0.9259259259259259,0.8148148148148148,0.8148148148148148,0.7407407407407407,0.9259259259259259,0.8148148148148148,0.8706349206349205,0.07287819624881071,833
0.0006479263305664062,0.00015347377097864638,0.015537285804748535,0.0010462042811640172,kd_tree,70,43,distance,"{'algorithm': 'kd_tree', 'leaf_size': 70, 'n_neighbors': 43, 'weights': 'distance'}",0.9285714285714286,1.0,0.8888888888888888,0.8888888888888888,0.9259259259259259,0.8518518518518519,0.8518518518518519,0.7777777777777778,0.9259259259259259,0.8148148148148148,0.8854497354497355,0.060927597290907604,641
0.0005012750625610352,8.158231242776501e-05,0.01595172882080078,0.001518450268005692,kd_tree,80,2,uniform,"{'algorithm': 'kd_tree', 'leaf_size': 80, 'n_neighbors': 2, 'weights': 'uniform'}",0.9285714285714286,1.0,0.9629629629629629,0.8518518518518519,0.9629629629629629,0.9629629629629629,0.9259259259259259,0.8518518518518519,0.8518518518518519,0.8148148148148148,0.9113756613756614,0.06024838242553935,129
0.0004746198654174805,5.2371727550484e-05,0.015118122100830078,0.0019301640113756964,kd_tree,80,2,distance,"{'algorithm': 'kd_tree', 'leaf_size': 80, 'n_neighbors': 2, 'weights': 'distance'}",0.9642857142857143,0.8888888888888888,0.9629629629629629,0.8518518518518519,0.9259259259259259,0.9629629629629629,1.0,0.8518518518518519,0.8888888888888888,0.9259259259259259,0.9223544973544973,0.04826157492490816,1
0.0005558490753173828,0.0001126046279656855,0.015012574195861817,0.0018694139289814954,kd_tree,80,3,uniform,"{'algorithm': 'kd_tree', 'leaf_size': 80, 'n_neighbors': 3, 'weights': 'uniform'}",0.9642857142857143,0.9259259259259259,0.9629629629629629,0.8518518518518519,0.9259259259259259,1.0,1.0,0.8148148148148148,0.8148148148148148,0.8888888888888888,0.9149470899470901,0.06645439983022737,33
0.0004985809326171875,2.5410499597350224e-05,0.015691804885864257,0.0013875520828636229,kd_tree,80,3,distance,"{'algorithm': 'kd_tree', 'leaf_size': 80, 'n_neighbors': 3, 'weights': 'distance'}",0.9642857142857143,0.9259259259259259,0.9629629629629629,0.8518518518518519,0.9259259259259259,1.0,1.0,0.8148148148148148,0.8148148148148148,0.8888888888888888,0.9149470899470901,0.06645439983022737,33
0.0004790306091308594,3.5725701495037325e-05,0.015913796424865723,0.0014650474473223724,kd_tree,80,5,uniform,"{'algorithm': 'kd_tree', 'leaf_size': 80, 'n_neighbors': 5, 'weights': 'uniform'}",0.9642857142857143,0.9259259259259259,0.8888888888888888,0.8518518518518519,0.9259259259259259,0.9629629629629629,1.0,0.8888888888888888,0.8148148148148148,0.8888888888888888,0.9112433862433862,0.053030451638520076,161
0.0004791259765625,4.816128475275341e-05,0.014774417877197266,0.0018943757286847955,kd_tree,80,5,distance,"{'algorithm': 'kd_tree', 'leaf_size': 80, 'n_neighbors': 5, 'weights': 'distance'}",0.9642857142857143,0.9259259259259259,0.9259259259259259,0.8518518518518519,0.9259259259259259,0.9629629629629629,1.0,0.8888888888888888,0.8148148148148148,0.8888888888888888,0.9149470899470898,0.05263170833078003,97
0.0004684925079345703,2.629012169261179e-05,0.015272855758666992,0.0016313570668837324,kd_tree,80,7,uniform,"{'algorithm': 'kd_tree', 'leaf_size': 80, 'n_neighbors': 7, 'weights': 'uniform'}",0.9642857142857143,0.9259259259259259,0.9259259259259259,0.8518518518518519,0.9259259259259259,0.9629629629629629,0.9259259259259259,0.8888888888888888,0.8518518518518519,0.8148148148148148,0.9038359788359788,0.04759718045831639,257
0.0004847288131713867,4.287975875705419e-05,0.015511894226074218,0.001138598802669238,kd_tree,80,7,distance,"{'algorithm': 'kd_tree', 'leaf_size': 80, 'n_neighbors': 7, 'weights': 'distance'}",0.9642857142857143,0.9629629629629629,0.9259259259259259,0.8518518518518519,0.9259259259259259,0.9629629629629629,0.9629629629629629,0.8888888888888888,0.8518518518518519,0.8148148148148148,0.9112433862433862,0.053030451638520056,161
0.0004984140396118164,3.514830865974105e-05,0.015615272521972656,0.001711040698192345,kd_tree,80,11,uniform,"{'algorithm': 'kd_tree', 'leaf_size': 80, 'n_neighbors': 11, 'weights': 'uniform'}",0.9642857142857143,0.8518518518518519,0.8518518518518519,0.8518518518518519,0.9259259259259259,0.9259259259259259,0.8888888888888888,0.8148148148148148,0.9259259259259259,0.8888888888888888,0.889021164021164,0.04404761904761906,545
0.00048379898071289064,2.3177131038626275e-05,0.015285825729370118,0.0013293479689479378,kd_tree,80,11,distance,"{'algorithm': 'kd_tree', 'leaf_size': 80, 'n_neighbors': 11, 'weights': 'distance'}",0.9642857142857143,0.8888888888888888,0.8518518518518519,0.8518518518518519,0.9259259259259259,0.9629629629629629,0.9629629629629629,0.8148148148148148,0.9629629629629629,0.8888888888888888,0.9075396825396826,0.053168844616982916,225
0.0005443096160888672,4.135280734896972e-05,0.01620938777923584,0.0004764693087067662,kd_tree,80,13,uniform,"{'algorithm': 'kd_tree', 'leaf_size': 80, 'n_neighbors': 13, 'weights': 'uniform'}",0.9642857142857143,0.8888888888888888,0.8148148148148148,0.8518518518518519,0.9259259259259259,0.8888888888888888,0.8518518518518519,0.8148148148148148,0.9259259259259259,0.8888888888888888,0.8816137566137566,0.04649334482859554,737
0.0005725622177124023,3.646670427072112e-05,0.015375852584838867,0.0015452480143709568,kd_tree,80,13,distance,"{'algorithm': 'kd_tree', 'leaf_size': 80, 'n_neighbors': 13, 'weights': 'distance'}",0.9642857142857143,0.8888888888888888,0.8148148148148148,0.8518518518518519,0.9259259259259259,0.9259259259259259,0.8888888888888888,0.8148148148148148,0.9259259259259259,0.9259259259259259,0.8927248677248677,0.04834271548630229,385
0.0005846023559570312,0.00010420397599492432,0.01607835292816162,0.0011122476796244691,kd_tree,80,17,uniform,"{'algorithm': 'kd_tree', 'leaf_size': 80, 'n_neighbors': 17, 'weights': 'uniform'}",0.9642857142857143,0.9259259259259259,0.8888888888888888,0.8518518518518519,0.9629629629629629,0.8888888888888888,0.8518518518518519,0.7777777777777778,0.9259259259259259,0.8518518518518519,0.8890211640211639,0.05511430334995131,577
0.0004896163940429687,0.0001337681300878019,0.015035319328308105,0.0016661467778672824,kd_tree,80,17,distance,"{'algorithm': 'kd_tree', 'leaf_size': 80, 'n_neighbors': 17, 'weights': 'distance'}",0.9642857142857143,0.9259259259259259,0.8888888888888888,0.8518518518518519,0.9629629629629629,0.9259259259259259,0.8518518518518519,0.7777777777777778,0.9259259259259259,0.8888888888888888,0.8964285714285716,0.0545963104766419,321
0.00045373439788818357,4.064787859860905e-05,0.01582927703857422,0.001476159627716453,kd_tree,80,19,uniform,"{'algorithm': 'kd_tree', 'leaf_size': 80, 'n_neighbors': 19, 'weights': 'uniform'}",0.9642857142857143,0.9259259259259259,0.8888888888888888,0.8888888888888888,0.9629629629629629,0.8888888888888888,0.8148148148148148,0.8148148148148148,0.9259259259259259,0.8148148148148148,0.8890211640211639,0.055114303349951335,577
0.0004514932632446289,3.763813911334754e-05,0.01555774211883545,0.0012228091308862663,kd_tree,80,19,distance,"{'algorithm': 'kd_tree', 'leaf_size': 80, 'n_neighbors': 19, 'weights': 'distance'}",0.9642857142857143,0.9259259259259259,0.8888888888888888,0.8888888888888888,0.9629629629629629,0.9259259259259259,0.8148148148148148,0.8148148148148148,0.9259259259259259,0.8148148148148148,0.8927248677248677,0.05621444127694664,385
0.0004567623138427734,4.159591863291475e-05,0.016601753234863282,0.0006636128854212856,kd_tree,80,23,uniform,"{'algorithm': 'kd_tree', 'leaf_size': 80, 'n_neighbors': 23, 'weights': 'uniform'}",0.9285714285714286,0.9629629629629629,0.8518518518518519,0.8888888888888888,0.9629629629629629,0.8888888888888888,0.8148148148148148,0.8148148148148148,0.8888888888888888,0.8148148148148148,0.8817460317460316,0.054654445597923325,705
0.00045123100280761717,3.87202636209303e-05,0.015634369850158692,0.0015518559420566167,kd_tree,80,23,distance,"{'algorithm': 'kd_tree', 'leaf_size': 80, 'n_neighbors': 23, 'weights': 'distance'}",0.9642857142857143,0.9629629629629629,0.8888888888888888,0.8888888888888888,0.9629629629629629,0.9259259259259259,0.8148148148148148,0.8148148148148148,0.8888888888888888,0.8148148148148148,0.8927248677248677,0.05860385508288557,385
0.000522780418395996,6.420679619709605e-05,0.01524505615234375,0.0018136847111492064,kd_tree,80,29,uniform,"{'algorithm': 'kd_tree', 'leaf_size': 80, 'n_neighbors': 29, 'weights': 'uniform'}",0.9285714285714286,0.9629629629629629,0.9259259259259259,0.8888888888888888,0.9629629629629629,0.8518518518518519,0.8148148148148148,0.8148148148148148,0.8888888888888888,0.8148148148148148,0.8854497354497355,0.056244779905782104,641
0.0005214452743530273,0.00011061858744841288,0.014830350875854492,0.001748578113389856,kd_tree,80,29,distance,"{'algorithm': 'kd_tree', 'leaf_size': 80, 'n_neighbors': 29, 'weights': 'distance'}",0.9285714285714286,0.9629629629629629,0.9259259259259259,0.8888888888888888,0.9629629629629629,0.8888888888888888,0.8148148148148148,0.8148148148148148,0.8888888888888888,0.8148148148148148,0.889153439153439,0.055118588923675764,513
0.0005064010620117188,4.101492579253012e-05,0.015179991722106934,0.0016534493384676686,kd_tree,80,31,uniform,"{'algorithm': 'kd_tree', 'leaf_size': 80, 'n_neighbors': 31, 'weights': 'uniform'}",0.9285714285714286,1.0,0.9259259259259259,0.9259259259259259,0.9629629629629629,0.8518518518518519,0.8148148148148148,0.8148148148148148,0.8888888888888888,0.8148148148148148,0.8928571428571429,0.0631078542731494,353
0.000516200065612793,6.86612765869356e-05,0.015394330024719238,0.001349357844732576,kd_tree,80,31,distance,"{'algorithm': 'kd_tree', 'leaf_size': 80, 'n_neighbors': 31, 'weights': 'distance'}",0.9285714285714286,1.0,0.9259259259259259,0.9259259259259259,0.9629629629629629,0.8888888888888888,0.8148148148148148,0.8148148148148148,0.8888888888888888,0.8148148148148148,0.8965608465608466,0.0616629156361344,289
0.0004960060119628906,5.862045269467971e-05,0.01597616672515869,0.001562301658085415,kd_tree,80,37,uniform,"{'algorithm': 'kd_tree', 'leaf_size': 80, 'n_neighbors': 37, 'weights': 'uniform'}",0.8928571428571429,1.0,0.8888888888888888,0.8888888888888888,0.9259259259259259,0.8518518518518519,0.8148148148148148,0.7037037037037037,0.8888888888888888,0.8518518518518519,0.8707671957671957,0.072782701265744,801
0.0005151271820068359,3.735284940080287e-05,0.016353750228881837,0.0005259899158146471,kd_tree,80,37,distance,"{'algorithm': 'kd_tree', 'leaf_size': 80, 'n_neighbors': 37, 'weights': 'distance'}",0.9285714285714286,1.0,0.8888888888888888,0.9259259259259259,0.9259259259259259,0.8888888888888888,0.8518518518518519,0.7777777777777778,0.8888888888888888,0.8148148148148148,0.8891534391534393,0.0598895290508307,481
0.000511932373046875,5.462874658843282e-05,0.015796446800231935,0.0017069289088923302,kd_tree,80,41,uniform,"{'algorithm': 'kd_tree', 'leaf_size': 80, 'n_neighbors': 41, 'weights': 'uniform'}",0.8571428571428571,1.0,0.8888888888888888,0.8518518518518519,0.9259259259259259,0.8148148148148148,0.8148148148148148,0.7407407407407407,0.8888888888888888,0.8148148148148148,0.8597883597883598,0.06785082532964794,865
0.00048334598541259765,3.595460471437121e-05,0.015621328353881836,0.0011474567118637292,kd_tree,80,41,distance,"{'algorithm': 'kd_tree', 'leaf_size': 80, 'n_neighbors': 41, 'weights': 'distance'}",0.8928571428571429,1.0,0.8888888888888888,0.8888888888888888,0.9259259259259259,0.8518518518518519,0.8518518518518519,0.7777777777777778,0.8888888888888888,0.8148148148148148,0.8781746031746032,0.057585884266853474,769
0.00047295093536376954,1.8201833724175212e-05,0.016079640388488768,0.0015380158548035365,kd_tree,80,43,uniform,"{'algorithm': 'kd_tree', 'leaf_size': 80, 'n_neighbors': 43, 'weights': 'uniform'}",0.9285714285714286,1.0,0.8888888888888888,0.8518518518518519,0.9259259259259259,0.8148148148148148,0.8148148148148148,0.7407407407407407,0.9259259259259259,0.8148148148148148,0.8706349206349205,0.07287819624881071,833
0.0004335641860961914,5.519235621158564e-05,0.015009474754333497,0.0014143426391077457,kd_tree,80,43,distance,"{'algorithm': 'kd_tree', 'leaf_size': 80, 'n_neighbors': 43, 'weights': 'distance'}",0.9285714285714286,1.0,0.8888888888888888,0.8888888888888888,0.9259259259259259,0.8518518518518519,0.8518518518518519,0.7777777777777778,0.9259259259259259,0.8148148148148148,0.8854497354497355,0.060927597290907604,641
0.00018813610076904297,5.582554101561924e-05,0.0028224945068359374,0.005036875544386945,brute,10,2,uniform,"{'algorithm': 'brute', 'leaf_size': 10, 'n_neighbors': 2, 'weights': 'uniform'}",0.9285714285714286,1.0,0.9629629629629629,0.8518518518518519,0.9629629629629629,0.9629629629629629,0.9259259259259259,0.8518518518518519,0.8518518518518519,0.8148148148148148,0.9113756613756614,0.06024838242553935,129
0.0001399993896484375,6.918083906982187e-06,0.00027074813842773435,1.8188759482346702e-05,brute,10,2,distance,"{'algorithm': 'brute', 'leaf_size': 10, 'n_neighbors': 2, 'weights': 'distance'}",0.9642857142857143,0.8888888888888888,0.9629629629629629,0.8518518518518519,0.9259259259259259,0.9629629629629629,1.0,0.8518518518518519,0.8888888888888888,0.9259259259259259,0.9223544973544973,0.04826157492490816,1
0.00015523433685302735,6.223140077882344e-05,0.00029203891754150393,8.19534830099233e-05,brute,10,3,uniform,"{'algorithm': 'brute', 'leaf_size': 10, 'n_neighbors': 3, 'weights': 'uniform'}",0.9642857142857143,0.9259259259259259,0.9629629629629629,0.8518518518518519,0.9259259259259259,1.0,1.0,0.8148148148148148,0.8148148148148148,0.8888888888888888,0.9149470899470901,0.06645439983022737,33
0.00012972354888916016,9.244647739261687e-06,0.00026390552520751955,3.722621152246541e-05,brute,10,3,distance,"{'algorithm': 'brute', 'leaf_size': 10, 'n_neighbors': 3, 'weights': 'distance'}",0.9642857142857143,0.9259259259259259,0.9629629629629629,0.8518518518518519,0.9259259259259259,1.0,1.0,0.8148148148148148,0.8148148148148148,0.8888888888888888,0.9149470899470901,0.06645439983022737,33
0.00013751983642578124,1.3489014420508713e-05,0.0002839326858520508,6.462079944525716e-05,brute,10,5,uniform,"{'algorithm': 'brute', 'leaf_size': 10, 'n_neighbors': 5, 'weights': 'uniform'}",0.9642857142857143,0.9259259259259259,0.8888888888888888,0.8518518518518519,0.9259259259259259,0.9629629629629629,1.0,0.8888888888888888,0.8148148148148148,0.8888888888888888,0.9112433862433862,0.053030451638520076,161
0.00012996196746826172,2.102777529503249e-05,0.0002624750137329102,2.446166488381114e-05,brute,10,5,distance,"{'algorithm': 'brute', 'leaf_size': 10, 'n_neighbors': 5, 'weights': 'distance'}",0.9642857142857143,0.9259259259259259,0.9259259259259259,0.8518518518518519,0.9259259259259259,0.9629629629629629,1.0,0.8888888888888888,0.8148148148148148,0.8888888888888888,0.9149470899470898,0.05263170833078003,97
0.000122833251953125,9.345765013350334e-06,0.0002639532089233398,3.518067100172501e-05,brute,10,7,uniform,"{'algorithm': 'brute', 'leaf_size': 10, 'n_neighbors': 7, 'weights': 'uniform'}",0.9642857142857143,0.9259259259259259,0.9259259259259259,0.8518518518518519,0.9259259259259259,0.9629629629629629,0.9259259259259259,0.8888888888888888,0.8518518518518519,0.8148148148148148,0.9038359788359788,0.04759718045831639,257
0.0001188516616821289,1.0293085360751509e-05,0.00025942325592041013,3.118136766516989e-05,brute,10,7,distance,"{'algorithm': 'brute', 'leaf_size': 10, 'n_neighbors': 7, 'weights': 'distance'}",0.9642857142857143,0.9629629629629629,0.9259259259259259,0.8518518518518519,0.9259259259259259,0.9629629629629629,0.9629629629629629,0.8888888888888888,0.8518518518518519,0.8148148148148148,0.9112433862433862,0.053030451638520056,161
0.00011551380157470703,7.463110877560559e-06,0.00025691986083984373,3.311876936232544e-05,brute,10,11,uniform,"{'algorithm': 'brute', 'leaf_size': 10, 'n_neighbors': 11, 'weights': 'uniform'}",0.9642857142857143,0.8518518518518519,0.8518518518518519,0.8518518518518519,0.9259259259259259,0.9259259259259259,0.8888888888888888,0.8148148148148148,0.9259259259259259,0.8888888888888888,0.889021164021164,0.04404761904761906,545
0.00012483596801757813,1.9128303433917065e-05,0.0002752065658569336,2.2653290825524475e-05,brute,10,11,distance,"{'algorithm': 'brute', 'leaf_size': 10, 'n_neighbors': 11, 'weights': 'distance'}",0.9642857142857143,0.8888888888888888,0.8518518518518519,0.8518518518518519,0.9259259259259259,0.9629629629629629,0.9629629629629629,0.8148148148148148,0.9629629629629629,0.8888888888888888,0.9075396825396826,0.053168844616982916,225
0.00012433528900146484,2.888473311011093e-05,0.0002613544464111328,2.808259159789787e-05,brute,10,13,uniform,"{'algorithm': 'brute', 'leaf_size': 10, 'n_neighbors': 13, 'weights': 'uniform'}",0.9642857142857143,0.8888888888888888,0.8148148148148148,0.8518518518518519,0.9259259259259259,0.8888888888888888,0.8518518518518519,0.8148148148148148,0.9259259259259259,0.8888888888888888,0.8816137566137566,0.04649334482859554,737
0.0001252889633178711,3.7491387896335065e-05,0.00025289058685302735,2.0726803680660248e-05,brute,10,13,distance,"{'algorithm': 'brute', 'leaf_size': 10, 'n_neighbors': 13, 'weights': 'distance'}",0.9642857142857143,0.8888888888888888,0.8148148148148148,0.8518518518518519,0.9259259259259259,0.9259259259259259,0.8888888888888888,0.8148148148148148,0.9259259259259259,0.9259259259259259,0.8927248677248677,0.04834271548630229,385
0.00010528564453125,1.149365500754733e-06,0.00024449825286865234,5.134863176228341e-06,brute,10,17,uniform,"{'algorithm': 'brute', 'leaf_size': 10, 'n_neighbors': 17, 'weights': 'uniform'}",0.9642857142857143,0.9259259259259259,0.8888888888888888,0.8518518518518519,0.9629629629629629,0.8888888888888888,0.8518518518518519,0.7777777777777778,0.9259259259259259,0.8518518518518519,0.8890211640211639,0.05511430334995131,577
0.00011682510375976562,1.4143266630138293e-05,0.00027823448181152344,1.5736709904201585e-05,brute,10,17,distance,"{'algorithm': 'brute', 'leaf_size': 10, 'n_neighbors': 17, 'weights': 'distance'}",0.9642857142857143,0.9259259259259259,0.8888888888888888,0.8518518518518519,0.9629629629629629,0.9259259259259259,0.8518518518518519,0.7777777777777778,0.9259259259259259,0.8888888888888888,0.8964285714285716,0.0545963104766419,321
0.00011911392211914063,1.6619399687757095e-05,0.00026812553405761717,1.6716254131016148e-05,brute,10,19,uniform,"{'algorithm': 'brute', 'leaf_size': 10, 'n_neighbors': 19, 'weights': 'uniform'}",0.9642857142857143,0.9259259259259259,0.8888888888888888,0.8888888888888888,0.9629629629629629,0.8888888888888888,0.8148148148148148,0.8148148148148148,0.9259259259259259,0.8148148148148148,0.8890211640211639,0.055114303349951335,577
0.00011708736419677735,2.682107287703076e-05,0.00026767253875732423,3.165441912373683e-05,brute,10,19,distance,"{'algorithm': 'brute', 'leaf_size': 10, 'n_neighbors': 19, 'weights': 'distance'}",0.9642857142857143,0.9259259259259259,0.8888888888888888,0.8888888888888888,0.9629629629629629,0.9259259259259259,0.8148148148148148,0.8148148148148148,0.9259259259259259,0.8148148148148148,0.8927248677248677,0.05621444127694664,385
0.00010483264923095703,1.8622612557581435e-06,0.00026357173919677734,8.074790622938147e-06,brute,10,23,uniform,"{'algorithm': 'brute', 'leaf_size': 10, 'n_neighbors': 23, 'weights': 'uniform'}",0.9285714285714286,0.9629629629629629,0.8518518518518519,0.8888888888888888,0.9629629629629629,0.8888888888888888,0.8148148148148148,0.8148148148148148,0.8888888888888888,0.8148148148148148,0.8817460317460316,0.054654445597923325,705
0.00013358592987060546,2.761748653857752e-05,0.00032212734222412107,7.859857828877404e-05,brute,10,23,distance,"{'algorithm': 'brute', 'leaf_size': 10, 'n_neighbors': 23, 'weights': 'distance'}",0.9642857142857143,0.9629629629629629,0.8888888888888888,0.8888888888888888,0.9629629629629629,0.9259259259259259,0.8148148148148148,0.8148148148148148,0.8888888888888888,0.8148148148148148,0.8927248677248677,0.05860385508288557,385
0.00011322498321533203,1.0148036929176858e-05,0.00029754638671875,2.8214902311754405e-05,brute,10,29,uniform,"{'algorithm': 'brute', 'leaf_size': 10, 'n_neighbors': 29, 'weights': 'uniform'}",0.9285714285714286,0.9629629629629629,0.9259259259259259,0.8888888888888888,0.9629629629629629,0.8518518518518519,0.8148148148148148,0.8148148148148148,0.8888888888888888,0.8148148148148148,0.8854497354497355,0.056244779905782104,641
0.00014705657958984374,5.9030418022414124e-05,0.0003255605697631836,4.463018129553718e-05,brute,10,29,distance,"{'algorithm': 'brute', 'leaf_size': 10, 'n_neighbors': 29, 'weights': 'distance'}",0.9285714285714286,0.9629629629629629,0.9259259259259259,0.8888888888888888,0.9629629629629629,0.8888888888888888,0.8148148148148148,0.8148148148148148,0.8888888888888888,0.8148148148148148,0.889153439153439,0.055118588923675764,513
0.00015163421630859375,2.155071853698493e-05,0.00034499168395996094,2.8633465867704146e-05,brute,10,31,uniform,"{'algorithm': 'brute', 'leaf_size': 10, 'n_neighbors': 31, 'weights': 'uniform'}",0.9285714285714286,1.0,0.9259259259259259,0.9259259259259259,0.9629629629629629,0.8518518518518519,0.8148148148148148,0.8148148148148148,0.8888888888888888,0.8148148148148148,0.8928571428571429,0.0631078542731494,353
0.00015745162963867187,5.783724167199823e-05,0.0004510164260864258,0.00011990672418963847,brute,10,31,distance,"{'algorithm': 'brute', 'leaf_size': 10, 'n_neighbors': 31, 'weights': 'distance'}",0.9285714285714286,1.0,0.9259259259259259,0.9259259259259259,0.9629629629629629,0.8888888888888888,0.8148148148148148,0.8148148148148148,0.8888888888888888,0.8148148148148148,0.8965608465608466,0.0616629156361344,289
0.0001299142837524414,1.6059734616828374e-05,0.000374150276184082,6.470656078661784e-05,brute,10,37,uniform,"{'algorithm': 'brute', 'leaf_size': 10, 'n_neighbors': 37, 'weights': 'uniform'}",0.8928571428571429,1.0,0.8888888888888888,0.8888888888888888,0.9259259259259259,0.8518518518518519,0.8148148148148148,0.7037037037037037,0.8888888888888888,0.8518518518518519,0.8707671957671957,0.072782701265744,801
0.00012938976287841798,1.6496102060930903e-05,0.00039031505584716795,9.074547193120092e-05,brute,10,37,distance,"{'algorithm': 'brute', 'leaf_size': 10, 'n_neighbors': 37, 'weights': 'distance'}",0.9285714285714286,1.0,0.8888888888888888,0.9259259259259259,0.9259259259259259,0.8888888888888888,0.8518518518518519,0.7777777777777778,0.8888888888888888,0.8148148148148148,0.8891534391534393,0.0598895290508307,481
0.0001267671585083008,1.618721693235033e-05,0.0003919363021850586,5.01099421339222e-05,brute,10,41,uniform,"{'algorithm': 'brute', 'leaf_size': 10, 'n_neighbors': 41, 'weights': 'uniform'}",0.8571428571428571,1.0,0.8888888888888888,0.8518518518518519,0.9259259259259259,0.8148148148148148,0.8148148148148148,0.7407407407407407,0.8888888888888888,0.8148148148148148,0.8597883597883598,0.06785082532964794,865
0.00013344287872314454,3.3573374247946766e-05,0.00035967826843261717,4.9158095240394055e-05,brute,10,41,distance,"{'algorithm': 'brute', 'leaf_size': 10, 'n_neighbors': 41, 'weights': 'distance'}",0.8928571428571429,1.0,0.8888888888888888,0.8888888888888888,0.9259259259259259,0.8518518518518519,0.8518518518518519,0.7777777777777778,0.8888888888888888,0.8148148148148148,0.8781746031746032,0.057585884266853474,769
0.00012128353118896484,8.610212268722208e-06,0.0003568172454833984,2.3281473534596195e-05,brute,10,43,uniform,"{'algorithm': 'brute', 'leaf_size': 10, 'n_neighbors': 43, 'weights': 'uniform'}",0.9285714285714286,1.0,0.8888888888888888,0.8518518518518519,0.9259259259259259,0.8148148148148148,0.8148148148148148,0.7407407407407407,0.9259259259259259,0.8148148148148148,0.8706349206349205,0.07287819624881071,833
0.00013158321380615234,1.172158945255593e-05,0.00040280818939208984,6.184186845853167e-05,brute,10,43,distance,"{'algorithm': 'brute', 'leaf_size': 10, 'n_neighbors': 43, 'weights': 'distance'}",0.9285714285714286,1.0,0.8888888888888888,0.8888888888888888,0.9259259259259259,0.8518518518518519,0.8518518518518519,0.7777777777777778,0.9259259259259259,0.8148148148148148,0.8854497354497355,0.060927597290907604,641
0.00012805461883544922,7.424317802676347e-06,0.0002589702606201172,7.24811145893481e-05,brute,20,2,uniform,"{'algorithm': 'brute', 'leaf_size': 20, 'n_neighbors': 2, 'weights': 'uniform'}",0.9285714285714286,1.0,0.9629629629629629,0.8518518518518519,0.9629629629629629,0.9629629629629629,0.9259259259259259,0.8518518518518519,0.8518518518518519,0.8148148148148148,0.9113756613756614,0.06024838242553935,129
0.00013260841369628907,1.8220171818458148e-05,0.00023648738861083984,2.4882140116398227e-05,brute,20,2,distance,"{'algorithm': 'brute', 'leaf_size': 20, 'n_neighbors': 2, 'weights': 'distance'}",0.9642857142857143,0.8888888888888888,0.9629629629629629,0.8518518518518519,0.9259259259259259,0.9629629629629629,1.0,0.8518518518518519,0.8888888888888888,0.9259259259259259,0.9223544973544973,0.04826157492490816,1
0.00012133121490478515,5.136191415739136e-06,0.0002256631851196289,9.13068454565177e-06,brute,20,3,uniform,"{'algorithm': 'brute', 'leaf_size': 20, 'n_neighbors': 3, 'weights': 'uniform'}",0.9642857142857143,0.9259259259259259,0.9629629629629629,0.8518518518518519,0.9259259259259259,1.0,1.0,0.8148148148148148,0.8148148148148148,0.8888888888888888,0.9149470899470901,0.06645439983022737,33
0.00013599395751953124,2.9729410627119976e-05,0.00027382373809814453,3.872012415559581e-05,brute,20,3,distance,"{'algorithm': 'brute', 'leaf_size': 20, 'n_neighbors': 3, 'weights': 'distance'}",0.9642857142857143,0.9259259259259259,0.9629629629629629,0.8518518518518519,0.9259259259259259,1.0,1.0,0.8148148148148148,0.8148148148148148,0.8888888888888888,0.9149470899470901,0.06645439983022737,33
0.0001269102096557617,8.009622398121932e-06,0.0002386331558227539,2.580069101437161e-05,brute,20,5,uniform,"{'algorithm': 'brute', 'leaf_size': 20, 'n_neighbors': 5, 'weights': 'uniform'}",0.9642857142857143,0.9259259259259259,0.8888888888888888,0.8518518518518519,0.9259259259259259,0.9629629629629629,1.0,0.8888888888888888,0.8148148148148148,0.8888888888888888,0.9112433862433862,0.053030451638520076,161
0.0001250028610229492,2.0191970546611347e-05,0.00025358200073242185,5.3525496694791274e-05,brute,20,5,distance,"{'algorithm': 'brute', 'leaf_size': 20, 'n_neighbors': 5, 'weights': 'distance'}",0.9642857142857143,0.9259259259259259,0.9259259259259259,0.8518518518518519,0.9259259259259259,0.9629629629629629,1.0,0.8888888888888888,0.8148148148148148,0.8888888888888888,0.9149470899470898,0.05263170833078003,97
0.0001161336898803711,4.041107002359816e-06,0.00026493072509765626,9.81537062296803e-05,brute,20,7,uniform,"{'algorithm': 'brute', 'leaf_size': 20, 'n_neighbors': 7, 'weights': 'uniform'}",0.9642857142857143,0.9259259259259259,0.9259259259259259,0.8518518518518519,0.9259259259259259,0.9629629629629629,0.9259259259259259,0.8888888888888888,0.8518518518518519,0.8148148148148148,0.9038359788359788,0.04759718045831639,257
0.00016524791717529297,6.369029599529985e-05,0.0002966165542602539,4.0334399260482643e-05,brute,20,7,distance,"{'algorithm': 'brute', 'leaf_size': 20, 'n_neighbors': 7, 'weights': 'distance'}",0.9642857142857143,0.9629629629629629,0.9259259259259259,0.8518518518518519,0.9259259259259259,0.9629629629629629,0.9629629629629629,0.8888888888888888,0.8518518518518519,0.8148148148148148,0.9112433862433862,0.053030451638520056,161
0.0001262664794921875,9.995512329366143e-06,0.00025184154510498046,1.3674110955924358e-05,brute,20,11,uniform,"{'algorithm': 'brute', 'leaf_size': 20, 'n_neighbors': 11, 'weights': 'uniform'}",0.9642857142857143,0.8518518518518519,0.8518518518518519,0.8518518518518519,0.9259259259259259,0.9259259259259259,0.8888888888888888,0.8148148148148148,0.9259259259259259,0.8888888888888888,0.889021164021164,0.04404761904761906,545
0.00015506744384765624,6.0060777578444685e-05,0.00034723281860351565,0.00011410999135102383,brute,20,11,distance,"{'algorithm': 'brute', 'leaf_size': 20, 'n_neighbors': 11, 'weights': 'distance'}",0.9642857142857143,0.8888888888888888,0.8518518518518519,0.8518518518518519,0.9259259259259259,0.9629629629629629,0.9629629629629629,0.8148148148148148,0.9629629629629629,0.8888888888888888,0.9075396825396826,0.053168844616982916,225
0.0001227855682373047,8.802134963023535e-06,0.00030889511108398435,0.00011151916326466027,brute,20,13,uniform,"{'algorithm': 'brute', 'leaf_size': 20, 'n_neighbors': 13, 'weights': 'uniform'}",0.9642857142857143,0.8888888888888888,0.8148148148148148,0.8518518518518519,0.9259259259259259,0.8888888888888888,0.8518518518518519,0.8148148148148148,0.9259259259259259,0.8888888888888888,0.8816137566137566,0.04649334482859554,737
0.00011842250823974609,4.050380120114383e-06,0.00025429725646972654,9.42655324601572e-06,brute,20,13,distance,"{'algorithm': 'brute', 'leaf_size': 20, 'n_neighbors': 13, 'weights': 'distance'}",0.9642857142857143,0.8888888888888888,0.8148148148148148,0.8518518518518519,0.9259259259259259,0.9259259259259259,0.8888888888888888,0.8148148148148148,0.9259259259259259,0.9259259259259259,0.8927248677248677,0.04834271548630229,385
0.00012438297271728517,9.379309327619764e-06,0.00028793811798095704,3.5529816292956554e-05,brute,20,17,uniform,"{'algorithm': 'brute', 'leaf_size': 20, 'n_neighbors': 17, 'weights': 'uniform'}",0.9642857142857143,0.9259259259259259,0.8888888888888888,0.8518518518518519,0.9629629629629629,0.8888888888888888,0.8518518518518519,0.7777777777777778,0.9259259259259259,0.8518518518518519,0.8890211640211639,0.05511430334995131,577
0.00012583732604980468,8.319954432083001e-06,0.0003056526184082031,3.379679019186361e-05,brute,20,17,distance,"{'algorithm': 'brute', 'leaf_size': 20, 'n_neighbors': 17, 'weights': 'distance'}",0.9642857142857143,0.9259259259259259,0.8888888888888888,0.8518518518518519,0.9629629629629629,0.9259259259259259,0.8518518518518519,0.7777777777777778,0.9259259259259259,0.8888888888888888,0.8964285714285716,0.0545963104766419,321
0.00013554096221923828,1.5106879234749811e-05,0.0003418445587158203,0.00014030129378042632,brute,20,19,uniform,"{'algorithm': 'brute', 'leaf_size': 20, 'n_neighbors': 19, 'weights': 'uniform'}",0.9642857142857143,0.9259259259259259,0.8888888888888888,0.8888888888888888,0.9629629629629629,0.8888888888888888,0.8148148148148148,0.8148148148148148,0.9259259259259259,0.8148148148148148,0.8890211640211639,0.055114303349951335,577
0.00013048648834228515,1.275797844488798e-05,0.0002980232238769531,5.18407744373946e-05,brute,20,19,distance,"{'algorithm': 'brute', 'leaf_size': 20, 'n_neighbors': 19, 'weights': 'distance'}",0.9642857142857143,0.9259259259259259,0.8888888888888888,0.8888888888888888,0.9629629629629629,0.9259259259259259,0.8148148148148148,0.8148148148148148,0.9259259259259259,0.8148148148148148,0.8927248677248677,0.05621444127694664,385
0.00011820793151855469,4.739435134806351e-06,0.0002972602844238281,2.1204192999698545e-05,brute,20,23,uniform,"{'algorithm': 'brute', 'leaf_size': 20, 'n_neighbors': 23, 'weights': 'uniform'}",0.9285714285714286,0.9629629629629629,0.8518518518518519,0.8888888888888888,0.9629629629629629,0.8888888888888888,0.8148148148148148,0.8148148148148148,0.8888888888888888,0.8148148148148148,0.8817460317460316,0.054654445597923325,705
0.00012407302856445312,1.3069688114621654e-05,0.00031344890594482423,3.694196444598256e-05,brute,20,23,distance,"{'algorithm': 'brute', 'leaf_size': 20, 'n_neighbors': 23, 'weights': 'distance'}",0.9642857142857143,0.9629629629629629,0.8888888888888888,0.8888888888888888,0.9629629629629629,0.9259259259259259,0.8148148148148148,0.8148148148148148,0.8888888888888888,0.8148148148148148,0.8927248677248677,0.05860385508288557,385
0.00012559890747070311,9.15589429816472e-06,0.00034968852996826173,5.679179098496725e-05,brute,20,29,uniform,"{'algorithm': 'brute', 'leaf_size': 20, 'n_neighbors': 29, 'weights': 'uniform'}",0.9285714285714286,0.9629629629629629,0.9259259259259259,0.8888888888888888,0.9629629629629629,0.8518518518518519,0.8148148148148148,0.8148148148148148,0.8888888888888888,0.8148148148148148,0.8854497354497355,0.056244779905782104,641
0.00012087821960449219,4.415573877680811e-06,0.00032138824462890625,1.5517368407509784e-05,brute,20,29,distance,"{'algorithm': 'brute', 'leaf_size': 20, 'n_neighbors': 29, 'weights': 'distance'}",0.9285714285714286,0.9629629629629629,0.9259259259259259,0.8888888888888888,0.9629629629629629,0.8888888888888888,0.8148148148148148,0.8148148148148148,0.8888888888888888,0.8148148148148148,0.889153439153439,0.055118588923675764,513
0.00012917518615722655,1.8141382328355022e-05,0.00034737586975097656,3.98490105679453e-05,brute,20,31,uniform,"{'algorithm': 'brute', 'leaf_size': 20, 'n_neighbors': 31, 'weights': 'uniform'}",0.9285714285714286,1.0,0.9259259259259259,0.9259259259259259,0.9629629629629629,0.8518518518518519,0.8148148148148148,0.8148148148148148,0.8888888888888888,0.8148148148148148,0.8928571428571429,0.0631078542731494,353
0.00012369155883789061,1.2301012449010711e-05,0.00033948421478271487,4.982314571437066e-05,brute,20,31,distance,"{'algorithm': 'brute', 'leaf_size': 20, 'n_neighbors': 31, 'weights': 'distance'}",0.9285714285714286,1.0,0.9259259259259259,0.9259259259259259,0.9629629629629629,0.8888888888888888,0.8148148148148148,0.8148148148148148,0.8888888888888888,0.8148148148148148,0.8965608465608466,0.0616629156361344,289
0.0001244783401489258,8.640790602686928e-06,0.00036852359771728517,3.0248365362470857e-05,brute,20,37,uniform,"{'algorithm': 'brute', 'leaf_size': 20, 'n_neighbors': 37, 'weights': 'uniform'}",0.8928571428571429,1.0,0.8888888888888888,0.8888888888888888,0.9259259259259259,0.8518518518518519,0.8148148148148148,0.7037037037037037,0.8888888888888888,0.8518518518518519,0.8707671957671957,0.072782701265744,801
0.00012025833129882812,2.616528495467939e-06,0.00034148693084716796,5.328386415190568e-05,brute,20,37,distance,"{'algorithm': 'brute', 'leaf_size': 20, 'n_neighbors': 37, 'weights': 'distance'}",0.9285714285714286,1.0,0.8888888888888888,0.9259259259259259,0.9259259259259259,0.8888888888888888,0.8518518518518519,0.7777777777777778,0.8888888888888888,0.8148148148148148,0.8891534391534393,0.0598895290508307,481
0.00012750625610351561,9.553893879980617e-06,0.0003851175308227539,0.00010631544266188566,brute,20,41,uniform,"{'algorithm': 'brute', 'leaf_size': 20, 'n_neighbors': 41, 'weights': 'uniform'}",0.8571428571428571,1.0,0.8888888888888888,0.8518518518518519,0.9259259259259259,0.8148148148148148,0.8148148148148148,0.7407407407407407,0.8888888888888888,0.8148148148148148,0.8597883597883598,0.06785082532964794,865
0.00011894702911376953,4.95595327415085e-06,0.00032744407653808596,1.628180708447372e-05,brute,20,41,distance,"{'algorithm': 'brute', 'leaf_size': 20, 'n_neighbors': 41, 'weights': 'distance'}",0.8928571428571429,1.0,0.8888888888888888,0.8888888888888888,0.9259259259259259,0.8518518518518519,0.8518518518518519,0.7777777777777778,0.8888888888888888,0.8148148148148148,0.8781746031746032,0.057585884266853474,769
0.00012879371643066407,2.9483963961814612e-05,0.0003583192825317383,2.4333521586757437e-05,brute,20,43,uniform,"{'algorithm': 'brute', 'leaf_size': 20, 'n_neighbors': 43, 'weights': 'uniform'}",0.9285714285714286,1.0,0.8888888888888888,0.8518518518518519,0.9259259259259259,0.8148148148148148,0.8148148148148148,0.7407407407407407,0.9259259259259259,0.8148148148148148,0.8706349206349205,0.07287819624881071,833
0.00012617111206054689,1.3229460039460168e-05,0.0003639936447143555,7.111271675282215e-05,brute,20,43,distance,"{'algorithm': 'brute', 'leaf_size': 20, 'n_neighbors': 43, 'weights': 'distance'}",0.9285714285714286,1.0,0.8888888888888888,0.8888888888888888,0.9259259259259259,0.8518518518518519,0.8518518518518519,0.7777777777777778,0.9259259259259259,0.8148148148148148,0.8854497354497355,0.060927597290907604,641
0.00011968612670898438,4.739675002971335e-06,0.00022194385528564453,2.1843995571073807e-05,brute,30,2,uniform,"{'algorithm': 'brute', 'leaf_size': 30, 'n_neighbors': 2, 'weights': 'uniform'}",0.9285714285714286,1.0,0.9629629629629629,0.8518518518518519,0.9629629629629629,0.9629629629629629,0.9259259259259259,0.8518518518518519,0.8518518518518519,0.8148148148148148,0.9113756613756614,0.06024838242553935,129
0.00011677742004394532,4.532211142427235e-06,0.00022928714752197267,8.166349701163217e-06,brute,30,2,distance,"{'algorithm': 'brute', 'leaf_size': 30, 'n_neighbors': 2, 'weights': 'distance'}",0.9642857142857143,0.8888888888888888,0.9629629629629629,0.8518518518518519,0.9259259259259259,0.9629629629629629,1.0,0.8518518518518519,0.8888888888888888,0.9259259259259259,0.9223544973544973,0.04826157492490816,1
0.00012431144714355468,1.9357533181353477e-05,0.00023956298828125,4.698307758724172e-05,brute,30,3,uniform,"{'algorithm': 'brute', 'leaf_size': 30, 'n_neighbors': 3, 'weights': 'uniform'}",0.9642857142857143,0.9259259259259259,0.9629629629629629,0.8518518518518519,0.9259259259259259,1.0,1.0,0.8148148148148148,0.8148148148148148,0.8888888888888888,0.9149470899470901,0.06645439983022737,33
0.00012979507446289062,1.9673563804252552e-05,0.0002701044082641602,5.5030339411248815e-05,brute,30,3,distance,"{'algorithm': 'brute', 'leaf_size': 30, 'n_neighbors': 3, 'weights': 'distance'}",0.9642857142857143,0.9259259259259259,0.9629629629629629,0.8518518518518519,0.9259259259259259,1.0,1.0,0.8148148148148148,0.8148148148148148,0.8888888888888888,0.9149470899470901,0.06645439983022737,33
0.00011720657348632813,2.8890980643655987e-06,0.0002170085906982422,5.996405009219501e-06,brute,30,5,uniform,"{'algorithm': 'brute', 'leaf_size': 30, 'n_neighbors': 5, 'weights': 'uniform'}",0.9642857142857143,0.9259259259259259,0.8888888888888888,0.8518518518518519,0.9259259259259259,0.9629629629629629,1.0,0.8888888888888888,0.8148148148148148,0.8888888888888888,0.9112433862433862,0.053030451638520076,161
0.00012423992156982422,2.0984207770870473e-05,0.00024087429046630858,2.675605698841301e-05,brute,30,5,distance,"{'algorithm': 'brute', 'leaf_size': 30, 'n_neighbors': 5, 'weights': 'distance'}",0.9642857142857143,0.9259259259259259,0.9259259259259259,0.8518518518518519,0.9259259259259259,0.9629629629629629,1.0,0.8888888888888888,0.8148148148148148,0.8888888888888888,0.9149470899470898,0.05263170833078003,97
0.0001209259033203125,4.465243285602367e-06,0.00024018287658691406,3.5199852887896544e-05,brute,30,7,uniform,"{'algorithm': 'brute', 'leaf_size': 30, 'n_neighbors': 7, 'weights': 'uniform'}",0.9642857142857143,0.9259259259259259,0.9259259259259259,0.8518518518518519,0.9259259259259259,0.9629629629629629,0.9259259259259259,0.8888888888888888,0.8518518518518519,0.8148148148148148,0.9038359788359788,0.04759718045831639,257
0.00012335777282714843,9.243264157458061e-06,0.0002498149871826172,2.6903674767314936e-05,brute,30,7,distance,"{'algorithm': 'brute', 'leaf_size': 30, 'n_neighbors': 7, 'weights': 'distance'}",0.9642857142857143,0.9629629629629629,0.9259259259259259,0.8518518518518519,0.9259259259259259,0.9629629629629629,0.9629629629629629,0.8888888888888888,0.8518518518518519,0.8148148148148148,0.9112433862433862,0.053030451638520056,161
0.00012083053588867188,9.056642848174567e-06,0.0002878665924072266,8.292328426046749e-05,brute,30,11,uniform,"{'algorithm': 'brute', 'leaf_size': 30, 'n_neighbors': 11, 'weights': 'uniform'}",0.9642857142857143,0.8518518518518519,0.8518518518518519,0.8518518518518519,0.9259259259259259,0.9259259259259259,0.8888888888888888,0.8148148148148148,0.9259259259259259,0.8888888888888888,0.889021164021164,0.04404761904761906,545
0.00011606216430664063,3.98066218632514e-06,0.0002747774124145508,2.520079869868085e-05,brute,30,11,distance,"{'algorithm': 'brute', 'leaf_size': 30, 'n_neighbors': 11, 'weights': 'distance'}",0.9642857142857143,0.8888888888888888,0.8518518518518519,0.8518518518518519,0.9259259259259259,0.9629629629629629,0.9629629629629629,0.8148148148148148,0.9629629629629629,0.8888888888888888,0.9075396825396826,0.053168844616982916,225
0.0001155853271484375,5.032609035840319e-06,0.00026638507843017577,5.538438960335484e-05,brute,30,13,uniform,"{'algorithm': 'brute', 'leaf_size': 30, 'n_neighbors': 13, 'weights': 'uniform'}",0.9642857142857143,0.8888888888888888,0.8148148148148148,0.8518518518518519,0.9259259259259259,0.8888888888888888,0.8518518518518519,0.8148148148148148,0.9259259259259259,0.8888888888888888,0.8816137566137566,0.04649334482859554,737
0.00012173652648925782,1.2928443934019063e-05,0.00026018619537353515,4.677017225792313e-05,brute,30,13,distance,"{'algorithm': 'brute', 'leaf_size': 30, 'n_neighbors': 13, 'weights': 'distance'}",0.9642857142857143,0.8888888888888888,0.8148148148148148,0.8518518518518519,0.9259259259259259,0.9259259259259259,0.8888888888888888,0.8148148148148148,0.9259259259259259,0.9259259259259259,0.8927248677248677,0.04834271548630229,385
0.00011417865753173828,1.817150021771548e-06,0.00025708675384521483,5.680219448188884e-06,brute,30,17,uniform,"{'algorithm': 'brute', 'leaf_size': 30, 'n_neighbors': 17, 'weights': 'uniform'}",0.9642857142857143,0.9259259259259259,0.8888888888888888,0.8518518518518519,0.9629629629629629,0.8888888888888888,0.8518518518518519,0.7777777777777778,0.9259259259259259,0.8518518518518519,0.8890211640211639,0.05511430334995131,577
0.00012464523315429686,1.9057624897465378e-05,0.00031535625457763673,7.960075141246844e-05,brute,30,17,distance,"{'algorithm': 'brute', 'leaf_size': 30, 'n_neighbors': 17, 'weights': 'distance'}",0.9642857142857143,0.9259259259259259,0.8888888888888888,0.8518518518518519,0.9629629629629629,0.9259259259259259,0.8518518518518519,0.7777777777777778,0.9259259259259259,0.8888888888888888,0.8964285714285716,0.0545963104766419,321
0.00014638900756835938,5.66922083109883e-05,0.00032358169555664064,2.4008833781821957e-05,brute,30,19,uniform,"{'algorithm': 'brute', 'leaf_size': 30, 'n_neighbors': 19, 'weights': 'uniform'}",0.9642857142857143,0.9259259259259259,0.8888888888888888,0.8888888888888888,0.9629629629629629,0.8888888888888888,0.8148148148148148,0.8148148148148148,0.9259259259259259,0.8148148148148148,0.8890211640211639,0.055114303349951335,577
0.00012173652648925782,3.917907200173658e-06,0.0003057718276977539,1.3533378652076002e-05,brute,30,19,distance,"{'algorithm': 'brute', 'leaf_size': 30, 'n_neighbors': 19, 'weights': 'distance'}",0.9642857142857143,0.9259259259259259,0.8888888888888888,0.8888888888888888,0.9629629629629629,0.9259259259259259,0.8148148148148148,0.8148148148148148,0.9259259259259259,0.8148148148148148,0.8927248677248677,0.05621444127694664,385
0.00011887550354003907,4.527693737209022e-06,0.00031757354736328125,1.3966119986559496e-05,brute,30,23,uniform,"{'algorithm': 'brute', 'leaf_size': 30, 'n_neighbors': 23, 'weights': 'uniform'}",0.9285714285714286,0.9629629629629629,0.8518518518518519,0.8888888888888888,0.9629629629629629,0.8888888888888888,0.8148148148148148,0.8148148148148148,0.8888888888888888,0.8148148148148148,0.8817460317460316,0.054654445597923325,705
0.0001458883285522461,4.675697139441503e-05,0.00042014122009277345,8.581623644486883e-05,brute,30,23,distance,"{'algorithm': 'brute', 'leaf_size': 30, 'n_neighbors': 23, 'weights': 'distance'}",0.9642857142857143,0.9629629629629629,0.8888888888888888,0.8888888888888888,0.9629629629629629,0.9259259259259259,0.8148148148148148,0.8148148148148148,0.8888888888888888,0.8148148148148148,0.8927248677248677,0.05860385508288557,385
0.00013730525970458984,3.9510994235144375e-05,0.0003881692886352539,0.00011207608045777377,brute,30,29,uniform,"{'algorithm': 'brute', 'leaf_size': 30, 'n_neighbors': 29, 'weights': 'uniform'}",0.9285714285714286,0.9629629629629629,0.9259259259259259,0.8888888888888888,0.9629629629629629,0.8518518518518519,0.8148148148148148,0.8148148148148148,0.8888888888888888,0.8148148148148148,0.8854497354497355,0.056244779905782104,641
0.0001373291015625,2.353784327989188e-05,0.00045521259307861327,0.00013703544374542054,brute,30,29,distance,"{'algorithm': 'brute', 'leaf_size': 30, 'n_neighbors': 29, 'weights': 'distance'}",0.9285714285714286,0.9629629629629629,0.9259259259259259,0.8888888888888888,0.9629629629629629,0.8888888888888888,0.8148148148148148,0.8148148148148148,0.8888888888888888,0.8148148148148148,0.889153439153439,0.055118588923675764,513
0.00012145042419433593,7.139193447957192e-06,0.0003175020217895508,1.2933653059278126e-05,brute,30,31,uniform,"{'algorithm': 'brute', 'leaf_size': 30, 'n_neighbors': 31, 'weights': 'uniform'}",0.9285714285714286,1.0,0.9259259259259259,0.9259259259259259,0.9629629629629629,0.8518518518518519,0.8148148148148148,0.8148148148148148,0.8888888888888888,0.8148148148148148,0.8928571428571429,0.0631078542731494,353
0.0001260519027709961,6.895245026057337e-06,0.0003415346145629883,4.1351879486010573e-05,brute,30,31,distance,"{'algorithm': 'brute', 'leaf_size': 30, 'n_neighbors': 31, 'weights': 'distance'}",0.9285714285714286,1.0,0.9259259259259259,0.9259259259259259,0.9629629629629629,0.8888888888888888,0.8148148148148148,0.8148148148148148,0.8888888888888888,0.8148148148148148,0.8965608465608466,0.0616629156361344,289
0.00012612342834472656,1.2482299912174629e-05,0.00035526752471923826,3.9297783026964225e-05,brute,30,37,uniform,"{'algorithm': 'brute', 'leaf_size': 30, 'n_neighbors': 37, 'weights': 'uniform'}",0.8928571428571429,1.0,0.8888888888888888,0.8888888888888888,0.9259259259259259,0.8518518518518519,0.8148148148148148,0.7037037037037037,0.8888888888888888,0.8518518518518519,0.8707671957671957,0.072782701265744,801
0.0001232147216796875,5.985018699162666e-06,0.00034637451171875,5.829944169135556e-05,brute,30,37,distance,"{'algorithm': 'brute', 'leaf_size': 30, 'n_neighbors': 37, 'weights': 'distance'}",0.9285714285714286,1.0,0.8888888888888888,0.9259259259259259,0.9259259259259259,0.8888888888888888,0.8518518518518519,0.7777777777777778,0.8888888888888888,0.8148148148148148,0.8891534391534393,0.0598895290508307,481
0.00012116432189941406,5.160867402038169e-06,0.00033385753631591796,7.343950180204333e-06,brute,30,41,uniform,"{'algorithm': 'brute', 'leaf_size': 30, 'n_neighbors': 41, 'weights': 'uniform'}",0.8571428571428571,1.0,0.8888888888888888,0.8518518518518519,0.9259259259259259,0.8148148148148148,0.8148148148148148,0.7407407407407407,0.8888888888888888,0.8148148148148148,0.8597883597883598,0.06785082532964794,865
0.00013599395751953124,1.4186286119755204e-05,0.00038874149322509766,6.606374047036874e-05,brute,30,41,distance,"{'algorithm': 'brute', 'leaf_size': 30, 'n_neighbors': 41, 'weights': 'distance'}",0.8928571428571429,1.0,0.8888888888888888,0.8888888888888888,0.9259259259259259,0.8518518518518519,0.8518518518518519,0.7777777777777778,0.8888888888888888,0.8148148148148148,0.8781746031746032,0.057585884266853474,769
0.0001330852508544922,2.1689749409319254e-05,0.00036182403564453123,3.3647307150850806e-05,brute,30,43,uniform,"{'algorithm': 'brute', 'leaf_size': 30, 'n_neighbors': 43, 'weights': 'uniform'}",0.9285714285714286,1.0,0.8888888888888888,0.8518518518518519,0.9259259259259259,0.8148148148148148,0.8148148148148148,0.7407407407407407,0.9259259259259259,0.8148148148148148,0.8706349206349205,0.07287819624881071,833
0.00012133121490478515,6.529753445062338e-06,0.00033528804779052733,1.3881224358411459e-05,brute,30,43,distance,"{'algorithm': 'brute', 'leaf_size': 30, 'n_neighbors': 43, 'weights': 'distance'}",0.9285714285714286,1.0,0.8888888888888888,0.8888888888888888,0.9259259259259259,0.8518518518518519,0.8518518518518519,0.7777777777777778,0.9259259259259259,0.8148148148148148,0.8854497354497355,0.060927597290907604,641
0.00011992454528808594,4.5947410987893644e-06,0.00020623207092285156,5.836143982236573e-06,brute,40,2,uniform,"{'algorithm': 'brute', 'leaf_size': 40, 'n_neighbors': 2, 'weights': 'uniform'}",0.9285714285714286,1.0,0.9629629629629629,0.8518518518518519,0.9629629629629629,0.9629629629629629,0.9259259259259259,0.8518518518518519,0.8518518518518519,0.8148148148148148,0.9113756613756614,0.06024838242553935,129
0.00012640953063964845,2.177475721253896e-05,0.00027213096618652346,5.0338987618434914e-05,brute,40,2,distance,"{'algorithm': 'brute', 'leaf_size': 40, 'n_neighbors': 2, 'weights': 'distance'}",0.9642857142857143,0.8888888888888888,0.9629629629629629,0.8518518518518519,0.9259259259259259,0.9629629629629629,1.0,0.8518518518518519,0.8888888888888888,0.9259259259259259,0.9223544973544973,0.04826157492490816,1
0.00012543201446533204,9.586354199490008e-06,0.0002533435821533203,8.647860910502723e-05,brute,40,3,uniform,"{'algorithm': 'brute', 'leaf_size': 40, 'n_neighbors': 3, 'weights': 'uniform'}",0.9642857142857143,0.9259259259259259,0.9629629629629629,0.8518518518518519,0.9259259259259259,1.0,1.0,0.8148148148148148,0.8148148148148148,0.8888888888888888,0.9149470899470901,0.06645439983022737,33
0.00012378692626953126,9.87110504829336e-06,0.00023844242095947266,1.2304085054070513e-05,brute,40,3,distance,"{'algorithm': 'brute', 'leaf_size': 40, 'n_neighbors': 3, 'weights': 'distance'}",0.9642857142857143,0.9259259259259259,0.9629629629629629,0.8518518518518519,0.9259259259259259,1.0,1.0,0.8148148148148148,0.8148148148148148,0.8888888888888888,0.9149470899470901,0.06645439983022737,33
0.00012087821960449219,1.046491905258864e-05,0.00023145675659179686,2.133541245208529e-05,brute,40,5,uniform,"{'algorithm': 'brute', 'leaf_size': 40, 'n_neighbors': 5, 'weights': 'uniform'}",0.9642857142857143,0.9259259259259259,0.8888888888888888,0.8518518518518519,0.9259259259259259,0.9629629629629629,1.0,0.8888888888888888,0.8148148148148148,0.8888888888888888,0.9112433862433862,0.053030451638520076,161
0.0001254558563232422,1.2432471629951736e-05,0.00026051998138427735,2.6080213761371767e-05,brute,40,5,distance,"{'algorithm': 'brute', 'leaf_size': 40, 'n_neighbors': 5, 'weights': 'distance'}",0.9642857142857143,0.9259259259259259,0.9259259259259259,0.8518518518518519,0.9259259259259259,0.9629629629629629,1.0,0.8888888888888888,0.8148148148148148,0.8888888888888888,0.9149470899470898,0.05263170833078003,97
0.00012319087982177735,1.4909856166812496e-05,0.0002620458602905273,8.28280315651272e-05,brute,40,7,uniform,"{'algorithm': 'brute', 'leaf_size': 40, 'n_neighbors': 7, 'weights': 'uniform'}",0.9642857142857143,0.9259259259259259,0.9259259259259259,0.8518518518518519,0.9259259259259259,0.9629629629629629,0.9259259259259259,0.8888888888888888,0.8518518518518519,0.8148148148148148,0.9038359788359788,0.04759718045831639,257
0.00011653900146484375,3.4414960052044164e-06,0.00023345947265625,1.1632188122598128e-05,brute,40,7,distance,"{'algorithm': 'brute', 'leaf_size': 40, 'n_neighbors': 7, 'weights': 'distance'}",0.9642857142857143,0.9629629629629629,0.9259259259259259,0.8518518518518519,0.9259259259259259,0.9629629629629629,0.9629629629629629,0.8888888888888888,0.8518518518518519,0.8148148148148148,0.9112433862433862,0.053030451638520056,161
0.00011706352233886719,3.959471545776134e-06,0.00023479461669921874,5.238485362129371e-06,brute,40,11,uniform,"{'algorithm': 'brute', 'leaf_size': 40, 'n_neighbors': 11, 'weights': 'uniform'}",0.9642857142857143,0.8518518518518519,0.8518518518518519,0.8518518518518519,0.9259259259259259,0.9259259259259259,0.8888888888888888,0.8148148148148148,0.9259259259259259,0.8888888888888888,0.889021164021164,0.04404761904761906,545
0.0001291990280151367,1.4683352306710145e-05,0.0002853631973266602,3.655501111754448e-05,brute,40,11,distance,"{'algorithm': 'brute', 'leaf_size': 40, 'n_neighbors': 11, 'weights': 'distance'}",0.9642857142857143,0.8888888888888888,0.8518518518518519,0.8518518518518519,0.9259259259259259,0.9629629629629629,0.9629629629629629,0.8148148148148148,0.9629629629629629,0.8888888888888888,0.9075396825396826,0.053168844616982916,225
0.00012569427490234376,1.0889127513574771e-05,0.00029098987579345703,8.71533400819866e-05,brute,40,13,uniform,"{'algorithm': 'brute', 'leaf_size': 40, 'n_neighbors': 13, 'weights': 'uniform'}",0.9642857142857143,0.8888888888888888,0.8148148148148148,0.8518518518518519,0.9259259259259259,0.8888888888888888,0.8518518518518519,0.8148148148148148,0.9259259259259259,0.8888888888888888,0.8816137566137566,0.04649334482859554,737
0.00012161731719970704,4.085871227196313e-06,0.00026068687438964846,1.3249810887196614e-05,brute,40,13,distance,"{'algorithm': 'brute', 'leaf_size': 40, 'n_neighbors': 13, 'weights': 'distance'}",0.9642857142857143,0.8888888888888888,0.8148148148148148,0.8518518518518519,0.9259259259259259,0.9259259259259259,0.8888888888888888,0.8148148148148148,0.9259259259259259,0.9259259259259259,0.8927248677248677,0.04834271548630229,385
0.00011973381042480468,4.279331235157885e-06,0.0002628326416015625,4.909570585472525e-06,brute,40,17,uniform,"{'algorithm': 'brute', 'leaf_size': 40, 'n_neighbors': 17, 'weights': 'uniform'}",0.9642857142857143,0.9259259259259259,0.8888888888888888,0.8518518518518519,0.9629629629629629,0.8888888888888888,0.8518518518518519,0.7777777777777778,0.9259259259259259,0.8518518518518519,0.8890211640211639,0.05511430334995131,577
0.00012586116790771484,8.599907199825397e-06,0.00030498504638671876,7.063323332685675e-05,brute,40,17,distance,"{'algorithm': 'brute', 'leaf_size': 40, 'n_neighbors': 17, 'weights': 'distance'}",0.9642857142857143,0.9259259259259259,0.8888888888888888,0.8518518518518519,0.9629629629629629,0.9259259259259259,0.8518518518518519,0.7777777777777778,0.9259259259259259,0.8888888888888888,0.8964285714285716,0.0545963104766419,321
0.00012459754943847657,4.174980953187472e-06,0.0002944707870483398,3.133466913644429e-05,brute,40,19,uniform,"{'algorithm': 'brute', 'leaf_size': 40, 'n_neighbors': 19, 'weights': 'uniform'}",0.9642857142857143,0.9259259259259259,0.8888888888888888,0.8888888888888888,0.9629629629629629,0.8888888888888888,0.8148148148148148,0.8148148148148148,0.9259259259259259,0.8148148148148148,0.8890211640211639,0.055114303349951335,577
0.00011870861053466796,4.534280115714693e-06,0.00028488636016845705,1.33085626719869e-05,brute,40,19,distance,"{'algorithm': 'brute', 'leaf_size': 40, 'n_neighbors': 19, 'weights': 'distance'}",0.9642857142857143,0.9259259259259259,0.8888888888888888,0.8888888888888888,0.9629629629629629,0.9259259259259259,0.8148148148148148,0.8148148148148148,0.9259259259259259,0.8148148148148148,0.8927248677248677,0.05621444127694664,385
0.00011954307556152343,7.668929187973141e-06,0.00029718875885009766,2.0434363910791707e-05,brute,40,23,uniform,"{'algorithm': 'brute', 'leaf_size': 40, 'n_neighbors': 23, 'weights': 'uniform'}",0.9285714285714286,0.9629629629629629,0.8518518518518519,0.8888888888888888,0.9629629629629629,0.8888888888888888,0.8148148148148148,0.8148148148148148,0.8888888888888888,0.8148148148148148,0.8817460317460316,0.054654445597923325,705
0.00012254714965820312,1.4758475950817014e-05,0.0003038167953491211,3.377088714271694e-05,brute,40,23,distance,"{'algorithm': 'brute', 'leaf_size': 40, 'n_neighbors': 23, 'weights': 'distance'}",0.9642857142857143,0.9629629629629629,0.8888888888888888,0.8888888888888888,0.9629629629629629,0.9259259259259259,0.8148148148148148,0.8148148148148148,0.8888888888888888,0.8148148148148148,0.8927248677248677,0.05860385508288557,385
0.00012218952178955078,1.056075896779433e-05,0.00035533905029296877,8.746291905915817e-05,brute,40,29,uniform,"{'algorithm': 'brute', 'leaf_size': 40, 'n_neighbors': 29, 'weights': 'uniform'}",0.9285714285714286,0.9629629629629629,0.9259259259259259,0.8888888888888888,0.9629629629629629,0.8518518518518519,0.8148148148148148,0.8148148148148148,0.8888888888888888,0.8148148148148148,0.8854497354497355,0.056244779905782104,641
0.00012047290802001953,5.11356442319448e-06,0.00029408931732177734,1.589780019719293e-05,brute,40,29,distance,"{'algorithm': 'brute', 'leaf_size': 40, 'n_neighbors': 29, 'weights': 'distance'}",0.9285714285714286,0.9629629629629629,0.9259259259259259,0.8888888888888888,0.9629629629629629,0.8888888888888888,0.8148148148148148,0.8148148148148148,0.8888888888888888,0.8148148148148148,0.889153439153439,0.055118588923675764,513
0.00011949539184570312,9.370062488353513e-06,0.0002989053726196289,6.935522292820084e-06,brute,40,31,uniform,"{'algorithm': 'brute', 'leaf_size': 40, 'n_neighbors': 31, 'weights': 'uniform'}",0.9285714285714286,1.0,0.9259259259259259,0.9259259259259259,0.9629629629629629,0.8518518518518519,0.8148148148148148,0.8148148148148148,0.8888888888888888,0.8148148148148148,0.8928571428571429,0.0631078542731494,353
0.00012717247009277343,1.2031613533009118e-05,0.0003411531448364258,3.635151586221858e-05,brute,40,31,distance,"{'algorithm': 'brute', 'leaf_size': 40, 'n_neighbors': 31, 'weights': 'distance'}",0.9285714285714286,1.0,0.9259259259259259,0.9259259259259259,0.9629629629629629,0.8888888888888888,0.8148148148148148,0.8148148148148148,0.8888888888888888,0.8148148148148148,0.8965608465608466,0.0616629156361344,289
0.00013530254364013672,4.524305864272043e-05,0.0003666400909423828,8.287903066539655e-05,brute,40,37,uniform,"{'algorithm': 'brute', 'leaf_size': 40, 'n_neighbors': 37, 'weights': 'uniform'}",0.8928571428571429,1.0,0.8888888888888888,0.8888888888888888,0.9259259259259259,0.8518518518518519,0.8148148148148148,0.7037037037037037,0.8888888888888888,0.8518518518518519,0.8707671957671957,0.072782701265744,801
0.0001201629638671875,3.959471545776134e-06,0.0003148555755615234,1.2822487217765341e-05,brute,40,37,distance,"{'algorithm': 'brute', 'leaf_size': 40, 'n_neighbors': 37, 'weights': 'distance'}",0.9285714285714286,1.0,0.8888888888888888,0.9259259259259259,0.9259259259259259,0.8888888888888888,0.8518518518518519,0.7777777777777778,0.8888888888888888,0.8148148148148148,0.8891534391534393,0.0598895290508307,481
0.0001362323760986328,2.6587081912809582e-05,0.00039081573486328126,7.999146213033588e-05,brute,40,41,uniform,"{'algorithm': 'brute', 'leaf_size': 40, 'n_neighbors': 41, 'weights': 'uniform'}",0.8571428571428571,1.0,0.8888888888888888,0.8518518518518519,0.9259259259259259,0.8148148148148148,0.8148148148148148,0.7407407407407407,0.8888888888888888,0.8148148148148148,0.8597883597883598,0.06785082532964794,865
0.00013921260833740234,3.3598659790953805e-05,0.0003930330276489258,8.20773921997139e-05,brute,40,41,distance,"{'algorithm': 'brute', 'leaf_size': 40, 'n_neighbors': 41, 'weights': 'distance'}",0.8928571428571429,1.0,0.8888888888888888,0.8888888888888888,0.9259259259259259,0.8518518518518519,0.8518518518518519,0.7777777777777778,0.8888888888888888,0.8148148148148148,0.8781746031746032,0.057585884266853474,769
0.00012230873107910156,5.460774444561859e-06,0.0003439188003540039,1.2039666119374054e-05,brute,40,43,uniform,"{'algorithm': 'brute', 'leaf_size': 40, 'n_neighbors': 43, 'weights': 'uniform'}",0.9285714285714286,1.0,0.8888888888888888,0.8518518518518519,0.9259259259259259,0.8148148148148148,0.8148148148148148,0.7407407407407407,0.9259259259259259,0.8148148148148148,0.8706349206349205,0.07287819624881071,833
0.00012979507446289062,1.2804298591297256e-05,0.0004136085510253906,6.788407927175461e-05,brute,40,43,distance,"{'algorithm': 'brute', 'leaf_size': 40, 'n_neighbors': 43, 'weights': 'distance'}",0.9285714285714286,1.0,0.8888888888888888,0.8888888888888888,0.9259259259259259,0.8518518518518519,0.8518518518518519,0.7777777777777778,0.9259259259259259,0.8148148148148148,0.8854497354497355,0.060927597290907604,641
0.00012323856353759765,1.0661043456341271e-05,0.0002588033676147461,9.409552523888538e-05,brute,50,2,uniform,"{'algorithm': 'brute', 'leaf_size': 50, 'n_neighbors': 2, 'weights': 'uniform'}",0.9285714285714286,1.0,0.9629629629629629,0.8518518518518519,0.9629629629629629,0.9629629629629629,0.9259259259259259,0.8518518518518519,0.8518518518518519,0.8148148148148148,0.9113756613756614,0.06024838242553935,129
0.00011935234069824219,4.0618018034070685e-06,0.00022847652435302733,9.019063189933025e-06,brute,50,2,distance,"{'algorithm': 'brute', 'leaf_size': 50, 'n_neighbors': 2, 'weights': 'distance'}",0.9642857142857143,0.8888888888888888,0.9629629629629629,0.8518518518518519,0.9259259259259259,0.9629629629629629,1.0,0.8518518518518519,0.8888888888888888,0.9259259259259259,0.9223544973544973,0.04826157492490816,1
0.00011715888977050781,3.4172960028016887e-06,0.00021402835845947267,7.78139950167843e-06,brute,50,3,uniform,"{'algorithm': 'brute', 'leaf_size': 50, 'n_neighbors': 3, 'weights': 'uniform'}",0.9642857142857143,0.9259259259259259,0.9629629629629629,0.8518518518518519,0.9259259259259259,1.0,1.0,0.8148148148148148,0.8148148148148148,0.8888888888888888,0.9149470899470901,0.06645439983022737,33
0.00012466907501220703,1.3994764422837756e-05,0.000274968147277832,9.406445711737282e-05,brute,50,3,distance,"{'algorithm': 'brute', 'leaf_size': 50, 'n_neighbors': 3, 'weights': 'distance'}",0.9642857142857143,0.9259259259259259,0.9629629629629629,0.8518518518518519,0.9259259259259259,1.0,1.0,0.8148148148148148,0.8148148148148148,0.8888888888888888,0.9149470899470901,0.06645439983022737,33
0.00012030601501464844,5.505559433276265e-06,0.00023136138916015624,2.268216676515177e-05,brute,50,5,uniform,"{'algorithm': 'brute', 'leaf_size': 50, 'n_neighbors': 5, 'weights': 'uniform'}",0.9642857142857143,0.9259259259259259,0.8888888888888888,0.8518518518518519,0.9259259259259259,0.9629629629629629,1.0,0.8888888888888888,0.8148148148148148,0.8888888888888888,0.9112433862433862,0.053030451638520076,161
0.00011808872222900391,5.935665038065863e-06,0.0002437591552734375,2.260610488295564e-05,brute,50,5,distance,"{'algorithm': 'brute', 'leaf_size': 50, 'n_neighbors': 5, 'weights': 'distance'}",0.9642857142857143,0.9259259259259259,0.9259259259259259,0.8518518518518519,0.9259259259259259,0.9629629629629629,1.0,0.8888888888888888,0.8148148148148148,0.8888888888888888,0.9149470899470898,0.05263170833078003,97
0.0001235485076904297,9.96509804332487e-06,0.00024640560150146484,3.138538589232073e-05,brute,50,7,uniform,"{'algorithm': 'brute', 'leaf_size': 50, 'n_neighbors': 7, 'weights': 'uniform'}",0.9642857142857143,0.9259259259259259,0.9259259259259259,0.8518518518518519,0.9259259259259259,0.9629629629629629,0.9259259259259259,0.8888888888888888,0.8518518518518519,0.8148148148148148,0.9038359788359788,0.04759718045831639,257
0.00012459754943847657,8.718560284670108e-06,0.0002895355224609375,6.003654404012384e-05,brute,50,7,distance,"{'algorithm': 'brute', 'leaf_size': 50, 'n_neighbors': 7, 'weights': 'distance'}",0.9642857142857143,0.9629629629629629,0.9259259259259259,0.8518518518518519,0.9259259259259259,0.9629629629629629,0.9629629629629629,0.8888888888888888,0.8518518518518519,0.8148148148148148,0.9112433862433862,0.053030451638520056,161
0.00012204647064208984,1.0024615292859566e-05,0.00024464130401611326,8.48344765914663e-06,brute,50,11,uniform,"{'algorithm': 'brute', 'leaf_size': 50, 'n_neighbors': 11, 'weights': 'uniform'}",0.9642857142857143,0.8518518518518519,0.8518518518518519,0.8518518518518519,0.9259259259259259,0.9259259259259259,0.8888888888888888,0.8148148148148148,0.9259259259259259,0.8888888888888888,0.889021164021164,0.04404761904761906,545
0.00012102127075195313,6.097365797762413e-06,0.0002929925918579102,6.39689488384169e-05,brute,50,11,distance,"{'algorithm': 'brute', 'leaf_size': 50, 'n_neighbors': 11, 'weights': 'distance'}",0.9642857142857143,0.8888888888888888,0.8518518518518519,0.8518518518518519,0.9259259259259259,0.9629629629629629,0.9629629629629629,0.8148148148148148,0.9629629629629629,0.8888888888888888,0.9075396825396826,0.053168844616982916,225
0.00012078285217285157,3.393928460936402e-06,0.00025877952575683596,2.361480362249124e-05,brute,50,13,uniform,"{'algorithm': 'brute', 'leaf_size': 50, 'n_neighbors': 13, 'weights': 'uniform'}",0.9642857142857143,0.8888888888888888,0.8148148148148148,0.8518518518518519,0.9259259259259259,0.8888888888888888,0.8518518518518519,0.8148148148148148,0.9259259259259259,0.8888888888888888,0.8816137566137566,0.04649334482859554,737
0.00011720657348632813,2.583735882595838e-06,0.0002590179443359375,6.462155153809292e-06,brute,50,13,distance,"{'algorithm': 'brute', 'leaf_size': 50, 'n_neighbors': 13, 'weights': 'distance'}",0.9642857142857143,0.8888888888888888,0.8148148148148148,0.8518518518518519,0.9259259259259259,0.9259259259259259,0.8888888888888888,0.8148148148148148,0.9259259259259259,0.9259259259259259,0.8927248677248677,0.04834271548630229,385
0.00013718605041503906,2.12752214898364e-05,0.0002883434295654297,2.9611971448783664e-05,brute,50,17,uniform,"{'algorithm': 'brute', 'leaf_size': 50, 'n_neighbors': 17, 'weights': 'uniform'}",0.9642857142857143,0.9259259259259259,0.8888888888888888,0.8518518518518519,0.9629629629629629,0.8888888888888888,0.8518518518518519,0.7777777777777778,0.9259259259259259,0.8518518518518519,0.8890211640211639,0.05511430334995131,577
0.0001305818557739258,2.4817312743144522e-05,0.0003378868103027344,8.390896576548363e-05,brute,50,17,distance,"{'algorithm': 'brute', 'leaf_size': 50, 'n_neighbors': 17, 'weights': 'distance'}",0.9642857142857143,0.9259259259259259,0.8888888888888888,0.8518518518518519,0.9629629629629629,0.9259259259259259,0.8518518518518519,0.7777777777777778,0.9259259259259259,0.8888888888888888,0.8964285714285716,0.0545963104766419,321
0.00012218952178955078,8.509405920264957e-06,0.0002832889556884766,2.79704320440053e-05,brute,50,19,uniform,"{'algorithm': 'brute', 'leaf_size': 50, 'n_neighbors': 19, 'weights': 'uniform'}",0.9642857142857143,0.9259259259259259,0.8888888888888888,0.8888888888888888,0.9629629629629629,0.8888888888888888,0.8148148148148148,0.8148148148148148,0.9259259259259259,0.8148148148148148,0.8890211640211639,0.055114303349951335,577
0.0001230955123901367,7.310591689262935e-06,0.00029120445251464846,2.4655801191642093e-05,brute,50,19,distance,"{'algorithm': 'brute', 'leaf_size': 50, 'n_neighbors': 19, 'weights': 'distance'}",0.9642857142857143,0.9259259259259259,0.8888888888888888,0.8888888888888888,0.9629629629629629,0.9259259259259259,0.8148148148148148,0.8148148148148148,0.9259259259259259,0.8148148148148148,0.8927248677248677,0.05621444127694664,385
0.00012619495391845702,8.120979189512682e-06,0.0003837108612060547,0.0001355069859344061,brute,50,23,uniform,"{'algorithm': 'brute', 'leaf_size': 50, 'n_neighbors': 23, 'weights': 'uniform'}",0.9285714285714286,0.9629629629629629,0.8518518518518519,0.8888888888888888,0.9629629629629629,0.8888888888888888,0.8148148148148148,0.8148148148148148,0.8888888888888888,0.8148148148148148,0.8817460317460316,0.054654445597923325,705
0.00013442039489746093,3.187502148989594e-05,0.0003373146057128906,0.00011205728003185347,brute,50,23,distance,"{'algorithm': 'brute', 'leaf_size': 50, 'n_neighbors': 23, 'weights': 'distance'}",0.9642857142857143,0.9629629629629629,0.8888888888888888,0.8888888888888888,0.9629629629629629,0.9259259259259259,0.8148148148148148,0.8148148148148148,0.8888888888888888,0.8148148148148148,0.8927248677248677,0.05860385508288557,385
0.0001163482666015625,1.8621086301581035e-06,0.0002994537353515625,1.1543497844826158e-05,brute,50,29,uniform,"{'algorithm': 'brute', 'leaf_size': 50, 'n_neighbors': 29, 'weights': 'uniform'}",0.9285714285714286,0.9629629629629629,0.9259259259259259,0.8888888888888888,0.9629629629629629,0.8518518518518519,0.8148148148148148,0.8148148148148148,0.8888888888888888,0.8148148148148148,0.8854497354497355,0.056244779905782104,641
0.00012302398681640625,1.6336457741857433e-05,0.00030376911163330076,1.9116487310174433e-05,brute,50,29,distance,"{'algorithm': 'brute', 'leaf_size': 50, 'n_neighbors': 29, 'weights': 'distance'}",0.9285714285714286,0.9629629629629629,0.9259259259259259,0.8888888888888888,0.9629629629629629,0.8888888888888888,0.8148148148148148,0.8148148148148148,0.8888888888888888,0.8148148148148148,0.889153439153439,0.055118588923675764,513
0.0001263141632080078,7.001392053642361e-06,0.00035352706909179686,5.7338632308579105e-05,brute,50,31,uniform,"{'algorithm': 'brute', 'leaf_size': 50, 'n_neighbors': 31, 'weights': 'uniform'}",0.9285714285714286,1.0,0.9259259259259259,0.9259259259259259,0.9629629629629629,0.8518518518518519,0.8148148148148148,0.8148148148148148,0.8888888888888888,0.8148148148148148,0.8928571428571429,0.0631078542731494,353
0.00012166500091552735,5.163345028168036e-06,0.00031511783599853517,1.9771513850486146e-05,brute,50,31,distance,"{'algorithm': 'brute', 'leaf_size': 50, 'n_neighbors': 31, 'weights': 'distance'}",0.9285714285714286,1.0,0.9259259259259259,0.9259259259259259,0.9629629629629629,0.8888888888888888,0.8148148148148148,0.8148148148148148,0.8888888888888888,0.8148148148148148,0.8965608465608466,0.0616629156361344,289
0.00012407302856445312,1.6138736597298338e-05,0.0003268957138061523,2.747228706908869e-05,brute,50,37,uniform,"{'algorithm': 'brute', 'leaf_size': 50, 'n_neighbors': 37, 'weights': 'uniform'}",0.8928571428571429,1.0,0.8888888888888888,0.8888888888888888,0.9259259259259259,0.8518518518518519,0.8148148148148148,0.7037037037037037,0.8888888888888888,0.8518518518518519,0.8707671957671957,0.072782701265744,801
0.0001250028610229492,8.057031263016879e-06,0.00034465789794921873,3.244056044278492e-05,brute,50,37,distance,"{'algorithm': 'brute', 'leaf_size': 50, 'n_neighbors': 37, 'weights': 'distance'}",0.9285714285714286,1.0,0.8888888888888888,0.9259259259259259,0.9259259259259259,0.8888888888888888,0.8518518518518519,0.7777777777777778,0.8888888888888888,0.8148148148148148,0.8891534391534393,0.0598895290508307,481
0.00014142990112304689,4.7310897589723264e-05,0.00036728382110595703,4.7956194801183484e-05,brute,50,41,uniform,"{'algorithm': 'brute', 'leaf_size': 50, 'n_neighbors': 41, 'weights': 'uniform'}",0.8571428571428571,1.0,0.8888888888888888,0.8518518518518519,0.9259259259259259,0.8148148148148148,0.8148148148148148,0.7407407407407407,0.8888888888888888,0.8148148148148148,0.8597883597883598,0.06785082532964794,865
0.0001228809356689453,5.793326180371297e-06,0.00032994747161865237,1.1734675698804753e-05,brute,50,41,distance,"{'algorithm': 'brute', 'leaf_size': 50, 'n_neighbors': 41, 'weights': 'distance'}",0.8928571428571429,1.0,0.8888888888888888,0.8888888888888888,0.9259259259259259,0.8518518518518519,0.8518518518518519,0.7777777777777778,0.8888888888888888,0.8148148148148148,0.8781746031746032,0.057585884266853474,769
0.0001241922378540039,9.470020776244802e-06,0.0003836870193481445,3.2596981892738175e-05,brute,50,43,uniform,"{'algorithm': 'brute', 'leaf_size': 50, 'n_neighbors': 43, 'weights': 'uniform'}",0.9285714285714286,1.0,0.8888888888888888,0.8518518518518519,0.9259259259259259,0.8148148148148148,0.8148148148148148,0.7407407407407407,0.9259259259259259,0.8148148148148148,0.8706349206349205,0.07287819624881071,833
0.00014739036560058595,6.598156533994854e-05,0.00039446353912353516,4.7998965766470515e-05,brute,50,43,distance,"{'algorithm': 'brute', 'leaf_size': 50, 'n_neighbors': 43, 'weights': 'distance'}",0.9285714285714286,1.0,0.8888888888888888,0.8888888888888888,0.9259259259259259,0.8518518518518519,0.8518518518518519,0.7777777777777778,0.9259259259259259,0.8148148148148148,0.8854497354497355,0.060927597290907604,641
0.00012030601501464844,3.3534910149607166e-06,0.0002482414245605469,8.213372983570911e-06,brute,60,2,uniform,"{'algorithm': 'brute', 'leaf_size': 60, 'n_neighbors': 2, 'weights': 'uniform'}",0.9285714285714286,1.0,0.9629629629629629,0.8518518518518519,0.9629629629629629,0.9629629629629629,0.9259259259259259,0.8518518518518519,0.8518518518518519,0.8148148148148148,0.9113756613756614,0.06024838242553935,129
0.0001305103302001953,2.316717148511021e-05,0.00030336380004882815,6.675866670364403e-05,brute,60,2,distance,"{'algorithm': 'brute', 'leaf_size': 60, 'n_neighbors': 2, 'weights': 'distance'}",0.9642857142857143,0.8888888888888888,0.9629629629629629,0.8518518518518519,0.9259259259259259,0.9629629629629629,1.0,0.8518518518518519,0.8888888888888888,0.9259259259259259,0.9223544973544973,0.04826157492490816,1
0.000133514404296875,2.6609906051418394e-05,0.0002750396728515625,3.07597298537374e-05,brute,60,3,uniform,"{'algorithm': 'brute', 'leaf_size': 60, 'n_neighbors': 3, 'weights': 'uniform'}",0.9642857142857143,0.9259259259259259,0.9629629629629629,0.8518518518518519,0.9259259259259259,1.0,1.0,0.8148148148148148,0.8148148148148148,0.8888888888888888,0.9149470899470901,0.06645439983022737,33
0.00013437271118164063,4.7309383692136105e-05,0.0002912282943725586,4.367946145289687e-05,brute,60,3,distance,"{'algorithm': 'brute', 'leaf_size': 60, 'n_neighbors': 3, 'weights': 'distance'}",0.9642857142857143,0.9259259259259259,0.9629629629629629,0.8518518518518519,0.9259259259259259,1.0,1.0,0.8148148148148148,0.8148148148148148,0.8888888888888888,0.9149470899470901,0.06645439983022737,33
0.00011744499206542969,1.2848085007960777e-06,0.00025670528411865235,6.369882323640946e-06,brute,60,5,uniform,"{'algorithm': 'brute', 'leaf_size': 60, 'n_neighbors': 5, 'weights': 'uniform'}",0.9642857142857143,0.9259259259259259,0.8888888888888888,0.8518518518518519,0.9259259259259259,0.9629629629629629,1.0,0.8888888888888888,0.8148148148148148,0.8888888888888888,0.9112433862433862,0.053030451638520076,161
0.000128173828125,1.4774335929653731e-05,0.00028841495513916017,3.038074880322525e-05,brute,60,5,distance,"{'algorithm': 'brute', 'leaf_size': 60, 'n_neighbors': 5, 'weights': 'distance'}",0.9642857142857143,0.9259259259259259,0.9259259259259259,0.8518518518518519,0.9259259259259259,0.9629629629629629,1.0,0.8888888888888888,0.8148148148148148,0.8888888888888888,0.9149470899470898,0.05263170833078003,97
0.00012352466583251954,4.795059383887569e-06,0.0002791881561279297,1.8244552396951796e-05,brute,60,7,uniform,"{'algorithm': 'brute', 'leaf_size': 60, 'n_neighbors': 7, 'weights': 'uniform'}",0.9642857142857143,0.9259259259259259,0.9259259259259259,0.8518518518518519,0.9259259259259259,0.9629629629629629,0.9259259259259259,0.8888888888888888,0.8518518518518519,0.8148148148148148,0.9038359788359788,0.04759718045831639,257
0.00012166500091552735,1.1174203430394466e-05,0.0002984046936035156,6.200452752543493e-05,brute,60,7,distance,"{'algorithm': 'brute', 'leaf_size': 60, 'n_neighbors': 7, 'weights': 'distance'}",0.9642857142857143,0.9629629629629629,0.9259259259259259,0.8518518518518519,0.9259259259259259,0.9629629629629629,0.9629629629629629,0.8888888888888888,0.8518518518518519,0.8148148148148148,0.9112433862433862,0.053030451638520056,161
0.00011932849884033203,1.427528131477614e-06,0.0002894401550292969,1.5306398504439454e-05,brute,60,11,uniform,"{'algorithm': 'brute', 'leaf_size': 60, 'n_neighbors': 11, 'weights': 'uniform'}",0.9642857142857143,0.8518518518518519,0.8518518518518519,0.8518518518518519,0.9259259259259259,0.9259259259259259,0.8888888888888888,0.8148148148148148,0.9259259259259259,0.8888888888888888,0.889021164021164,0.04404761904761906,545
0.00014176368713378907,3.564388855508234e-05,0.0003879547119140625,0.0001150935557616463,brute,60,11,distance,"{'algorithm': 'brute', 'leaf_size': 60, 'n_neighbors': 11, 'weights': 'distance'}",0.9642857142857143,0.8888888888888888,0.8518518518518519,0.8518518518518519,0.9259259259259259,0.9629629629629629,0.9629629629629629,0.8148148148148148,0.9629629629629629,0.8888888888888888,0.9075396825396826,0.053168844616982916,225
0.00013854503631591797,3.3949407604985405e-05,0.00032083988189697267,2.7417939641493898e-05,brute,60,13,uniform,"{'algorithm': 'brute', 'leaf_size': 60, 'n_neighbors': 13, 'weights': 'uniform'}",0.9642857142857143,0.8888888888888888,0.8148148148148148,0.8518518518518519,0.9259259259259259,0.8888888888888888,0.8518518518518519,0.8148148148148148,0.9259259259259259,0.8888888888888888,0.8816137566137566,0.04649334482859554,737
0.00012366771697998048,7.2989191385120775e-06,0.0002778768539428711,2.271998963129034e-05,brute,60,13,distance,"{'algorithm': 'brute', 'leaf_size': 60, 'n_neighbors': 13, 'weights': 'distance'}",0.9642857142857143,0.8888888888888888,0.8148148148148148,0.8518518518518519,0.9259259259259259,0.9259259259259259,0.8888888888888888,0.8148148148148148,0.9259259259259259,0.9259259259259259,0.8927248677248677,0.04834271548630229,385
0.00011718273162841797,1.8567588303029573e-06,0.0002849578857421875,3.1072774283372034e-05,brute,60,17,uniform,"{'algorithm': 'brute', 'leaf_size': 60, 'n_neighbors': 17, 'weights': 'uniform'}",0.9642857142857143,0.9259259259259259,0.8888888888888888,0.8518518518518519,0.9629629629629629,0.8888888888888888,0.8518518518518519,0.7777777777777778,0.9259259259259259,0.8518518518518519,0.8890211640211639,0.05511430334995131,577
0.00013391971588134767,1.731222627854907e-05,0.00040285587310791017,0.00012437719606246195,brute,60,17,distance,"{'algorithm': 'brute', 'leaf_size': 60, 'n_neighbors': 17, 'weights': 'distance'}",0.9642857142857143,0.9259259259259259,0.8888888888888888,0.8518518518518519,0.9629629629629629,0.9259259259259259,0.8518518518518519,0.7777777777777778,0.9259259259259259,0.8888888888888888,0.8964285714285716,0.0545963104766419,321
0.00011560916900634765,3.0335426615388497e-06,0.0002692222595214844,4.975813452995755e-06,brute,60,19,uniform,"{'algorithm': 'brute', 'leaf_size': 60, 'n_neighbors': 19, 'weights': 'uniform'}",0.9642857142857143,0.9259259259259259,0.8888888888888888,0.8888888888888888,0.9629629629629629,0.8888888888888888,0.8148148148148148,0.8148148148148148,0.9259259259259259,0.8148148148148148,0.8890211640211639,0.055114303349951335,577
0.00011525154113769531,3.7412729732385696e-06,0.00026073455810546873,6.771423438973682e-06,brute,60,19,distance,"{'algorithm': 'brute', 'leaf_size': 60, 'n_neighbors': 19, 'weights': 'distance'}",0.9642857142857143,0.9259259259259259,0.8888888888888888,0.8888888888888888,0.9629629629629629,0.9259259259259259,0.8148148148148148,0.8148148148148148,0.9259259259259259,0.8148148148148148,0.8927248677248677,0.05621444127694664,385
0.00011844635009765625,6.51524300916681e-06,0.00028574466705322266,1.649479257845683e-05,brute,60,23,uniform,"{'algorithm': 'brute', 'leaf_size': 60, 'n_neighbors': 23, 'weights': 'uniform'}",0.9285714285714286,0.9629629629629629,0.8518518518518519,0.8888888888888888,0.9629629629629629,0.8888888888888888,0.8148148148148148,0.8148148148148148,0.8888888888888888,0.8148148148148148,0.8817460317460316,0.054654445597923325,705
0.00013222694396972657,1.896805232685614e-05,0.00032787322998046876,7.864805571503989e-05,brute,60,23,distance,"{'algorithm': 'brute', 'leaf_size': 60, 'n_neighbors': 23, 'weights': 'distance'}",0.9642857142857143,0.9629629629629629,0.8888888888888888,0.8888888888888888,0.9629629629629629,0.9259259259259259,0.8148148148148148,0.8148148148148148,0.8888888888888888,0.8148148148148148,0.8927248677248677,0.05860385508288557,385
0.0001169443130493164,2.770686506473102e-06,0.0002984762191772461,9.355886503670811e-06,brute,60,29,uniform,"{'algorithm': 'brute', 'leaf_size': 60, 'n_neighbors': 29, 'weights': 'uniform'}",0.9285714285714286,0.9629629629629629,0.9259259259259259,0.8888888888888888,0.9629629629629629,0.8518518518518519,0.8148148148148148,0.8148148148148148,0.8888888888888888,0.8148148148148148,0.8854497354497355,0.056244779905782104,641
0.0001252889633178711,1.0572593864271715e-05,0.00032796859741210935,3.187099092792813e-05,brute,60,29,distance,"{'algorithm': 'brute', 'leaf_size': 60, 'n_neighbors': 29, 'weights': 'distance'}",0.9285714285714286,0.9629629629629629,0.9259259259259259,0.8888888888888888,0.9629629629629629,0.8888888888888888,0.8148148148148148,0.8148148148148148,0.8888888888888888,0.8148148148148148,0.889153439153439,0.055118588923675764,513
0.0001282930374145508,8.186094188367122e-06,0.0003393411636352539,4.102491013314394e-05,brute,60,31,uniform,"{'algorithm': 'brute', 'leaf_size': 60, 'n_neighbors': 31, 'weights': 'uniform'}",0.9285714285714286,1.0,0.9259259259259259,0.9259259259259259,0.9629629629629629,0.8518518518518519,0.8148148148148148,0.8148148148148148,0.8888888888888888,0.8148148148148148,0.8928571428571429,0.0631078542731494,353
0.0001232624053955078,8.53058877367831e-06,0.00032739639282226564,6.29055391481808e-05,brute,60,31,distance,"{'algorithm': 'brute', 'leaf_size': 60, 'n_neighbors': 31, 'weights': 'distance'}",0.9285714285714286,1.0,0.9259259259259259,0.9259259259259259,0.9629629629629629,0.8888888888888888,0.8148148148148148,0.8148148148148148,0.8888888888888888,0.8148148148148148,0.8965608465608466,0.0616629156361344,289
0.00011682510375976562,2.8250338065335512e-06,0.0003189563751220703,6.230712747766297e-06,brute,60,37,uniform,"{'algorithm': 'brute', 'leaf_size': 60, 'n_neighbors': 37, 'weights': 'uniform'}",0.8928571428571429,1.0,0.8888888888888888,0.8888888888888888,0.9259259259259259,0.8518518518518519,0.8148148148148148,0.7037037037037037,0.8888888888888888,0.8518518518518519,0.8707671957671957,0.072782701265744,801
0.00011508464813232422,2.113873495895182e-06,0.00030980110168457033,5.490050493097021e-06,brute,60,37,distance,"{'algorithm': 'brute', 'leaf_size': 60, 'n_neighbors': 37, 'weights': 'distance'}",0.9285714285714286,1.0,0.8888888888888888,0.9259259259259259,0.9259259259259259,0.8888888888888888,0.8518518518518519,0.7777777777777778,0.8888888888888888,0.8148148148148148,0.8891534391534393,0.0598895290508307,481
0.0001330137252807617,1.894293751793618e-05,0.0003825187683105469,5.653137293141076e-05,brute,60,41,uniform,"{'algorithm': 'brute', 'leaf_size': 60, 'n_neighbors': 41, 'weights': 'uniform'}",0.8571428571428571,1.0,0.8888888888888888,0.8518518518518519,0.9259259259259259,0.8148148148148148,0.8148148148148148,0.7407407407407407,0.8888888888888888,0.8148148148148148,0.8597883597883598,0.06785082532964794,865
0.0001222372055053711,6.456743128443721e-06,0.0003448009490966797,2.753580799184566e-05,brute,60,41,distance,"{'algorithm': 'brute', 'leaf_size': 60, 'n_neighbors': 41, 'weights': 'distance'}",0.8928571428571429,1.0,0.8888888888888888,0.8888888888888888,0.9259259259259259,0.8518518518518519,0.8518518518518519,0.7777777777777778,0.8888888888888888,0.8148148148148148,0.8781746031746032,0.057585884266853474,769
0.0001201629638671875,5.252789308075873e-06,0.0003426074981689453,1.4602432428560079e-05,brute,60,43,uniform,"{'algorithm': 'brute', 'leaf_size': 60, 'n_neighbors': 43, 'weights': 'uniform'}",0.9285714285714286,1.0,0.8888888888888888,0.8518518518518519,0.9259259259259259,0.8148148148148148,0.8148148148148148,0.7407407407407407,0.9259259259259259,0.8148148148148148,0.8706349206349205,0.07287819624881071,833
0.0001301288604736328,2.7877198775355253e-05,0.00035250186920166016,3.689857777802885e-05,brute,60,43,distance,"{'algorithm': 'brute', 'leaf_size': 60, 'n_neighbors': 43, 'weights': 'distance'}",0.9285714285714286,1.0,0.8888888888888888,0.8888888888888888,0.9259259259259259,0.8518518518518519,0.8518518518518519,0.7777777777777778,0.9259259259259259,0.8148148148148148,0.8854497354497355,0.060927597290907604,641
0.00011999607086181641,5.416930980743404e-06,0.00022542476654052734,3.4686298117484854e-05,brute,70,2,uniform,"{'algorithm': 'brute', 'leaf_size': 70, 'n_neighbors': 2, 'weights': 'uniform'}",0.9285714285714286,1.0,0.9629629629629629,0.8518518518518519,0.9629629629629629,0.9629629629629629,0.9259259259259259,0.8518518518518519,0.8518518518518519,0.8148148148148148,0.9113756613756614,0.06024838242553935,129
0.00011785030364990235,3.539612683770739e-06,0.00023515224456787108,2.5183605010958934e-05,brute,70,2,distance,"{'algorithm': 'brute', 'leaf_size': 70, 'n_neighbors': 2, 'weights': 'distance'}",0.9642857142857143,0.8888888888888888,0.9629629629629629,0.8518518518518519,0.9259259259259259,0.9629629629629629,1.0,0.8518518518518519,0.8888888888888888,0.9259259259259259,0.9223544973544973,0.04826157492490816,1
0.00012068748474121093,6.026663331836439e-06,0.00022561550140380858,1.2039099544628612e-05,brute,70,3,uniform,"{'algorithm': 'brute', 'leaf_size': 70, 'n_neighbors': 3, 'weights': 'uniform'}",0.9642857142857143,0.9259259259259259,0.9629629629629629,0.8518518518518519,0.9259259259259259,1.0,1.0,0.8148148148148148,0.8148148148148148,0.8888888888888888,0.9149470899470901,0.06645439983022737,33
0.00011777877807617188,2.989278415423866e-06,0.00024199485778808594,2.7719377002835295e-05,brute,70,3,distance,"{'algorithm': 'brute', 'leaf_size': 70, 'n_neighbors': 3, 'weights': 'distance'}",0.9642857142857143,0.9259259259259259,0.9629629629629629,0.8518518518518519,0.9259259259259259,1.0,1.0,0.8148148148148148,0.8148148148148148,0.8888888888888888,0.9149470899470901,0.06645439983022737,33
0.00011794567108154297,2.470941444032899e-06,0.00023877620697021484,5.70941813161625e-05,brute,70,5,uniform,"{'algorithm': 'brute', 'leaf_size': 70, 'n_neighbors': 5, 'weights': 'uniform'}",0.9642857142857143,0.9259259259259259,0.8888888888888888,0.8518518518518519,0.9259259259259259,0.9629629629629629,1.0,0.8888888888888888,0.8148148148148148,0.8888888888888888,0.9112433862433862,0.053030451638520076,161
0.00011594295501708985,2.431518865999736e-06,0.00023212432861328126,4.581360494456286e-06,brute,70,5,distance,"{'algorithm': 'brute', 'leaf_size': 70, 'n_neighbors': 5, 'weights': 'distance'}",0.9642857142857143,0.9259259259259259,0.9259259259259259,0.8518518518518519,0.9259259259259259,0.9629629629629629,1.0,0.8888888888888888,0.8148148148148148,0.8888888888888888,0.9149470899470898,0.05263170833078003,97
0.00011513233184814453,2.2929125169609354e-06,0.00022511482238769532,3.7588562345535957e-06,brute,70,7,uniform,"{'algorithm': 'brute', 'leaf_size': 70, 'n_neighbors': 7, 'weights': 'uniform'}",0.9642857142857143,0.9259259259259259,0.9259259259259259,0.8518518518518519,0.9259259259259259,0.9629629629629629,0.9259259259259259,0.8888888888888888,0.8518518518518519,0.8148148148148148,0.9038359788359788,0.04759718045831639,257
0.00012025833129882812,1.0842253637547196e-05,0.0002603769302368164,3.744833419444609e-05,brute,70,7,distance,"{'algorithm': 'brute', 'leaf_size': 70, 'n_neighbors': 7, 'weights': 'distance'}",0.9642857142857143,0.9629629629629629,0.9259259259259259,0.8518518518518519,0.9259259259259259,0.9629629629629629,0.9629629629629629,0.8888888888888888,0.8518518518518519,0.8148148148148148,0.9112433862433862,0.053030451638520056,161
0.00013256072998046875,2.216267092153475e-05,0.00028738975524902346,6.0084812132564184e-05,brute,70,11,uniform,"{'algorithm': 'brute', 'leaf_size': 70, 'n_neighbors': 11, 'weights': 'uniform'}",0.9642857142857143,0.8518518518518519,0.8518518518518519,0.8518518518518519,0.9259259259259259,0.9259259259259259,0.8888888888888888,0.8148148148148148,0.9259259259259259,0.8888888888888888,0.889021164021164,0.04404761904761906,545
0.0001343965530395508,3.0426367786593918e-05,0.00028278827667236326,4.570297601560731e-05,brute,70,11,distance,"{'algorithm': 'brute', 'leaf_size': 70, 'n_neighbors': 11, 'weights': 'distance'}",0.9642857142857143,0.8888888888888888,0.8518518518518519,0.8518518518518519,0.9259259259259259,0.9629629629629629,0.9629629629629629,0.8148148148148148,0.9629629629629629,0.8888888888888888,0.9075396825396826,0.053168844616982916,225
0.00012218952178955078,6.731895400760412e-06,0.0002734661102294922,4.6116218049694346e-05,brute,70,13,uniform,"{'algorithm': 'brute', 'leaf_size': 70, 'n_neighbors': 13, 'weights': 'uniform'}",0.9642857142857143,0.8888888888888888,0.8148148148148148,0.8518518518518519,0.9259259259259259,0.8888888888888888,0.8518518518518519,0.8148148148148148,0.9259259259259259,0.8888888888888888,0.8816137566137566,0.04649334482859554,737
0.00011792182922363282,2.387045099407926e-06,0.000255131721496582,6.16066411510747e-06,brute,70,13,distance,"{'algorithm': 'brute', 'leaf_size': 70, 'n_neighbors': 13, 'weights': 'distance'}",0.9642857142857143,0.8888888888888888,0.8148148148148148,0.8518518518518519,0.9259259259259259,0.9259259259259259,0.8888888888888888,0.8148148148148148,0.9259259259259259,0.9259259259259259,0.8927248677248677,0.04834271548630229,385
0.00011684894561767579,2.9228406423530578e-06,0.0002585172653198242,5.853698089539952e-06,brute,70,17,uniform,"{'algorithm': 'brute', 'leaf_size': 70, 'n_neighbors': 17, 'weights': 'uniform'}",0.9642857142857143,0.9259259259259259,0.8888888888888888,0.8518518518518519,0.9629629629629629,0.8888888888888888,0.8518518518518519,0.7777777777777778,0.9259259259259259,0.8518518518518519,0.8890211640211639,0.05511430334995131,577
0.0001307249069213867,1.6276866254308368e-05,0.00029382705688476565,2.517415702525371e-05,brute,70,17,distance,"{'algorithm': 'brute', 'leaf_size': 70, 'n_neighbors': 17, 'weights': 'distance'}",0.9642857142857143,0.9259259259259259,0.8888888888888888,0.8518518518518519,0.9629629629629629,0.9259259259259259,0.8518518518518519,0.7777777777777778,0.9259259259259259,0.8888888888888888,0.8964285714285716,0.0545963104766419,321
0.00013349056243896484,3.519472528120929e-05,0.00029566287994384763,4.056108295680133e-05,brute,70,19,uniform,"{'algorithm': 'brute', 'leaf_size': 70, 'n_neighbors': 19, 'weights': 'uniform'}",0.9642857142857143,0.9259259259259259,0.8888888888888888,0.8888888888888888,0.9629629629629629,0.8888888888888888,0.8148148148148148,0.8148148148148148,0.9259259259259259,0.8148148148148148,0.8890211640211639,0.055114303349951335,577
0.00011878013610839843,3.0078561378307645e-06,0.00027339458465576173,5.876957523584423e-06,brute,70,19,distance,"{'algorithm': 'brute', 'leaf_size': 70, 'n_neighbors': 19, 'weights': 'distance'}",0.9642857142857143,0.9259259259259259,0.8888888888888888,0.8888888888888888,0.9629629629629629,0.9259259259259259,0.8148148148148148,0.8148148148148148,0.9259259259259259,0.8148148148148148,0.8927248677248677,0.05621444127694664,385
0.00012018680572509766,2.879737206344232e-06,0.00028040409088134763,4.284176877297003e-06,brute,70,23,uniform,"{'algorithm': 'brute', 'leaf_size': 70, 'n_neighbors': 23, 'weights': 'uniform'}",0.9285714285714286,0.9629629629629629,0.8518518518518519,0.8888888888888888,0.9629629629629629,0.8888888888888888,0.8148148148148148,0.8148148148148148,0.8888888888888888,0.8148148148148148,0.8817460317460316,0.054654445597923325,705
0.00012423992156982422,1.1962080498981914e-05,0.0003398418426513672,8.668108705763586e-05,brute,70,23,distance,"{'algorithm': 'brute', 'leaf_size': 70, 'n_neighbors': 23, 'weights': 'distance'}",0.9642857142857143,0.9629629629629629,0.8888888888888888,0.8888888888888888,0.9629629629629629,0.9259259259259259,0.8148148148148148,0.8148148148148148,0.8888888888888888,0.8148148148148148,0.8927248677248677,0.05860385508288557,385
0.00011875629425048829,2.5842858359624873e-06,0.00030026435852050783,1.0898206875652833e-05,brute,70,29,uniform,"{'algorithm': 'brute', 'leaf_size': 70, 'n_neighbors': 29, 'weights': 'uniform'}",0.9285714285714286,0.9629629629629629,0.9259259259259259,0.8888888888888888,0.9629629629629629,0.8518518518518519,0.8148148148148148,0.8148148148148148,0.8888888888888888,0.8148148148148148,0.8854497354497355,0.056244779905782104,641
0.00012083053588867188,4.891707841198792e-06,0.0003122091293334961,2.4188913187429733e-05,brute,70,29,distance,"{'algorithm': 'brute', 'leaf_size': 70, 'n_neighbors': 29, 'weights': 'distance'}",0.9285714285714286,0.9629629629629629,0.9259259259259259,0.8888888888888888,0.9629629629629629,0.8888888888888888,0.8148148148148148,0.8148148148148148,0.8888888888888888,0.8148148148148148,0.889153439153439,0.055118588923675764,513
0.00012252330780029296,1.2044952865173516e-05,0.0003302812576293945,4.446900225023632e-05,brute,70,31,uniform,"{'algorithm': 'brute', 'leaf_size': 70, 'n_neighbors': 31, 'weights': 'uniform'}",0.9285714285714286,1.0,0.9259259259259259,0.9259259259259259,0.9629629629629629,0.8518518518518519,0.8148148148148148,0.8148148148148148,0.8888888888888888,0.8148148148148148,0.8928571428571429,0.0631078542731494,353
0.00013353824615478516,2.7817318493630996e-05,0.0003217935562133789,2.5367344677554486e-05,brute,70,31,distance,"{'algorithm': 'brute', 'leaf_size': 70, 'n_neighbors': 31, 'weights': 'distance'}",0.9285714285714286,1.0,0.9259259259259259,0.9259259259259259,0.9629629629629629,0.8888888888888888,0.8148148148148148,0.8148148148148148,0.8888888888888888,0.8148148148148148,0.8965608465608466,0.0616629156361344,289
0.00011909008026123047,5.546755849901124e-06,0.00032680034637451173,2.2562020144847326e-05,brute,70,37,uniform,"{'algorithm': 'brute', 'leaf_size': 70, 'n_neighbors': 37, 'weights': 'uniform'}",0.8928571428571429,1.0,0.8888888888888888,0.8888888888888888,0.9259259259259259,0.8518518518518519,0.8148148148148148,0.7037037037037037,0.8888888888888888,0.8518518518518519,0.8707671957671957,0.072782701265744,801
0.0001292705535888672,1.3829839552434886e-05,0.00036129951477050783,4.727633020119486e-05,brute,70,37,distance,"{'algorithm': 'brute', 'leaf_size': 70, 'n_neighbors': 37, 'weights': 'distance'}",0.9285714285714286,1.0,0.8888888888888888,0.9259259259259259,0.9259259259259259,0.8888888888888888,0.8518518518518519,0.7777777777777778,0.8888888888888888,0.8148148148148148,0.8891534391534393,0.0598895290508307,481
0.0001249074935913086,1.7288372169693305e-05,0.0003521442413330078,5.648065186550451e-05,brute,70,41,uniform,"{'algorithm': 'brute', 'leaf_size': 70, 'n_neighbors': 41, 'weights': 'uniform'}",0.8571428571428571,1.0,0.8888888888888888,0.8518518518518519,0.9259259259259259,0.8148148148148148,0.8148148148148148,0.7407407407407407,0.8888888888888888,0.8148148148148148,0.8597883597883598,0.06785082532964794,865
0.0001163482666015625,2.7783693565287046e-06,0.0003175497055053711,6.93748904973965e-06,brute,70,41,distance,"{'algorithm': 'brute', 'leaf_size': 70, 'n_neighbors': 41, 'weights': 'distance'}",0.8928571428571429,1.0,0.8888888888888888,0.8888888888888888,0.9259259259259259,0.8518518518518519,0.8518518518518519,0.7777777777777778,0.8888888888888888,0.8148148148148148,0.8781746031746032,0.057585884266853474,769
0.00011649131774902344,3.092464517038529e-06,0.0003346443176269531,3.1435107658099194e-06,brute,70,43,uniform,"{'algorithm': 'brute', 'leaf_size': 70, 'n_neighbors': 43, 'weights': 'uniform'}",0.9285714285714286,1.0,0.8888888888888888,0.8518518518518519,0.9259259259259259,0.8148148148148148,0.8148148148148148,0.7407407407407407,0.9259259259259259,0.8148148148148148,0.8706349206349205,0.07287819624881071,833
0.00012302398681640625,1.5476653333187794e-05,0.0003522634506225586,5.3245039691997847e-05,brute,70,43,distance,"{'algorithm': 'brute', 'leaf_size': 70, 'n_neighbors': 43, 'weights': 'distance'}",0.9285714285714286,1.0,0.8888888888888888,0.8888888888888888,0.9259259259259259,0.8518518518518519,0.8518518518518519,0.7777777777777778,0.9259259259259259,0.8148148148148148,0.8854497354497355,0.060927597290907604,641
0.00012907981872558593,1.627761707777747e-05,0.00023632049560546876,3.657403172010606e-05,brute,80,2,uniform,"{'algorithm': 'brute', 'leaf_size': 80, 'n_neighbors': 2, 'weights': 'uniform'}",0.9285714285714286,1.0,0.9629629629629629,0.8518518518518519,0.9629629629629629,0.9629629629629629,0.9259259259259259,0.8518518518518519,0.8518518518518519,0.8148148148148148,0.9113756613756614,0.06024838242553935,129
0.00012159347534179688,9.390786975576518e-06,0.0002454996109008789,4.0615925782797296e-05,brute,80,2,distance,"{'algorithm': 'brute', 'leaf_size': 80, 'n_neighbors': 2, 'weights': 'distance'}",0.9642857142857143,0.8888888888888888,0.9629629629629629,0.8518518518518519,0.9259259259259259,0.9629629629629629,1.0,0.8518518518518519,0.8888888888888888,0.9259259259259259,0.9223544973544973,0.04826157492490816,1
0.00011923313140869141,4.828138113251189e-06,0.00021753311157226562,1.86985233231347e-05,brute,80,3,uniform,"{'algorithm': 'brute', 'leaf_size': 80, 'n_neighbors': 3, 'weights': 'uniform'}",0.9642857142857143,0.9259259259259259,0.9629629629629629,0.8518518518518519,0.9259259259259259,1.0,1.0,0.8148148148148148,0.8148148148148148,0.8888888888888888,0.9149470899470901,0.06645439983022737,33
0.00012063980102539062,9.167806669405214e-06,0.00024309158325195313,1.7956955520537828e-05,brute,80,3,distance,"{'algorithm': 'brute', 'leaf_size': 80, 'n_neighbors': 3, 'weights': 'distance'}",0.9642857142857143,0.9259259259259259,0.9629629629629629,0.8518518518518519,0.9259259259259259,1.0,1.0,0.8148148148148148,0.8148148148148148,0.8888888888888888,0.9149470899470901,0.06645439983022737,33
0.0001257181167602539,2.334215300478526e-05,0.00024306774139404297,4.5681304622023066e-05,brute,80,5,uniform,"{'algorithm': 'brute', 'leaf_size': 80, 'n_neighbors': 5, 'weights': 'uniform'}",0.9642857142857143,0.9259259259259259,0.8888888888888888,0.8518518518518519,0.9259259259259259,0.9629629629629629,1.0,0.8888888888888888,0.8148148148148148,0.8888888888888888,0.9112433862433862,0.053030451638520076,161
0.00011732578277587891,4.4456594903022365e-06,0.000246429443359375,3.6621000617624116e-05,brute,80,5,distance,"{'algorithm': 'brute', 'leaf_size': 80, 'n_neighbors': 5, 'weights': 'distance'}",0.9642857142857143,0.9259259259259259,0.9259259259259259,0.8518518518518519,0.9259259259259259,0.9629629629629629,1.0,0.8888888888888888,0.8148148148148148,0.8888888888888888,0.9149470899470898,0.05263170833078003,97
0.00012290477752685547,1.128566375852433e-05,0.0002409219741821289,1.853671870911234e-05,brute,80,7,uniform,"{'algorithm': 'brute', 'leaf_size': 80, 'n_neighbors': 7, 'weights': 'uniform'}",0.9642857142857143,0.9259259259259259,0.9259259259259259,0.8518518518518519,0.9259259259259259,0.9629629629629629,0.9259259259259259,0.8888888888888888,0.8518518518518519,0.8148148148148148,0.9038359788359788,0.04759718045831639,257
0.00012102127075195313,5.108170219742614e-06,0.00024776458740234376,1.2804121014016856e-05,brute,80,7,distance,"{'algorithm': 'brute', 'leaf_size': 80, 'n_neighbors': 7, 'weights': 'distance'}",0.9642857142857143,0.9629629629629629,0.9259259259259259,0.8518518518518519,0.9259259259259259,0.9629629629629629,0.9629629629629629,0.8888888888888888,0.8518518518518519,0.8148148148148148,0.9112433862433862,0.053030451638520056,161
0.00012202262878417969,1.1263253014861953e-05,0.0002560615539550781,2.881710440237784e-05,brute,80,11,uniform,"{'algorithm': 'brute', 'leaf_size': 80, 'n_neighbors': 11, 'weights': 'uniform'}",0.9642857142857143,0.8518518518518519,0.8518518518518519,0.8518518518518519,0.9259259259259259,0.9259259259259259,0.8888888888888888,0.8148148148148148,0.9259259259259259,0.8888888888888888,0.889021164021164,0.04404761904761906,545
0.00012650489807128907,1.3912372729258145e-05,0.0002595663070678711,1.422504027744361e-05,brute,80,11,distance,"{'algorithm': 'brute', 'leaf_size': 80, 'n_neighbors': 11, 'weights': 'distance'}",0.9642857142857143,0.8888888888888888,0.8518518518518519,0.8518518518518519,0.9259259259259259,0.9629629629629629,0.9629629629629629,0.8148148148148148,0.9629629629629629,0.8888888888888888,0.9075396825396826,0.053168844616982916,225
0.00012497901916503907,7.116544981114468e-06,0.0002696752548217773,5.857905673813305e-05,brute,80,13,uniform,"{'algorithm': 'brute', 'leaf_size': 80, 'n_neighbors': 13, 'weights': 'uniform'}",0.9642857142857143,0.8888888888888888,0.8148148148148148,0.8518518518518519,0.9259259259259259,0.8888888888888888,0.8518518518518519,0.8148148148148148,0.9259259259259259,0.8888888888888888,0.8816137566137566,0.04649334482859554,737
0.000124359130859375,1.5130922891236501e-05,0.0002686262130737305,2.6984317581835695e-05,brute,80,13,distance,"{'algorithm': 'brute', 'leaf_size': 80, 'n_neighbors': 13, 'weights': 'distance'}",0.9642857142857143,0.8888888888888888,0.8148148148148148,0.8518518518518519,0.9259259259259259,0.9259259259259259,0.8888888888888888,0.8148148148148148,0.9259259259259259,0.9259259259259259,0.8927248677248677,0.04834271548630229,385
0.00012090206146240235,8.385049573779801e-06,0.0002622365951538086,9.771352118632846e-06,brute,80,17,uniform,"{'algorithm': 'brute', 'leaf_size': 80, 'n_neighbors': 17, 'weights': 'uniform'}",0.9642857142857143,0.9259259259259259,0.8888888888888888,0.8518518518518519,0.9629629629629629,0.8888888888888888,0.8518518518518519,0.7777777777777778,0.9259259259259259,0.8518518518518519,0.8890211640211639,0.05511430334995131,577
0.00012314319610595703,1.750818844768745e-05,0.00028178691864013674,2.981842559634368e-05,brute,80,17,distance,"{'algorithm': 'brute', 'leaf_size': 80, 'n_neighbors': 17, 'weights': 'distance'}",0.9642857142857143,0.9259259259259259,0.8888888888888888,0.8518518518518519,0.9629629629629629,0.9259259259259259,0.8518518518518519,0.7777777777777778,0.9259259259259259,0.8888888888888888,0.8964285714285716,0.0545963104766419,321
0.00012819766998291017,8.23635262131709e-06,0.00028896331787109375,2.738598306523797e-05,brute,80,19,uniform,"{'algorithm': 'brute', 'leaf_size': 80, 'n_neighbors': 19, 'weights': 'uniform'}",0.9642857142857143,0.9259259259259259,0.8888888888888888,0.8888888888888888,0.9629629629629629,0.8888888888888888,0.8148148148148148,0.8148148148148148,0.9259259259259259,0.8148148148148148,0.8890211640211639,0.055114303349951335,577
0.00015225410461425782,6.132644939848055e-05,0.00031011104583740235,4.349333244688747e-05,brute,80,19,distance,"{'algorithm': 'brute', 'leaf_size': 80, 'n_neighbors': 19, 'weights': 'distance'}",0.9642857142857143,0.9259259259259259,0.8888888888888888,0.8888888888888888,0.9629629629629629,0.9259259259259259,0.8148148148148148,0.8148148148148148,0.9259259259259259,0.8148148148148148,0.8927248677248677,0.05621444127694664,385
0.0001257181167602539,1.3423220088308835e-05,0.00029380321502685546,2.2887699300887602e-05,brute,80,23,uniform,"{'algorithm': 'brute', 'leaf_size': 80, 'n_neighbors': 23, 'weights': 'uniform'}",0.9285714285714286,0.9629629629629629,0.8518518518518519,0.8888888888888888,0.9629629629629629,0.8888888888888888,0.8148148148148148,0.8148148148148148,0.8888888888888888,0.8148148148148148,0.8817460317460316,0.054654445597923325,705
0.00012063980102539062,5.934659411133604e-06,0.00028967857360839844,9.771672067890187e-06,brute,80,23,distance,"{'algorithm': 'brute', 'leaf_size': 80, 'n_neighbors': 23, 'weights': 'distance'}",0.9642857142857143,0.9629629629629629,0.8888888888888888,0.8888888888888888,0.9629629629629629,0.9259259259259259,0.8148148148148148,0.8148148148148148,0.8888888888888888,0.8148148148148148,0.8927248677248677,0.05860385508288557,385
0.00013093948364257814,1.6362116623893106e-05,0.00032153129577636717,3.0380028446532927e-05,brute,80,29,uniform,"{'algorithm': 'brute', 'leaf_size': 80, 'n_neighbors': 29, 'weights': 'uniform'}",0.9285714285714286,0.9629629629629629,0.9259259259259259,0.8888888888888888,0.9629629629629629,0.8518518518518519,0.8148148148148148,0.8148148148148148,0.8888888888888888,0.8148148148148148,0.8854497354497355,0.056244779905782104,641
0.00012879371643066407,2.4134697180899484e-05,0.0003374814987182617,3.408255923429312e-05,brute,80,29,distance,"{'algorithm': 'brute', 'leaf_size': 80, 'n_neighbors': 29, 'weights': 'distance'}",0.9285714285714286,0.9629629629629629,0.9259259259259259,0.8888888888888888,0.9629629629629629,0.8888888888888888,0.8148148148148148,0.8148148148148148,0.8888888888888888,0.8148148148148148,0.889153439153439,0.055118588923675764,513
0.00013108253479003905,2.4475220358272257e-05,0.00034265518188476564,3.2986104368552834e-05,brute,80,31,uniform,"{'algorithm': 'brute', 'leaf_size': 80, 'n_neighbors': 31, 'weights': 'uniform'}",0.9285714285714286,1.0,0.9259259259259259,0.9259259259259259,0.9629629629629629,0.8518518518518519,0.8148148148148148,0.8148148148148148,0.8888888888888888,0.8148148148148148,0.8928571428571429,0.0631078542731494,353
0.00014562606811523436,3.068898167095855e-05,0.0003769159317016602,7.18093210887935e-05,brute,80,31,distance,"{'algorithm': 'brute', 'leaf_size': 80, 'n_neighbors': 31, 'weights': 'distance'}",0.9285714285714286,1.0,0.9259259259259259,0.9259259259259259,0.9629629629629629,0.8888888888888888,0.8148148148148148,0.8148148148148148,0.8888888888888888,0.8148148148148148,0.8965608465608466,0.0616629156361344,289
0.00012922286987304688,1.2472277260167335e-05,0.0003414154052734375,4.214010447556629e-05,brute,80,37,uniform,"{'algorithm': 'brute', 'leaf_size': 80, 'n_neighbors': 37, 'weights': 'uniform'}",0.8928571428571429,1.0,0.8888888888888888,0.8888888888888888,0.9259259259259259,0.8518518518518519,0.8148148148148148,0.7037037037037037,0.8888888888888888,0.8518518518518519,0.8707671957671957,0.072782701265744,801
0.00012869834899902343,1.2612230159782635e-05,0.0003588676452636719,4.117162351357859e-05,brute,80,37,distance,"{'algorithm': 'brute', 'leaf_size': 80, 'n_neighbors': 37, 'weights': 'distance'}",0.9285714285714286,1.0,0.8888888888888888,0.9259259259259259,0.9259259259259259,0.8888888888888888,0.8518518518518519,0.7777777777777778,0.8888888888888888,0.8148148148148148,0.8891534391534393,0.0598895290508307,481
0.00012421607971191406,8.485156116955034e-06,0.00034132003784179685,1.5192034853679318e-05,brute,80,41,uniform,"{'algorithm': 'brute', 'leaf_size': 80, 'n_neighbors': 41, 'weights': 'uniform'}",0.8571428571428571,1.0,0.8888888888888888,0.8518518518518519,0.9259259259259259,0.8148148148148148,0.8148148148148148,0.7407407407407407,0.8888888888888888,0.8148148148148148,0.8597883597883598,0.06785082532964794,865
0.00012409687042236328,1.1292209675679405e-05,0.00035598278045654295,3.72878502002903e-05,brute,80,41,distance,"{'algorithm': 'brute', 'leaf_size': 80, 'n_neighbors': 41, 'weights': 'distance'}",0.8928571428571429,1.0,0.8888888888888888,0.8888888888888888,0.9259259259259259,0.8518518518518519,0.8518518518518519,0.7777777777777778,0.8888888888888888,0.8148148148148148,0.8781746031746032,0.057585884266853474,769
0.00013227462768554686,1.9085939633427734e-05,0.0003864288330078125,4.9636870100421404e-05,brute,80,43,uniform,"{'algorithm': 'brute', 'leaf_size': 80, 'n_neighbors': 43, 'weights': 'uniform'}",0.9285714285714286,1.0,0.8888888888888888,0.8518518518518519,0.9259259259259259,0.8148148148148148,0.8148148148148148,0.7407407407407407,0.9259259259259259,0.8148148148148148,0.8706349206349205,0.07287819624881071,833
0.00015535354614257813,5.679891200657454e-05,0.0003785133361816406,5.00578188961791e-05,brute,80,43,distance,"{'algorithm': 'brute', 'leaf_size': 80, 'n_neighbors': 43, 'weights': 'distance'}",0.9285714285714286,1.0,0.8888888888888888,0.8888888888888888,0.9259259259259259,0.8518518518518519,0.8518518518518519,0.7777777777777778,0.9259259259259259,0.8148148148148148,0.8854497354497355,0.060927597290907604,641
